{
"type": "FeatureCollection",
"name": "potreros",
"crs": { "type": "name", "properties": { "name": "urn:ogc:def:crs:OGC:1.3:CRS84" } },
"features": [
{ "type": "Feature", "properties": { "fid": 1, "Nombre": "1", "HAS": 13.23, "Plantas": 14700, "Alias:": "P1", "Especie": "Mandarina" }, "geometry": { "type": "MultiPolygon", "coordinates": [ [ [ [ -71.26597507057734, -32.811463999453295 ], [ -71.265787007879794, -32.811697839457253 ], [ -71.265502658853165, -32.812001832689191 ], [ -71.265082134651962, -32.812190372239122 ], [ -71.26479146477719, -32.812413466041924 ], [ -71.264865714458992, -32.813071022270165 ], [ -71.264712592746861, -32.813253820738879 ], [ -71.264522742229857, -32.813417480664434 ], [ -71.264136813975227, -32.813667500606691 ], [ -71.263815483813673, -32.813606703791471 ], [ -71.263480578176782, -32.81343093416536 ], [ -71.263452565124524, -32.813335456713148 ], [ -71.263417300701988, -32.81312186195543 ], [ -71.263376733118051, -32.812814418331335 ], [ -71.263287123294148, -32.812181217371723 ], [ -71.263205151706629, -32.811565430801608 ], [ -71.26335752622748, -32.811521268767038 ], [ -71.263973612599202, -32.811436313592544 ], [ -71.264821963992887, -32.811347152212683 ], [ -71.264916407911201, -32.811372447082448 ], [ -71.265139862549063, -32.811525026528756 ], [ -71.265387343564981, -32.811658267758773 ], [ -71.265660355369661, -32.811579514180842 ], [ -71.26597507057734, -32.811463999453295 ] ] ], [ [ [ -71.263147008573171, -32.811584815548386 ], [ -71.263382823457491, -32.813275508808104 ], [ -71.263298544595088, -32.813314838841812 ], [ -71.262803547528733, -32.813131160975544 ], [ -71.262580835848553, -32.813091981232311 ], [ -71.26240809373067, -32.813089703476059 ], [ -71.262236127105226, -32.813118016127611 ], [ -71.262082120095158, -32.813182009397366 ], [ -71.261922632284723, -32.813282107038496 ], [ -71.261812781486071, -32.813321898292777 ], [ -71.261715670596857, -32.813359658927752 ], [ -71.261599563604022, -32.813404963892459 ], [ -71.261473792662557, -32.813405436523297 ], [ -71.261445141366906, -32.813116110039523 ], [ -71.261391594483399, -32.813106276022985 ], [ -71.261343798660718, -32.812734482794333 ], [ -71.261283266481556, -32.812701371373699 ], [ -71.261233738781812, -32.812261198903336 ], [ -71.261172033548462, -32.812265914392761 ], [ -71.26117400360846, -32.812091252099897 ], [ -71.261808603279178, -32.812063581744027 ], [ -71.262030491099011, -32.812070372888691 ], [ -71.262262362271599, -32.812134591957367 ], [ -71.262552484877517, -32.812141948929387 ], [ -71.262843433593559, -32.811929656812389 ], [ -71.262847608968642, -32.811673942341649 ], [ -71.262984565690431, -32.811610256514889 ], [ -71.263147008573171, -32.811584815548386 ] ] ], [ [ [ -71.261460596350574, -32.813852143128322 ], [ -71.261704563247719, -32.814729868564626 ], [ -71.261878382337443, -32.815531449465766 ], [ -71.261715078001217, -32.81560731220705 ], [ -71.261753764278865, -32.815829846975554 ], [ -71.261629807993231, -32.815859991574712 ], [ -71.261254986744035, -32.815918073060011 ], [ -71.259513353866851, -32.816178167612101 ], [ -71.25885266043062, -32.816271107998453 ], [ -71.258215406557952, -32.816363621935032 ], [ -71.25777347614364, -32.816423804258285 ], [ -71.257303887334814, -32.816486284236333 ], [ -71.257092468541231, -32.815629565688702 ], [ -71.256932358791218, -32.815031161066322 ], [ -71.256972437843899, -32.815014235727261 ], [ -71.256794364287728, -32.814295536260033 ], [ -71.256863516268567, -32.814269085269906 ], [ -71.257352616825173, -32.814472696202664 ], [ -71.258037004187628, -32.814726789812731 ], [ -71.258422820767279, -32.814892653975519 ], [ -71.258556125605907, -32.814937055285746 ], [ -71.258708609387426, -32.814981110279106 ], [ -71.258897092210034, -32.815015513885527 ], [ -71.259355698025999, -32.814940624499748 ], [ -71.259483546097854, -32.814853703220805 ], [ -71.259809472383338, -32.81467499151632 ], [ -71.260186358201395, -32.814488157505139 ], [ -71.260479003839947, -32.814237134059979 ], [ -71.26116153393734, -32.813828742821585 ], [ -71.261460596350574, -32.813852143128322 ] ] ] ] } },
{ "type": "Feature", "properties": { "fid": 2, "Nombre": "2", "HAS": 8.81, "Plantas": 11000, "Alias:": "P2B4", "Especie": "Naranja" }, "geometry": { "type": "MultiPolygon", "coordinates": [ [ [ [ -71.261019606502998, -32.812034632644668 ], [ -71.261369909429206, -32.813407313783493 ], [ -71.260505911112915, -32.81397380785134 ], [ -71.259860948438075, -32.814266299568942 ], [ -71.259661115220183, -32.814457136771722 ], [ -71.259344957827039, -32.814552428585678 ], [ -71.259317608766267, -32.81444207066324 ], [ -71.259270709503767, -32.81426826615143 ], [ -71.259201337516686, -32.814027479055149 ], [ -71.259142985395329, -32.813811614035849 ], [ -71.259096225890005, -32.813624648246758 ], [ -71.259038878856046, -32.813411157492936 ], [ -71.258989548018008, -32.813215864368495 ], [ -71.25895409101426, -32.813064980467026 ], [ -71.258921258585403, -32.812943157722074 ], [ -71.258897948843199, -32.812843094173523 ], [ -71.258880166101477, -32.812774830633643 ], [ -71.258870298320062, -32.812720779124199 ], [ -71.258855872139222, -32.81267318984915 ], [ -71.25884309178079, -32.812616000930369 ], [ -71.258836661254307, -32.812585812209392 ], [ -71.258826575933711, -32.81256047442362 ], [ -71.25882020594868, -32.812532677092143 ], [ -71.258813815791299, -32.812504082629722 ], [ -71.258800111702982, -32.812447707871556 ], [ -71.258792414417258, -32.812404782098568 ], [ -71.258778149750199, -32.812363569851406 ], [ -71.258775789542753, -32.812328991127757 ], [ -71.258928663956979, -32.812262321932991 ], [ -71.259067008938388, -32.812211217186601 ], [ -71.259252866484786, -32.812142151923489 ], [ -71.259419499987601, -32.812071633195899 ], [ -71.259602633724441, -32.811979213013359 ], [ -71.259629065024669, -32.81197063452705 ], [ -71.25975263481179, -32.811967503137133 ], [ -71.259908988408313, -32.811996184574411 ], [ -71.260022427738463, -32.812013939028461 ], [ -71.260147564310472, -32.812030581985439 ], [ -71.260363811417307, -32.812067182516941 ], [ -71.260506154903936, -32.812089815282697 ], [ -71.26064684040999, -32.81208907425296 ], [ -71.260809558530937, -32.812074432968686 ], [ -71.260958220537518, -32.812051944184162 ], [ -71.261019606502998, -32.812034632644668 ] ] ], [ [ [ -71.260969542865169, -32.811720488952034 ], [ -71.261016027608818, -32.811893375689863 ], [ -71.260928797365764, -32.8119003524913 ], [ -71.260890327142036, -32.811896546818943 ], [ -71.260850660562568, -32.811929668394704 ], [ -71.260834359673865, -32.811917360955334 ], [ -71.260795051925484, -32.811922571761656 ], [ -71.260759436157826, -32.81190521241583 ], [ -71.26071604894139, -32.811917697995504 ], [ -71.260701816384511, -32.811944959235888 ], [ -71.260655500520784, -32.811925992878152 ], [ -71.260603635243129, -32.811940431845088 ], [ -71.260541292039363, -32.811919954684058 ], [ -71.260377457471733, -32.811890509023904 ], [ -71.260251141678879, -32.811869386901499 ], [ -71.260088372729058, -32.811839921611032 ], [ -71.260018668141868, -32.811865484164123 ], [ -71.259984231911787, -32.811852603981009 ], [ -71.259934269608962, -32.811858006926478 ], [ -71.259879498677236, -32.811841893375245 ], [ -71.259588434980444, -32.811871002748646 ], [ -71.259408401513383, -32.811917459890196 ], [ -71.259395696867202, -32.811836676833948 ], [ -71.259475104594415, -32.81181544012653 ], [ -71.259587996886722, -32.811811601546687 ], [ -71.259838413775014, -32.811776925209152 ], [ -71.259974381340029, -32.811758267384903 ], [ -71.260194069196274, -32.8117624011294 ], [ -71.260375697095498, -32.811778923725363 ], [ -71.260565917022234, -32.811797991266637 ], [ -71.260655437652147, -32.811797274310699 ], [ -71.260780454213347, -32.81176711164337 ], [ -71.260865291316463, -32.811749826598742 ], [ -71.260969542865169, -32.811720488952034 ] ] ], [ [ [ -71.25932696639903, -32.81185862086668 ], [ -71.259365406466202, -32.811987546764122 ], [ -71.259167059976917, -32.812068539438123 ], [ -71.259108330986365, -32.811938179454479 ], [ -71.259252749189343, -32.81187436294811 ], [ -71.25932696639903, -32.81185862086668 ] ] ], [ [ [ -71.25852886191737, -32.812164671850169 ], [ -71.258570224124895, -32.81228274361667 ], [ -71.258516677989149, -32.812272908332453 ], [ -71.258479460022727, -32.812318586925585 ], [ -71.258381437859839, -32.81232035589538 ], [ -71.258309014121622, -32.812364869490338 ], [ -71.258210718685604, -32.812355841598709 ], [ -71.258167267138276, -32.812407933555882 ], [ -71.258073870954391, -32.812424021027297 ], [ -71.258047840059405, -32.812364181448885 ], [ -71.258106344676349, -32.812317218744795 ], [ -71.258193120319447, -32.812292249334249 ], [ -71.258231859238762, -32.812264546144391 ], [ -71.258275429166375, -32.81225925922454 ], [ -71.258380745394817, -32.812208751239979 ], [ -71.258426537275611, -32.812207024723755 ], [ -71.258457817886423, -32.812179456062886 ], [ -71.25852886191737, -32.812164671850169 ] ] ] ] } },
{ "type": "Feature", "properties": { "fid": 3, "Nombre": "10", "HAS": 9.61, "Plantas": 16017, "Alias:": "Los Pinos", "Especie": "Naranja" }, "geometry": { "type": "MultiPolygon", "coordinates": [ [ [ [ -71.265984014032242, -32.811785066677224 ], [ -71.266068128376801, -32.812075187785823 ], [ -71.266315712097025, -32.812254332182441 ], [ -71.266564450777906, -32.812311036617409 ], [ -71.26681227557755, -32.812331751656927 ], [ -71.266802598315564, -32.812454345461575 ], [ -71.26672753109564, -32.812520514981806 ], [ -71.266795115048467, -32.812663312589329 ], [ -71.266925483912857, -32.812759966033774 ], [ -71.266900598602348, -32.812787420903319 ], [ -71.266820492298294, -32.81282307713581 ], [ -71.26684961122136, -32.812878358111583 ], [ -71.266771378870956, -32.812987791527732 ], [ -71.266850651779905, -32.813087170826279 ], [ -71.267016332786199, -32.813147179056322 ], [ -71.267095623827529, -32.813331170637419 ], [ -71.267327153584162, -32.813465596901004 ], [ -71.267855414094242, -32.813531636097515 ], [ -71.267775783240879, -32.813669899803607 ], [ -71.267601768906061, -32.813869282726024 ], [ -71.267471891114369, -32.813959849406743 ], [ -71.267096296584384, -32.813945051137843 ], [ -71.266776015200648, -32.813925649271056 ], [ -71.266675312391897, -32.813905870082102 ], [ -71.266480802468081, -32.813885989558955 ], [ -71.266223078620015, -32.813811445074592 ], [ -71.265800678858994, -32.813716478233758 ], [ -71.265650507991452, -32.813679591138957 ], [ -71.265527324721305, -32.813698023736855 ], [ -71.265311825775484, -32.813691123263034 ], [ -71.265007558175824, -32.813714633494016 ], [ -71.264762956722805, -32.813737063182842 ], [ -71.264537807586009, -32.813769942028898 ], [ -71.264280420149063, -32.813792602152979 ], [ -71.26468876866204, -32.813417957186651 ], [ -71.264787963476167, -32.813378356283977 ], [ -71.26496275988606, -32.813209567617776 ], [ -71.265028969861476, -32.813046344686406 ], [ -71.264909087713491, -32.812522834690597 ], [ -71.265024582271323, -32.812369521411064 ], [ -71.265303030063777, -32.812252864435315 ], [ -71.265501142376351, -32.812162865027908 ], [ -71.265984014032242, -32.811785066677224 ] ] ], [ [ [ -71.267174646342596, -32.814175866742154 ], [ -71.267297754780358, -32.81465790935188 ], [ -71.266840164547276, -32.814772415268237 ], [ -71.266937939471518, -32.81509649323241 ], [ -71.266623287171029, -32.815130997259452 ], [ -71.266483420050164, -32.815164135209756 ], [ -71.266147777427946, -32.815211620125041 ], [ -71.26594783140014, -32.815229643001196 ], [ -71.265691171364324, -32.815281097308763 ], [ -71.265538060856187, -32.81529647127099 ], [ -71.26536498010195, -32.815323008202675 ], [ -71.26514932533108, -32.815352115819181 ], [ -71.264896560945886, -32.81538909581775 ], [ -71.264562978857654, -32.815433838813753 ], [ -71.264364759486526, -32.815477931885269 ], [ -71.264323022657805, -32.815471486014943 ], [ -71.26406177921335, -32.81551041803975 ], [ -71.26381348121059, -32.815555416289257 ], [ -71.263715524332881, -32.815559888760227 ], [ -71.263457522416616, -32.815600561168779 ], [ -71.263297271855905, -32.815628663468395 ], [ -71.26323130249763, -32.815633457152558 ], [ -71.263202397226678, -32.81562857910923 ], [ -71.263192100339467, -32.81560086109873 ], [ -71.263111210496206, -32.815311579859504 ], [ -71.26298669970096, -32.814857462212487 ], [ -71.26279098339495, -32.814117488262319 ], [ -71.262605932103781, -32.813419627465549 ], [ -71.2626600656682, -32.813410547466667 ], [ -71.262738978754371, -32.81341182104326 ], [ -71.262828774671007, -32.813421899156083 ], [ -71.262890959691532, -32.813436077032485 ], [ -71.26292297625676, -32.813479604798005 ], [ -71.262960813156823, -32.813626543056948 ], [ -71.263009877365775, -32.813669762518451 ], [ -71.263097017807652, -32.813659185301823 ], [ -71.263225049822822, -32.813621764522466 ], [ -71.263301108971007, -32.813636591406727 ], [ -71.263573145011947, -32.813771192281528 ], [ -71.263932809121016, -32.813956415211386 ], [ -71.264280176347199, -32.813951030606823 ], [ -71.264717377980759, -32.813915214934511 ], [ -71.265082583838208, -32.813898703633782 ], [ -71.265283318548001, -32.813869866298269 ], [ -71.265469753245569, -32.813865591202827 ], [ -71.265639505866076, -32.813876020035401 ], [ -71.265761243756373, -32.813884617577934 ], [ -71.265904679483782, -32.813908124438406 ], [ -71.266053199691868, -32.813963943963159 ], [ -71.266130690553297, -32.813993145356783 ], [ -71.266301494564829, -32.814044960501121 ], [ -71.266675150101889, -32.814109303750996 ], [ -71.267174646342596, -32.814175866742154 ] ] ] ] } },
{ "type": "Feature", "properties": { "fid": 4, "Nombre": "3", "HAS": 15.94, "Plantas": 10780, "Alias:": "Mirador 1", "Especie": "Palta" }, "geometry": { "type": "MultiPolygon", "coordinates": [ [ [ [ -71.264276753686858, -32.807514212938251 ], [ -71.264611561555412, -32.807770995220935 ], [ -71.264731799460293, -32.807804824973651 ], [ -71.265029139034681, -32.808433140563125 ], [ -71.265115835057046, -32.808993256979825 ], [ -71.265030846696192, -32.809340447770602 ], [ -71.264883591216446, -32.809586149785162 ], [ -71.264682774567277, -32.809737406368043 ], [ -71.264593476817453, -32.809830836236387 ], [ -71.264480419926656, -32.809912094034367 ], [ -71.264606916298547, -32.809940409759903 ], [ -71.264487451184706, -32.810189209009124 ], [ -71.264438562830719, -32.810362919912954 ], [ -71.26433195832125, -32.810530473993339 ], [ -71.264232598602788, -32.810647489240083 ], [ -71.264132782111403, -32.810746509936052 ], [ -71.26403763799587, -32.81086164849507 ], [ -71.263899602226005, -32.810966761258747 ], [ -71.263790120365925, -32.811020949687865 ], [ -71.26365706177009, -32.811070163661675 ], [ -71.263464886032907, -32.811142050028536 ], [ -71.263243333953724, -32.811232470120075 ], [ -71.263144049441792, -32.81126847083754 ], [ -71.26290955167579, -32.811352823501089 ], [ -71.262283507375685, -32.811549570490875 ], [ -71.262222304479948, -32.811574080427768 ], [ -71.261837570486946, -32.81161884035216 ], [ -71.261699062313411, -32.811621343628744 ], [ -71.261451969651731, -32.811629409536735 ], [ -71.260977190123924, -32.811654190667973 ], [ -71.260859273094624, -32.811712129538101 ], [ -71.260529849810823, -32.811752285665797 ], [ -71.260509053659661, -32.811520425745343 ], [ -71.260464476217237, -32.811107167507174 ], [ -71.260431692548622, -32.811075354694104 ], [ -71.260409483410143, -32.811124363288712 ], [ -71.260403033632343, -32.811206392337176 ], [ -71.260289013947812, -32.811249858065437 ], [ -71.259924460511385, -32.811333853676246 ], [ -71.2594723574596, -32.81141222784828 ], [ -71.25942657636358, -32.811498567528481 ], [ -71.259379595636531, -32.811600681268843 ], [ -71.259352358351066, -32.8115984725939 ], [ -71.259326343400872, -32.811581389565831 ], [ -71.259303476694967, -32.81154129617223 ], [ -71.259251935245871, -32.811421158072875 ], [ -71.259220319810694, -32.811393374467087 ], [ -71.259215746736047, -32.811254835737358 ], [ -71.259169677022371, -32.811203459389347 ], [ -71.259178565218576, -32.810838742939275 ], [ -71.259226282256151, -32.810828880150119 ], [ -71.259230111262411, -32.810811708399356 ], [ -71.25922584445108, -32.81076947892705 ], [ -71.259214228410627, -32.810689576317614 ], [ -71.259274257381193, -32.810702894846443 ], [ -71.25928238860503, -32.810645139203771 ], [ -71.259234917159901, -32.810622592599593 ], [ -71.25926905164377, -32.810581470156016 ], [ -71.259199952638937, -32.810546712037976 ], [ -71.25915476154772, -32.81044581220015 ], [ -71.25905582555022, -32.81036928610466 ], [ -71.259115593785168, -32.810288094894489 ], [ -71.259346061579748, -32.810423455821898 ], [ -71.259567163721826, -32.810525680288841 ], [ -71.259819745711042, -32.810566126519753 ], [ -71.259814835418538, -32.810456398329926 ], [ -71.260334756463863, -32.810362395967417 ], [ -71.260745989328328, -32.810207683990363 ], [ -71.260984883562557, -32.810189075699327 ], [ -71.261187268221434, -32.810160917656731 ], [ -71.261447714874535, -32.810398557603641 ], [ -71.26170026305789, -32.810368077701433 ], [ -71.261841660600822, -32.810318561044873 ], [ -71.262021607752672, -32.81016829967632 ], [ -71.262128653353926, -32.810098985688484 ], [ -71.262292111107939, -32.810061320533144 ], [ -71.262558608164625, -32.809987081910094 ], [ -71.262698866264117, -32.809892665501131 ], [ -71.262904980955156, -32.809725595468151 ], [ -71.263017309006983, -32.809578597167096 ], [ -71.26311318551987, -32.809450272390414 ], [ -71.263212394352863, -32.80926267534101 ], [ -71.263327707339101, -32.809138082502031 ], [ -71.26349478976978, -32.808957424902992 ], [ -71.263659920699212, -32.808795178510046 ], [ -71.263727261159801, -32.808685745552957 ], [ -71.263861492011856, -32.808544475735076 ], [ -71.264050908303275, -32.808481837305777 ], [ -71.264207559674929, -32.808652555518215 ], [ -71.26435663814992, -32.808562327725802 ], [ -71.264390564542623, -32.808387087268976 ], [ -71.264305059399405, -32.808125794214412 ], [ -71.264257086036253, -32.80808345556899 ], [ -71.264217454979573, -32.807781726421936 ], [ -71.264276753686858, -32.807514212938251 ] ] ], [ [ [ -71.258829653257052, -32.810424676445066 ], [ -71.259054907703785, -32.810564632698203 ], [ -71.259094002199134, -32.810677344422828 ], [ -71.259007576930642, -32.81096874904015 ], [ -71.258990129820134, -32.811037474486483 ], [ -71.259013260633125, -32.811109068020208 ], [ -71.259096521880949, -32.811282191871634 ], [ -71.259041847517778, -32.811311983247549 ], [ -71.259088600487047, -32.81139035145592 ], [ -71.259090058125224, -32.8114479339906 ], [ -71.259213523489819, -32.811524917336577 ], [ -71.259240334383875, -32.811657653776372 ], [ -71.25933008046475, -32.811834260916868 ], [ -71.259237140687418, -32.811868343761653 ], [ -71.259088460668906, -32.811932237183527 ], [ -71.259035552416393, -32.811947594471782 ], [ -71.258897708846419, -32.812018493165397 ], [ -71.258772554548642, -32.812043255629504 ], [ -71.258710466976268, -32.812074980951515 ], [ -71.258560561354486, -32.812132594914438 ], [ -71.258475461494129, -32.812139531565201 ], [ -71.258398457350538, -32.812171525933834 ], [ -71.258393858683874, -32.812200413349302 ], [ -71.258339634224356, -32.812205892580337 ], [ -71.258279700058182, -32.812238478972617 ], [ -71.258203305863532, -32.812252459450406 ], [ -71.258145252094323, -32.812275110326453 ], [ -71.258094679268638, -32.812298526329137 ], [ -71.258035828638, -32.812289686690008 ], [ -71.257969428749959, -32.812277382680129 ], [ -71.257903757338852, -32.812293869921135 ], [ -71.257846696183989, -32.812271495829052 ], [ -71.25779290413584, -32.812294069654079 ], [ -71.257738156023848, -32.812278854888767 ], [ -71.257701069843364, -32.812287625204505 ], [ -71.257637338507195, -32.812212263178097 ], [ -71.257561304080212, -32.812198332480378 ], [ -71.257515266085562, -32.812232468107268 ], [ -71.257435902969803, -32.812255503061593 ], [ -71.257340398620272, -32.812272528151361 ], [ -71.257264933125469, -32.812281090476347 ], [ -71.257205631555081, -32.812296562320242 ], [ -71.257120599646981, -32.812306197244929 ], [ -71.257029516295759, -32.812329443332587 ], [ -71.256981820926569, -32.81234020505525 ], [ -71.25692773278621, -32.812351082051357 ], [ -71.256858500652626, -32.812353230746076 ], [ -71.256864328539777, -32.81237292869681 ], [ -71.256812120994525, -32.812373870202975 ], [ -71.256779569546296, -32.812393360134912 ], [ -71.256751822070072, -32.812392060237009 ], [ -71.2567072547522, -32.812400065031369 ], [ -71.256581192980988, -32.812431142663826 ], [ -71.256494666939517, -32.812466007995226 ], [ -71.256434117632423, -32.812474300866874 ], [ -71.25633237928318, -32.812497738571437 ], [ -71.256229620908968, -32.812522994862263 ], [ -71.256127791454119, -32.812542833489942 ], [ -71.256077422617679, -32.81257434626486 ], [ -71.256005991099045, -32.812573833725587 ], [ -71.255955485729444, -32.812599948080667 ], [ -71.2559088782712, -32.812611589927549 ], [ -71.255850709905999, -32.812629741128212 ], [ -71.255807139603462, -32.812635027217205 ], [ -71.255754931866875, -32.812635968289172 ], [ -71.25568046309337, -32.812641811285239 ], [ -71.25564718695118, -32.812674816077241 ], [ -71.255590948125302, -32.812727137661675 ], [ -71.255500773508444, -32.812786371835514 ], [ -71.255379131746736, -32.812823669587829 ], [ -71.255291107313283, -32.81284145846822 ], [ -71.255201699046665, -32.81284667027851 ], [ -71.255112290765723, -32.812851882025342 ], [ -71.254979221049254, -32.812858780598305 ], [ -71.25486526151461, -32.812862634281686 ], [ -71.254780975920028, -32.812859652237698 ], [ -71.254740692754567, -32.81286847928947 ], [ -71.254702946736415, -32.812851156580145 ], [ -71.254649446045249, -32.812843119096684 ], [ -71.254553394864359, -32.812838548594549 ], [ -71.254360633372855, -32.812803315202373 ], [ -71.254069648642002, -32.812466503758877 ], [ -71.253869785776487, -32.812318880057042 ], [ -71.253692050755731, -32.812203262547534 ], [ -71.253547719697693, -32.811890812821851 ], [ -71.253570023727477, -32.811845404200795 ], [ -71.253417179407961, -32.811702333845119 ], [ -71.253371426112679, -32.811578938410328 ], [ -71.253294031961588, -32.811553327750481 ], [ -71.253282287007423, -32.811510332515063 ], [ -71.253237265404394, -32.811500341454071 ], [ -71.253138280998186, -32.81129509146708 ], [ -71.253192775752268, -32.811258104740212 ], [ -71.253229372522867, -32.811208838283136 ], [ -71.253161034395006, -32.810950828408437 ], [ -71.25319639635245, -32.810915986430466 ], [ -71.253148240357277, -32.810781832463604 ], [ -71.253226038264131, -32.810739025338201 ], [ -71.253345190690993, -32.810814292017767 ], [ -71.25352663423439, -32.810823626855921 ], [ -71.253610508952718, -32.810810414680887 ], [ -71.253683625752402, -32.810772192269823 ], [ -71.25388715065057, -32.810811733686045 ], [ -71.253937206322533, -32.810852238603651 ], [ -71.254069190253148, -32.810929073751829 ], [ -71.254100502457476, -32.811029325405535 ], [ -71.254118632999379, -32.811135215311765 ], [ -71.254202548687559, -32.811229118600487 ], [ -71.254359014631603, -32.811283459016238 ], [ -71.254511378064336, -32.811344174113614 ], [ -71.254701495519299, -32.811380355134688 ], [ -71.254889673937527, -32.811403068710213 ], [ -71.255086387403026, -32.811426078271332 ], [ -71.255318127601001, -32.811485361998564 ], [ -71.255480862239239, -32.81153463724182 ], [ -71.255659370765883, -32.811533220166602 ], [ -71.25585916380561, -32.811509365760102 ], [ -71.256095189807382, -32.811443001380709 ], [ -71.256527248486819, -32.811267335702745 ], [ -71.25666406165638, -32.811197808387583 ], [ -71.256751884647159, -32.810982441731795 ], [ -71.256874012031773, -32.810838017428409 ], [ -71.256889375385072, -32.810771130091148 ], [ -71.256901834238647, -32.810673690409232 ], [ -71.257220816259377, -32.810979385523829 ], [ -71.257348139927458, -32.811124711728546 ], [ -71.257351636287922, -32.811178656985689 ], [ -71.257592509404631, -32.811093299482557 ], [ -71.257710637144655, -32.811085767620092 ], [ -71.257782472763665, -32.811060167904586 ], [ -71.257723665200643, -32.81080018863419 ], [ -71.257642200838163, -32.810655835800247 ], [ -71.257612697100114, -32.810542950561043 ], [ -71.257635950357354, -32.810493023449887 ], [ -71.257406173568086, -32.81021632504973 ], [ -71.257750890723244, -32.810359529649503 ], [ -71.25781396063789, -32.810408799578987 ], [ -71.258062043347024, -32.810355716147548 ], [ -71.258206733067951, -32.810302697647145 ], [ -71.258337316919594, -32.810197725490966 ], [ -71.25845094462791, -32.810096659753412 ], [ -71.258541524385123, -32.810053618730308 ], [ -71.258628434342839, -32.810034047476258 ], [ -71.258694290900266, -32.810067064171683 ], [ -71.258718299654049, -32.810089134319412 ], [ -71.258739936682503, -32.810185958762553 ], [ -71.258739941487548, -32.810228265184321 ], [ -71.25882219447314, -32.810319494873454 ], [ -71.258829653257052, -32.810424676445066 ] ] ] ] } },
{ "type": "Feature", "properties": { "fid": 5, "Nombre": "27", "HAS": 8.8, "Plantas": 8889, "Alias:": "P27 C", "Especie": "Naranja" }, "geometry": { "type": "MultiPolygon", "coordinates": [ [ [ [ -71.283639276107493, -32.804238926590337 ], [ -71.283793077390854, -32.804362538880888 ], [ -71.28383103973853, -32.80442065483625 ], [ -71.284044825136291, -32.804565301302119 ], [ -71.284147215339274, -32.804672080318532 ], [ -71.284257073545078, -32.804734345754547 ], [ -71.284420025012324, -32.804899177932278 ], [ -71.284491650617397, -32.804949178122214 ], [ -71.284506467274142, -32.804986713235628 ], [ -71.284555697578014, -32.805036222035149 ], [ -71.284630680618591, -32.805092461781292 ], [ -71.284629102570321, -32.80511409376463 ], [ -71.284641397140589, -32.80513637264697 ], [ -71.284549073706231, -32.80519386611617 ], [ -71.284520677571237, -32.805208786560847 ], [ -71.284495477489529, -32.805223648661446 ], [ -71.284470323451089, -32.805240310181574 ], [ -71.284462122976095, -32.805253061717622 ], [ -71.284437757970821, -32.805258907240322 ], [ -71.284402249689307, -32.805287459460729 ], [ -71.284375661859627, -32.805289745013695 ], [ -71.284334711644505, -32.805313895880367 ], [ -71.284286326939906, -32.805339082557069 ], [ -71.284248503674235, -32.805360475927714 ], [ -71.284225710497964, -32.805386095636592 ], [ -71.284188630229224, -32.805394873574826 ], [ -71.284164334233466, -32.805403418183516 ], [ -71.284144467129437, -32.805376776791981 ], [ -71.284116255044523, -32.80539889484858 ], [ -71.284066724294362, -32.805420951894419 ], [ -71.284040910818916, -32.805432674636918 ], [ -71.284002543262091, -32.805453627802187 ], [ -71.283973265759144, -32.805475765270842 ], [ -71.283947057700971, -32.805492895990461 ], [ -71.283917155409782, -32.805511444318064 ], [ -71.283884984267473, -32.805524633246272 ], [ -71.283854062633523, -32.80554500042566 ], [ -71.283836887062009, -32.805561066164863 ], [ -71.283811108043338, -32.805574138431538 ], [ -71.283780638487144, -32.805591346880149 ], [ -71.283758496132876, -32.805600752246086 ], [ -71.283727413311524, -32.805614821408618 ], [ -71.283698645347371, -32.805636049385427 ], [ -71.283684899251696, -32.805640350804097 ], [ -71.283663289554454, -32.805649746434398 ], [ -71.283639327193754, -32.805671336778538 ], [ -71.283612459734613, -32.805683528733105 ], [ -71.283597345761251, -32.805696856426842 ], [ -71.283578353407833, -32.805704404021562 ], [ -71.283567999024115, -32.805716294669928 ], [ -71.283546841416339, -32.805722531567945 ], [ -71.283536824062949, -32.805726764937411 ], [ -71.283531252288043, -32.805738118255036 ], [ -71.283519636890247, -32.805742380780345 ], [ -71.283508868194332, -32.805738076596455 ], [ -71.283486423256704, -32.805756488762512 ], [ -71.283464188763361, -32.805762295228547 ], [ -71.283482209249925, -32.805795940309622 ], [ -71.283471322352156, -32.80583282548595 ], [ -71.283417587281349, -32.805857209323165 ], [ -71.283396256739422, -32.805871342967258 ], [ -71.283406022763018, -32.805905127342029 ], [ -71.283273582108777, -32.805977753942123 ], [ -71.283239509683881, -32.806018481449293 ], [ -71.283189558658364, -32.806065799548904 ], [ -71.283107421891501, -32.806040093924494 ], [ -71.283017791061354, -32.806017725419842 ], [ -71.282881015266966, -32.806004217981695 ], [ -71.282773426441452, -32.80602058252375 ], [ -71.282543411498807, -32.806139994682418 ], [ -71.28240713896308, -32.806072069520305 ], [ -71.282345455452372, -32.806105199129092 ], [ -71.28228193152475, -32.806066351639018 ], [ -71.282208597787928, -32.806088491976269 ], [ -71.282177517024707, -32.806058654242264 ], [ -71.281838909219431, -32.806254572709811 ], [ -71.281719321390923, -32.806325614188175 ], [ -71.281672661441192, -32.806343297582899 ], [ -71.281622000858292, -32.806275359962854 ], [ -71.281569802876405, -32.806218162088108 ], [ -71.281541149937226, -32.806160534971717 ], [ -71.28148182475779, -32.806108057729517 ], [ -71.281455256723092, -32.806061104326247 ], [ -71.281414199524903, -32.806014415035477 ], [ -71.281364008444385, -32.805964831727024 ], [ -71.281335551186345, -32.805914852233961 ], [ -71.281310221140885, -32.805880883345615 ], [ -71.281274988449141, -32.805849390326038 ], [ -71.281256095180581, -32.805819129721328 ], [ -71.281244778770912, -32.805801738125091 ], [ -71.281199689079898, -32.805739054642167 ], [ -71.28114947873344, -32.805688706465212 ], [ -71.281083306973969, -32.805616460566135 ], [ -71.281131725643178, -32.805667606552404 ], [ -71.281009662845406, -32.80549997358802 ], [ -71.280999825438556, -32.805469547892926 ], [ -71.281109971078664, -32.805399615742843 ], [ -71.281132385319523, -32.80542401088956 ], [ -71.281723507019578, -32.805087587394141 ], [ -71.281763852671403, -32.805109255164339 ], [ -71.281832164622855, -32.805076005002533 ], [ -71.281870800326132, -32.805104904977931 ], [ -71.28190720107348, -32.805083438235521 ], [ -71.281949379394092, -32.805102672175906 ], [ -71.281974723013747, -32.80509340878951 ], [ -71.282008521630701, -32.805118396323479 ], [ -71.282325111298647, -32.804938997833354 ], [ -71.28229392868387, -32.804905161380468 ], [ -71.282341447619302, -32.804873890351857 ], [ -71.282380096785261, -32.804884787262971 ], [ -71.282391712743959, -32.804851775197669 ], [ -71.28242869715902, -32.80482776444542 ], [ -71.282503639932841, -32.804782403082712 ], [ -71.282530138883942, -32.804773503449717 ], [ -71.282567683564622, -32.804753690624018 ], [ -71.282625121231618, -32.804732367294271 ], [ -71.282676672726396, -32.804711151293297 ], [ -71.282706396795433, -32.804722086034893 ], [ -71.282789151164792, -32.804690499459355 ], [ -71.282829497309422, -32.80469994755655 ], [ -71.282951877002944, -32.804631914650898 ], [ -71.283083904693456, -32.80455146364698 ], [ -71.283085067861307, -32.804517877115373 ], [ -71.283136168259176, -32.804478397304997 ], [ -71.283232486751331, -32.804418682065119 ], [ -71.283310213892065, -32.804375947375746 ], [ -71.283459644891892, -32.804285231879803 ], [ -71.283598736084997, -32.804209661850038 ], [ -71.283639276107493, -32.804238926590337 ] ] ], [ [ [ -71.282217093672458, -32.804674963939725 ], [ -71.282244847070771, -32.804697411593779 ], [ -71.28219076145993, -32.804743540171231 ], [ -71.282095984172201, -32.804792706069463 ], [ -71.282111235679068, -32.804822267828783 ], [ -71.282092903184065, -32.804849381455718 ], [ -71.282036816973388, -32.804852699479703 ], [ -71.282016790630252, -32.804884434727271 ], [ -71.281979975370149, -32.804897347972158 ], [ -71.281955264776926, -32.804923047622147 ], [ -71.281920280168038, -32.804936692596755 ], [ -71.281861183955328, -32.80492858855591 ], [ -71.281740066734486, -32.804975173920454 ], [ -71.281705362083059, -32.804964329748096 ], [ -71.28163009618784, -32.804997071981248 ], [ -71.281418924024436, -32.805100387688427 ], [ -71.28137870778292, -32.805086583395138 ], [ -71.281205099819076, -32.805170851030539 ], [ -71.281163587129441, -32.805141767805978 ], [ -71.281164974840792, -32.805089714039475 ], [ -71.281277551568778, -32.805027982399984 ], [ -71.281461869581634, -32.804937398444352 ], [ -71.281467830463157, -32.804851595833391 ], [ -71.28146187577407, -32.804795850285956 ], [ -71.281477029091292, -32.80471523597889 ], [ -71.281475211290285, -32.804644112528671 ], [ -71.281527681579178, -32.804605664944198 ], [ -71.281623723220733, -32.804641405250166 ], [ -71.281713230527245, -32.80466961336041 ], [ -71.281775414667564, -32.804692198545638 ], [ -71.281846302558861, -32.804700852773578 ], [ -71.281916069850112, -32.804701111022737 ], [ -71.282015720647664, -32.804700824367146 ], [ -71.282130120761565, -32.804675019586959 ], [ -71.282217093672458, -32.804674963939725 ] ] ] ] } },
{ "type": "Feature", "properties": { "fid": 7, "Nombre": "16", "HAS": 6.72, "Plantas": 2800, "Alias:": "El Parque 1", "Especie": "Palta" }, "geometry": { "type": "MultiPolygon", "coordinates": [ [ [ [ -71.278650532397876, -32.810199523330525 ], [ -71.278751546478716, -32.810148076701829 ], [ -71.27883397191448, -32.810184981512826 ], [ -71.278886189188029, -32.810152025926797 ], [ -71.27894728971782, -32.810170116135971 ], [ -71.278977186483189, -32.810153569339334 ], [ -71.279024073864136, -32.81020872378425 ], [ -71.279065457619282, -32.810196768489853 ], [ -71.279077761535731, -32.810233349868668 ], [ -71.27911124221437, -32.810208736588713 ], [ -71.279165379232921, -32.81025095705624 ], [ -71.279198778195607, -32.810223144768003 ], [ -71.279243485725885, -32.810267137168161 ], [ -71.279277293166231, -32.810255319787373 ], [ -71.279316645321728, -32.810312211589718 ], [ -71.279334713296819, -32.810351888431221 ], [ -71.279333554535015, -32.810380713796341 ], [ -71.279358994596947, -32.810412255179884 ], [ -71.279401399699253, -32.810440287086912 ], [ -71.279396779615155, -32.810481977388747 ], [ -71.279409410532494, -32.810531354665954 ], [ -71.279425502809204, -32.810567867003016 ], [ -71.279403182334335, -32.810584275913861 ], [ -71.279415363892056, -32.810616058771437 ], [ -71.279396831573152, -32.810632398683822 ], [ -71.279442820699202, -32.810652364111114 ], [ -71.279419218916644, -32.810692799911749 ], [ -71.279343700584619, -32.810703776804026 ], [ -71.279274150444309, -32.810725846609564 ], [ -71.279259692202743, -32.810753313958173 ], [ -71.279229264253601, -32.810749067422726 ], [ -71.279203564014139, -32.810781540220248 ], [ -71.279154072630817, -32.810772840145333 ], [ -71.279132201382239, -32.810806843432118 ], [ -71.279044787369571, -32.810797233710765 ], [ -71.279012955474357, -32.810812215531001 ], [ -71.278925541464091, -32.810802605725982 ], [ -71.278824909689263, -32.81079483678355 ], [ -71.278788799473361, -32.810790693610841 ], [ -71.278760633187773, -32.810800807909963 ], [ -71.278706986084487, -32.810777781195867 ], [ -71.278652751780157, -32.810805972730698 ], [ -71.278578433072056, -32.810789723294491 ], [ -71.278520328862811, -32.810814784759827 ], [ -71.278538069906645, -32.810841665777204 ], [ -71.27841030831091, -32.810810386897096 ], [ -71.27833664297485, -32.810819729213463 ], [ -71.278268619059318, -32.81082736854836 ], [ -71.278184013317656, -32.810779301407742 ], [ -71.278153381242433, -32.810767057139429 ], [ -71.278054594812403, -32.810794459199151 ], [ -71.277991273291306, -32.810763607091523 ], [ -71.277913480777045, -32.810722616810587 ], [ -71.27786492421815, -32.810676293628845 ], [ -71.277816482096227, -32.810671574514068 ], [ -71.277804709329899, -32.810655786419154 ], [ -71.277746074267071, -32.810660054104801 ], [ -71.277700277312888, -32.810610480154146 ], [ -71.277637156061431, -32.810606028132156 ], [ -71.277587495497372, -32.810572126769351 ], [ -71.2775327078743, -32.8105415191677 ], [ -71.277381391458917, -32.810478263073513 ], [ -71.277403044903267, -32.810454265524903 ], [ -71.277427133243307, -32.810451426809941 ], [ -71.277451460402531, -32.810439382378441 ], [ -71.277522374278405, -32.810396485674922 ], [ -71.277547860698888, -32.810402022740618 ], [ -71.277609782712815, -32.81035948966143 ], [ -71.277657479676606, -32.810335018089354 ], [ -71.277694708145816, -32.810308736731521 ], [ -71.277712574338551, -32.810303410820751 ], [ -71.277733335746888, -32.810309433904955 ], [ -71.277752120390659, -32.810293689729079 ], [ -71.2777611039904, -32.810283724767537 ], [ -71.277777988460983, -32.810295619267841 ], [ -71.277787522121159, -32.810288644738073 ], [ -71.27779933768106, -32.810296830930163 ], [ -71.277848425456554, -32.810243329670335 ], [ -71.277884382329304, -32.810241475022899 ], [ -71.277923300780813, -32.810253568535579 ], [ -71.278032961207117, -32.810206765807173 ], [ -71.278082084736283, -32.810201070898287 ], [ -71.278111128742282, -32.810225345878195 ], [ -71.278230981877698, -32.810169556131569 ], [ -71.278249779732761, -32.810163613096101 ], [ -71.27830350801537, -32.81018983901749 ], [ -71.278348169613679, -32.81015782132053 ], [ -71.278417985002875, -32.810146148746689 ], [ -71.278458352698777, -32.810168617248543 ], [ -71.278509296387298, -32.810122883106899 ], [ -71.278548614964365, -32.810141370087521 ], [ -71.27854900291166, -32.810156565276543 ], [ -71.278594085414568, -32.810178147772653 ], [ -71.27861848379618, -32.810168902237521 ], [ -71.278650532397876, -32.810199523330525 ] ] ], [ [ [ -71.277349016491215, -32.810481252575485 ], [ -71.2775871076839, -32.810603338457319 ], [ -71.277657131755944, -32.810674074725938 ], [ -71.277837258063727, -32.810752408406906 ], [ -71.277842107688855, -32.810793926306069 ], [ -71.277899093697457, -32.810799290012774 ], [ -71.277940053566084, -32.810844951336925 ], [ -71.27798958572869, -32.810855251389626 ], [ -71.278065880156049, -32.810874665687102 ], [ -71.278129365102771, -32.810911915727274 ], [ -71.278137758080163, -32.810943767685124 ], [ -71.278219408235657, -32.810950282494083 ], [ -71.278245133919384, -32.810993020567729 ], [ -71.278301875068095, -32.810988787122156 ], [ -71.278412304195527, -32.811009180005868 ], [ -71.278483692448617, -32.811059087865857 ], [ -71.278496797427792, -32.811201270351347 ], [ -71.278403195086099, -32.811246180914964 ], [ -71.278347694526673, -32.81122478803362 ], [ -71.278278021207157, -32.811242058831475 ], [ -71.278242645814828, -32.811266706393525 ], [ -71.27814781833186, -32.811263631963044 ], [ -71.278105699002211, -32.811246796090856 ], [ -71.278093052757697, -32.81127102985473 ], [ -71.277981260023893, -32.81127146459982 ], [ -71.277886840797237, -32.811284384911289 ], [ -71.277811158422665, -32.811288962931208 ], [ -71.277714640926874, -32.811293920118842 ], [ -71.277642828375591, -32.811301628078567 ], [ -71.277544702490005, -32.811317816069348 ], [ -71.277438796062853, -32.811326144390854 ], [ -71.277362991161795, -32.811325923658373 ], [ -71.277324112978931, -32.811361836372214 ], [ -71.277231669264751, -32.811377920718755 ], [ -71.277211201457845, -32.811392695301777 ], [ -71.277159774960253, -32.811382429416255 ], [ -71.277099898269427, -32.811412323204003 ], [ -71.277054684635758, -32.811422747315198 ], [ -71.277000449385412, -32.811450938171006 ], [ -71.276944115944502, -32.811471165991847 ], [ -71.276871347649546, -32.811515696366776 ], [ -71.27681105421216, -32.811566400691241 ], [ -71.276763693014971, -32.811604067810613 ], [ -71.276688928395316, -32.811644633808811 ], [ -71.276618715363156, -32.81167791589224 ], [ -71.276585192625248, -32.811700929058695 ], [ -71.276572545901317, -32.81172516268817 ], [ -71.276485571362912, -32.811769951280411 ], [ -71.276453779462173, -32.811786531976765 ], [ -71.276425224961585, -32.811781450566464 ], [ -71.276402466563795, -32.811817869898071 ], [ -71.276386419150228, -32.811857367627759 ], [ -71.276332448612195, -32.811895954934293 ], [ -71.2763201281889, -32.811932984506619 ], [ -71.276274162431733, -32.811988228681521 ], [ -71.276243818749094, -32.812061591424957 ], [ -71.276155140492293, -32.812234629837299 ], [ -71.276107443545698, -32.812296306393819 ], [ -71.276076761632169, -32.812319267762248 ], [ -71.276055419173787, -32.812374064016616 ], [ -71.275998810966485, -32.812420700349897 ], [ -71.275917721808483, -32.812473382717727 ], [ -71.275830419874225, -32.812505374928058 ], [ -71.275755490904373, -32.812539542430464 ], [ -71.27568813839838, -32.812573572113358 ], [ -71.275638453783714, -32.812594478579733 ], [ -71.275588728357462, -32.812613785531099 ], [ -71.275509043473036, -32.812647239252264 ], [ -71.275482076975621, -32.812630126972685 ], [ -71.275449876726469, -32.812630712469542 ], [ -71.275446287879092, -32.812657181651751 ], [ -71.275405996770147, -32.812656314014099 ], [ -71.275365207212658, -32.81267305804451 ], [ -71.275331377900656, -32.812684074678337 ], [ -71.275326587056952, -32.812700564224826 ], [ -71.275286718483031, -32.812697688569145 ], [ -71.275247177263211, -32.81274481438831 ], [ -71.275199762715815, -32.812743276079054 ], [ -71.275147042975732, -32.812756636405211 ], [ -71.275113137664505, -32.812783256684597 ], [ -71.275053340872006, -32.812816348551316 ], [ -71.275010794153744, -32.812819922449229 ], [ -71.274954118349683, -32.812845356400821 ], [ -71.274884407808443, -32.812879828588962 ], [ -71.274834941514754, -32.812890729286593 ], [ -71.2747641920798, -32.812921619758512 ], [ -71.274688682198331, -32.812970199342516 ], [ -71.274622276005488, -32.813004211266588 ], [ -71.274576822122967, -32.813023840244021 ], [ -71.274538007909996, -32.813043748584597 ], [ -71.274502829082422, -32.813057589945203 ], [ -71.274470735280502, -32.813043771113939 ], [ -71.274441237324567, -32.812983098122587 ], [ -71.274395411037233, -32.812969528856549 ], [ -71.274355720337226, -32.812955047944868 ], [ -71.274331845210114, -32.812966283463382 ], [ -71.274284251841706, -32.81293914424397 ], [ -71.274260187827565, -32.812924379306601 ], [ -71.274226042350421, -32.812922999544256 ], [ -71.274215023321773, -32.812899596276516 ], [ -71.2741877111566, -32.812906093513583 ], [ -71.274143162880407, -32.812886900092913 ], [ -71.274179471546162, -32.812843033829004 ], [ -71.274159776061623, -32.812813787335848 ], [ -71.274186578669458, -32.81278729638391 ], [ -71.274155773137821, -32.812768253280687 ], [ -71.274157437665096, -32.812740618916926 ], [ -71.274111239910113, -32.812731056888872 ], [ -71.274104594835777, -32.81271197478118 ], [ -71.274131529906498, -32.812690682209322 ], [ -71.274099364960392, -32.81267406415239 ], [ -71.274071736960934, -32.81266816525288 ], [ -71.274057378098675, -32.812662425284309 ], [ -71.274057474602216, -32.812647621323414 ], [ -71.274043395669025, -32.812634275132822 ], [ -71.274039006195849, -32.812610751376653 ], [ -71.274047081440528, -32.812593002011496 ], [ -71.274025252758349, -32.812572995629516 ], [ -71.274026403033872, -32.812543770371846 ], [ -71.274007425756523, -32.812524112231692 ], [ -71.273973381764307, -32.81248952559919 ], [ -71.273964822230269, -32.812469678150499 ], [ -71.273964424839292, -32.812454083044088 ], [ -71.273944281733023, -32.81244444756944 ], [ -71.273929647802646, -32.812427910971643 ], [ -71.273880904520666, -32.812429996838027 ], [ -71.273859702798745, -32.812453185479214 ], [ -71.273828434108069, -32.812434550765005 ], [ -71.273817731103762, -32.812423543564904 ], [ -71.273817848026937, -32.812409539351094 ], [ -71.273793824987678, -32.812396373811474 ], [ -71.273785499842646, -32.8123857234634 ], [ -71.273767739951765, -32.812395247523256 ], [ -71.273748009279743, -32.812383204164107 ], [ -71.27372500950645, -32.812354417690209 ], [ -71.273706113842024, -32.812337958495903 ], [ -71.273663709471975, -32.812309924626767 ], [ -71.273642064328911, -32.812297115913452 ], [ -71.273598611056329, -32.812265100480531 ], [ -71.273547000997908, -32.812247635370944 ], [ -71.273517377160459, -32.812237772006192 ], [ -71.273516236170479, -32.812192986043847 ], [ -71.27350605242799, -32.812165166872099 ], [ -71.273509830129171, -32.812127492625756 ], [ -71.273549657297337, -32.81209156381388 ], [ -71.273611928646645, -32.812044025553504 ], [ -71.273633711052938, -32.812043629809011 ], [ -71.273670758079348, -32.812010151828801 ], [ -71.273696705244717, -32.811987277061235 ], [ -71.273739944000411, -32.811973689552453 ], [ -71.273773519026889, -32.811989882031831 ], [ -71.273790759223346, -32.811959964369372 ], [ -71.273779689498681, -32.811934561676694 ], [ -71.273746827675666, -32.811946360421238 ], [ -71.273738711667463, -32.811962510270263 ], [ -71.273679932804953, -32.811961177850222 ], [ -71.273645736757302, -32.811957798539474 ], [ -71.273653649024041, -32.811933651202871 ], [ -71.273631255376259, -32.811910054470616 ], [ -71.273616356714484, -32.81188312108744 ], [ -71.273610073680175, -32.811896837268776 ], [ -71.273580083203285, -32.811872578425621 ], [ -71.273590571781682, -32.811837982733245 ], [ -71.273578514321386, -32.811810997726383 ], [ -71.273588819518523, -32.811769204290037 ], [ -71.273572097715075, -32.811707898882965 ], [ -71.27362993914214, -32.811672442891869 ], [ -71.273760133349356, -32.811613268968117 ], [ -71.273805469798148, -32.811607644522567 ], [ -71.273848402694938, -32.811582060745856 ], [ -71.273908984230658, -32.811616965355348 ], [ -71.273975104420416, -32.811571757348261 ], [ -71.274094648033994, -32.811615191899264 ], [ -71.274233071749094, -32.811655882870639 ], [ -71.274344121950449, -32.811663466154883 ], [ -71.274416363224162, -32.811672554791201 ], [ -71.274464438902214, -32.811662879726569 ], [ -71.274511558087909, -32.811690027516391 ], [ -71.274615295260404, -32.811633733929447 ], [ -71.274937188599594, -32.811475060041296 ], [ -71.27491150507926, -32.811433920724099 ], [ -71.27500478333117, -32.811376216711373 ], [ -71.275118753895484, -32.811312535616004 ], [ -71.275098192981815, -32.811286505474236 ], [ -71.275141032564107, -32.811220116882218 ], [ -71.27513072612183, -32.811187499364785 ], [ -71.275195805507977, -32.811101503574889 ], [ -71.275282596610481, -32.811049518138887 ], [ -71.275358471611355, -32.811015333740364 ], [ -71.275401861426133, -32.810970538278625 ], [ -71.275435241488893, -32.810941927186562 ], [ -71.27547397985613, -32.810974827834428 ], [ -71.275511830045303, -32.810935733894894 ], [ -71.275574049729741, -32.810923400878679 ], [ -71.275631463996774, -32.810945560335647 ], [ -71.275666717675861, -32.810916114995116 ], [ -71.2757184586157, -32.810901572096626 ], [ -71.275986732770534, -32.810758272775125 ], [ -71.276040705572328, -32.810794096657148 ], [ -71.276265263288082, -32.810682796462899 ], [ -71.276243449192819, -32.810644787520793 ], [ -71.276294665261659, -32.810498234297903 ], [ -71.276393623867804, -32.810440425969034 ], [ -71.276623624134274, -32.810468246860289 ], [ -71.276752421900667, -32.810465903752217 ], [ -71.2768232375428, -32.810493419687738 ], [ -71.276926669220543, -32.810499539076709 ], [ -71.276965232709173, -32.810488435898726 ], [ -71.277029378319099, -32.810514472834363 ], [ -71.277078114402599, -32.810493583105909 ], [ -71.27713182217056, -32.810519009788216 ], [ -71.277204234289869, -32.810497689206677 ], [ -71.277299354975369, -32.810475155238571 ], [ -71.277349016491215, -32.810481252575485 ] ] ] ] } },
{ "type": "Feature", "properties": { "fid": 8, "Nombre": "22", "HAS": 8.59, "Plantas": 14317, "Alias:": "P22", "Especie": "Naranja" }, "geometry": { "type": "MultiPolygon", "coordinates": [ [ [ [ -71.276128284340956, -32.807071336339327 ], [ -71.276929995334271, -32.807876480178166 ], [ -71.27870207849611, -32.809653503939714 ], [ -71.278537882985461, -32.80973569016863 ], [ -71.27846822058379, -32.809733692632506 ], [ -71.278030315333496, -32.809887810881001 ], [ -71.277781389811196, -32.809983785338609 ], [ -71.277712714413028, -32.80998258588221 ], [ -71.27758835553459, -32.810034653274663 ], [ -71.277390189128283, -32.810111741051166 ], [ -71.2770456442925, -32.810249460662781 ], [ -71.276649561086003, -32.810224008316538 ], [ -71.27632920971071, -32.810211057065047 ], [ -71.276144829805759, -32.810260132464641 ], [ -71.276070846372392, -32.810316180917042 ], [ -71.276005268934398, -32.810360645997719 ], [ -71.275969445759358, -32.810377626715798 ], [ -71.275912586501249, -32.810422749658386 ], [ -71.275809816711188, -32.810411555205 ], [ -71.275775960732219, -32.810372980747474 ], [ -71.275742146402607, -32.810336038444454 ], [ -71.275708581815039, -32.810308889122197 ], [ -71.27567867469088, -32.810273508672687 ], [ -71.275654732361801, -32.810244551440945 ], [ -71.275630956518114, -32.810222122865142 ], [ -71.275605164686951, -32.810196465097775 ], [ -71.275581097553896, -32.810162611353448 ], [ -71.275545517085405, -32.810132232794679 ], [ -71.275515984623013, -32.810111541789269 ], [ -71.275494141613578, -32.810089078041123 ], [ -71.275466458712046, -32.810065087549198 ], [ -71.275442474895826, -32.810034498104862 ], [ -71.275353461598641, -32.809956103327302 ], [ -71.275289782380852, -32.809885412501949 ], [ -71.27521434028148, -32.809808403803146 ], [ -71.275093030290208, -32.80967670954027 ], [ -71.274943871656745, -32.809514495853207 ], [ -71.27482696879116, -32.809403949188351 ], [ -71.274618974448757, -32.809133398693987 ], [ -71.274663166945032, -32.808837852909335 ], [ -71.274779479866979, -32.808621825922359 ], [ -71.274859467318763, -32.808497902805257 ], [ -71.274929855073793, -32.808452534434466 ], [ -71.274939764813311, -32.808310290014532 ], [ -71.274985375226834, -32.808051459111901 ], [ -71.275037490809865, -32.807820269627697 ], [ -71.275686646905399, -32.807571693681226 ], [ -71.27582700387434, -32.807464634402294 ], [ -71.276008959135041, -32.807169032385843 ], [ -71.276114151952328, -32.807047915983013 ], [ -71.276128284340956, -32.807071336339327 ] ] ], [ [ [ -71.275441529416597, -32.806224090320995 ], [ -71.27585552060934, -32.806308006556328 ], [ -71.275735745323544, -32.806615541104634 ], [ -71.275954625253519, -32.806858132253275 ], [ -71.275929606811673, -32.806938600428651 ], [ -71.275883430221612, -32.806947604758243 ], [ -71.27584108230424, -32.807106768336631 ], [ -71.275800329173563, -32.807100977710988 ], [ -71.275766729026614, -32.80722405789669 ], [ -71.275628429883795, -32.807335978454716 ], [ -71.275481983465383, -32.807431717770271 ], [ -71.275375624299855, -32.80750713303506 ], [ -71.275246548933083, -32.807525808891143 ], [ -71.275150953620908, -32.807568369828687 ], [ -71.275013712225359, -32.807645979124025 ], [ -71.275085455329616, -32.807388306059416 ], [ -71.275146545545013, -32.807054079231975 ], [ -71.275080552083409, -32.807006291207855 ], [ -71.275010971492833, -32.80685569419682 ], [ -71.275026845558116, -32.806719873022189 ], [ -71.275202194731975, -32.806468481129478 ], [ -71.275382989353432, -32.806279041083727 ], [ -71.275441529416597, -32.806224090320995 ] ] ], [ [ [ -71.274834638915394, -32.807827222789406 ], [ -71.274829199284298, -32.80806899426198 ], [ -71.274745906681204, -32.808139090974855 ], [ -71.274722886678973, -32.808449764741539 ], [ -71.274570309422302, -32.808684412929232 ], [ -71.274460917163054, -32.808944402878573 ], [ -71.273931754776257, -32.80836290049335 ], [ -71.274799267660242, -32.807805004790332 ], [ -71.274834638915394, -32.807827222789406 ] ] ] ] } },
{ "type": "Feature", "properties": { "fid": 9, "Nombre": "23", "HAS": 8.07, "Plantas": 4881, "Alias:": "P23", "Especie": "Paltas" }, "geometry": { "type": "MultiPolygon", "coordinates": [ [ [ [ -71.275356403584851, -32.806241150731729 ], [ -71.275151981769582, -32.806489805486621 ], [ -71.274987604560735, -32.806716504023257 ], [ -71.274967324248848, -32.806831177287592 ], [ -71.275033164155829, -32.806986741092913 ], [ -71.275066375415264, -32.807075948145062 ], [ -71.275071812199045, -32.807175457618918 ], [ -71.275036030482809, -32.807364710672317 ], [ -71.274961999195042, -32.807532614541955 ], [ -71.274891385032532, -32.80764493687623 ], [ -71.274788058560247, -32.807687638071968 ], [ -71.274695758593424, -32.807821582465273 ], [ -71.274547190451287, -32.807910011134432 ], [ -71.274327538284922, -32.808054434359128 ], [ -71.274121227329346, -32.808191266636506 ], [ -71.273888678372487, -32.808322860080118 ], [ -71.27381189983123, -32.808383040297677 ], [ -71.273599498064286, -32.808508551944662 ], [ -71.273362520768799, -32.808618180426201 ], [ -71.273282374641582, -32.808622085641815 ], [ -71.273259192388224, -32.808660880434353 ], [ -71.273076237287569, -32.80872788755596 ], [ -71.27291606959092, -32.808892455984825 ], [ -71.272766978238451, -32.809036411523564 ], [ -71.272504654157274, -32.809251822321784 ], [ -71.272202551774072, -32.809423865871508 ], [ -71.271887490570649, -32.809580631187359 ], [ -71.271756363826427, -32.809632815710771 ], [ -71.271566859471292, -32.809670546944361 ], [ -71.271215657884042, -32.809698965573915 ], [ -71.270891546635767, -32.809690150855452 ], [ -71.270701757555372, -32.809659711356794 ], [ -71.270508524947928, -32.809588919155956 ], [ -71.270455862943606, -32.809571095929982 ], [ -71.270389569903173, -32.809473506658819 ], [ -71.270372456387221, -32.809446873864225 ], [ -71.270394924915607, -32.809341959070238 ], [ -71.270473318636363, -32.809231130910774 ], [ -71.270433584061834, -32.809189395728879 ], [ -71.270501132486686, -32.808956294948928 ], [ -71.270515161948424, -32.80889970451765 ], [ -71.270629988482412, -32.808700853812141 ], [ -71.270681147513145, -32.808545614223455 ], [ -71.270725585170908, -32.808316198488335 ], [ -71.270737723207517, -32.808261275275882 ], [ -71.270866109588127, -32.808025437533139 ], [ -71.270943776579699, -32.807810115102022 ], [ -71.270955072655426, -32.807760105922142 ], [ -71.271055505336363, -32.807565598352141 ], [ -71.271068433742016, -32.807465755334654 ], [ -71.271109979010333, -32.807350696694883 ], [ -71.271141199234577, -32.807057836598361 ], [ -71.271373126360572, -32.80690176563995 ], [ -71.271625398475095, -32.806709400652359 ], [ -71.271764325103874, -32.8066219668925 ], [ -71.271900466200876, -32.806577039590024 ], [ -71.271963704965756, -32.806554663597005 ], [ -71.272227050902401, -32.806417615851913 ], [ -71.272516538582295, -32.806396030534721 ], [ -71.272782626420138, -32.806214842906989 ], [ -71.273193830345079, -32.806037550783117 ], [ -71.273510144857681, -32.805930563894606 ], [ -71.273763615812442, -32.805861458733375 ], [ -71.273801624854457, -32.805835457879972 ], [ -71.273929543986824, -32.805733525457626 ], [ -71.274057380527893, -32.805704259521519 ], [ -71.274290766329045, -32.805719613827733 ], [ -71.274671388674193, -32.805746171657695 ], [ -71.274994883827375, -32.805807241680249 ], [ -71.275136791359884, -32.805874877808968 ], [ -71.275250323592047, -32.80600508069989 ], [ -71.275308088352105, -32.806109354102972 ], [ -71.275356403584851, -32.806241150731729 ] ] ] ] } },
{ "type": "Feature", "properties": { "fid": 10, "Nombre": "21", "HAS": 4.59, "Plantas": 7650, "Alias:": "P21", "Especie": "Naranja" }, "geometry": { "type": "MultiPolygon", "coordinates": [ [ [ [ -71.273909986034866, -32.808400240908846 ], [ -71.274440873294523, -32.808973547419306 ], [ -71.274433143691084, -32.809049618810576 ], [ -71.274377282643044, -32.80913391306963 ], [ -71.27434205717222, -32.809155372994532 ], [ -71.274342339859331, -32.809280286460236 ], [ -71.274340710604008, -32.809406051131141 ], [ -71.274381434205338, -32.809448583507248 ], [ -71.274411122852257, -32.809513360872849 ], [ -71.274437776535734, -32.809534920932776 ], [ -71.274431470827309, -32.809628928592403 ], [ -71.274382342226119, -32.809673910354633 ], [ -71.274332725515137, -32.809737679581289 ], [ -71.274288407905345, -32.809781757416545 ], [ -71.274246615068222, -32.809811093050236 ], [ -71.274165003661309, -32.809871361324348 ], [ -71.274033244300284, -32.809936623091225 ], [ -71.273832788457739, -32.809999867054962 ], [ -71.273732887680666, -32.810025359513709 ], [ -71.27365770775063, -32.810072447234454 ], [ -71.273666904170966, -32.81009187523194 ], [ -71.273612038994486, -32.810139410310796 ], [ -71.273618544164194, -32.810167051820116 ], [ -71.273571929738992, -32.810234848524935 ], [ -71.273537046670228, -32.810269773630608 ], [ -71.273529388682093, -32.810310735828708 ], [ -71.273477131411539, -32.810346793013295 ], [ -71.273459830316838, -32.810388746849675 ], [ -71.273363939528664, -32.810343950485098 ], [ -71.273282450850317, -32.810257252891624 ], [ -71.273238973712083, -32.810220485405821 ], [ -71.273185209177342, -32.810159410916249 ], [ -71.273109436002045, -32.810069343535744 ], [ -71.273109233271413, -32.810042403983424 ], [ -71.272962623262814, -32.809866261721304 ], [ -71.272886767438195, -32.809772929844172 ], [ -71.272705005076318, -32.809545172109587 ], [ -71.272607099859499, -32.80942121490969 ], [ -71.272514951612763, -32.80929552016282 ], [ -71.272700994581868, -32.809159874957174 ], [ -71.273041053407511, -32.808845892972741 ], [ -71.273085464653406, -32.808767522474184 ], [ -71.273265053213819, -32.808720171570691 ], [ -71.273513668884732, -32.808611964764118 ], [ -71.273909986034866, -32.808400240908846 ] ] ], [ [ [ -71.274537633908338, -32.809185293542143 ], [ -71.274628204082276, -32.809248964345599 ], [ -71.274874063336839, -32.809487801004636 ], [ -71.275127053623677, -32.809778761017988 ], [ -71.275448482961352, -32.810099501638824 ], [ -71.275668679768202, -32.810317575200457 ], [ -71.275842883885446, -32.81047606663293 ], [ -71.275837855570842, -32.810506367130429 ], [ -71.275718647989166, -32.810533028735989 ], [ -71.275527761242756, -32.810554461896523 ], [ -71.275297825767865, -32.81063702284095 ], [ -71.27513256610392, -32.810753515424523 ], [ -71.274959491667502, -32.810866884014828 ], [ -71.274920879525652, -32.810945149725107 ], [ -71.274864414607464, -32.811005777803395 ], [ -71.274827547895299, -32.81107666360883 ], [ -71.274800178649286, -32.811140845077716 ], [ -71.274715928166501, -32.811249332901461 ], [ -71.274680494814987, -32.811300597545596 ], [ -71.274575418511404, -32.81135067861188 ], [ -71.274498180394403, -32.811392905488759 ], [ -71.2744245054717, -32.811385263427916 ], [ -71.274346558710604, -32.811323812517756 ], [ -71.274217516593822, -32.811192257972202 ], [ -71.274128679259988, -32.811082833609092 ], [ -71.274080908911998, -32.810991441546641 ], [ -71.274045827655513, -32.81098064856014 ], [ -71.274001559661841, -32.810912870199921 ], [ -71.273902861941821, -32.810833833899686 ], [ -71.273722799657378, -32.810672996748941 ], [ -71.273559478463838, -32.810524102104445 ], [ -71.27356972376127, -32.810470845978877 ], [ -71.273607578451831, -32.810400759032028 ], [ -71.273725538306479, -32.810249203491104 ], [ -71.273775435986195, -32.810158486157654 ], [ -71.273865215628049, -32.810115215405581 ], [ -71.274057618877762, -32.810077428012953 ], [ -71.274269047408396, -32.809989490444579 ], [ -71.274426222319278, -32.809859266087059 ], [ -71.27448722759533, -32.809787125231416 ], [ -71.274550311120038, -32.809720661805514 ], [ -71.274557256975811, -32.809424160088973 ], [ -71.274500749664227, -32.809407224934894 ], [ -71.274510295424562, -32.809212733631483 ], [ -71.274537633908338, -32.809185293542143 ] ] ] ] } },
{ "type": "Feature", "properties": { "fid": 11, "Nombre": "D", "HAS": 12.46, "Plantas": 13796, "Alias:": "Unidad D", "Especie": "Paltas" }, "geometry": { "type": "MultiPolygon", "coordinates": [ [ [ [ -71.275393303715177, -32.806154336554009 ], [ -71.275532610438972, -32.806213057344415 ], [ -71.275906275242022, -32.806265474679151 ], [ -71.276016241808151, -32.806216513880372 ], [ -71.276138938408522, -32.806097900803685 ], [ -71.276201509587537, -32.806086553914994 ], [ -71.276294517176623, -32.806009571555443 ], [ -71.276364537048437, -32.805934793798528 ], [ -71.276421304621323, -32.805861788385641 ], [ -71.27644328793231, -32.80580243201279 ], [ -71.276481288013969, -32.805796381146706 ], [ -71.276526123070695, -32.805753198603178 ], [ -71.27660208545943, -32.8056507485419 ], [ -71.276649933643228, -32.805583520182594 ], [ -71.276666819808483, -32.805487249154886 ], [ -71.27669777234108, -32.805444829530195 ], [ -71.276753531784991, -32.805356018487331 ], [ -71.276820873932309, -32.805271080281024 ], [ -71.2768855726559, -32.805200993066059 ], [ -71.276958825830505, -32.805110842794669 ], [ -71.276964104857043, -32.805057149919193 ], [ -71.276912183727688, -32.804964682870327 ], [ -71.276866086439625, -32.804890230683164 ], [ -71.276833589058455, -32.804800983359641 ], [ -71.276834447922198, -32.80473690675268 ], [ -71.276851627587291, -32.804675851139564 ], [ -71.276822561911956, -32.804626356175405 ], [ -71.276740644484576, -32.804590073341437 ], [ -71.276629916270551, -32.804537980246863 ], [ -71.276563362661989, -32.804511626746617 ], [ -71.276519019029934, -32.804479254324875 ], [ -71.276434021736449, -32.804416994547594 ], [ -71.276391633726504, -32.80439020141619 ], [ -71.276319293480228, -32.804329497908491 ], [ -71.276236439800343, -32.804256479630965 ], [ -71.276177528876886, -32.804126876782014 ], [ -71.276155854874489, -32.804035390626311 ], [ -71.276130865009819, -32.803929417049702 ], [ -71.276109387823979, -32.803893055497738 ], [ -71.27608124646062, -32.803879785214235 ], [ -71.276027526683535, -32.803885611356982 ], [ -71.275982106882751, -32.803905834265557 ], [ -71.275921771603279, -32.803909994103229 ], [ -71.275901127007685, -32.803906285935547 ], [ -71.275859031349484, -32.803867236584068 ], [ -71.275810984038628, -32.803784397055303 ], [ -71.275770940811043, -32.803731017854311 ], [ -71.275736248223538, -32.803603016186393 ], [ -71.27570940361305, -32.803498352341677 ], [ -71.275700125033183, -32.803418891417394 ], [ -71.275717584252263, -32.803345069694217 ], [ -71.275732756995566, -32.803276394005948 ], [ -71.27579985876605, -32.803205753209959 ], [ -71.275897505029448, -32.803147828575796 ], [ -71.2759804960032, -32.803084045010387 ], [ -71.276015974690523, -32.803005812005445 ], [ -71.276013725792765, -32.80296501719414 ], [ -71.275962250700729, -32.802937368242802 ], [ -71.275892443726264, -32.802901885469034 ], [ -71.275852571750235, -32.802887807536806 ], [ -71.275824709701567, -32.802861770946478 ], [ -71.27574522790826, -32.802769804454051 ], [ -71.27571562893776, -32.802651919067152 ], [ -71.275699054817267, -32.802547068459276 ], [ -71.275686776345481, -32.802477360548487 ], [ -71.275634526752199, -32.802410421155706 ], [ -71.275568883348342, -32.802310035788473 ], [ -71.275560794432451, -32.802253523295917 ], [ -71.275554978961225, -32.802191354558275 ], [ -71.275551897998426, -32.802117906282312 ], [ -71.275550409540102, -32.802083222984031 ], [ -71.275513322430768, -32.802042040634078 ], [ -71.275475418870684, -32.802048855085822 ], [ -71.275137100103862, -32.802149437884886 ], [ -71.275033529213815, -32.802164592097867 ], [ -71.274933881157125, -32.802143943667062 ], [ -71.274844939164197, -32.802163936298129 ], [ -71.274788009507475, -32.802206827602227 ], [ -71.274793882540934, -32.802247556587325 ], [ -71.274717620875876, -32.802290799212081 ], [ -71.274570786863279, -32.802315927344857 ], [ -71.274445246879125, -32.802370274259481 ], [ -71.274314795756467, -32.802421647611531 ], [ -71.274180043871198, -32.802446555749704 ], [ -71.274048344800022, -32.802448948625646 ], [ -71.273928532895326, -32.80239599715869 ], [ -71.273582349553337, -32.802187898428862 ], [ -71.273389212047277, -32.802103609765645 ], [ -71.273264944761962, -32.801970598414165 ], [ -71.27307845344248, -32.801838716981642 ], [ -71.273016586473233, -32.801782670472953 ], [ -71.27294035097384, -32.801637046209834 ], [ -71.272884876795644, -32.801452250920178 ], [ -71.272849643842918, -32.801302819324398 ], [ -71.27281021427892, -32.801225947380573 ], [ -71.272731174803198, -32.800875174198147 ], [ -71.272601349684535, -32.800761149551569 ], [ -71.272503510178382, -32.800669003705629 ], [ -71.272393641600644, -32.800484174804488 ], [ -71.272401386464935, -32.800313544884332 ], [ -71.272385083291113, -32.800195417149979 ], [ -71.272358295781544, -32.800092793161454 ], [ -71.272362935505271, -32.799942637489316 ], [ -71.272384658497231, -32.799846279065285 ], [ -71.272408148583466, -32.799724366201758 ], [ -71.27243018314914, -32.79964025284324 ], [ -71.272403785365441, -32.799552935191414 ], [ -71.272319315084175, -32.799511080696128 ], [ -71.272168593605628, -32.799549548114037 ], [ -71.272079568671913, -32.799589958124606 ], [ -71.271952885904426, -32.799741818646595 ], [ -71.271946052085212, -32.799758276997437 ], [ -71.271936580341816, -32.799813577212774 ], [ -71.271891095821744, -32.79987871914026 ], [ -71.271826253809436, -32.799943191502933 ], [ -71.271790942050515, -32.799980584611106 ], [ -71.271725788323167, -32.800032811850159 ], [ -71.271647941272761, -32.800108749996944 ], [ -71.271631529704109, -32.800271370047561 ], [ -71.271623940996861, -32.800353179319274 ], [ -71.271625081534992, -32.800493021140447 ], [ -71.271614972511458, -32.800570792573403 ], [ -71.271577787316801, -32.800724601576498 ], [ -71.271527740834799, -32.80084801714932 ], [ -71.271448241354108, -32.801001573140383 ], [ -71.27138200621647, -32.801153867482462 ], [ -71.27134189877242, -32.801240350427868 ], [ -71.271276588131627, -32.801286454935919 ], [ -71.271227140245358, -32.801338396934739 ], [ -71.271217116857869, -32.801348277313224 ], [ -71.27128833084663, -32.801367913391978 ], [ -71.271469201798027, -32.801397810174102 ], [ -71.271696252416888, -32.80141359693144 ], [ -71.271727451928001, -32.80142834407993 ], [ -71.271750245723496, -32.801445285573266 ], [ -71.271846098912945, -32.801459369652434 ], [ -71.272456549670451, -32.802267044847397 ], [ -71.272531961390669, -32.802341732241196 ], [ -71.272622618310763, -32.802436560647372 ], [ -71.272693592716024, -32.802517964311861 ], [ -71.272806297281164, -32.802624132508548 ], [ -71.272928356374607, -32.802717879995193 ], [ -71.272978713282853, -32.802701652106563 ], [ -71.273038930957085, -32.802740373372991 ], [ -71.273097095931291, -32.80279342439816 ], [ -71.273193457413285, -32.802827405590904 ], [ -71.273164023203691, -32.802944322031429 ], [ -71.273069597219049, -32.803033833786571 ], [ -71.27299106027769, -32.803130203177254 ], [ -71.272957163957741, -32.803175738062059 ], [ -71.273110937696813, -32.803138235023162 ], [ -71.273330074226322, -32.803151610184102 ], [ -71.273487173812768, -32.803149777547773 ], [ -71.273604518025735, -32.803200732453234 ], [ -71.273710039672366, -32.803262110950236 ], [ -71.27384333880633, -32.803369945803304 ], [ -71.273950601519232, -32.803404749232151 ], [ -71.27412168173133, -32.803477186983685 ], [ -71.274226840098635, -32.80352427912139 ], [ -71.274252357173538, -32.803576901902943 ], [ -71.274225282572246, -32.80365293995429 ], [ -71.274151409985777, -32.803695117959307 ], [ -71.274101794128768, -32.80378789984708 ], [ -71.273955972060676, -32.803947766829232 ], [ -71.273748994203132, -32.803937234616477 ], [ -71.273649344910993, -32.804011528302063 ], [ -71.273572379944142, -32.804122162000169 ], [ -71.273611538945858, -32.804235790694023 ], [ -71.273623323053471, -32.804271307888065 ], [ -71.273675136153699, -32.804312223267765 ], [ -71.273721570387266, -32.804331797584517 ], [ -71.273780659206949, -32.804373601635326 ], [ -71.273835265499955, -32.804381797620628 ], [ -71.274144922838062, -32.804484386169406 ], [ -71.274295854581766, -32.804572503107373 ], [ -71.274513579914611, -32.804672677633249 ], [ -71.274782171364123, -32.804823992802184 ], [ -71.27479791891713, -32.804872709437731 ], [ -71.274961066784527, -32.805060650984267 ], [ -71.274947895689522, -32.805207898938463 ], [ -71.275080149200761, -32.8054168197054 ], [ -71.275191730086689, -32.805526068645534 ], [ -71.275236673200624, -32.805629382666048 ], [ -71.275241936696787, -32.80569360320915 ], [ -71.275236247543759, -32.805754960184515 ], [ -71.275222022304945, -32.805813409660367 ], [ -71.275233769449642, -32.805894867507547 ], [ -71.275393303715177, -32.806154336554009 ] ] ], [ [ [ -71.269336090643876, -32.802011394685323 ], [ -71.269353202719543, -32.80197126953059 ], [ -71.269370768715859, -32.801949001801937 ], [ -71.269387660281268, -32.80190020303548 ], [ -71.269389207804281, -32.801865975002187 ], [ -71.269403519706998, -32.801834578217395 ], [ -71.269424890619518, -32.801700453515529 ], [ -71.269412365901346, -32.801564391152496 ], [ -71.26938365762382, -32.801481198295789 ], [ -71.269372313225546, -32.80139156523709 ], [ -71.269372288134377, -32.801224138936568 ], [ -71.269378820899476, -32.801124483241352 ], [ -71.269381874956693, -32.801101968180909 ], [ -71.269334912408596, -32.800915868270842 ], [ -71.269407643932482, -32.800828794411345 ], [ -71.269510462278731, -32.800784052567806 ], [ -71.269571083359992, -32.800722848189785 ], [ -71.26962780922122, -32.800624324139164 ], [ -71.269676233027113, -32.80053207597723 ], [ -71.269711510885628, -32.80039820949068 ], [ -71.269724414166902, -32.80033519047381 ], [ -71.269752316447679, -32.800267815888617 ], [ -71.269774696421905, -32.800220959336514 ], [ -71.269795973828778, -32.800130734742176 ], [ -71.269840175882067, -32.800015082496842 ], [ -71.269873244443389, -32.799889423190187 ], [ -71.269885291441668, -32.799792730153662 ], [ -71.269930629181644, -32.799697985628654 ], [ -71.269984105599562, -32.799614323334296 ], [ -71.270010404535867, -32.799507673319084 ], [ -71.270007446923714, -32.799391344936318 ], [ -71.270020420331022, -32.799354867885853 ], [ -71.270015485432666, -32.799157797045311 ], [ -71.270090082917321, -32.79912339268504 ], [ -71.270230108647823, -32.799041606111963 ], [ -71.270295277264012, -32.798942418206394 ], [ -71.270403422081102, -32.798822032852364 ], [ -71.270467164056257, -32.798568715612674 ], [ -71.270418198749113, -32.798592063472697 ], [ -71.270329010870725, -32.798649830406625 ], [ -71.270264494550688, -32.798679585640002 ], [ -71.270183322823243, -32.798719851867041 ], [ -71.270097370101581, -32.798762246541614 ], [ -71.26988716509166, -32.798862022796364 ], [ -71.269815710532527, -32.798904154366475 ], [ -71.269754129066413, -32.798954274025355 ], [ -71.269764854353383, -32.799090879475614 ], [ -71.269653759301121, -32.798905049275604 ], [ -71.269552922756375, -32.79883745679313 ], [ -71.269493268997252, -32.798773201116298 ], [ -71.269433978438514, -32.798723231355766 ], [ -71.269377519324536, -32.798689544553483 ], [ -71.269311031550814, -32.798641747008887 ], [ -71.26922053544574, -32.798600510048487 ], [ -71.269135546482204, -32.798585716462647 ], [ -71.269094011518291, -32.79861607537984 ], [ -71.269155428366076, -32.798749720174953 ], [ -71.269244856792909, -32.798844063086804 ], [ -71.26928322958193, -32.798927080816462 ], [ -71.269274467227248, -32.799057914259699 ], [ -71.269241644431162, -32.799193267484355 ], [ -71.269121311729521, -32.799309789245832 ], [ -71.268967252513633, -32.799431005851865 ], [ -71.268794120761143, -32.799562776937549 ], [ -71.268670800113213, -32.799656892750228 ], [ -71.268545871696872, -32.799687742076514 ], [ -71.268437308475754, -32.799791799157568 ], [ -71.268343554732027, -32.79990783851126 ], [ -71.268284045720122, -32.800039591547971 ], [ -71.268242623727232, -32.800122013816612 ], [ -71.268224536542675, -32.800171344561512 ], [ -71.268199303696719, -32.80022488837443 ], [ -71.268178903718123, -32.800278344605488 ], [ -71.268167858428995, -32.800319380572375 ], [ -71.268146965864588, -32.800353448713324 ], [ -71.268131683890772, -32.800418042042729 ], [ -71.268121587558767, -32.800448851856494 ], [ -71.268110023760698, -32.800469479307665 ], [ -71.268095353739639, -32.800510580951119 ], [ -71.268071017883884, -32.800551857742107 ], [ -71.268033572952191, -32.800600518334647 ], [ -71.268049497444778, -32.800656379023351 ], [ -71.268153944031894, -32.800770868444161 ], [ -71.268261704481986, -32.80087304697237 ], [ -71.268356993948615, -32.800960137981797 ], [ -71.26846266507971, -32.801027643751382 ], [ -71.268433731950338, -32.801081254669313 ], [ -71.268513908833754, -32.801189037341977 ], [ -71.268621379808366, -32.801285733466749 ], [ -71.268674915773772, -32.801347037713839 ], [ -71.268655653764483, -32.801394730851086 ], [ -71.268769540077429, -32.801503050848986 ], [ -71.26877778789806, -32.801542205803948 ], [ -71.268919139531945, -32.8016788680834 ], [ -71.269012110335026, -32.801772764007438 ], [ -71.269010451307736, -32.801826391064381 ], [ -71.269133817488466, -32.801924202282379 ], [ -71.269193200904994, -32.801977743561849 ], [ -71.269336090643876, -32.802011394685323 ] ] ] ] } },
{ "type": "Feature", "properties": { "fid": 12, "Nombre": "J", "HAS": 3.74, "Plantas": 3400, "Alias:": "Unidad J", "Especie": "Paltas" }, "geometry": { "type": "MultiPolygon", "coordinates": [ [ [ [ -71.278576075903374, -32.794236725641909 ], [ -71.278259272938442, -32.794516091254707 ], [ -71.277907807082499, -32.7947634183014 ], [ -71.277527968393017, -32.795035762072295 ], [ -71.277412510885569, -32.795153223652811 ], [ -71.277373411700992, -32.795231522893836 ], [ -71.277193564941356, -32.795359854204257 ], [ -71.277095797687835, -32.79541267740494 ], [ -71.277031884577511, -32.795465905602285 ], [ -71.276960410243902, -32.795507020586811 ], [ -71.276817279889073, -32.795416212300658 ], [ -71.276401339135518, -32.795244610277337 ], [ -71.276268224709739, -32.795119929697599 ], [ -71.276177827239295, -32.795094392195168 ], [ -71.276065585324176, -32.795053555577866 ], [ -71.275877970317751, -32.794995713168177 ], [ -71.275766092723828, -32.794969162164605 ], [ -71.275692875848037, -32.794941908222867 ], [ -71.275612722185187, -32.794927031068433 ], [ -71.275580738336473, -32.794905152836193 ], [ -71.275502428963435, -32.794867782416041 ], [ -71.275438929401474, -32.794842393465203 ], [ -71.275396760453305, -32.794800282445372 ], [ -71.275347134683145, -32.79475013980047 ], [ -71.275326764390712, -32.79470967430801 ], [ -71.275316007255185, -32.794666992288789 ], [ -71.275298261277726, -32.794634646241327 ], [ -71.275276643070598, -32.794545200507521 ], [ -71.275284280247831, -32.794465431955871 ], [ -71.275306519073439, -32.79438948157344 ], [ -71.275352868611421, -32.794311051144639 ], [ -71.27537005401858, -32.794238382899962 ], [ -71.27548236195895, -32.794068404362278 ], [ -71.275845320373065, -32.793726442376666 ], [ -71.275903142656944, -32.793766226877082 ], [ -71.275937722155078, -32.793700260965608 ], [ -71.276031086138929, -32.793711835068471 ], [ -71.276086671829248, -32.793663863270901 ], [ -71.276138907418527, -32.793674143317681 ], [ -71.276194571052187, -32.793629232738432 ], [ -71.276304108820852, -32.793658888632784 ], [ -71.276349237352392, -32.793627441179616 ], [ -71.276388388861108, -32.793551183073284 ], [ -71.276475634058556, -32.793559805434747 ], [ -71.276531375483486, -32.793517955977734 ], [ -71.276662574162174, -32.793520163945246 ], [ -71.277103521583101, -32.793369218502342 ], [ -71.277156321878593, -32.793543851729375 ], [ -71.277030839856025, -32.793742145897731 ], [ -71.277120635192887, -32.793850768988094 ], [ -71.277333994593619, -32.793875472635108 ], [ -71.277331764284611, -32.793977602562578 ], [ -71.27741137470548, -32.794065992845219 ], [ -71.277504546011684, -32.794117384181853 ], [ -71.277837053616906, -32.794074581935398 ], [ -71.278234778662693, -32.794124514061508 ], [ -71.278335845233201, -32.794106340333677 ], [ -71.278576075903374, -32.794236725641909 ] ] ], [ [ [ -71.276317016169699, -32.793240597873542 ], [ -71.276031123890078, -32.793405055747328 ], [ -71.275843800662756, -32.793453380858189 ], [ -71.275626645085239, -32.793540531541396 ], [ -71.275548396600882, -32.793564796487864 ], [ -71.275458125075488, -32.7935797090528 ], [ -71.275406760595885, -32.793603612837288 ], [ -71.275303673665007, -32.793613653767416 ], [ -71.275211927055437, -32.793594393012803 ], [ -71.275117628276831, -32.793605422565804 ], [ -71.274981915496866, -32.793627668867025 ], [ -71.274811737249067, -32.793542454159585 ], [ -71.274610589871855, -32.793475157149338 ], [ -71.274390378986297, -32.793394934543215 ], [ -71.274276814910323, -32.793349526230756 ], [ -71.274194519056707, -32.793250463240618 ], [ -71.274131760724572, -32.79301679762083 ], [ -71.274094828373137, -32.792942943248498 ], [ -71.274268633756805, -32.79263670763018 ], [ -71.274348239986267, -32.792725100065276 ], [ -71.274389009802078, -32.792581816934387 ], [ -71.274435787811498, -32.792472752208049 ], [ -71.274462657299921, -32.792281994785469 ], [ -71.274546317630282, -32.792529572991548 ], [ -71.274570533432041, -32.792721061159902 ], [ -71.274650867760101, -32.792838025206954 ], [ -71.274846765882984, -32.792936554865015 ], [ -71.27518820787482, -32.792865012340371 ], [ -71.275455969746091, -32.792937733410405 ], [ -71.275522639989404, -32.793087613847959 ], [ -71.275867930568609, -32.793167091830036 ], [ -71.276317016169699, -32.793240597873542 ] ] ], [ [ [ -71.274209083608227, -32.792196763015696 ], [ -71.274167279237531, -32.792255947977054 ], [ -71.274118765214865, -32.792300487670197 ], [ -71.274057422702469, -32.792348707100132 ], [ -71.274017000413593, -32.792417226749805 ], [ -71.273990035117393, -32.792453332618585 ], [ -71.273961783301544, -32.792492334112339 ], [ -71.273956030671755, -32.792560223957544 ], [ -71.273941857331536, -32.792671350672151 ], [ -71.273884242468398, -32.79281256354939 ], [ -71.27381018790534, -32.792922480150906 ], [ -71.273588703633223, -32.792985097137837 ], [ -71.273418637864253, -32.793052337985458 ], [ -71.273306621634433, -32.793018368251843 ], [ -71.273165003240351, -32.793012323195391 ], [ -71.273080948946856, -32.792996615941412 ], [ -71.273048428214366, -32.7929748028223 ], [ -71.272818992538646, -32.792831908936087 ], [ -71.272683925438955, -32.792709130564312 ], [ -71.272559113397918, -32.792641887740231 ], [ -71.272487897425933, -32.792575124492068 ], [ -71.272413323974305, -32.792498623424038 ], [ -71.272398610743167, -32.792428232869433 ], [ -71.272321224539425, -32.792353809898906 ], [ -71.272261351568773, -32.792326174081857 ], [ -71.272205646071384, -32.79224848523139 ], [ -71.27218996788956, -32.792193622374725 ], [ -71.272142850532674, -32.792159435992737 ], [ -71.271918976770692, -32.792066836235556 ], [ -71.271692451207784, -32.791885554000864 ], [ -71.27166222685392, -32.791847039703065 ], [ -71.271629159884213, -32.791776982090518 ], [ -71.271546577407022, -32.791681570388036 ], [ -71.271523671078697, -32.791640453214548 ], [ -71.271519097212462, -32.791567580732568 ], [ -71.271504449874797, -32.791526485927847 ], [ -71.271556452867472, -32.791431906538186 ], [ -71.271579838085572, -32.791361973433482 ], [ -71.271576177657906, -32.791298275617969 ], [ -71.271550536858214, -32.791252784680353 ], [ -71.271544317940098, -32.79119545226613 ], [ -71.27155738284597, -32.791094111538072 ], [ -71.271615724115321, -32.790954609811202 ], [ -71.271674057229447, -32.790841533027113 ], [ -71.271708697199912, -32.790839755524985 ], [ -71.271781908511173, -32.790883808713104 ], [ -71.271769718754925, -32.790778905099536 ], [ -71.271833759421796, -32.790703064088746 ], [ -71.271889349191937, -32.790669311453939 ], [ -71.271957893176648, -32.790556623691188 ], [ -71.271999771434821, -32.790465100143841 ], [ -71.272042181012011, -32.790474670594271 ], [ -71.272047961970216, -32.790514777353948 ], [ -71.272027215531281, -32.790608215202681 ], [ -71.272028098649471, -32.790669665599133 ], [ -71.272022878296468, -32.790731801220844 ], [ -71.272026772700684, -32.790804686014859 ], [ -71.272029943506766, -32.790875860583022 ], [ -71.272057367602315, -32.790937978178697 ], [ -71.272067885782519, -32.790950425233945 ], [ -71.272089944654397, -32.791015512459943 ], [ -71.272150378530284, -32.791091966670756 ], [ -71.272215812590062, -32.791151096516572 ], [ -71.272285295277953, -32.791262428012288 ], [ -71.272346758961632, -32.791406074361632 ], [ -71.272395987490555, -32.791496518694665 ], [ -71.272438491240877, -32.79158995734025 ], [ -71.27256812478555, -32.791739833950409 ], [ -71.272658930443853, -32.79186054380029 ], [ -71.272783152076173, -32.792018480907579 ], [ -71.272980463221629, -32.792148251211884 ], [ -71.273195672904507, -32.792266701737795 ], [ -71.273306618650665, -32.792296856347797 ], [ -71.27345671505114, -32.792315385251918 ], [ -71.273734101360787, -32.792340149278708 ], [ -71.27397757922158, -32.792284669965028 ], [ -71.274209083608227, -32.792196763015696 ] ] ], [ [ [ -71.269180948115377, -32.790291135492467 ], [ -71.269327785430846, -32.790361978321314 ], [ -71.269403382133149, -32.790483115476974 ], [ -71.26957669422282, -32.790549394471007 ], [ -71.269785916645361, -32.79050680712443 ], [ -71.269931384549366, -32.790428623208413 ], [ -71.269991425927145, -32.790413241954219 ], [ -71.270115377220051, -32.790439579392761 ], [ -71.270342475922192, -32.790339496780021 ], [ -71.270596100110566, -32.790236890867199 ], [ -71.270682096497737, -32.790196537017827 ], [ -71.270693992248582, -32.790284118303042 ], [ -71.270679725175441, -32.790388508474322 ], [ -71.270716353496709, -32.790498100854023 ], [ -71.270726507685325, -32.790612257014452 ], [ -71.270764796584984, -32.790787156589069 ], [ -71.270777233987843, -32.790991110158828 ], [ -71.270722744361564, -32.791224862806743 ], [ -71.270630581040393, -32.791498092813931 ], [ -71.270609013272008, -32.791600573597378 ], [ -71.270649203723863, -32.79182648347782 ], [ -71.27059641019045, -32.791841733604649 ], [ -71.270524079369082, -32.791849170902864 ], [ -71.270446890158865, -32.791855675379956 ], [ -71.270400748578467, -32.791847324174753 ], [ -71.270345227484086, -32.791850372914986 ], [ -71.270277677180374, -32.791855681579449 ], [ -71.270135691021039, -32.791880716208155 ], [ -71.270013697962725, -32.791883949319796 ], [ -71.269950420325202, -32.791914702729585 ], [ -71.26988683142136, -32.791933211000504 ], [ -71.269782633559117, -32.79197083168124 ], [ -71.269719622698034, -32.791988308491746 ], [ -71.269278583757085, -32.791755372754814 ], [ -71.269050007644083, -32.791702345879017 ], [ -71.268702614114943, -32.7917487688823 ], [ -71.268567536356571, -32.791678835730416 ], [ -71.268508441113241, -32.791628205854749 ], [ -71.268486231782092, -32.791585972283535 ], [ -71.26830353262703, -32.791626035144809 ], [ -71.268149373659071, -32.791457317744715 ], [ -71.268041505624765, -32.79139801830155 ], [ -71.267934777869172, -32.791383617555319 ], [ -71.267930891043193, -32.791230553474115 ], [ -71.268083319176668, -32.791235959071933 ], [ -71.268290957169285, -32.791226071568737 ], [ -71.268532609104227, -32.791127770246874 ], [ -71.268758726451097, -32.790988914149288 ], [ -71.268946080322408, -32.790846676651938 ], [ -71.269081843336906, -32.790576741068996 ], [ -71.26907831760758, -32.790437963061436 ], [ -71.269180948115377, -32.790291135492467 ] ] ], [ [ [ -71.2683713421156, -32.791630931816975 ], [ -71.268420937104068, -32.791637259405015 ], [ -71.268447075597223, -32.791648849270373 ], [ -71.268463235926802, -32.791669236740859 ], [ -71.268510841885544, -32.791695947811348 ], [ -71.268521753470992, -32.791723898277787 ], [ -71.268562657944912, -32.79173976358468 ], [ -71.268580746692706, -32.791770508822175 ], [ -71.268630619778634, -32.791779370715382 ], [ -71.268749627904214, -32.791778937308557 ], [ -71.268882304882652, -32.791781128314653 ], [ -71.26910929309345, -32.791752316086935 ], [ -71.269187854343429, -32.791788228010915 ], [ -71.269230585278763, -32.791810431544747 ], [ -71.269337392185591, -32.791838366943203 ], [ -71.269384601844635, -32.791902998747048 ], [ -71.269549270616665, -32.791959756550526 ], [ -71.26962302434201, -32.791971631806653 ], [ -71.269645813893192, -32.792012004774378 ], [ -71.269679480518079, -32.792025788566157 ], [ -71.269728593503771, -32.792057896265739 ], [ -71.269755461915835, -32.792098195256344 ], [ -71.269755803614046, -32.79213840075861 ], [ -71.269721650679443, -32.792186125128737 ], [ -71.269667541497114, -32.792251444899208 ], [ -71.269631407443029, -32.792301502976848 ], [ -71.269642477448912, -32.792389193553852 ], [ -71.269562275569086, -32.792391222092036 ], [ -71.269580408748737, -32.792435700657116 ], [ -71.269590369740158, -32.79247975293007 ], [ -71.269608861729878, -32.792511587022339 ], [ -71.269620226126236, -32.792557337205992 ], [ -71.269663774719106, -32.792611695109635 ], [ -71.269697447366582, -32.792678870020453 ], [ -71.269705961286547, -32.792719501800931 ], [ -71.269710498545294, -32.792764226851915 ], [ -71.269665065962158, -32.792823070326428 ], [ -71.269599950710571, -32.792829995438161 ], [ -71.269578673643394, -32.792862709173633 ], [ -71.269587986277926, -32.792896229899057 ], [ -71.269656295233048, -32.792959661883373 ], [ -71.269720899168149, -32.793026275964728 ], [ -71.269740567304297, -32.793077620099467 ], [ -71.269747082422057, -32.793163882738234 ], [ -71.269812546564808, -32.793233715028002 ], [ -71.26986639489499, -32.793291907255743 ], [ -71.269952043710916, -32.793450626485686 ], [ -71.269992623343441, -32.793548696492657 ], [ -71.270042720410444, -32.793646593892198 ], [ -71.270078761611572, -32.793726650906244 ], [ -71.270060162563411, -32.793797645865077 ], [ -71.270032323979407, -32.793692451409115 ], [ -71.26999510565517, -32.793619596384012 ], [ -71.269928472008289, -32.793566806135772 ], [ -71.269899849367278, -32.793511028790483 ], [ -71.269847510781432, -32.793500999170249 ], [ -71.269782078177045, -32.793426421921517 ], [ -71.269662556621327, -32.793357343729632 ], [ -71.269548333454651, -32.793285910161366 ], [ -71.26946621666356, -32.793187719080663 ], [ -71.269407405730576, -32.793121574299036 ], [ -71.269317930672528, -32.793053113112848 ], [ -71.269232738841993, -32.792992616554024 ], [ -71.269149679677469, -32.792828679759182 ], [ -71.26907600392417, -32.792712826855649 ], [ -71.268999784217485, -32.792603913447508 ], [ -71.268876775081054, -32.792500443655818 ], [ -71.268751560610241, -32.792363695430367 ], [ -71.26867984650994, -32.792217935155215 ], [ -71.268561576590301, -32.792086805391278 ], [ -71.268554834430518, -32.792008801959895 ], [ -71.26852194158964, -32.79199905787933 ], [ -71.268457416682267, -32.791922101539846 ], [ -71.268439045164456, -32.791841436567587 ], [ -71.268403523999524, -32.791781762663831 ], [ -71.268408732313929, -32.791719052900838 ], [ -71.268393625318254, -32.791686582821711 ], [ -71.268352531313397, -32.791675263941855 ], [ -71.268351889637756, -32.791649999633002 ], [ -71.2683713421156, -32.791630931816975 ] ] ] ] } },
{ "type": "Feature", "properties": { "fid": 13, "Nombre": "H", "HAS": 13.5, "Plantas": 11810, "Alias:": "Unidad H", "Especie": "Paltas" }, "geometry": { "type": "MultiPolygon", "coordinates": [ [ [ [ -71.27358899212615, -32.795185976460672 ], [ -71.27365094552809, -32.795293065995402 ], [ -71.273651387199024, -32.795357884768507 ], [ -71.273654764805741, -32.795490539691336 ], [ -71.273666716445092, -32.795580161311548 ], [ -71.273665300440342, -32.795666963052987 ], [ -71.273695413496043, -32.795805257714711 ], [ -71.273715575561042, -32.795932503279175 ], [ -71.273734113697941, -32.795948500855907 ], [ -71.273735127037384, -32.795988297327035 ], [ -71.273774931475288, -32.796032493645846 ], [ -71.273884861615201, -32.796172401046391 ], [ -71.274074323127692, -32.796302696348661 ], [ -71.274191021982162, -32.796376122368102 ], [ -71.274290572777602, -32.796440671789952 ], [ -71.27439500836833, -32.796507174160539 ], [ -71.27446396535899, -32.796556965906113 ], [ -71.274500041937955, -32.796597146135397 ], [ -71.274498743274677, -32.796641068174509 ], [ -71.274544719202311, -32.796690256556388 ], [ -71.274558424964752, -32.796706341810676 ], [ -71.274557074345495, -32.796748223005217 ], [ -71.274651130842926, -32.796834310729182 ], [ -71.274608728395435, -32.796877958802376 ], [ -71.274549905354746, -32.796941302229207 ], [ -71.274454369136777, -32.796986936638646 ], [ -71.274394311748182, -32.797049281530654 ], [ -71.274322782901578, -32.797088354264204 ], [ -71.274224752081736, -32.797130971147659 ], [ -71.274068208905348, -32.797154233106369 ], [ -71.274016685854932, -32.79712454231332 ], [ -71.273926163762525, -32.797177231496789 ], [ -71.273779077947921, -32.797192154138934 ], [ -71.273637838049765, -32.797151842139421 ], [ -71.273415637358056, -32.797159961560588 ], [ -71.273181562647935, -32.797176463378399 ], [ -71.273055145567568, -32.797196114290955 ], [ -71.272975262624698, -32.797239421552248 ], [ -71.272805168329086, -32.797347662245876 ], [ -71.272692520927961, -32.797433420914651 ], [ -71.272573624623504, -32.797511125783359 ], [ -71.27250348453542, -32.797557318550545 ], [ -71.272442983877824, -32.797602315386634 ], [ -71.272440931088184, -32.797616645176433 ], [ -71.272409478739561, -32.797663156425195 ], [ -71.272327426026038, -32.797668729583265 ], [ -71.272214064348617, -32.79767895461223 ], [ -71.272105769077285, -32.797698275625379 ], [ -71.272056441183068, -32.797707338164656 ], [ -71.271991107443142, -32.797752422516922 ], [ -71.271966488498435, -32.797782475314378 ], [ -71.271928331965782, -32.797850546920927 ], [ -71.271908545727882, -32.797880511991764 ], [ -71.271884745452638, -32.79789523649638 ], [ -71.271801840817574, -32.7979385978783 ], [ -71.271742911201088, -32.797997858399768 ], [ -71.271685137774611, -32.798055056122536 ], [ -71.27161337733834, -32.798082136043739 ], [ -71.271572519493617, -32.798091555130618 ], [ -71.271508783875618, -32.798104452057764 ], [ -71.271443158072188, -32.798114320569404 ], [ -71.271423878917787, -32.798116712209733 ], [ -71.271409699164238, -32.798105739680459 ], [ -71.271400437106919, -32.798074260017486 ], [ -71.271458308628681, -32.797997153194878 ], [ -71.271515790658057, -32.797904739995111 ], [ -71.271526587541331, -32.797854009774412 ], [ -71.271565048899106, -32.797821664064941 ], [ -71.271577594977828, -32.797795148343909 ], [ -71.271586226186145, -32.797751348461141 ], [ -71.271700096260687, -32.797666079013219 ], [ -71.271733354298661, -32.797643015739581 ], [ -71.271799218070214, -32.797526714496819 ], [ -71.271808797708417, -32.797472688440557 ], [ -71.271855165718804, -32.797347297731676 ], [ -71.271886261713306, -32.79726301998106 ], [ -71.271919314663705, -32.797211120108294 ], [ -71.271993414922065, -32.797151328933289 ], [ -71.272022366178206, -32.797125281075452 ], [ -71.272008012506546, -32.797036213325867 ], [ -71.272050696690442, -32.796932328202587 ], [ -71.27209519304256, -32.796828410172253 ], [ -71.272131881227168, -32.796750156226373 ], [ -71.272159358377053, -32.796689935126167 ], [ -71.27218235611133, -32.796622904290984 ], [ -71.272247067201221, -32.79645838648257 ], [ -71.272291810508193, -32.796316690801603 ], [ -71.272340385919719, -32.796183092697802 ], [ -71.272361377776221, -32.796126307195067 ], [ -71.272382748201295, -32.796111116273529 ], [ -71.272418917935838, -32.796086723854344 ], [ -71.272414865619041, -32.796022481054806 ], [ -71.272832840542094, -32.79572802112785 ], [ -71.273005516636132, -32.795673840983497 ], [ -71.273101923370803, -32.795519977061282 ], [ -71.273197965610748, -32.795446770357763 ], [ -71.273347634044356, -32.795390965784584 ], [ -71.273506824705763, -32.795281901578647 ], [ -71.27358899212615, -32.795185976460672 ] ] ], [ [ [ -71.273517133937844, -32.794796661841772 ], [ -71.273425503003267, -32.794876934917831 ], [ -71.273416461311314, -32.794901600598152 ], [ -71.273323531110833, -32.794978324069135 ], [ -71.273250152174086, -32.795015898426264 ], [ -71.273126530781227, -32.795097773138217 ], [ -71.273005669434895, -32.795216860268766 ], [ -71.273001187477135, -32.795230723730974 ], [ -71.272898962089442, -32.795250956032824 ], [ -71.272838671360105, -32.795256644772884 ], [ -71.272784505551869, -32.795289275985525 ], [ -71.272534823345538, -32.795084142851515 ], [ -71.272383039252844, -32.795009310322186 ], [ -71.2721349151022, -32.794948477074044 ], [ -71.27205844628007, -32.794852752428042 ], [ -71.272052187507981, -32.794701773574396 ], [ -71.272062114059509, -32.794616859118534 ], [ -71.272030841542161, -32.794468503671652 ], [ -71.272018962920427, -32.79439355587661 ], [ -71.27197520607811, -32.794265206841629 ], [ -71.271937755676575, -32.794170943312551 ], [ -71.271916043102365, -32.794101406069366 ], [ -71.271866634286752, -32.794035944612915 ], [ -71.27185838703133, -32.793949318205435 ], [ -71.271822332724682, -32.793886166595954 ], [ -71.271820988822313, -32.793857095473797 ], [ -71.271841515147671, -32.79380874087839 ], [ -71.271863339427838, -32.793811407481257 ], [ -71.271947153972917, -32.793875223607387 ], [ -71.272026084173987, -32.793937086535152 ], [ -71.272132723718272, -32.793995383775119 ], [ -71.272222195933068, -32.794067774620778 ], [ -71.272317917463326, -32.794100747500664 ], [ -71.272412001770178, -32.794164376874555 ], [ -71.272436508231877, -32.794201194664254 ], [ -71.272507554021345, -32.794238188473479 ], [ -71.272532236146986, -32.794258158287747 ], [ -71.27260876439297, -32.794273103267173 ], [ -71.272720412828789, -32.794314464282138 ], [ -71.272787158657323, -32.79437246433919 ], [ -71.272917546026989, -32.794461466993361 ], [ -71.273014586551525, -32.794522489975542 ], [ -71.27317157284709, -32.79463551083068 ], [ -71.273280396441095, -32.794684579332269 ], [ -71.273355028415281, -32.794719976169958 ], [ -71.273416617646021, -32.79476530833611 ], [ -71.273469022511321, -32.794782222228939 ], [ -71.273517133937844, -32.794796661841772 ] ] ], [ [ [ -71.271531735155406, -32.794768899571253 ], [ -71.271558533872238, -32.794824562498299 ], [ -71.271588251722406, -32.795042494761681 ], [ -71.271515130504994, -32.795399093147999 ], [ -71.27155155461017, -32.7955005216754 ], [ -71.271599281634465, -32.795571118223336 ], [ -71.27162123180706, -32.795768773510744 ], [ -71.271608079406448, -32.796011985187768 ], [ -71.271591240822943, -32.79611029667533 ], [ -71.271578192182531, -32.796357590037964 ], [ -71.271539941737529, -32.796564504938317 ], [ -71.271462925750697, -32.796768039709072 ], [ -71.271417661776582, -32.79688932667522 ], [ -71.271315339618496, -32.797048401194175 ], [ -71.271220468863405, -32.79740539403506 ], [ -71.271017979237811, -32.797713294657044 ], [ -71.270929418591052, -32.797828348339536 ], [ -71.270788017235731, -32.797971797127509 ], [ -71.270623097255609, -32.798236137996923 ], [ -71.270539324920193, -32.798364248581557 ], [ -71.270470414003256, -32.798506382072439 ], [ -71.269926635576709, -32.798798011523289 ], [ -71.26981691158332, -32.798761207278304 ], [ -71.269669251523069, -32.79875367588518 ], [ -71.269522814747233, -32.798699160959508 ], [ -71.269280805057022, -32.798546330851018 ], [ -71.269249588624575, -32.798507081869907 ], [ -71.269113321441324, -32.798519761169118 ], [ -71.268998918729537, -32.798515837265732 ], [ -71.269040617295531, -32.798607855242508 ], [ -71.269067478279851, -32.798713541426196 ], [ -71.269154282703866, -32.798799764812124 ], [ -71.26921702694878, -32.798890507904737 ], [ -71.269240901269654, -32.798973788490514 ], [ -71.269224682131565, -32.799096589955909 ], [ -71.26917868791999, -32.79918930435452 ], [ -71.269098448810709, -32.799266305218936 ], [ -71.268958732577602, -32.799381136428138 ], [ -71.268832918135701, -32.79947223491191 ], [ -71.268734788635683, -32.799558747895148 ], [ -71.268638349378065, -32.799616645101793 ], [ -71.268482748943043, -32.799629674164478 ], [ -71.268441456936401, -32.799717198614921 ], [ -71.268331970513543, -32.799832502188366 ], [ -71.268286898068581, -32.799913969729552 ], [ -71.268210406312846, -32.800090949889039 ], [ -71.26812101265773, -32.80028347722795 ], [ -71.268074975039411, -32.80042213232818 ], [ -71.268033070294734, -32.800533148350134 ], [ -71.267752115457071, -32.800274847934709 ], [ -71.267700307380693, -32.800233929855672 ], [ -71.267494782442085, -32.799994680107574 ], [ -71.26743519723874, -32.799885502791163 ], [ -71.267397552117814, -32.799866787714706 ], [ -71.267366776528107, -32.799844885500953 ], [ -71.267196815238421, -32.799875528343215 ], [ -71.267017049639975, -32.799888993303753 ], [ -71.266949518881859, -32.799895320866455 ], [ -71.266901154680141, -32.799847193795628 ], [ -71.266826115545086, -32.799843448315734 ], [ -71.266687507106596, -32.799859230116603 ], [ -71.266601999137109, -32.799824026311491 ], [ -71.266469681545999, -32.79980192080486 ], [ -71.266350602613869, -32.799777533660489 ], [ -71.26623818646172, -32.79977752727163 ], [ -71.266066515775222, -32.799776551756224 ], [ -71.265939963549144, -32.799791093564679 ], [ -71.265753311041891, -32.799818973927948 ], [ -71.265592384750178, -32.799812698790497 ], [ -71.265479916726846, -32.799810650867073 ], [ -71.265335085671467, -32.79981939752485 ], [ -71.265224317755624, -32.799836715631507 ], [ -71.265072496170191, -32.799855797460161 ], [ -71.264917429707353, -32.799842269138587 ], [ -71.264809734367176, -32.799790110327564 ], [ -71.264757251472417, -32.799749330805447 ], [ -71.264706334317523, -32.79964816242898 ], [ -71.26465322447352, -32.799651165139181 ], [ -71.26459762879324, -32.799699132246495 ], [ -71.264540280112143, -32.799868617725885 ], [ -71.264519946178439, -32.800020078281271 ], [ -71.264513285837623, -32.800147683223273 ], [ -71.264561955283284, -32.800341921519625 ], [ -71.264611736515846, -32.800478714252947 ], [ -71.264673317469132, -32.800633924821511 ], [ -71.264778552567549, -32.800788600700642 ], [ -71.264902352684516, -32.800975226384622 ], [ -71.264962164415877, -32.80106959785973 ], [ -71.265020199535911, -32.80115647234171 ], [ -71.264991063510564, -32.80124683844992 ], [ -71.264878317355766, -32.801281547326717 ], [ -71.264670344691055, -32.801279185056174 ], [ -71.264411298920137, -32.801169531420619 ], [ -71.264180231555386, -32.801099568916811 ], [ -71.264142422774739, -32.801062479683175 ], [ -71.26409206093463, -32.801054713054789 ], [ -71.264076449335249, -32.801011096900638 ], [ -71.264003868512177, -32.801032827692801 ], [ -71.263933243355311, -32.800988675247396 ], [ -71.263913036793625, -32.800906858562172 ], [ -71.263863408550492, -32.800904183052573 ], [ -71.263832106908197, -32.800885352162489 ], [ -71.263751755302806, -32.800862814354034 ], [ -71.263647708626635, -32.800883072231294 ], [ -71.263598167073383, -32.800859977115927 ], [ -71.26361371114163, -32.800805588484948 ], [ -71.263585262003446, -32.800780070115486 ], [ -71.263540950607251, -32.800748713216841 ], [ -71.263509795226724, -32.800759485600224 ], [ -71.263457600637437, -32.800703259261816 ], [ -71.26339838042918, -32.800679828638437 ], [ -71.263315248936664, -32.800714511025802 ], [ -71.263299491710328, -32.800641291389724 ], [ -71.263203588620541, -32.800625159804383 ], [ -71.263117318069547, -32.800559850935343 ], [ -71.263137630652324, -32.800502823894782 ], [ -71.263108725348943, -32.800435456888742 ], [ -71.263096739038957, -32.800391775045775 ], [ -71.263045084379982, -32.80033298651577 ], [ -71.262991746770837, -32.80027933287375 ], [ -71.262926369431796, -32.800251419297879 ], [ -71.262848684419509, -32.800262522274522 ], [ -71.26283429107869, -32.800195403287937 ], [ -71.262811850322379, -32.800120773054672 ], [ -71.263155318475469, -32.800357153899398 ], [ -71.263360939607452, -32.800457567356602 ], [ -71.263507789944555, -32.800528416381106 ], [ -71.263742807752976, -32.800548667641898 ], [ -71.263973287338231, -32.800485287027314 ], [ -71.264066167709515, -32.800334556116049 ], [ -71.264082256730973, -32.800158670885658 ], [ -71.264088488888916, -32.80007076105133 ], [ -71.264056083766292, -32.799984570994447 ], [ -71.263990841769157, -32.799842825555913 ], [ -71.263896990832734, -32.799716910972059 ], [ -71.263898061803516, -32.799663804974365 ], [ -71.263941298947671, -32.799652813979961 ], [ -71.264024182364992, -32.799679899936955 ], [ -71.264186826171127, -32.799658581826748 ], [ -71.264307303537791, -32.799595148650347 ], [ -71.264409605712927, -32.799530002374027 ], [ -71.264465374389545, -32.799441196357904 ], [ -71.264487598978064, -32.799221301526153 ], [ -71.264534141687491, -32.79915001763392 ], [ -71.264595191086869, -32.799126453406906 ], [ -71.264629383356805, -32.799140127340721 ], [ -71.26469795739898, -32.799222600162381 ], [ -71.264773340824206, -32.799287594495624 ], [ -71.264846592664782, -32.799363857210395 ], [ -71.264977329688904, -32.799466643880372 ], [ -71.26510342420957, -32.799481717331084 ], [ -71.265345170905547, -32.799481425948144 ], [ -71.265617028175399, -32.799524487622399 ], [ -71.265840298055053, -32.799558219288691 ], [ -71.266013866801458, -32.799538742842365 ], [ -71.266186728453036, -32.799586658096551 ], [ -71.2663663215274, -32.799614033304962 ], [ -71.266556607314328, -32.799634068357506 ], [ -71.266685928926094, -32.799585786217747 ], [ -71.266919147390837, -32.799487640222253 ], [ -71.267086405914739, -32.799410085519597 ], [ -71.267168130575328, -32.799296306745546 ], [ -71.267337189513867, -32.79909927430743 ], [ -71.26746475408585, -32.798886659003145 ], [ -71.267475178362787, -32.798761665660763 ], [ -71.267565965253951, -32.798719185183003 ], [ -71.267653007729521, -32.798719650097091 ], [ -71.267750680859237, -32.798662752193643 ], [ -71.267863454383189, -32.798534117928931 ], [ -71.267906048376929, -32.798402671550861 ], [ -71.267922332982963, -32.798092024205765 ], [ -71.267954555446352, -32.79802814484448 ], [ -71.26793081815751, -32.797855022656833 ], [ -71.268028210920235, -32.797691956481977 ], [ -71.268046796113254, -32.79756707045005 ], [ -71.26801289499015, -32.79746967871781 ], [ -71.268030136523095, -32.797434655860023 ], [ -71.268151084686224, -32.797437568798692 ], [ -71.268217052508859, -32.797464958514716 ], [ -71.268339125588483, -32.79755973149674 ], [ -71.268505808479446, -32.797697594404866 ], [ -71.268620856026672, -32.797753700385584 ], [ -71.268789805557972, -32.79779045315577 ], [ -71.26889643741373, -32.797800771115554 ], [ -71.269067207079658, -32.797814009918419 ], [ -71.269246252576252, -32.797819952186607 ], [ -71.269349897550441, -32.797807864208899 ], [ -71.269467366424152, -32.79776898223065 ], [ -71.269576118498136, -32.797720049241619 ], [ -71.269671363578198, -32.797671743911962 ], [ -71.269724772273122, -32.797633002349897 ], [ -71.269775946124838, -32.79760144755754 ], [ -71.269849617833401, -32.797542558663501 ], [ -71.270068156712483, -32.797304172485596 ], [ -71.270170388813867, -32.797188999055045 ], [ -71.270211490960065, -32.797132742434329 ], [ -71.270236981255493, -32.797089402528684 ], [ -71.270270580282556, -32.796984661839851 ], [ -71.270245404904358, -32.796945303529924 ], [ -71.270023403253489, -32.7969463946499 ], [ -71.270048208015936, -32.796828541858581 ], [ -71.270066686490409, -32.796699573943108 ], [ -71.270026149875889, -32.796483879273289 ], [ -71.27003367044172, -32.796414194393797 ], [ -71.270065787062123, -32.796346232866135 ], [ -71.270133592781889, -32.796208203208081 ], [ -71.270201709616572, -32.796082418617551 ], [ -71.270239570286321, -32.795955140944457 ], [ -71.270306415552994, -32.795779355491653 ], [ -71.27030250568852, -32.795768196555741 ], [ -71.270296898308729, -32.79564272812793 ], [ -71.270359970827087, -32.79560381105086 ], [ -71.270458209607852, -32.795569360576756 ], [ -71.270533418805798, -32.795437321805238 ], [ -71.270624630567156, -32.795364204644898 ], [ -71.270728416735935, -32.79531025633041 ], [ -71.270872657214383, -32.795231072559808 ], [ -71.271016663870128, -32.795142704813614 ], [ -71.271154303722412, -32.795089162860222 ], [ -71.271236160849909, -32.795028465739513 ], [ -71.271390898623324, -32.794886816323142 ], [ -71.271531735155406, -32.794768899571253 ] ] ] ] } },
{ "type": "Feature", "properties": { "fid": 14, "Nombre": "i", "HAS": 8.32, "Plantas": 6685, "Alias:": "Unidad I", "Especie": "Paltas" }, "geometry": { "type": "MultiPolygon", "coordinates": [ [ [ [ -71.271525180874022, -32.794686453615469 ], [ -71.271411074001435, -32.794361327278246 ], [ -71.271406097569681, -32.794305268341816 ], [ -71.271411321934707, -32.794225543716912 ], [ -71.271273767997073, -32.794044788896912 ], [ -71.271219981292333, -32.793997272272307 ], [ -71.271198341370834, -32.793906805214839 ], [ -71.271165815315939, -32.793816025213772 ], [ -71.271083101348125, -32.793676642320932 ], [ -71.271000491446358, -32.793541341057896 ], [ -71.270824311746637, -32.793436832678452 ], [ -71.270619270417896, -32.793358880393399 ], [ -71.270491705247778, -32.793285647921792 ], [ -71.270448761027595, -32.793212922336735 ], [ -71.270369843183261, -32.793148505900042 ], [ -71.270293447780929, -32.793091189931701 ], [ -71.27025270321721, -32.793081209465072 ], [ -71.27024115564538, -32.793054875599026 ], [ -71.270220676849064, -32.793033808182365 ], [ -71.270157337546095, -32.792967067284415 ], [ -71.270105705436322, -32.792837839404356 ], [ -71.270040924803652, -32.792761936515099 ], [ -71.269908139434037, -32.792673484632097 ], [ -71.269769248895201, -32.792582591057638 ], [ -71.26964810889848, -32.79243216352333 ], [ -71.269633414758047, -32.792472244881125 ], [ -71.269746616756819, -32.792693768622492 ], [ -71.269746041850567, -32.792766262656848 ], [ -71.269731218038046, -32.792801241896193 ], [ -71.26967512135208, -32.792876784401273 ], [ -71.269651451632797, -32.792896610578183 ], [ -71.269729508447156, -32.792971762509652 ], [ -71.269774219845061, -32.79301893392325 ], [ -71.269777178579233, -32.79308779074691 ], [ -71.269782099709303, -32.793138746310213 ], [ -71.26984565932824, -32.793214161020529 ], [ -71.269939692542408, -32.793347214172485 ], [ -71.270015837530138, -32.793489779690894 ], [ -71.270083863052292, -32.793645764040832 ], [ -71.270108166419845, -32.793698409884115 ], [ -71.270102692513348, -32.793815912154479 ], [ -71.270089206526222, -32.793855971649457 ], [ -71.270133707198454, -32.793989922863403 ], [ -71.270145925483007, -32.794137731148915 ], [ -71.270126606297183, -32.794186063597756 ], [ -71.270054635944106, -32.794540598640459 ], [ -71.269904809766075, -32.794923088743218 ], [ -71.269674859355959, -32.795196774771682 ], [ -71.269407863433869, -32.795344540969488 ], [ -71.269417882701021, -32.795548538452529 ], [ -71.269376671072067, -32.795639124417818 ], [ -71.269342708333284, -32.795729578954273 ], [ -71.269526413528752, -32.796014140938929 ], [ -71.269573609777112, -32.796016347913614 ], [ -71.269582369552353, -32.796218326398424 ], [ -71.269546271466908, -32.796414992829909 ], [ -71.269520802590222, -32.79655429638791 ], [ -71.26958179494774, -32.796861500947188 ], [ -71.269606053777167, -32.797055031219962 ], [ -71.269536649434855, -32.797177776167821 ], [ -71.269259904275202, -32.797322656246749 ], [ -71.26943855974973, -32.797313291904786 ], [ -71.269304332483927, -32.797358603035605 ], [ -71.269166340226604, -32.797350895714743 ], [ -71.268951698406667, -32.797371120938031 ], [ -71.26865122872853, -32.797295916297522 ], [ -71.268553163804995, -32.797194583137717 ], [ -71.268406398737397, -32.797031857813018 ], [ -71.268327836534908, -32.796889335196958 ], [ -71.268246110965208, -32.796860189278746 ], [ -71.268145774588689, -32.796954908927553 ], [ -71.26804116548162, -32.797024183522687 ], [ -71.267945003511358, -32.797045322880344 ], [ -71.2677986482813, -32.796993867032853 ], [ -71.267620077208989, -32.796911346852916 ], [ -71.267587249067248, -32.796903774387246 ], [ -71.267493244327284, -32.796914665357662 ], [ -71.267499723315225, -32.796967506972877 ], [ -71.267528629032995, -32.797153807311759 ], [ -71.26752115978374, -32.797335662097296 ], [ -71.267507691672094, -32.797471685231876 ], [ -71.267419367670811, -32.797611106143314 ], [ -71.267459156962488, -32.797845191438071 ], [ -71.2674465633268, -32.798110852494993 ], [ -71.267415292778864, -32.798307430951333 ], [ -71.267395326730934, -32.798473177749777 ], [ -71.267282604401842, -32.798603852472745 ], [ -71.267192840570686, -32.798877036675179 ], [ -71.267083965707016, -32.798968847501619 ], [ -71.266897784212404, -32.799158022542876 ], [ -71.26673343461087, -32.799254921331453 ], [ -71.266451593823149, -32.79929473542505 ], [ -71.266351726643848, -32.799312878024999 ], [ -71.266074544841885, -32.799250517310391 ], [ -71.265868932714142, -32.799198090266259 ], [ -71.265580886413602, -32.79918390723482 ], [ -71.265146655401338, -32.799077425706542 ], [ -71.265003568849494, -32.799059597074276 ], [ -71.264849522434147, -32.798990921762474 ], [ -71.264748792723552, -32.798927406966236 ], [ -71.264682764707388, -32.798849992582667 ], [ -71.264642342084286, -32.798781302967612 ], [ -71.264586997506669, -32.798791492344918 ], [ -71.264485722639122, -32.798920936649566 ], [ -71.26446162653734, -32.799019378650826 ], [ -71.264293356974378, -32.799057133204123 ], [ -71.264298946715058, -32.799277545759672 ], [ -71.264226211195393, -32.799364616831447 ], [ -71.264036053622718, -32.799492605900085 ], [ -71.263796058288207, -32.799514301907713 ], [ -71.263711224350985, -32.799505627210401 ], [ -71.263648397050432, -32.799506763440782 ], [ -71.263569223852684, -32.799530654971008 ], [ -71.263559322482351, -32.799664571507535 ], [ -71.263607157007527, -32.799787234963766 ], [ -71.263739246520032, -32.79999106725716 ], [ -71.26378416561478, -32.800046404177344 ], [ -71.263756961290099, -32.800165320203739 ], [ -71.263697921228029, -32.800220495498948 ], [ -71.263572938268439, -32.800249299108337 ], [ -71.26343193017702, -32.800218159474049 ], [ -71.263285512611404, -32.800116675613538 ], [ -71.263136601328043, -32.800012173969364 ], [ -71.26306492065693, -32.799950174384442 ], [ -71.26298676667308, -32.799918918697514 ], [ -71.262911830951438, -32.799919252582512 ], [ -71.262881037851201, -32.7999443108124 ], [ -71.262903957083651, -32.800037818977422 ], [ -71.262815305735856, -32.800117009834651 ], [ -71.262937222018365, -32.80020566556729 ], [ -71.263143540960129, -32.800333630997557 ], [ -71.263351164582389, -32.800417673918155 ], [ -71.263551875520463, -32.800515113150297 ], [ -71.263727457111145, -32.800527251216266 ], [ -71.263786427567396, -32.800516996613965 ], [ -71.263932796703671, -32.800473513416456 ], [ -71.263983914616759, -32.800391937994625 ], [ -71.264030018392432, -32.800303306973355 ], [ -71.264056523709769, -32.800156839334463 ], [ -71.264021435415074, -32.800012506697328 ], [ -71.263987666904114, -32.799920215900819 ], [ -71.263939192810852, -32.79982002390193 ], [ -71.263885246966439, -32.799742390572909 ], [ -71.26382845276828, -32.799695435634355 ], [ -71.263770372791967, -32.799645441232251 ], [ -71.263854327155286, -32.799619421306303 ], [ -71.264134098443776, -32.799640904248299 ], [ -71.26427450252028, -32.799600591275905 ], [ -71.264393866908122, -32.799493279600696 ], [ -71.264434334709279, -32.799373102606744 ], [ -71.264440982013568, -32.799158594069006 ], [ -71.264634486463635, -32.799067296134055 ], [ -71.264784130838095, -32.799248349974022 ], [ -71.264893456271992, -32.799364795807605 ], [ -71.265047132258758, -32.799442665814965 ], [ -71.265395745496932, -32.799461879267255 ], [ -71.26567824361409, -32.799495560157752 ], [ -71.265863929264114, -32.799524867607829 ], [ -71.265997704526782, -32.799509174226955 ], [ -71.2663148100321, -32.799572854027581 ], [ -71.26655471029791, -32.799595053440058 ], [ -71.266778039484763, -32.799535880820677 ], [ -71.266980103250035, -32.799448507874274 ], [ -71.267177693544411, -32.799232582770756 ], [ -71.267322691842509, -32.799040069740926 ], [ -71.267364166089422, -32.7989596886013 ], [ -71.267388621731129, -32.7988755321499 ], [ -71.267424019170605, -32.798746258072853 ], [ -71.267540920073998, -32.798684928439449 ], [ -71.267723115555498, -32.79862445756271 ], [ -71.267814867175474, -32.798524789273429 ], [ -71.267852783952847, -32.798399553026286 ], [ -71.267864068460057, -32.798272757505586 ], [ -71.26788229708346, -32.79803864211614 ], [ -71.267877512182082, -32.79789784519636 ], [ -71.267865825048005, -32.797818427074517 ], [ -71.267910958753447, -32.797786982462142 ], [ -71.26797291932705, -32.797704188164694 ], [ -71.267993817298375, -32.797575176651009 ], [ -71.267941586086778, -32.797469949851489 ], [ -71.267912491941843, -32.797371450095895 ], [ -71.267976603495953, -32.797373351179544 ], [ -71.268061349201787, -32.797414310451956 ], [ -71.26821046935865, -32.797408035256652 ], [ -71.268269092258862, -32.797407993855636 ], [ -71.268328852983984, -32.797500322867627 ], [ -71.268407076388911, -32.797558117258781 ], [ -71.268474548000611, -32.797644691528198 ], [ -71.268615460024051, -32.79771972579266 ], [ -71.268845233819718, -32.797771710426829 ], [ -71.26909029411668, -32.797783092153104 ], [ -71.269350697822091, -32.797779902689676 ], [ -71.269657394941362, -32.797648261379294 ], [ -71.269809345144992, -32.797539332982886 ], [ -71.270007131909864, -32.797331567232803 ], [ -71.270172934335861, -32.797101921572626 ], [ -71.270236856415423, -32.796953753344503 ], [ -71.269991990641032, -32.796946964313122 ], [ -71.270027906288988, -32.796743154828171 ], [ -71.27000443979162, -32.796533275956634 ], [ -71.26999397409466, -32.796406874727218 ], [ -71.270159228323081, -32.796036865932564 ], [ -71.270204034106442, -32.795873730975906 ], [ -71.270241937383901, -32.795819446546034 ], [ -71.270251871307153, -32.795758523106521 ], [ -71.270249736587786, -32.795698328996501 ], [ -71.270235844563416, -32.795651109312736 ], [ -71.270260671112339, -32.795629220245488 ], [ -71.270362977245824, -32.795564579664322 ], [ -71.270455677199962, -32.795478674438172 ], [ -71.270476601113515, -32.795422145674777 ], [ -71.270614720050034, -32.795319082184967 ], [ -71.270766365263952, -32.795245889589474 ], [ -71.271064329234434, -32.795080203491302 ], [ -71.271168190304721, -32.795026253467171 ], [ -71.2713244348123, -32.794896317087222 ], [ -71.271432281012224, -32.794788187098774 ], [ -71.271525180874022, -32.794686453615469 ] ] ], [ [ [ -71.270620972732189, -32.791904583622745 ], [ -71.270619349528431, -32.791888278732451 ], [ -71.270519895493493, -32.791874769183323 ], [ -71.270458558517916, -32.791883793611731 ], [ -71.270391158289584, -32.791871233938714 ], [ -71.270325796268295, -32.791891305931834 ], [ -71.270288711771911, -32.791894530728896 ], [ -71.27024948065754, -32.791896518324855 ], [ -71.270172002318077, -32.79190353832508 ], [ -71.270099423982771, -32.791925017187253 ], [ -71.270033033590607, -32.791916522591947 ], [ -71.269961227845158, -32.791944623188876 ], [ -71.269874820989457, -32.791968904915301 ], [ -71.269777500694403, -32.792006656108875 ], [ -71.269769951603863, -32.792042524346186 ], [ -71.269845280280109, -32.7921054749443 ], [ -71.26991798535127, -32.792160305899436 ], [ -71.269974036286882, -32.79222564776331 ], [ -71.270053445536263, -32.792258918251669 ], [ -71.270152874016517, -32.792271407729679 ], [ -71.270224412136869, -32.792280319346496 ], [ -71.270294742154888, -32.792289252831914 ], [ -71.270367099298852, -32.792282836075643 ], [ -71.270417009959289, -32.792249262200784 ], [ -71.270455721475756, -32.792250601883737 ], [ -71.270526911149261, -32.792198265901227 ], [ -71.270577814559317, -32.792013581385135 ], [ -71.270620972732189, -32.791904583622745 ] ] ], [ [ [ -71.276897249808826, -32.79554236939218 ], [ -71.276828303690266, -32.795445617700388 ], [ -71.276781821555645, -32.795424003497551 ], [ -71.276728480788037, -32.795417827425382 ], [ -71.276702823434462, -32.795407064254448 ], [ -71.276695912741005, -32.795420461561271 ], [ -71.276649404633091, -32.795397826886813 ], [ -71.276632698645443, -32.795406297874564 ], [ -71.276611483678977, -32.795380140485896 ], [ -71.276587684876247, -32.795394865827326 ], [ -71.276501709550473, -32.79534130118126 ], [ -71.276492070362465, -32.795342497375934 ], [ -71.276465996838724, -32.795315407426159 ], [ -71.276440911836744, -32.79532709345002 ], [ -71.276402574745006, -32.795293080253771 ], [ -71.276389675289366, -32.795308628240683 ], [ -71.276354676537721, -32.795263324489888 ], [ -71.276322146143599, -32.795220017628679 ], [ -71.276284147291705, -32.795199269859985 ], [ -71.276235223101054, -32.795176678960395 ], [ -71.276178336091746, -32.795173629814833 ], [ -71.276119317599509, -32.795134377673726 ], [ -71.276103351585647, -32.795124459048949 ], [ -71.27602305465885, -32.79510396985345 ], [ -71.27592399808519, -32.795046941900814 ], [ -71.275826618172601, -32.795020127361425 ], [ -71.275715818682684, -32.794988452243231 ], [ -71.275609643821483, -32.794948525802056 ], [ -71.275524033521933, -32.794909246333006 ], [ -71.275493361853435, -32.79489142780001 ], [ -71.275451764890633, -32.794871766069569 ], [ -71.275407179633461, -32.794829698977068 ], [ -71.275362698420494, -32.794791713552073 ], [ -71.275324517962005, -32.794763822523009 ], [ -71.275292962394602, -32.794711309608083 ], [ -71.275265213286602, -32.79466587375498 ], [ -71.275252962055518, -32.794611989051774 ], [ -71.275240892833196, -32.794565247296774 ], [ -71.2752371766111, -32.794514270140006 ], [ -71.275250426344726, -32.794465026397468 ], [ -71.275270794902553, -32.79441054879014 ], [ -71.275294215867376, -32.794333556028533 ], [ -71.275198786767334, -32.794383272570819 ], [ -71.275142057756725, -32.794481288583448 ], [ -71.274998848708321, -32.794553312157298 ], [ -71.274924477515455, -32.794623063671374 ], [ -71.274851885023992, -32.794620299334298 ], [ -71.274759891196709, -32.794650683746184 ], [ -71.27469146895551, -32.794669282311887 ], [ -71.274622280403591, -32.794705249967244 ], [ -71.274536892096464, -32.794722114952904 ], [ -71.274429341328428, -32.794723048257438 ], [ -71.274428458437598, -32.794783297060867 ], [ -71.274370883329667, -32.794800677472324 ], [ -71.274299264940424, -32.794788707070289 ], [ -71.274286962901584, -32.794827724563419 ], [ -71.274214422215067, -32.794827000707308 ], [ -71.274133086686149, -32.794813164960935 ], [ -71.274009713123078, -32.79485726292662 ], [ -71.273986784337708, -32.794858700349295 ], [ -71.273865710086071, -32.794945633971601 ], [ -71.273743167625923, -32.795022385206174 ], [ -71.273657635899681, -32.795081108879948 ], [ -71.273634434216035, -32.795119303396604 ], [ -71.273659207755799, -32.795190316034564 ], [ -71.273676381673766, -32.795295156219204 ], [ -71.273697894607082, -32.795427992181217 ], [ -71.273704604446948, -32.795525365717175 ], [ -71.273695653734265, -32.795601074481141 ], [ -71.273713100589418, -32.795669157497649 ], [ -71.273701447753936, -32.795733685504672 ], [ -71.273725221250359, -32.795812883437378 ], [ -71.273743135874611, -32.795899334047 ], [ -71.273788383613308, -32.796014894088316 ], [ -71.273859301604233, -32.796094256501355 ], [ -71.273970556870481, -32.796191262192075 ], [ -71.274056843478618, -32.796257073666482 ], [ -71.274205760215438, -32.796361562083618 ], [ -71.274324693652346, -32.796427801115911 ], [ -71.274428051041056, -32.796499427518981 ], [ -71.274497423920508, -32.796565545993047 ], [ -71.274546439975865, -32.796639180589992 ], [ -71.274561639824981, -32.796666468528663 ], [ -71.274562081709618, -32.796683815696447 ], [ -71.274603147030376, -32.79673003060487 ], [ -71.274650565182284, -32.796788380782381 ], [ -71.274703218413379, -32.796814988095228 ], [ -71.274822255484196, -32.796790365187718 ], [ -71.274921805765132, -32.79675997096183 ], [ -71.275037736616198, -32.796660879056212 ], [ -71.275146432025167, -32.796609900567525 ], [ -71.275271663749891, -32.796496346890009 ], [ -71.275400611613634, -32.796433770229804 ], [ -71.275464058347922, -32.796362175221482 ], [ -71.275583950625062, -32.796276282438882 ], [ -71.275658180630543, -32.79624838973416 ], [ -71.275756391797856, -32.796212914740551 ], [ -71.275866488255701, -32.796122095322751 ], [ -71.275961334798097, -32.796096890283245 ], [ -71.276100972942999, -32.796026972295707 ], [ -71.276215849425114, -32.7959340238789 ], [ -71.276352420470047, -32.79583863905453 ], [ -71.276545228222318, -32.795720792570691 ], [ -71.276710158488484, -32.795647351260882 ], [ -71.27682239806019, -32.795593244221919 ], [ -71.276897249808826, -32.79554236939218 ] ] ], [ [ [ -71.275229122439654, -32.793735601932191 ], [ -71.275095902344972, -32.793665922575435 ], [ -71.274971491069962, -32.793669204534318 ], [ -71.274865006184953, -32.793617032307132 ], [ -71.274723017862172, -32.793547129046736 ], [ -71.274559933225888, -32.793503131306167 ], [ -71.274298951234002, -32.793411909068027 ], [ -71.274179904835137, -32.793293606311281 ], [ -71.274110625657755, -32.793183587391432 ], [ -71.274022237461097, -32.793035121564778 ], [ -71.273939331858614, -32.793101964844617 ], [ -71.27388090037654, -32.793180614243859 ], [ -71.273672609138202, -32.793449830248271 ], [ -71.273555043994591, -32.793484634178753 ], [ -71.273425761150961, -32.793533943335227 ], [ -71.273430775887178, -32.793446055314348 ], [ -71.273472865677846, -32.793390162589361 ], [ -71.273504978678375, -32.793322200311117 ], [ -71.273512162640785, -32.793272045995217 ], [ -71.273552316788937, -32.793187603347711 ], [ -71.27358135084458, -32.793141135761033 ], [ -71.273583806180355, -32.793095150903056 ], [ -71.273640860801848, -32.793057362433522 ], [ -71.273681664228803, -32.792998430323159 ], [ -71.273547289883936, -32.793037623118551 ], [ -71.273426880151234, -32.793103105424926 ], [ -71.273340557956416, -32.793083234310281 ], [ -71.273217693108776, -32.793099758053479 ], [ -71.27307065315739, -32.793068738597078 ], [ -71.272973445424739, -32.793001082825803 ], [ -71.272904154467156, -32.792938024571065 ], [ -71.272867677112274, -32.792929498825757 ], [ -71.272749204520451, -32.79283364390524 ], [ -71.272633252288188, -32.792741826688662 ], [ -71.272547074092344, -32.792680095697996 ], [ -71.272494956975208, -32.792626934376933 ], [ -71.272389436920662, -32.792517572319149 ], [ -71.272360519604305, -32.792454774676777 ], [ -71.272305507402265, -32.792401692884539 ], [ -71.272171402269436, -32.792297060689847 ], [ -71.272126833290002, -32.792251639101927 ], [ -71.272098655849788, -32.792186662955338 ], [ -71.271988240392332, -32.792128874680387 ], [ -71.27189813933164, -32.792102945745825 ], [ -71.271768977590895, -32.792014430090589 ], [ -71.271726630023338, -32.791965174710725 ], [ -71.271678345785645, -32.791920110628439 ], [ -71.271651741453383, -32.791919572513152 ], [ -71.271640193648068, -32.791893238783238 ], [ -71.271602015578623, -32.791865346500778 ], [ -71.271591338494531, -32.791825725323825 ], [ -71.271583402062817, -32.791798815607564 ], [ -71.271553434232331, -32.791761075817838 ], [ -71.271515626718681, -32.791723988722474 ], [ -71.271497363671074, -32.79167123354339 ], [ -71.271452568425502, -32.791597010532477 ], [ -71.271426034897502, -32.791623014366991 ], [ -71.271391322938285, -32.791683877039134 ], [ -71.271321535564667, -32.791791316412876 ], [ -71.271291206174539, -32.791905696560491 ], [ -71.271279681653482, -32.791975326556596 ], [ -71.271322586948315, -32.792046521229089 ], [ -71.271277099779766, -32.792087671913507 ], [ -71.271253038582699, -32.792187135337755 ], [ -71.271222273623408, -32.792308159192046 ], [ -71.271222959915619, -32.792382672114904 ], [ -71.271243105819025, -32.79246193645151 ], [ -71.271266654152271, -32.792579933079523 ], [ -71.271283539119281, -32.792673549107477 ], [ -71.271302214824217, -32.792837574426237 ], [ -71.271310331611289, -32.792919098789987 ], [ -71.271329061997818, -32.792990221621892 ], [ -71.271366421663046, -32.793033442254021 ], [ -71.271349208164708, -32.793069485924192 ], [ -71.271369420554237, -32.793103829622737 ], [ -71.271454701738435, -32.793177828453317 ], [ -71.271527083003789, -32.793267374733141 ], [ -71.27158322076447, -32.793312296335856 ], [ -71.271589267299973, -32.793336177652229 ], [ -71.271619963650608, -32.793355017628386 ], [ -71.271623723725753, -32.793384044910802 ], [ -71.271641130691037, -32.793403126039692 ], [ -71.271671164043795, -32.793443416834009 ], [ -71.271695514248776, -32.793474112249648 ], [ -71.271717746724235, -32.793516586386808 ], [ -71.271748104626539, -32.793569632460589 ], [ -71.271766927452319, -32.793596855036753 ], [ -71.271782489315157, -32.793638429322812 ], [ -71.271811762996563, -32.793672608493878 ], [ -71.271848233574531, -32.793704615253255 ], [ -71.271878072430198, -32.793737252807389 ], [ -71.271882423699111, -32.793765758900861 ], [ -71.27186461322097, -32.793778332882781 ], [ -71.271900285096038, -32.793802697406868 ], [ -71.271956962552849, -32.793845056792165 ], [ -71.272025916117641, -32.793894850051032 ], [ -71.272082697540498, -32.793941291069011 ], [ -71.272136556475857, -32.793967877652179 ], [ -71.272202886252956, -32.794009551271841 ], [ -71.272262941730162, -32.794042150691133 ], [ -71.27232595267904, -32.79407214419345 ], [ -71.272370620906884, -32.794093793031301 ], [ -71.272395367876427, -32.794116313935092 ], [ -71.27242473283377, -32.794154064425634 ], [ -71.272467101700499, -32.79418034899544 ], [ -71.272512335133328, -32.794200456177087 ], [ -71.272518226184886, -32.794218214891011 ], [ -71.272586453233941, -32.794239435955362 ], [ -71.272627276454742, -32.794252476895778 ], [ -71.27268487079985, -32.794259598413852 ], [ -71.272722537082402, -32.794291072745274 ], [ -71.272765490949453, -32.794292845112736 ], [ -71.272808190858868, -32.794355875764452 ], [ -71.272846792666613, -32.794376613674743 ], [ -71.27291903391054, -32.794413075088173 ], [ -71.2729618445765, -32.794456706671049 ], [ -71.273029253363447, -32.794493255764081 ], [ -71.273064120288296, -32.794533458422471 ], [ -71.273114316468806, -32.794558579733881 ], [ -71.2731408889547, -32.794581577778189 ], [ -71.27322882971643, -32.794641234488367 ], [ -71.273273972626157, -32.794657769895402 ], [ -71.273334594019957, -32.794688827156428 ], [ -71.273367785416937, -32.794710684049996 ], [ -71.27343320048891, -32.794740122860794 ], [ -71.273468152188073, -32.794759905967382 ], [ -71.273535736811183, -32.794779606821322 ], [ -71.273545811196882, -32.79477176713646 ], [ -71.273567051198015, -32.794751473919376 ], [ -71.273608374988072, -32.794712950264291 ], [ -71.273672289736325, -32.794659723744097 ], [ -71.27372640935917, -32.794601570638676 ], [ -71.273773806212802, -32.794587948535735 ], [ -71.273828692272389, -32.794607369446048 ], [ -71.274034738943527, -32.794582187708492 ], [ -71.274270261358424, -32.794527885072959 ], [ -71.274383254165087, -32.794408429293249 ], [ -71.274609706724576, -32.794187885057319 ], [ -71.274789652370075, -32.794039648175506 ], [ -71.274890667729821, -32.794019436360315 ], [ -71.275019742391706, -32.79396196232419 ], [ -71.275162014600042, -32.793853203582607 ], [ -71.275229122439654, -32.793735601932191 ] ] ] ] } },
{ "type": "Feature", "properties": { "fid": 15, "Nombre": "G", "HAS": 2.23, "Plantas": 2027, "Alias:": "Unidad G", "Especie": "Paltas" }, "geometry": { "type": "MultiPolygon", "coordinates": [ [ [ [ -71.276600237062596, -32.798364288636634 ], [ -71.276545137534043, -32.798455129370204 ], [ -71.27647387608485, -32.798528398389578 ], [ -71.276389753645475, -32.798618746003093 ], [ -71.276334971683369, -32.798698351050291 ], [ -71.276294706748004, -32.79875472197805 ], [ -71.276270883996489, -32.798863369883627 ], [ -71.276248840232284, -32.798946973550869 ], [ -71.276221835032729, -32.799073034504481 ], [ -71.276200220420009, -32.799173475095877 ], [ -71.276222101097503, -32.799273124719534 ], [ -71.276233492453414, -32.799411759026711 ], [ -71.276277310339154, -32.799542146935124 ], [ -71.276292590832327, -32.7996199673657 ], [ -71.276322290269746, -32.799646991363645 ], [ -71.276281237191753, -32.799648758846544 ], [ -71.27624419896847, -32.799665766699754 ], [ -71.276247187726241, -32.799688171994795 ], [ -71.276212863580767, -32.799669399225017 ], [ -71.276175070910668, -32.79965681487888 ], [ -71.276118545231725, -32.799668051713958 ], [ -71.276106606217027, -32.799673883730478 ], [ -71.276110699094659, -32.799692185379506 ], [ -71.276092271006263, -32.799704260753408 ], [ -71.276059643549075, -32.799728334598193 ], [ -71.276011991483941, -32.799755744317679 ], [ -71.275969393337249, -32.799791739714152 ], [ -71.275919441840372, -32.799823785230174 ], [ -71.275886879320822, -32.799850410083856 ], [ -71.275844411133519, -32.799891507542398 ], [ -71.275823430631092, -32.799922005363882 ], [ -71.275768289146058, -32.799963843672536 ], [ -71.275708892850474, -32.80000473842297 ], [ -71.275645721704166, -32.800016095874042 ], [ -71.275647528124168, -32.800039543575011 ], [ -71.275544740008343, -32.800085310715481 ], [ -71.27549634750514, -32.800131109785021 ], [ -71.275418035610414, -32.800188682571999 ], [ -71.275358248913079, -32.800214270861026 ], [ -71.275303645095264, -32.800206075429728 ], [ -71.275253484084729, -32.800182485815064 ], [ -71.275220862231706, -32.800183078802192 ], [ -71.275183471560453, -32.800138839159345 ], [ -71.275119994239034, -32.800114470647699 ], [ -71.275126969575609, -32.800056152939653 ], [ -71.275090085151746, -32.799984339943201 ], [ -71.275072324184322, -32.799904012196244 ], [ -71.275051600788387, -32.799802299529134 ], [ -71.27504868945455, -32.799735483928259 ], [ -71.275013819492855, -32.799695281982288 ], [ -71.274999865302874, -32.799622031281913 ], [ -71.274957978523801, -32.799496201802292 ], [ -71.274967148532639, -32.799381695067616 ], [ -71.274930510750693, -32.799272104465004 ], [ -71.274908059509812, -32.799150005290464 ], [ -71.274871602394839, -32.798952614533832 ], [ -71.274833301036395, -32.798777716933472 ], [ -71.2748357665252, -32.79858982770233 ], [ -71.274876894204169, -32.798401235817735 ], [ -71.275062512227152, -32.79828556392409 ], [ -71.275078700570546, -32.798351627772114 ], [ -71.275112269938447, -32.798340808681353 ], [ -71.27524763943633, -32.798340389908574 ], [ -71.275370510940917, -32.7983238638842 ], [ -71.275452459921354, -32.79831420702962 ], [ -71.275500445983596, -32.79828806757898 ], [ -71.275568662706803, -32.798261305100986 ], [ -71.275618912576817, -32.7982409945878 ], [ -71.275711969225824, -32.798240323667244 ], [ -71.275810404819083, -32.798260993640511 ], [ -71.275914635595754, -32.798319331217932 ], [ -71.27605047321731, -32.798337279144029 ], [ -71.276178711986887, -32.798389054580774 ], [ -71.276292255988693, -32.798385968881384 ], [ -71.276359802807832, -32.798439613497344 ], [ -71.276490298975119, -32.798390279129897 ], [ -71.276600237062596, -32.798364288636634 ] ] ] ] } },
{ "type": "Feature", "properties": { "fid": 16, "Nombre": "F", "HAS": 6.63, "Plantas": 6027, "Alias:": "Unidad F", "Especie": "Paltas" }, "geometry": { "type": "MultiPolygon", "coordinates": [ [ [ [ -71.275351634253227, -32.801282755807939 ], [ -71.275415202388373, -32.801263224121811 ], [ -71.275397960950812, -32.801203304866249 ], [ -71.275477079961476, -32.801177365088641 ], [ -71.275442065040252, -32.801084079483935 ], [ -71.275373806067549, -32.801061839837601 ], [ -71.275331191921467, -32.801002381815657 ], [ -71.275314350536277, -32.800815864519159 ], [ -71.275399245928, -32.800589724732156 ], [ -71.275478151840744, -32.800365735564398 ], [ -71.275499729600696, -32.800311235949188 ], [ -71.275452022823117, -32.800241661605789 ], [ -71.275370812194737, -32.80023292900264 ], [ -71.275208845073934, -32.800185849476428 ], [ -71.275161152538004, -32.80016425673989 ], [ -71.275148212260717, -32.800130802475216 ], [ -71.275105430640394, -32.800112183130949 ], [ -71.275069728420178, -32.800039327747484 ], [ -71.275038689229774, -32.799912280247923 ], [ -71.275026151200308, -32.799847170961122 ], [ -71.275018342032098, -32.799777892147972 ], [ -71.274996070315439, -32.799722147813227 ], [ -71.274973344028638, -32.799672281872589 ], [ -71.274953557245254, -32.799631040095115 ], [ -71.274940912280528, -32.799573589439156 ], [ -71.274931921007578, -32.799505352993982 ], [ -71.274919617131317, -32.799449427475011 ], [ -71.274919388439613, -32.799369291493193 ], [ -71.27490677870594, -32.799277640257628 ], [ -71.274883542165796, -32.799195880644689 ], [ -71.274861325005475, -32.799082965245951 ], [ -71.274843330482668, -32.798993453649445 ], [ -71.274823309578011, -32.798919292279308 ], [ -71.274803846956061, -32.798819598418433 ], [ -71.274795596133586, -32.798732972410157 ], [ -71.274807299008017, -32.798575542108416 ], [ -71.274837360179902, -32.798521909313472 ], [ -71.274846400329949, -32.798402300463039 ], [ -71.274900235289977, -32.798332922183313 ], [ -71.274973401224941, -32.798263192543985 ], [ -71.27502248124533, -32.798196963316435 ], [ -71.275012058529271, -32.797977660620546 ], [ -71.274986409711559, -32.797730049626573 ], [ -71.275005141102966, -32.797611285515444 ], [ -71.274977493613534, -32.797474988247323 ], [ -71.274894245437736, -32.797433623696847 ], [ -71.274841709453725, -32.797459079929332 ], [ -71.274795746609058, -32.797457873446533 ], [ -71.274804424174889, -32.797418921782409 ], [ -71.274659806525179, -32.797435842400027 ], [ -71.274618300059259, -32.797467223472154 ], [ -71.274516280536787, -32.79749562055737 ], [ -71.274309149148408, -32.797525927426911 ], [ -71.274178717504626, -32.79753033901445 ], [ -71.274063680344526, -32.797522220060571 ], [ -71.273921244818951, -32.79752991214113 ], [ -71.273792489042648, -32.797552668975079 ], [ -71.273568072470823, -32.797782362967823 ], [ -71.273459907223355, -32.797996673564832 ], [ -71.2733893123998, -32.798167424165001 ], [ -71.273367746687626, -32.798269905255133 ], [ -71.273385882395829, -32.798412501042236 ], [ -71.273408889897496, -32.798604011252564 ], [ -71.273525708387965, -32.798824444367725 ], [ -71.273651361368778, -32.798917105138564 ], [ -71.273711135177237, -32.799033422157464 ], [ -71.273753396604477, -32.799126576704509 ], [ -71.273843401389058, -32.79914842225427 ], [ -71.273736715943485, -32.799231010888654 ], [ -71.273684958692641, -32.79947696559001 ], [ -71.273686362519484, -32.799721954605751 ], [ -71.273547769337341, -32.799975611964427 ], [ -71.273516044197834, -32.800153823738732 ], [ -71.273520591709215, -32.800427340669167 ], [ -71.273544288797936, -32.80059842038159 ], [ -71.2736383877874, -32.800733510868689 ], [ -71.273777555317963, -32.800882075073119 ], [ -71.273941251771035, -32.801044485990928 ], [ -71.274218678550781, -32.801210955636108 ], [ -71.274558362537817, -32.801353833627381 ], [ -71.274957391447273, -32.801358832352797 ], [ -71.275351634253227, -32.801282755807939 ] ] ], [ [ [ -71.277485544174056, -32.804093766408073 ], [ -71.277609393343297, -32.803736242259767 ], [ -71.277687394281656, -32.803666423037001 ], [ -71.277768691975268, -32.803536311138885 ], [ -71.277831505997241, -32.803487186055847 ], [ -71.277874607767032, -32.803376145284204 ], [ -71.277969237358406, -32.803294793447272 ], [ -71.27797647133103, -32.80324667985991 ], [ -71.277998876261464, -32.803129890385243 ], [ -71.2781233680588, -32.802939780370814 ], [ -71.278121092163218, -32.802897965221163 ], [ -71.278121362972186, -32.802861208177866 ], [ -71.278099234286657, -32.802799336533283 ], [ -71.278045706748301, -32.802786018300246 ], [ -71.277969550490326, -32.802833344527912 ], [ -71.277909773395592, -32.802811972842768 ], [ -71.277824998160483, -32.802758387523852 ], [ -71.277800776227878, -32.802661843580417 ], [ -71.277718053204509, -32.802593928343633 ], [ -71.277649376013116, -32.802555363324196 ], [ -71.277546659715668, -32.802509250532523 ], [ -71.277456531359164, -32.802435344511252 ], [ -71.277403754603924, -32.802356675223457 ], [ -71.277383689424255, -32.802233512343527 ], [ -71.277359400883839, -32.80208694577653 ], [ -71.277353511511535, -32.801998235295265 ], [ -71.277361782621327, -32.80189599556045 ], [ -71.277412055666161, -32.801781761770116 ], [ -71.277442116195346, -32.801728128395865 ], [ -71.277468578016084, -32.801675581389063 ], [ -71.27740052638957, -32.801661506243008 ], [ -71.277351884629539, -32.801650140576932 ], [ -71.277276286415187, -32.801671933908366 ], [ -71.277242080515819, -32.801705224816871 ], [ -71.277137755799743, -32.801690788584821 ], [ -71.27708800992346, -32.801683526473148 ], [ -71.277104014267707, -32.801647504069258 ], [ -71.277061179480327, -32.8016268446098 ], [ -71.276985618276044, -32.801602696927908 ], [ -71.276902978787916, -32.801632785270293 ], [ -71.276892402041383, -32.801597246434163 ], [ -71.276827246579018, -32.80155453329359 ], [ -71.27677226635042, -32.80157901394179 ], [ -71.276707646235153, -32.801604690806833 ], [ -71.276667621949287, -32.801694236494299 ], [ -71.276624965543476, -32.80175167192737 ], [ -71.276645966333518, -32.801911570083462 ], [ -71.276724141215681, -32.801990798622931 ], [ -71.276724832672215, -32.802065311204352 ], [ -71.276771511700048, -32.802213001969776 ], [ -71.276713367271469, -32.802397820289748 ], [ -71.276740926428602, -32.802483073956765 ], [ -71.276750997644513, -32.802546186093949 ], [ -71.276834032225665, -32.802626347033659 ], [ -71.276954028186822, -32.802686438559221 ], [ -71.277048052420582, -32.802723521941459 ], [ -71.277174595363391, -32.802755930045478 ], [ -71.277176128977544, -32.802768663297591 ], [ -71.277119811809868, -32.802835535468724 ], [ -71.277071876293874, -32.802946663946287 ], [ -71.277025133872755, -32.8030097887602 ], [ -71.277026279091046, -32.803054687189508 ], [ -71.276997998766774, -32.80313074771756 ], [ -71.277018699340658, -32.803231439462124 ], [ -71.277036384806024, -32.803308705530903 ], [ -71.277018462276274, -32.803459102762702 ], [ -71.27702214320604, -32.803556020564614 ], [ -71.277042583650186, -32.803646508105984 ], [ -71.277084382444954, -32.803721293679033 ], [ -71.277128571811318, -32.80379501484984 ], [ -71.277185052146294, -32.80387667951581 ], [ -71.277292461987088, -32.803964563739591 ], [ -71.277429000620643, -32.804057022293932 ], [ -71.277485544174056, -32.804093766408073 ] ] ] ] } },
{ "type": "Feature", "properties": { "fid": 17, "Nombre": "E", "HAS": 14.51, "Plantas": 8955, "Alias:": "Unidad E", "Especie": "Paltas" }, "geometry": { "type": "MultiPolygon", "coordinates": [ [ [ [ -71.273730371584605, -32.797557880918262 ], [ -71.273635029197933, -32.797658639485938 ], [ -71.273558504412378, -32.797762629322577 ], [ -71.27350904024587, -32.797837542578044 ], [ -71.273491495543112, -32.797884311925429 ], [ -71.273435970809246, -32.797982305349493 ], [ -71.27340527233693, -32.798058409073569 ], [ -71.273367590941319, -32.798168839567886 ], [ -71.273342004459536, -32.798232089256736 ], [ -71.273357217167515, -32.798307359127513 ], [ -71.273360477870852, -32.798387950539244 ], [ -71.27336306953373, -32.798466001865869 ], [ -71.2733786914945, -32.798581079165288 ], [ -71.273423836413897, -32.79869255756536 ], [ -71.273507552923206, -32.798847233801197 ], [ -71.273587320253213, -32.798941748961433 ], [ -71.273628724003046, -32.799001229635969 ], [ -71.273685093985037, -32.799078814526162 ], [ -71.273711174437622, -32.799129895916145 ], [ -71.273715552789511, -32.799206893869943 ], [ -71.273700892129838, -32.799271986942529 ], [ -71.273685133752707, -32.799365174534309 ], [ -71.273660768409854, -32.799428912546247 ], [ -71.273663899561285, -32.79950440181387 ], [ -71.273652759640939, -32.799612818914419 ], [ -71.273635825506048, -32.799731039754441 ], [ -71.273603736586566, -32.79980002252077 ], [ -71.2735625860157, -32.799869169876729 ], [ -71.273506865377541, -32.799959510190625 ], [ -71.273500220311547, -32.800054574014368 ], [ -71.273478615377243, -32.800108052915768 ], [ -71.273490483265206, -32.800170622321367 ], [ -71.273498609650943, -32.800276137223392 ], [ -71.273495400880691, -32.800387472927838 ], [ -71.273490801926073, -32.800444216065763 ], [ -71.273488242702953, -32.800533590754171 ], [ -71.273526178525884, -32.80064673134364 ], [ -71.273604999238472, -32.800751472559064 ], [ -71.273698188929302, -32.800850848231661 ], [ -71.273805715266676, -32.80096731857514 ], [ -71.273928227807673, -32.80107892253676 ], [ -71.27406546666441, -32.801175455858626 ], [ -71.274221822841753, -32.801239483521393 ], [ -71.274389352280508, -32.801315048225575 ], [ -71.274565053651614, -32.801379234365854 ], [ -71.274780480150412, -32.801401352105053 ], [ -71.27497251127555, -32.8013947992469 ], [ -71.275161988869272, -32.8013591970563 ], [ -71.275299603334886, -32.801328110508948 ], [ -71.275391525953083, -32.801306532051207 ], [ -71.275485909922182, -32.801262959579034 ], [ -71.275543812799526, -32.801210862244709 ], [ -71.275606123026009, -32.801284254598343 ], [ -71.27563497876011, -32.801325586586074 ], [ -71.275555275661787, -32.801376038516949 ], [ -71.275500607260483, -32.801412763659563 ], [ -71.275496684629402, -32.801448566229354 ], [ -71.275642086337669, -32.801367313975284 ], [ -71.275510379513108, -32.80151161262242 ], [ -71.27543608129838, -32.801584425866885 ], [ -71.275351804984055, -32.801645169744717 ], [ -71.275267242485015, -32.801694688946803 ], [ -71.275163374088123, -32.801745579920528 ], [ -71.275224528186698, -32.801821035259231 ], [ -71.275465771653515, -32.801753354344278 ], [ -71.275567951669316, -32.80173107882262 ], [ -71.275655094149798, -32.801972466998684 ], [ -71.275469065261376, -32.802024851999029 ], [ -71.275288843289133, -32.802067943129387 ], [ -71.275160341525464, -32.802100905831168 ], [ -71.27500019129927, -32.802125255620233 ], [ -71.274874806158053, -32.802090782438384 ], [ -71.274818070743763, -32.802093855392215 ], [ -71.274772145313719, -32.802141651154194 ], [ -71.274714177169059, -32.802238668636519 ], [ -71.274633900738507, -32.802266670777826 ], [ -71.274486144467005, -32.80230304539667 ], [ -71.274301998248461, -32.802381937704816 ], [ -71.274172261370381, -32.802413900959714 ], [ -71.273999884394684, -32.802385385189581 ], [ -71.273893649223794, -32.802343416845744 ], [ -71.27377811838987, -32.802292429238392 ], [ -71.273712398651028, -32.80225125604337 ], [ -71.273631231460527, -32.802173100809213 ], [ -71.273487898372139, -32.802122107509668 ], [ -71.273368087162652, -32.802021683919286 ], [ -71.273247197897874, -32.801926384253711 ], [ -71.273116668945448, -32.801832280424847 ], [ -71.273037029227268, -32.801742867205697 ], [ -71.27295088760944, -32.801564243799753 ], [ -71.272914166877342, -32.801427600418407 ], [ -71.272863973849738, -32.801284055407407 ], [ -71.272842141843341, -32.801162455037378 ], [ -71.272808351133307, -32.801022185275016 ], [ -71.272783063453645, -32.800907283446563 ], [ -71.272585773114116, -32.800707197377164 ], [ -71.272441203477598, -32.800536270191905 ], [ -71.272412467849776, -32.800357114536475 ], [ -71.272437867466692, -32.800262731146269 ], [ -71.272397503773249, -32.800149123811543 ], [ -71.272384449245308, -32.79996866255199 ], [ -71.27243363805843, -32.799716629571279 ], [ -71.272467884576201, -32.799637398968656 ], [ -71.27241963508024, -32.799546394466212 ], [ -71.272582549135592, -32.799488308389407 ], [ -71.272611910662064, -32.799407124654749 ], [ -71.27268809312443, -32.799360822091145 ], [ -71.272658967089185, -32.799261303301037 ], [ -71.272636441875605, -32.799041199138387 ], [ -71.272602549514872, -32.79880190435572 ], [ -71.272583205792529, -32.798754273531543 ], [ -71.272567084597938, -32.798643288750917 ], [ -71.272596641643673, -32.79847481500606 ], [ -71.272597473710249, -32.79841252534694 ], [ -71.27265081789561, -32.798228816739879 ], [ -71.272655599620322, -32.79813174496104 ], [ -71.272602076558755, -32.798023481039145 ], [ -71.272574899030502, -32.798000493898684 ], [ -71.272604247658577, -32.797871328360706 ], [ -71.272763093287338, -32.797701017605135 ], [ -71.272777123981584, -32.797682386749266 ], [ -71.272851602506563, -32.797711661234267 ], [ -71.273051953955871, -32.797604912807117 ], [ -71.273201600049532, -32.797548087841115 ], [ -71.273364237075924, -32.797526758058567 ], [ -71.273477429450153, -32.797557370835854 ], [ -71.273519443021954, -32.797593359934758 ], [ -71.273730371584605, -32.797557880918262 ] ] ], [ [ [ -71.277464740229817, -32.804154888048501 ], [ -71.277282531593812, -32.804428229449549 ], [ -71.277220096262326, -32.804539621803286 ], [ -71.277147385007154, -32.804674681608731 ], [ -71.277135150358617, -32.804763721819938 ], [ -71.277065896568999, -32.804939554359919 ], [ -71.276998768593913, -32.805009175411726 ], [ -71.276916158951948, -32.804898380173377 ], [ -71.276896490541944, -32.80484705532303 ], [ -71.276868711141532, -32.804800599649127 ], [ -71.276876107451614, -32.804735127996686 ], [ -71.276909640930583, -32.804690236752016 ], [ -71.276888408483458, -32.804616097887461 ], [ -71.276842999560657, -32.80458935987248 ], [ -71.276686479533311, -32.804519213345039 ], [ -71.276521436771276, -32.80444666940484 ], [ -71.276513510526854, -32.804420270375473 ], [ -71.276387366983982, -32.804356206736109 ], [ -71.276266651829076, -32.804220581768888 ], [ -71.276210027330052, -32.804085832889754 ], [ -71.276177072382467, -32.803883785062993 ], [ -71.27614242706133, -32.803828776482462 ], [ -71.276107465419983, -32.803832474963592 ], [ -71.276027018967326, -32.803853845310009 ], [ -71.275924758642816, -32.803873060042946 ], [ -71.275872788743797, -32.803826023109309 ], [ -71.275842002558278, -32.803780132299657 ], [ -71.275802965264788, -32.803695087146473 ], [ -71.275766993539733, -32.803588037045458 ], [ -71.27575217229338, -32.803457121828437 ], [ -71.275761250326141, -32.803339043660252 ], [ -71.275809220900399, -32.803252926877462 ], [ -71.275917052117492, -32.803167763377658 ], [ -71.27598970211983, -32.803125096144143 ], [ -71.276039744912296, -32.803049150523336 ], [ -71.276076509838774, -32.802973956790453 ], [ -71.276078210884549, -32.80294585130882 ], [ -71.276056884333315, -32.80293909288428 ], [ -71.276004200991409, -32.802911465922037 ], [ -71.275934615150703, -32.802884656738406 ], [ -71.275856798503838, -32.802843194233915 ], [ -71.275793668860203, -32.802785130344702 ], [ -71.275766390800527, -32.802734581694658 ], [ -71.275754026635042, -32.802652624637219 ], [ -71.27573569212197, -32.802549847829162 ], [ -71.275731032720174, -32.802485616300245 ], [ -71.275730583344426, -32.802444278311604 ], [ -71.275682142265765, -32.802417084514332 ], [ -71.275666849954163, -32.802386225323247 ], [ -71.275616718217663, -32.802292704201193 ], [ -71.275602106856141, -32.802217423779297 ], [ -71.275610647219366, -32.802149379128188 ], [ -71.275599426526085, -32.802064849021299 ], [ -71.275651768553701, -32.801984267731257 ], [ -71.275684084368152, -32.801962751876701 ], [ -71.275566215694937, -32.801701504489543 ], [ -71.2752078773687, -32.80177539775012 ], [ -71.27552375477255, -32.801553226072642 ], [ -71.275638572379833, -32.801410255370968 ], [ -71.275703036633786, -32.801378456529775 ], [ -71.275766124841638, -32.801387518394392 ], [ -71.275851117324649, -32.801402307303931 ], [ -71.275948036078617, -32.801410753935038 ], [ -71.276108407326035, -32.801442548056166 ], [ -71.276184046236779, -32.80146975754402 ], [ -71.276345750595183, -32.801515309162419 ], [ -71.276406630631044, -32.801532578000987 ], [ -71.276516230363143, -32.801564274084711 ], [ -71.276642578095007, -32.801636501144564 ], [ -71.276594162890447, -32.801776223175324 ], [ -71.276593296461627, -32.801884453556163 ], [ -71.276629688528104, -32.801936878034837 ], [ -71.27667744922951, -32.802008492670105 ], [ -71.276699461440302, -32.802113244210858 ], [ -71.27672613568329, -32.802163803636205 ], [ -71.276729723223539, -32.802209678543974 ], [ -71.276709614317113, -32.802274360557348 ], [ -71.276674073269021, -32.802397514150613 ], [ -71.27670047618922, -32.802484830644261 ], [ -71.276727087356591, -32.802580310482043 ], [ -71.276802807395114, -32.802658052263659 ], [ -71.276958311099492, -32.802735873926871 ], [ -71.277046606468815, -32.802785312237262 ], [ -71.2770230701706, -32.802905184836206 ], [ -71.276993711766323, -32.802986369438734 ], [ -71.276966305343123, -32.80314408545167 ], [ -71.276987225099333, -32.803205979305467 ], [ -71.276991363476, -32.803368225899803 ], [ -71.276986430382621, -32.803459175061867 ], [ -71.277003781593805, -32.803618118596916 ], [ -71.27703720058831, -32.803696119315248 ], [ -71.277089680652168, -32.803810525357818 ], [ -71.27716876873572, -32.803925468158539 ], [ -71.277267122032271, -32.803990036658583 ], [ -71.277345622544246, -32.804034548468785 ], [ -71.2773059471849, -32.804090398553704 ], [ -71.277340143138247, -32.804104068834235 ], [ -71.277444574856887, -32.804122586440428 ], [ -71.277464740229817, -32.804154888048501 ] ] ] ] } },
{ "type": "Feature", "properties": { "fid": 18, "Nombre": "17", "HAS": 4.03, "Plantas": 4478, "Alias:": "Parque 3", "Especie": "Paltas" }, "geometry": { "type": "MultiPolygon", "coordinates": [ [ [ [ -71.282380487736674, -32.809534250953334 ], [ -71.28245596294461, -32.809649255901867 ], [ -71.282419229533275, -32.80986737538003 ], [ -71.282398298594373, -32.809994347451976 ], [ -71.282334240470206, -32.810089437572564 ], [ -71.282315611522634, -32.81011734133655 ], [ -71.282383297019351, -32.810164088754398 ], [ -71.282482104647428, -32.810245999660516 ], [ -71.282438939470495, -32.810283538950031 ], [ -71.282380743074484, -32.810276943654678 ], [ -71.282292151350617, -32.810287236889877 ], [ -71.282229026235456, -32.810300638759919 ], [ -71.282169134737771, -32.810298668282783 ], [ -71.282138709242659, -32.810338016931183 ], [ -71.282109526230244, -32.810331402871768 ], [ -71.282080309046506, -32.810370729472574 ], [ -71.282041615790291, -32.810370414158093 ], [ -71.282005756702077, -32.810386381389719 ], [ -71.282000523804655, -32.810418124396115 ], [ -71.281936932982077, -32.810389678127905 ], [ -71.281908123408286, -32.810350388734918 ], [ -71.281937087913889, -32.810253896944438 ], [ -71.281809846176898, -32.810241924555704 ], [ -71.281667929987819, -32.81017611241024 ], [ -71.281482513551808, -32.810111093131972 ], [ -71.281445611044944, -32.810086243621711 ], [ -71.281456737763989, -32.81000130690235 ], [ -71.281686061117526, -32.809845013474337 ], [ -71.281752389486883, -32.809838699711051 ], [ -71.28190180493047, -32.809677737457719 ], [ -71.282190188617648, -32.809609183668641 ], [ -71.282243893428245, -32.809534700226088 ], [ -71.282380487736674, -32.809534250953334 ] ] ], [ [ [ -71.282268793339696, -32.810319310450339 ], [ -71.282301144735186, -32.810308001118955 ], [ -71.282374880045538, -32.810307677275944 ], [ -71.282465610511423, -32.810310106096786 ], [ -71.282537937813501, -32.810325631628096 ], [ -71.282634984074008, -32.810338664473939 ], [ -71.282698274912022, -32.810355375622642 ], [ -71.282766842875603, -32.810389345604257 ], [ -71.282840574394314, -32.810412502015474 ], [ -71.282903548267754, -32.810440448625272 ], [ -71.282915954219149, -32.810476463898013 ], [ -71.282895445362598, -32.810596282101535 ], [ -71.282880547537872, -32.81069915326816 ], [ -71.2828693476566, -32.810757548279277 ], [ -71.28286097288256, -32.810808235082973 ], [ -71.282848551573153, -32.810866141928109 ], [ -71.282840411698814, -32.810926012451411 ], [ -71.282826804275416, -32.811008442280134 ], [ -71.282817808397169, -32.811082110425154 ], [ -71.282804283080878, -32.81114412096224 ], [ -71.282780598785081, -32.811163439448237 ], [ -71.28275284567988, -32.811165477026208 ], [ -71.282735128715913, -32.811158143525937 ], [ -71.282726056831578, -32.81113431809846 ], [ -71.282650885350606, -32.811078519434417 ], [ -71.282583633533122, -32.811025128496169 ], [ -71.282468442926159, -32.810964444744222 ], [ -71.282391576648607, -32.810913270829239 ], [ -71.282308238100057, -32.810845370220171 ], [ -71.282261681271137, -32.810821207479535 ], [ -71.28217097535898, -32.810748847126277 ], [ -71.282047278764821, -32.81066279583704 ], [ -71.281981605318876, -32.810600187763868 ], [ -71.28193774751621, -32.810539734089893 ], [ -71.281915384053946, -32.810516150954477 ], [ -71.281844638497091, -32.810467927746352 ], [ -71.281844103648936, -32.810447009255057 ], [ -71.281862876307656, -32.810424717831225 ], [ -71.281977930445834, -32.810432828834038 ], [ -71.282045663262352, -32.81043414596946 ], [ -71.282268793339696, -32.810319310450339 ] ] ], [ [ [ -71.279451217313778, -32.810666209976127 ], [ -71.279442230434185, -32.810551013026775 ], [ -71.279437832960639, -32.810473505435766 ], [ -71.279398002375089, -32.810381329860661 ], [ -71.279366334135943, -32.810324736778355 ], [ -71.27934177620412, -32.810309870702426 ], [ -71.279336291269402, -32.810284448334158 ], [ -71.279294243118244, -32.810247441205945 ], [ -71.279290331401384, -32.810236282651985 ], [ -71.279247517967192, -32.810216644587015 ], [ -71.27923872074139, -32.810203533227202 ], [ -71.279186396900613, -32.810190193692605 ], [ -71.279023514010731, -32.810155387059226 ], [ -71.279044778872972, -32.810088641906965 ], [ -71.279088888392351, -32.810064358137396 ], [ -71.27926055723124, -32.809780486759308 ], [ -71.279292791593534, -32.809764586324341 ], [ -71.279315193281462, -32.80978970059428 ], [ -71.27935389586483, -32.809743055615527 ], [ -71.279494163066857, -32.809507737726797 ], [ -71.279637313238794, -32.809432647021488 ], [ -71.27967484991585, -32.809435025940729 ], [ -71.279703006599789, -32.809448805512282 ], [ -71.279744334032287, -32.80941027973077 ], [ -71.279797467396634, -32.809313348102989 ], [ -71.279854737690115, -32.80928371987595 ], [ -71.279925569558856, -32.809217092499956 ], [ -71.280011648092199, -32.809226754115414 ], [ -71.28006791846876, -32.809205311135365 ], [ -71.280110314461481, -32.809208622285496 ], [ -71.280164246340604, -32.809190284540108 ], [ -71.280211632087102, -32.809199630088045 ], [ -71.280227835774696, -32.809218731777101 ], [ -71.280273126794185, -32.809193405188331 ], [ -71.280348044558238, -32.8090501363437 ], [ -71.280476728309694, -32.808929368227226 ], [ -71.280586799610276, -32.808884485056716 ], [ -71.280608914592591, -32.808898374523068 ], [ -71.280664689180057, -32.808857543397835 ], [ -71.280724766671966, -32.808843176985242 ], [ -71.280927505198989, -32.808829273215196 ], [ -71.281007046276088, -32.808819656383591 ], [ -71.28111334432765, -32.808721755231502 ], [ -71.281214043896384, -32.808641311178071 ], [ -71.281321597728763, -32.808568909226089 ], [ -71.281409517946813, -32.808414172978573 ], [ -71.281500572921743, -32.808500309640053 ], [ -71.281655552415117, -32.808651638680956 ], [ -71.281789156053009, -32.80877068876422 ], [ -71.281951873248516, -32.808917282323854 ], [ -71.28221662666914, -32.80915389506675 ], [ -71.282394645161816, -32.809307865644442 ], [ -71.282395819451352, -32.809353784274499 ], [ -71.282286192195315, -32.809416016058485 ], [ -71.282114391672692, -32.809457942822014 ], [ -71.282001408130796, -32.809483483526122 ], [ -71.281903402387414, -32.80948016611044 ], [ -71.281837569991879, -32.809505867814991 ], [ -71.281732958104882, -32.809575153911908 ], [ -71.281642294671869, -32.809717179264986 ], [ -71.281567590927381, -32.809774179719255 ], [ -71.281529037199007, -32.809802957063582 ], [ -71.281479008404091, -32.809808463118166 ], [ -71.281460866022272, -32.809831763885384 ], [ -71.281403613236733, -32.809838422494614 ], [ -71.281324805905498, -32.809853130675009 ], [ -71.281244329486128, -32.809873484127145 ], [ -71.281065855547396, -32.809914510237093 ], [ -71.280875710880636, -32.809995563522136 ], [ -71.28078106869286, -32.810052926909641 ], [ -71.280605201972847, -32.810125042014441 ], [ -71.280549813582809, -32.810133708043736 ], [ -71.28045359764549, -32.810176807404474 ], [ -71.280424197238446, -32.810208990742396 ], [ -71.280246030523358, -32.81028574127275 ], [ -71.280149509902998, -32.810340586197974 ], [ -71.279968321793376, -32.810417391393017 ], [ -71.279897766581342, -32.810542204523934 ], [ -71.279829628743556, -32.810596021690728 ], [ -71.279767432975234, -32.810622166532752 ], [ -71.279621269553004, -32.810650351344719 ], [ -71.279512647942553, -32.810657434365268 ], [ -71.279451217313778, -32.810666209976127 ] ] ] ] } },
{ "type": "Feature", "properties": { "fid": 19, "Nombre": "2", "HAS": 8.53, "Plantas": null, "Alias:": "Parque 2", "Especie": "Paltas" }, "geometry": { "type": "MultiPolygon", "coordinates": [ [ [ [ -71.28092134541518, -32.810350256824705 ], [ -71.280988813057448, -32.810364850940672 ], [ -71.281039337741049, -32.810378732948706 ], [ -71.281059984012515, -32.810382440189507 ], [ -71.28108569841784, -32.810395243059943 ], [ -71.281143816586706, -32.810398777714447 ], [ -71.2812064248117, -32.810412439397055 ], [ -71.281273092736711, -32.810419391258719 ], [ -71.28130351016253, -32.810427003902184 ], [ -71.281340230188562, -32.810444710546683 ], [ -71.281395253864588, -32.810492710210937 ], [ -71.281417312994463, -32.810528039226682 ], [ -71.281489983644533, -32.810533350204999 ], [ -71.281583561498607, -32.810552572436286 ], [ -71.281681620603166, -32.810557930879355 ], [ -71.281728507388479, -32.810571368484297 ], [ -71.281764628180895, -32.810636557306978 ], [ -71.281811541834244, -32.810721967127286 ], [ -71.281865553257276, -32.810777641702359 ], [ -71.28193413024016, -32.810835602885767 ], [ -71.282065789706621, -32.810902112170552 ], [ -71.282213105813028, -32.810966294010271 ], [ -71.282382733642166, -32.81105201788229 ], [ -71.282466059398203, -32.811119408221842 ], [ -71.282524630870057, -32.81116427998235 ], [ -71.28254917258424, -32.811202115723255 ], [ -71.282555049984353, -32.811242844108065 ], [ -71.282516419008303, -32.811339512327379 ], [ -71.282489631480573, -32.81137930515267 ], [ -71.282408932188574, -32.811390985882582 ], [ -71.282283935886298, -32.811372337286507 ], [ -71.282198793475828, -32.811328460422779 ], [ -71.282123983438041, -32.811310427767225 ], [ -71.282047569632439, -32.811300591429159 ], [ -71.281987455673246, -32.811289947376025 ], [ -71.281905234913793, -32.811289404846484 ], [ -71.281836371355567, -32.811291170938617 ], [ -71.281785815848281, -32.811299749409301 ], [ -71.281649049216568, -32.811293565459238 ], [ -71.28149811252085, -32.811276920348163 ], [ -71.281383661486274, -32.811268797936805 ], [ -71.281266137393487, -32.811258689658878 ], [ -71.28117757060744, -32.811270002566189 ], [ -71.281089699264399, -32.811284875850149 ], [ -71.28095505384772, -32.81131438362624 ], [ -71.280851312870709, -32.811346901123414 ], [ -71.280761767900174, -32.811390900051208 ], [ -71.28063007350741, -32.811441281949058 ], [ -71.280534108394988, -32.811470594811254 ], [ -71.280372043679534, -32.81153888501774 ], [ -71.280250056888121, -32.81161435666688 ], [ -71.2801276394204, -32.811708467295588 ], [ -71.280066659240433, -32.811829532946874 ], [ -71.280014680754348, -32.811959877802359 ], [ -71.279993796573237, -32.812029678830811 ], [ -71.27999879463863, -32.812095179969027 ], [ -71.279989113958251, -32.812165797768401 ], [ -71.279999932310787, -32.812222515298068 ], [ -71.280021637136954, -32.812255809229953 ], [ -71.280072345285475, -32.812276834490575 ], [ -71.280102441344425, -32.812319163532287 ], [ -71.280093069625181, -32.812354554995785 ], [ -71.28004437347515, -32.812388621157716 ], [ -71.280004152899508, -32.812470514722243 ], [ -71.279969939609799, -32.812527287018632 ], [ -71.279963649385792, -32.812588655031256 ], [ -71.279955716043446, -32.812656688765259 ], [ -71.2799199599324, -32.812676737111175 ], [ -71.279856246150658, -32.812667178525849 ], [ -71.279748243967944, -32.812651280496922 ], [ -71.279663648853827, -32.812628830637671 ], [ -71.279539411791959, -32.812616290839649 ], [ -71.279375124040044, -32.812621325107841 ], [ -71.27924384047202, -32.812640560963324 ], [ -71.279130052321435, -32.812658457161085 ], [ -71.278936331815899, -32.812718134084854 ], [ -71.27883382284017, -32.812751648416317 ], [ -71.278774859576984, -32.812762420581308 ], [ -71.278692410975125, -32.812776683033434 ], [ -71.278591136269597, -32.812811195585496 ], [ -71.278517198390801, -32.812827344741045 ], [ -71.278493786261407, -32.812857376841002 ], [ -71.278420791211332, -32.812886780352237 ], [ -71.278380544757056, -32.812896701116401 ], [ -71.278298165011236, -32.812771610487033 ], [ -71.278243229616933, -32.812679709560499 ], [ -71.278208818786851, -32.812610405000122 ], [ -71.278214032096571, -32.81255416110362 ], [ -71.278216312649988, -32.812454072296681 ], [ -71.27817177607723, -32.812319615051571 ], [ -71.278135279370943, -32.812239629081873 ], [ -71.278079784452146, -32.812125789097635 ], [ -71.278043126550415, -32.812063161173086 ], [ -71.277941929965706, -32.811982311099186 ], [ -71.277851856358851, -32.811910956942768 ], [ -71.277784619619339, -32.8118580735403 ], [ -71.277746852689603, -32.811823029759616 ], [ -71.277700335531321, -32.81180039591807 ], [ -71.277662290161416, -32.811896541666904 ], [ -71.277636203427605, -32.811963884809721 ], [ -71.277597340201311, -32.812075358789635 ], [ -71.277555164268364, -32.812199143739562 ], [ -71.277476762896029, -32.812324608838772 ], [ -71.27743177930931, -32.8124331314825 ], [ -71.277386001361521, -32.812510531393286 ], [ -71.277337897714418, -32.812591546729898 ], [ -71.277280056543191, -32.81269366751318 ], [ -71.277220712684866, -32.812760594877872 ], [ -71.277131419468958, -32.812838276099093 ], [ -71.277037954144078, -32.812894594462946 ], [ -71.27696722675897, -32.812941821468996 ], [ -71.276911786410238, -32.812995916532323 ], [ -71.276844376571859, -32.813066563604117 ], [ -71.276769986952132, -32.813159797231954 ], [ -71.276726804897592, -32.81319682449287 ], [ -71.276684174935383, -32.813231799913289 ], [ -71.276646573761838, -32.813274340516124 ], [ -71.27659354222385, -32.813304400683215 ], [ -71.276543739892986, -32.813342569212182 ], [ -71.276497679845988, -32.813385263654602 ], [ -71.276367136226327, -32.813433578466295 ], [ -71.276304216077321, -32.813455140817865 ], [ -71.276246720662769, -32.813476094019904 ], [ -71.27618250095577, -32.813494106830731 ], [ -71.276117742092211, -32.813514681643568 ], [ -71.27606127279789, -32.813528469860231 ], [ -71.276004342431932, -32.813547881339247 ], [ -71.275941331014778, -32.813565872052664 ], [ -71.275877806459476, -32.813587445186485 ], [ -71.275822935841035, -32.813616517591917 ], [ -71.275776549999264, -32.813646456563447 ], [ -71.27572379117764, -32.813687230771947 ], [ -71.275677587425506, -32.813724312635898 ], [ -71.275636152179288, -32.813758755541684 ], [ -71.275587661662044, -32.813800983414524 ], [ -71.275542075005589, -32.81383856445494 ], [ -71.275492232883266, -32.813875201967818 ], [ -71.275453305371769, -32.813913172335965 ], [ -71.27541136983011, -32.813951707833148 ], [ -71.275360910378978, -32.813987846075229 ], [ -71.27531675309767, -32.814034078624218 ], [ -71.275279885227917, -32.81408170996027 ], [ -71.275235623786216, -32.814123860810653 ], [ -71.275196552960224, -32.814156218806247 ], [ -71.275150413789348, -32.814195851539054 ], [ -71.275102383916348, -32.814232455955469 ], [ -71.275063768282379, -32.814282671235297 ], [ -71.275023775093103, -32.814326275753757 ], [ -71.274983034574788, -32.814364278943607 ], [ -71.274947088636708, -32.814400663621498 ], [ -71.274897355880711, -32.814417901983369 ], [ -71.274830393197647, -32.814423202842669 ], [ -71.274709864361952, -32.814437644505951 ], [ -71.27461162604358, -32.814449128659639 ], [ -71.274538647269111, -32.814455559607502 ], [ -71.274439148471075, -32.814465024754078 ], [ -71.274373751243402, -32.814460598447646 ], [ -71.274281697937539, -32.81447758483597 ], [ -71.27414347790355, -32.814485711680696 ], [ -71.274079484117692, -32.814488916402965 ], [ -71.273961098808059, -32.814492599033279 ], [ -71.273877835427584, -32.814498706037504 ], [ -71.273814998021408, -32.814499847828905 ], [ -71.273737977859497, -32.814490017476743 ], [ -71.273664297559222, -32.814516368052345 ], [ -71.273553935847588, -32.814526540312947 ], [ -71.273442463185575, -32.814540561004073 ], [ -71.273367067385024, -32.814547035182478 ], [ -71.273312964918389, -32.814546997144802 ], [ -71.273262981411477, -32.814542545468541 ], [ -71.273244033198608, -32.814522471840853 ], [ -71.273258738361648, -32.814470904891898 ], [ -71.273282431956744, -32.814428107461588 ], [ -71.273303848333725, -32.81437897082116 ], [ -71.273321931704743, -32.814317644023035 ], [ -71.273334230054857, -32.814302107228201 ], [ -71.273331124324002, -32.814275110012787 ], [ -71.273361275605779, -32.814224793789428 ], [ -71.273392297066039, -32.814137454419487 ], [ -71.273411848716876, -32.814086309854297 ], [ -71.273446014833368, -32.814027498316406 ], [ -71.273510618251279, -32.813953330864379 ], [ -71.273593470831131, -32.813859945325 ], [ -71.273697288270469, -32.813759032578609 ], [ -71.273751561702952, -32.813706491425279 ], [ -71.27384451619227, -32.813606286384037 ], [ -71.273936275078654, -32.81350661344888 ], [ -71.273970122477849, -32.81345903737914 ], [ -71.274048218557724, -32.813368800662914 ], [ -71.274082052845415, -32.813320714357204 ], [ -71.274137021004506, -32.813271733542642 ], [ -71.274187720715958, -32.813221298937712 ], [ -71.274287250226863, -32.813189373847642 ], [ -71.274460055494401, -32.813115281238517 ], [ -71.274635108179254, -32.813034511750949 ], [ -71.274738976648251, -32.812983110501065 ], [ -71.274801597758312, -32.812949814117182 ], [ -71.274924900745233, -32.812890147529671 ], [ -71.274993745759133, -32.812863884150971 ], [ -71.275038777094025, -32.812840095444678 ], [ -71.27521842877286, -32.812773789260753 ], [ -71.275341169669474, -32.812727659306503 ], [ -71.275453691193405, -32.812683756835959 ], [ -71.275526122003839, -32.81265589663375 ], [ -71.275580999450369, -32.812650815192946 ], [ -71.275632653457691, -32.812614144709251 ], [ -71.275814753494032, -32.812549069281374 ], [ -71.275970690850286, -32.812477323177745 ], [ -71.276068872886299, -32.812416325805742 ], [ -71.276114899215798, -32.812348620298692 ], [ -71.276218340172733, -32.812209428977582 ], [ -71.276282380365558, -32.812113321247892 ], [ -71.276315802051272, -32.812025427115259 ], [ -71.276349048964192, -32.811954380860485 ], [ -71.276432409810894, -32.811857411172269 ], [ -71.276520559440911, -32.811782303481451 ], [ -71.276576928904774, -32.811740952835294 ], [ -71.276687245493264, -32.81168177603773 ], [ -71.27680544778157, -32.811599996071017 ], [ -71.276918147104297, -32.811515763891713 ], [ -71.277035869602486, -32.811462577399332 ], [ -71.27719943178856, -32.811405494011915 ], [ -71.277318091377182, -32.811389042289768 ], [ -71.277525649185336, -32.811350554797983 ], [ -71.277818948633737, -32.811308464592194 ], [ -71.277932378672475, -32.811300274605493 ], [ -71.278067072281658, -32.81129629145768 ], [ -71.278205864898936, -32.811287129090118 ], [ -71.278325992958742, -32.811280858594877 ], [ -71.278394552108395, -32.811290840222689 ], [ -71.27844479845588, -32.811317489477645 ], [ -71.278480896162165, -32.811358178338629 ], [ -71.278474422573652, -32.811412403413165 ], [ -71.278469505977611, -32.811432910743804 ], [ -71.278558420158348, -32.811458855930965 ], [ -71.278590371794465, -32.811479202431073 ], [ -71.278631472458059, -32.811526435941694 ], [ -71.278684612847854, -32.811595399363398 ], [ -71.278728799678333, -32.811645128870907 ], [ -71.278756126391841, -32.811673726665006 ], [ -71.278782578599646, -32.811739092440085 ], [ -71.278806035978064, -32.811805533632928 ], [ -71.278876315374589, -32.811882862439042 ], [ -71.278931203590147, -32.811949241687685 ], [ -71.278971448080426, -32.812010272687125 ], [ -71.279032774031194, -32.812068367524994 ], [ -71.279108878994407, -32.81211343204469 ], [ -71.279199614846931, -32.812163334500617 ], [ -71.279286543231564, -32.812206160001779 ], [ -71.279393318686374, -32.812245050824821 ], [ -71.27949329176603, -32.812277940117944 ], [ -71.279542278480363, -32.812302570068852 ], [ -71.279585588260801, -32.812341595874756 ], [ -71.27965620479597, -32.812313766365641 ], [ -71.279573966285255, -32.812265240803214 ], [ -71.27951599415448, -32.812149149625824 ], [ -71.279489986728919, -32.812089390822081 ], [ -71.279531428752748, -32.811877822081343 ], [ -71.279549221176822, -32.8117697940475 ], [ -71.279546858620222, -32.811629975093723 ], [ -71.27949443178538, -32.811470650252978 ], [ -71.279468631859459, -32.81135984312953 ], [ -71.279532394216062, -32.811253019539137 ], [ -71.279727036511943, -32.811229566590242 ], [ -71.27985159830466, -32.811183909584123 ], [ -71.279894083431046, -32.811072368988441 ], [ -71.279878449935651, -32.810957293179996 ], [ -71.279880593736408, -32.810875582889608 ], [ -71.279938095750296, -32.810807666992801 ], [ -71.280066916726497, -32.810739472603558 ], [ -71.280187865626644, -32.810694391550555 ], [ -71.280283573834097, -32.810631394269151 ], [ -71.280338445597238, -32.810578839478637 ], [ -71.280420022856461, -32.810506911568986 ], [ -71.280462519666713, -32.810466832906826 ], [ -71.28052072500104, -32.810426467978765 ], [ -71.280714956555556, -32.810410677703047 ], [ -71.280853243175173, -32.81035813382266 ], [ -71.28092134541518, -32.810350256824705 ] ] ] ] } },
{ "type": "Feature", "properties": { "fid": 20, "Nombre": "29", "HAS": 10.09, "Plantas": 11211, "Alias:": "El Peumo", "Especie": "Mandarina" }, "geometry": { "type": "MultiPolygon", "coordinates": [ [ [ [ -71.273039904119258, -32.810827742585836 ], [ -71.273153308722712, -32.810913479507164 ], [ -71.273323935251241, -32.810967550102703 ], [ -71.273470134726281, -32.811011855294495 ], [ -71.273611916823199, -32.81107257484112 ], [ -71.273665240886686, -32.811077731406819 ], [ -71.273797460276128, -32.811142708041473 ], [ -71.273905772513345, -32.811218327849936 ], [ -71.273929603161932, -32.811299566213592 ], [ -71.273855256319393, -32.811323376724943 ], [ -71.273649781632457, -32.811325068191998 ], [ -71.27355095534385, -32.81133707256032 ], [ -71.273385240169588, -32.81138091873985 ], [ -71.273227736197754, -32.811367445578938 ], [ -71.27312124370296, -32.811363254586418 ], [ -71.273010645456239, -32.811387723062758 ], [ -71.272962570541154, -32.811398805162064 ], [ -71.272865692994159, -32.811392397534547 ], [ -71.272728718364164, -32.811425511944698 ], [ -71.272658632844255, -32.811426784730742 ], [ -71.272420778452798, -32.811486232183853 ], [ -71.272267198049832, -32.811531898338394 ], [ -71.272133626944253, -32.811603744228243 ], [ -71.272075209320874, -32.811588470565162 ], [ -71.272182638463434, -32.811439511544393 ], [ -71.272257739833222, -32.811350351187464 ], [ -71.272457472088675, -32.811218092033037 ], [ -71.272601852642467, -32.811190968791287 ], [ -71.272700211189644, -32.811160597603511 ], [ -71.272783965313224, -32.81112640800329 ], [ -71.272888690311476, -32.811061210704317 ], [ -71.272936264711589, -32.811006749798096 ], [ -71.272962497759181, -32.810945019795156 ], [ -71.272991680138645, -32.810856693015104 ], [ -71.273039904119258, -32.810827742585836 ] ] ], [ [ [ -71.273660340291585, -32.811478520637216 ], [ -71.273573559027213, -32.81153624633977 ], [ -71.273496288654897, -32.81158767384769 ], [ -71.273419434113237, -32.811655428031422 ], [ -71.273380233646492, -32.811682683352785 ], [ -71.273335225231307, -32.811719232198129 ], [ -71.273192468363348, -32.811762661084842 ], [ -71.273011199262271, -32.811812914673979 ], [ -71.272932148164344, -32.81184191455732 ], [ -71.272784557370457, -32.81188543078342 ], [ -71.272687172566961, -32.811906596338922 ], [ -71.272601949449907, -32.811930603642772 ], [ -71.272507345091483, -32.811966011062239 ], [ -71.272363430962201, -32.812011501820542 ], [ -71.272277207125441, -32.812043694218573 ], [ -71.272103187149099, -32.812093814891234 ], [ -71.271926880093687, -32.812149081310103 ], [ -71.271786772322827, -32.812201648563857 ], [ -71.271688438270004, -32.812233039513664 ], [ -71.271525318976117, -32.812283982413774 ], [ -71.271353636904905, -32.812330996949107 ], [ -71.271196818847272, -32.812392033989255 ], [ -71.271026266851365, -32.812435964895805 ], [ -71.270851166759044, -32.812491207925213 ], [ -71.270635292817531, -32.812559441250123 ], [ -71.270405021701848, -32.812632018983479 ], [ -71.270170995222713, -32.812699559960862 ], [ -71.270065643259869, -32.812740265006902 ], [ -71.270033783816231, -32.81272348774511 ], [ -71.269949830772475, -32.812369739778077 ], [ -71.269986030441984, -32.81236704136829 ], [ -71.270078153310649, -32.812376600134613 ], [ -71.270131478046622, -32.81238175818077 ], [ -71.270218611639621, -32.812385281990849 ], [ -71.270270312642353, -32.812374135144474 ], [ -71.270317595453292, -32.812379402719515 ], [ -71.270359447626248, -32.812361288259808 ], [ -71.270406289090928, -32.812349208626834 ], [ -71.270448193153825, -32.812333134982765 ], [ -71.270486082613189, -32.812301820767154 ], [ -71.270540070483079, -32.81228552785533 ], [ -71.270577933926091, -32.812253193192042 ], [ -71.270615823305249, -32.812221878940235 ], [ -71.270657259914941, -32.81218743763624 ], [ -71.270739158340291, -32.812127760713331 ], [ -71.270826253702182, -32.812082281938203 ], [ -71.270866793379255, -32.81206010755848 ], [ -71.270960345986126, -32.812030845805872 ], [ -71.271006030740011, -32.81202082873039 ], [ -71.271092410880655, -32.811994759719063 ], [ -71.271188535914376, -32.811971576472132 ], [ -71.27133528296504, -32.81194236992151 ], [ -71.271417933894881, -32.811912284802261 ], [ -71.27146884163659, -32.811917486152453 ], [ -71.27151197964001, -32.811902410656479 ], [ -71.271567772841479, -32.811909565075027 ], [ -71.271614380109142, -32.811888301215063 ], [ -71.271751550749599, -32.811862841136943 ], [ -71.271852242466949, -32.811852846092357 ], [ -71.27189875201131, -32.811851491309547 ], [ -71.2719845664719, -32.811826963300113 ], [ -71.272037319389995, -32.811809671282418 ], [ -71.272073928072544, -32.811799308154541 ], [ -71.27211905398228, -32.811767351633179 ], [ -71.272160379227131, -32.811752308830094 ], [ -71.272205842837678, -32.811733617750782 ], [ -71.272248720796441, -32.811708337801342 ], [ -71.272338556460682, -32.811675569400862 ], [ -71.272432108121436, -32.811646306584528 ], [ -71.272569427549357, -32.811602977302726 ], [ -71.272664265381195, -32.811576753637326 ], [ -71.27270911811263, -32.811581553999709 ], [ -71.272753451100343, -32.811565945936039 ], [ -71.272803403664, -32.811557382044867 ], [ -71.272853616101855, -32.811559022338372 ], [ -71.272894993091455, -32.811546020142536 ], [ -71.272944731283772, -32.811552773474794 ], [ -71.272989012231065, -32.811535124489318 ], [ -71.273043902200229, -32.811530554394942 ], [ -71.273098395906445, -32.811534158612979 ], [ -71.273144346413986, -32.811510864340107 ], [ -71.273186912345025, -32.81152081053046 ], [ -71.273235364187684, -32.811524524435725 ], [ -71.273274967530526, -32.811513085672239 ], [ -71.27332594008945, -32.811520837322313 ], [ -71.273379439690544, -32.811509146092085 ], [ -71.27343041225366, -32.811516897699292 ], [ -71.273473939627479, -32.81151712784871 ], [ -71.273515699714565, -32.811495440906448 ], [ -71.273560006505164, -32.811478812144813 ], [ -71.273626980104211, -32.811474022266964 ], [ -71.273660340291585, -32.811478520637216 ] ] ], [ [ [ -71.272896949822638, -32.812026314465648 ], [ -71.272944609875609, -32.812188791612279 ], [ -71.273003860522252, -32.81242660423792 ], [ -71.273053287543505, -32.812468583947336 ], [ -71.273093060776546, -32.812558720921281 ], [ -71.273118566845412, -32.812563362087751 ], [ -71.273170644709353, -32.812614481625751 ], [ -71.273232688332328, -32.812629688885742 ], [ -71.27328084184488, -32.812621667916851 ], [ -71.27332040666721, -32.812608698489854 ], [ -71.273362648203545, -32.812605889346258 ], [ -71.273416193721118, -32.812572248070893 ], [ -71.273454082179541, -32.812540932998452 ], [ -71.273498116523712, -32.812513589829969 ], [ -71.273534276599705, -32.812461888292368 ], [ -71.273577622449196, -32.812454975447061 ], [ -71.273635806878303, -32.812461064592867 ], [ -71.273690886140528, -32.812487627969254 ], [ -71.273743704662579, -32.812520357748383 ], [ -71.27380159076715, -32.812562183455917 ], [ -71.2738658308689, -32.812616144385586 ], [ -71.273881397556593, -32.812657718105619 ], [ -71.273910374220719, -32.8127511136462 ], [ -71.273942950116435, -32.812843422884313 ], [ -71.273987972547602, -32.812854855482385 ], [ -71.274014584623828, -32.81295033574311 ], [ -71.274038830444894, -32.812952957834121 ], [ -71.274077408719151, -32.812996155146713 ], [ -71.274096794985141, -32.812997844641941 ], [ -71.274122561265116, -32.81301268978843 ], [ -71.274133502620643, -32.813062514657794 ], [ -71.274034662279732, -32.813121480734523 ], [ -71.273967382319924, -32.813138016684555 ], [ -71.273985093664066, -32.813216303521195 ], [ -71.273925922070077, -32.813266381542476 ], [ -71.27386054010681, -32.813357408056866 ], [ -71.273782255656386, -32.813463982353298 ], [ -71.273727332992706, -32.813538484489165 ], [ -71.273618474234965, -32.813631321714091 ], [ -71.273541878110095, -32.813709280221481 ], [ -71.27347610547794, -32.813785000266357 ], [ -71.273424924095579, -32.813816556846895 ], [ -71.273359749209035, -32.813915746489499 ], [ -71.273285218888233, -32.814027356754536 ], [ -71.273211844803726, -32.814136904190839 ], [ -71.273184312094315, -32.814242556201826 ], [ -71.273139601638718, -32.814338311320164 ], [ -71.273100231306842, -32.814406405340065 ], [ -71.273059522536499, -32.814469419200464 ], [ -71.273093878588654, -32.814584155932273 ], [ -71.273044957485581, -32.814609545960295 ], [ -71.273088578316504, -32.814755762051881 ], [ -71.273109524635629, -32.814818676866679 ], [ -71.27307027074869, -32.814843891303852 ], [ -71.2731053028524, -32.814985158931243 ], [ -71.273071064531678, -32.815017428506351 ], [ -71.273012267883544, -32.815034830775367 ], [ -71.27294467436252, -32.815039121204876 ], [ -71.272835098038826, -32.815056424826594 ], [ -71.272629523758454, -32.815102015000782 ], [ -71.272530771093827, -32.815117080005862 ], [ -71.272474079250358, -32.815122193097551 ], [ -71.272381524557417, -32.815143270784318 ], [ -71.272340724070432, -32.815155241487901 ], [ -71.272197571481698, -32.815183363175308 ], [ -71.272054470759159, -32.815213525543463 ], [ -71.271903963502368, -32.815237696864571 ], [ -71.271867996593187, -32.815249579661511 ], [ -71.271723401435025, -32.81526853897256 ], [ -71.271676818457536, -32.815290823359426 ], [ -71.271587602885631, -32.81530061003523 ], [ -71.271527493388845, -32.815313951879617 ], [ -71.271397606935537, -32.815340810959469 ], [ -71.2713493998057, -32.815346790430056 ], [ -71.271297801162689, -32.815362019470825 ], [ -71.271250828411979, -32.815368997391666 ], [ -71.271114719259472, -32.815293879882958 ], [ -71.271003272255896, -32.815237711608987 ], [ -71.270871945256218, -32.815160465252298 ], [ -71.270884354945082, -32.81512552970846 ], [ -71.270850181512259, -32.815112878248151 ], [ -71.27081030356976, -32.815113601897863 ], [ -71.27077754631965, -32.815109091858908 ], [ -71.270761279419233, -32.815039966346937 ], [ -71.27071165623147, -32.815037804123911 ], [ -71.270701028066981, -32.815000223953177 ], [ -71.270647753671398, -32.81499710706467 ], [ -71.270634033569053, -32.814933039783071 ], [ -71.27058551499745, -32.814926773894577 ], [ -71.270533634964735, -32.814740891872042 ], [ -71.270549240533526, -32.81473652515087 ], [ -71.270532518464435, -32.814697013745445 ], [ -71.270510521343141, -32.814640242871924 ], [ -71.270485971641847, -32.814554422864781 ], [ -71.270453340661618, -32.81443608090575 ], [ -71.270420262464611, -32.814276400891409 ], [ -71.270381453909707, -32.814129075539867 ], [ -71.270330497687965, -32.813931946808658 ], [ -71.270308437194601, -32.813825153285677 ], [ -71.270268187011339, -32.813668665998314 ], [ -71.270182749680728, -32.813351697353305 ], [ -71.270154310088756, -32.813231747900268 ], [ -71.270075330968552, -32.812930996274893 ], [ -71.270138207680588, -32.81288391549208 ], [ -71.270190883738977, -32.812863562946532 ], [ -71.27027981153968, -32.812842552721222 ], [ -71.270411696202657, -32.812799324339025 ], [ -71.270511447473183, -32.812776075799384 ], [ -71.270601271921819, -32.81274279836596 ], [ -71.270686470458926, -32.812717771948918 ], [ -71.270776138981887, -32.812678371864685 ], [ -71.271043740066887, -32.812600011544284 ], [ -71.271276427283794, -32.812527388797903 ], [ -71.271461324103129, -32.812477071822009 ], [ -71.271649456221141, -32.812411382459317 ], [ -71.271702495289603, -32.812405315198539 ], [ -71.271737642363817, -32.812408760745569 ], [ -71.271793280033023, -32.81240979252204 ], [ -71.271832741097839, -32.812392741875833 ], [ -71.271883155542767, -32.812378555045257 ], [ -71.271917029658795, -32.812331999914989 ], [ -71.272001941611677, -32.81229574800355 ], [ -71.272150534044329, -32.812244047350873 ], [ -71.272468390764416, -32.812145374613877 ], [ -71.272737041023277, -32.812060866333837 ], [ -71.27282951449574, -32.812036727257187 ], [ -71.27287396463251, -32.812025711034387 ], [ -71.272896949822638, -32.812026314465648 ] ] ] ] } },
{ "type": "Feature", "properties": { "fid": 21, "Nombre": "20", "HAS": 8.01, "Plantas": 10013, "Alias:": "P20", "Especie": "Naranjas" }, "geometry": { "type": "MultiPolygon", "coordinates": [ [ [ [ -71.270330851788259, -32.809327457064846 ], [ -71.270045336318518, -32.809390316752399 ], [ -71.269896127408273, -32.809322581462389 ], [ -71.269775611620716, -32.809313537428707 ], [ -71.269664859082468, -32.809331880344608 ], [ -71.269596776562253, -32.809316780747686 ], [ -71.269485556913182, -32.809316755889952 ], [ -71.269424672605055, -32.809299483876615 ], [ -71.269281984104552, -32.809297987692815 ], [ -71.269170660685148, -32.80929388086053 ], [ -71.269168918542874, -32.809320455687519 ], [ -71.269113645971245, -32.809333708585505 ], [ -71.269191720943297, -32.809646728248566 ], [ -71.269272576479821, -32.809973989928132 ], [ -71.269390432342533, -32.810425129596354 ], [ -71.269489867339828, -32.810817391330239 ], [ -71.269617704052024, -32.811280600395811 ], [ -71.269696146231738, -32.811607905419514 ], [ -71.269742681160736, -32.811821449022908 ], [ -71.269804132189392, -32.8120510563487 ], [ -71.269828582327278, -32.812156785777006 ], [ -71.270020129837633, -32.812177812823421 ], [ -71.270222619057833, -32.812153721784938 ], [ -71.270447666181624, -32.812065925792567 ], [ -71.270605043549551, -32.811979357218142 ], [ -71.27071218797451, -32.811914117786735 ], [ -71.270838055127371, -32.811872019068609 ], [ -71.27087622988472, -32.81185192938684 ], [ -71.27099105178678, -32.811850866662631 ], [ -71.271017038847774, -32.811826914536354 ], [ -71.271197022991615, -32.811773624452748 ], [ -71.271233040569044, -32.811763782743263 ], [ -71.271334362418614, -32.811754797573968 ], [ -71.271402005535265, -32.811752548961174 ], [ -71.271553767465406, -32.811730397392253 ], [ -71.271731789376716, -32.811647536278826 ], [ -71.271822430928239, -32.81159892977972 ], [ -71.271908524639727, -32.811561635599304 ], [ -71.271977792354988, -32.811480748449156 ], [ -71.272026387741377, -32.811395132109986 ], [ -71.272074398172975, -32.811334027797741 ], [ -71.272145081778064, -32.811261281995947 ], [ -71.272152553115973, -32.811222352424522 ], [ -71.272196691183694, -32.811199091403786 ], [ -71.272257538529573, -32.811167359839068 ], [ -71.272256733109842, -32.811135726790887 ], [ -71.272336602476727, -32.811091399095389 ], [ -71.27235376663306, -32.81105331440839 ], [ -71.272447369614639, -32.811026092448422 ], [ -71.272562723111903, -32.810998475447391 ], [ -71.272646762986497, -32.810975510570067 ], [ -71.272713859723993, -32.810951832441667 ], [ -71.272732387975779, -32.810919848289352 ], [ -71.272774849606179, -32.810878241450681 ], [ -71.272806254019955, -32.810829689163505 ], [ -71.27285284735467, -32.810760443164916 ], [ -71.272916149765138, -32.8106827265402 ], [ -71.272977659083665, -32.810629543872736 ], [ -71.273037661247898, -32.810612119788246 ], [ -71.273085423851498, -32.810588792632849 ], [ -71.2731403066295, -32.810560231668219 ], [ -71.273189225552841, -32.810534841686319 ], [ -71.273258712528389, -32.810510098966901 ], [ -71.273296990101045, -32.810494090272833 ], [ -71.273326783162929, -32.810477214798574 ], [ -71.273347065312322, -32.810466637442119 ], [ -71.273341348121036, -32.810432030954686 ], [ -71.273350469123159, -32.810410426527021 ], [ -71.273338762139886, -32.810377970630995 ], [ -71.273308241321573, -32.810366274338705 ], [ -71.273310268145963, -32.810350924134532 ], [ -71.273288283808, -32.81034213544811 ], [ -71.273254826459464, -32.810310074634643 ], [ -71.273226332512778, -32.810283028116714 ], [ -71.273178959525183, -32.810226718629863 ], [ -71.273156429427033, -32.810196501089365 ], [ -71.273147269205623, -32.810169103375621 ], [ -71.273127909556948, -32.810168434125224 ], [ -71.273053965773244, -32.81006564614686 ], [ -71.273057408904776, -32.810058437361391 ], [ -71.273053394008784, -32.810043196895357 ], [ -71.273026810264128, -32.810043679731855 ], [ -71.273015207408349, -32.810015305478743 ], [ -71.272986531711439, -32.809981115953676 ], [ -71.272901635142759, -32.809875464124545 ], [ -71.272848909454012, -32.809798833859361 ], [ -71.272761440620783, -32.80968710328294 ], [ -71.27267819469381, -32.809598776483874 ], [ -71.272590518411207, -32.809478882399276 ], [ -71.272528048538902, -32.809399366248186 ], [ -71.272471698439745, -32.809322801617391 ], [ -71.272363376027812, -32.809389084749569 ], [ -71.272165284886043, -32.809490687102041 ], [ -71.272090276173344, -32.809535947310316 ], [ -71.271968765297814, -32.809606553121654 ], [ -71.271882959181582, -32.8096550719061 ], [ -71.271838925664738, -32.809682414477308 ], [ -71.271762747780144, -32.809681755535614 ], [ -71.271725133142638, -32.809676312972641 ], [ -71.271659063586341, -32.809692825659965 ], [ -71.271525248558575, -32.809707505275455 ], [ -71.271432309582181, -32.80971327571465 ], [ -71.271342995636743, -32.809718980293738 ], [ -71.27127175497688, -32.809722315019251 ], [ -71.271189820939369, -32.809732990019796 ], [ -71.271096518367003, -32.809724474304353 ], [ -71.271003345635862, -32.809721060628682 ], [ -71.270917448968575, -32.809718535746967 ], [ -71.270798797050873, -32.809711500682297 ], [ -71.270692098829414, -32.809699144150997 ], [ -71.270562000668164, -32.809669856886387 ], [ -71.270478924347728, -32.809635632837534 ], [ -71.270421508948246, -32.809612173027027 ], [ -71.270399643141559, -32.809560504145864 ], [ -71.270364615334501, -32.80951417850342 ], [ -71.270346143631599, -32.809358316905524 ], [ -71.270330851788259, -32.809327457064846 ] ] ], [ [ [ -71.273494329747521, -32.810552779870989 ], [ -71.273400753615277, -32.8105810230008 ], [ -71.273414240878878, -32.810635906180678 ], [ -71.273069871837208, -32.810785086463625 ], [ -71.273127067924278, -32.81084734291224 ], [ -71.273227193355481, -32.810886359912715 ], [ -71.273365882533994, -32.810920592729381 ], [ -71.273507612427508, -32.810979271564371 ], [ -71.273634166200907, -32.811011682753438 ], [ -71.273685437463797, -32.811031169097923 ], [ -71.273749104377572, -32.811062680913857 ], [ -71.273805209154446, -32.811082079388356 ], [ -71.27386682340763, -32.811127920927909 ], [ -71.27388945799305, -32.811162219994422 ], [ -71.273931322464861, -32.811192086076183 ], [ -71.274019832959056, -32.811249689525276 ], [ -71.2740133107947, -32.81127839301881 ], [ -71.274074613263736, -32.811311989408772 ], [ -71.274184458554075, -32.81135287077494 ], [ -71.274254960010694, -32.811367923848692 ], [ -71.274281232071417, -32.811355195700962 ], [ -71.274292587626149, -32.81132640435758 ], [ -71.274243368750632, -32.811292588484505 ], [ -71.274184326951485, -32.811252825744489 ], [ -71.274147087815066, -32.811214708562289 ], [ -71.27411153737404, -32.811147975702617 ], [ -71.274054652442942, -32.811097964781268 ], [ -71.274021102829465, -32.811014861259927 ], [ -71.273971052207514, -32.810948391835261 ], [ -71.273902499854145, -32.810914927115995 ], [ -71.273858062805857, -32.810878982409363 ], [ -71.27382807414179, -32.810840733384047 ], [ -71.273803022945046, -32.810806478210061 ], [ -71.273694191365522, -32.810710449883082 ], [ -71.273632213546321, -32.810650322358939 ], [ -71.273574965264103, -32.81058602530932 ], [ -71.273494329747521, -32.810552779870989 ] ] ] ] } },
{ "type": "Feature", "properties": { "fid": 22, "Nombre": "20", "HAS": 2.93, "Plantas": 3256, "Alias:": "P20A", "Especie": "Naranjas" }, "geometry": { "type": "MultiPolygon", "coordinates": [ [ [ [ -71.270354149097045, -32.809292834495977 ], [ -71.270287026919391, -32.809315490914457 ], [ -71.270211342467363, -32.809334219043798 ], [ -71.270148871911061, -32.809349644754434 ], [ -71.270095964274788, -32.809360813397817 ], [ -71.270076760523324, -32.809366266202829 ], [ -71.27002698477655, -32.8093579810308 ], [ -71.269997387555037, -32.8093350373261 ], [ -71.269924134221441, -32.809306760082123 ], [ -71.269858779798852, -32.809303861870369 ], [ -71.269771675173459, -32.809301358098573 ], [ -71.269660403653589, -32.80929929254944 ], [ -71.26955998128787, -32.809296009260613 ], [ -71.269464366356573, -32.809291617819085 ], [ -71.269356564196272, -32.80928336372277 ], [ -71.269254777829204, -32.809273979558817 ], [ -71.269148028380144, -32.809259580830442 ], [ -71.26908191066272, -32.809179108118087 ], [ -71.269057669975126, -32.809081541811075 ], [ -71.269017658091599, -32.80893423763419 ], [ -71.26907967659713, -32.808853483477669 ], [ -71.269143930065823, -32.80876554251234 ], [ -71.26917821949975, -32.808735314872422 ], [ -71.269138930059128, -32.808711525792482 ], [ -71.269251583596358, -32.808577787880928 ], [ -71.269334780875653, -32.808474189923011 ], [ -71.269361716352918, -32.808440012007843 ], [ -71.269330963169054, -32.808419130879003 ], [ -71.269490522240829, -32.808228393069676 ], [ -71.269698142990137, -32.807978592505314 ], [ -71.269670988929661, -32.807956625290956 ], [ -71.269770504881279, -32.807829250558711 ], [ -71.269904257442022, -32.807669607096003 ], [ -71.269918719983011, -32.807620341883556 ], [ -71.269902388978167, -32.807596136629158 ], [ -71.269923723548573, -32.807579415379969 ], [ -71.270066545121864, -32.807396126710664 ], [ -71.270033375521621, -32.807375289576456 ], [ -71.270204391570672, -32.807159841656876 ], [ -71.270234599455037, -32.807159293702057 ], [ -71.270250567098444, -32.807169212992491 ], [ -71.270309581298179, -32.807113014214139 ], [ -71.270354782095197, -32.80713159123728 ], [ -71.270385393649249, -32.807099388217139 ], [ -71.270419797490376, -32.807121223762493 ], [ -71.270454008002673, -32.807087934543539 ], [ -71.270497922627655, -32.807103472166212 ], [ -71.270533289501955, -32.807068120160622 ], [ -71.270568616140991, -32.80707870909238 ], [ -71.270610232211254, -32.807051410840977 ], [ -71.270649131874762, -32.807059893138693 ], [ -71.270674220911104, -32.807048208118559 ], [ -71.270701011482871, -32.807055889201877 ], [ -71.270729647571628, -32.807041077134606 ], [ -71.270776901592413, -32.807045324240129 ], [ -71.270808877036671, -32.807019221736113 ], [ -71.270839162743712, -32.807021734905319 ], [ -71.270849114819583, -32.807032784160597 ], [ -71.270866642406745, -32.807008985577319 ], [ -71.270899422621611, -32.807014516150964 ], [ -71.270910531093179, -32.807023502631303 ], [ -71.270945026962593, -32.807001437934993 ], [ -71.270972025239672, -32.807017282339906 ], [ -71.271013822891319, -32.806997126917977 ], [ -71.271053008158944, -32.807016833736412 ], [ -71.271075199170539, -32.807033786244929 ], [ -71.271095129347756, -32.807056905136683 ], [ -71.271106445556129, -32.807074054977647 ], [ -71.271089307481972, -32.807113159927994 ], [ -71.271106743160644, -32.807133261402662 ], [ -71.271083771214109, -32.807180639365136 ], [ -71.271072233304537, -32.807202287500289 ], [ -71.271083835132444, -32.807230661988513 ], [ -71.271058446519035, -32.807278083800483 ], [ -71.27105070130051, -32.807353770467827 ], [ -71.271037200081153, -32.807440791411963 ], [ -71.271019306942023, -32.807545247239645 ], [ -71.270968295793168, -32.807630907037968 ], [ -71.270958589236173, -32.807677023376769 ], [ -71.270818389053233, -32.808058318800654 ], [ -71.270748485529325, -32.808161676497292 ], [ -71.270693119584422, -32.808313773282904 ], [ -71.270672223982018, -32.808442784982624 ], [ -71.270624575048345, -32.808613117808733 ], [ -71.270562140351771, -32.808772489043271 ], [ -71.270526525007696, -32.808845618632411 ], [ -71.270498329622953, -32.808877777859045 ], [ -71.270354149097045, -32.809292834495977 ] ] ] ] } },
{ "type": "Feature", "properties": { "fid": 23, "Nombre": "20", "HAS": 3.82, "Plantas": 3820, "Alias:": "20B", "Especie": "Naranjas" }, "geometry": { "type": "MultiPolygon", "coordinates": [ [ [ [ -71.270550600391559, -32.806893233279396 ], [ -71.27066433741922, -32.806897295168703 ], [ -71.271121314697709, -32.806803248359479 ], [ -71.271272834682136, -32.806771913679903 ], [ -71.271430904929602, -32.806617952717637 ], [ -71.2715221924839, -32.806499914048075 ], [ -71.27155607697064, -32.806501340837393 ], [ -71.271775917748684, -32.806447071539964 ], [ -71.271853612837361, -32.806459953724975 ], [ -71.271917327744873, -32.806493507509757 ], [ -71.272009237885499, -32.806399958641492 ], [ -71.272161822699985, -32.806315517123657 ], [ -71.272251600738201, -32.806328179699257 ], [ -71.272411148602743, -32.80632732471598 ], [ -71.272528730872978, -32.806292521164615 ], [ -71.272604555316363, -32.806231932538466 ], [ -71.272646703142343, -32.80617808075236 ], [ -71.272686798056753, -32.806138558736578 ], [ -71.2727200068841, -32.806113454259254 ], [ -71.272755424434635, -32.80608014251878 ], [ -71.272800664238645, -32.806052777758225 ], [ -71.27286760140872, -32.806022977166322 ], [ -71.272963485699208, -32.805990609045708 ], [ -71.273066567725976, -32.805956068342603 ], [ -71.273145431772846, -32.805919925631848 ], [ -71.273286867244565, -32.80587243743328 ], [ -71.273387064606084, -32.805819572792977 ], [ -71.273310954891002, -32.805773994176953 ], [ -71.273116555875689, -32.805687941676581 ], [ -71.2731235457764, -32.805677605792837 ], [ -71.273070965537968, -32.805654059322265 ], [ -71.272998558947862, -32.805611475931173 ], [ -71.272931193459343, -32.805576968091991 ], [ -71.27284415758966, -32.805529545818338 ], [ -71.272739816025194, -32.805467124339863 ], [ -71.272623053971316, -32.805391656690844 ], [ -71.272534576342153, -32.805335072330919 ], [ -71.272439979450709, -32.805275536330491 ], [ -71.272350163879864, -32.805213871658523 ], [ -71.272219929503947, -32.805131501960609 ], [ -71.27213150432874, -32.805076958134812 ], [ -71.271977871417576, -32.804977657759999 ], [ -71.271888212283514, -32.80492211525948 ], [ -71.271728356706973, -32.804815781260828 ], [ -71.271574932418503, -32.804724643727198 ], [ -71.271463005415058, -32.804649087182014 ], [ -71.271331720163673, -32.804572860944766 ], [ -71.271246972830255, -32.804520291504332 ], [ -71.271194212001888, -32.804489601230081 ], [ -71.271044810525325, -32.804651571704412 ], [ -71.270910141546409, -32.804822462745477 ], [ -71.270941438944149, -32.804864772415456 ], [ -71.270918078021509, -32.804896843998527 ], [ -71.270948115246156, -32.804937134742964 ], [ -71.270847291883271, -32.805060450482884 ], [ -71.270804820146395, -32.805054074820632 ], [ -71.270643230336972, -32.805212182408631 ], [ -71.270646399666816, -32.805241730833842 ], [ -71.270666277393715, -32.805262808976444 ], [ -71.270645644337733, -32.805307081748829 ], [ -71.270667053563344, -32.805388364846586 ], [ -71.270652903214398, -32.805449875203536 ], [ -71.270665243167869, -32.805554803397037 ], [ -71.270666163395205, -32.805638499999908 ], [ -71.270645320057611, -32.80576955256609 ], [ -71.270645395389963, -32.80586755700952 ], [ -71.270628398799772, -32.805959745815301 ], [ -71.270620705175503, -32.806037473327486 ], [ -71.270619130919172, -32.806118152500581 ], [ -71.270613034947218, -32.806211164433165 ], [ -71.270600430215623, -32.806285918359954 ], [ -71.27058125053297, -32.806387334807795 ], [ -71.270572556206773, -32.806473247619742 ], [ -71.270587575027392, -32.806493393021661 ], [ -71.270568383607724, -32.806546827671738 ], [ -71.27058142710564, -32.806584364104431 ], [ -71.270552854732301, -32.806649198774394 ], [ -71.270567080592556, -32.806685692863681 ], [ -71.270526658699112, -32.806759930546662 ], [ -71.270549083166259, -32.806786066961884 ], [ -71.270514131716524, -32.80683774573383 ], [ -71.270550600391559, -32.806893233279396 ] ] ] ] } },
{ "type": "Feature", "properties": { "fid": 24, "Nombre": "24", "HAS": 5.18, "Plantas": 5180, "Alias:": "P24", "Especie": "Naranjas" }, "geometry": { "type": "MultiPolygon", "coordinates": [ [ [ [ -71.273366776809809, -32.805782423487365 ], [ -71.273445485075072, -32.805835101117275 ], [ -71.273621388945912, -32.80576452678244 ], [ -71.273685701080339, -32.805726606306962 ], [ -71.273750870170332, -32.80562741665311 ], [ -71.273788899064343, -32.80564918541112 ], [ -71.273913962617982, -32.805528489666671 ], [ -71.27398098948693, -32.805454788470485 ], [ -71.274078729835395, -32.805352965077141 ], [ -71.274177627439499, -32.805344021836611 ], [ -71.274277785303482, -32.805337097403331 ], [ -71.274330598280955, -32.805274884135656 ], [ -71.274322672587616, -32.805248484945452 ], [ -71.274242756091766, -32.805195829818828 ], [ -71.274172661950431, -32.805149121518966 ], [ -71.274117873185531, -32.805133782759881 ], [ -71.274068060026465, -32.805076496960339 ], [ -71.274011114707221, -32.80507140626618 ], [ -71.273968356862454, -32.80505380706078 ], [ -71.273940396915009, -32.805000207728874 ], [ -71.273884438559094, -32.804938949927589 ], [ -71.273807523611836, -32.804861738540701 ], [ -71.273760257328931, -32.804809510802336 ], [ -71.273718058146471, -32.804766379029495 ], [ -71.273653720111184, -32.804708336025847 ], [ -71.273634127735718, -32.804698483012658 ], [ -71.273615497008876, -32.804726385573055 ], [ -71.273587433941813, -32.804763647514669 ], [ -71.273560111315291, -32.804782519923386 ], [ -71.273497319503022, -32.804737720360265 ], [ -71.273399916295062, -32.804662922660619 ], [ -71.273335150118271, -32.804730457128244 ], [ -71.273257846360821, -32.804827825189612 ], [ -71.2733079449646, -32.804991279038603 ], [ -71.273361707455024, -32.805108726116437 ], [ -71.273390472737674, -32.805193958644047 ], [ -71.273440987250126, -32.805278796096445 ], [ -71.273502493176466, -32.805320556354673 ], [ -71.273527230711025, -32.805342566637705 ], [ -71.273538716327266, -32.805413820510957 ], [ -71.273575900659381, -32.805449897182648 ], [ -71.273555295029809, -32.805495190793259 ], [ -71.273577979918016, -32.80553153085431 ], [ -71.273554749766404, -32.805568704997221 ], [ -71.273591830209071, -32.80560069997675 ], [ -71.273478745077043, -32.805717094250305 ], [ -71.273408508139553, -32.805712244734693 ], [ -71.273387538527288, -32.805743252428556 ], [ -71.273366776809809, -32.805782423487365 ] ] ], [ [ [ -71.273255301667689, -32.805677254523808 ], [ -71.273342818189377, -32.805601139706965 ], [ -71.273404674583077, -32.805514261113302 ], [ -71.273393396963996, -32.805451170592924 ], [ -71.273357615742682, -32.805375253547297 ], [ -71.273295018372195, -32.805290635529595 ], [ -71.273256404943993, -32.805198435601547 ], [ -71.273212165954362, -32.805122672125705 ], [ -71.273170109740704, -32.80503768094794 ], [ -71.273127637850379, -32.804936363010583 ], [ -71.273116685321057, -32.804838556178197 ], [ -71.273125026343308, -32.804786339131944 ], [ -71.273149230909567, -32.804739959328707 ], [ -71.273202044375481, -32.804677746513072 ], [ -71.273269785797936, -32.804584635741307 ], [ -71.273326016027411, -32.804514193671402 ], [ -71.273356625624146, -32.804481989998067 ], [ -71.273379439806561, -32.80442848915547 ], [ -71.273401578285487, -32.804348457358181 ], [ -71.273416973693614, -32.804240983921936 ], [ -71.273411724502822, -32.804129801903059 ], [ -71.27338067299992, -32.804049715352903 ], [ -71.273351427519302, -32.803993076535065 ], [ -71.273321337616252, -32.803950745553145 ], [ -71.273295002478676, -32.803913450831445 ], [ -71.273247529137677, -32.803853059485753 ], [ -71.273204810977262, -32.803789519074435 ], [ -71.273139551560575, -32.803742722333666 ], [ -71.273090311471876, -32.803707885344927 ], [ -71.273023155294396, -32.803681540856687 ], [ -71.272972966838054, -32.803656929977251 ], [ -71.272910357998242, -32.803619273016004 ], [ -71.272851114199227, -32.803571345979286 ], [ -71.272758987540385, -32.803513807092571 ], [ -71.272642422680278, -32.803493464049765 ], [ -71.27256974501276, -32.803487637439716 ], [ -71.272526858316695, -32.803464935581893 ], [ -71.272471473393068, -32.803426126334003 ], [ -71.272427989313456, -32.803379954732684 ], [ -71.272375358682311, -32.803354367050147 ], [ -71.272307475690965, -32.803299450335544 ], [ -71.272258677711221, -32.803281960169272 ], [ -71.272203409368714, -32.80329521426038 ], [ -71.272083932570382, -32.803445412809133 ], [ -71.271972393827951, -32.80357504928039 ], [ -71.271866844164251, -32.803702535159012 ], [ -71.271718939104815, -32.803875709060812 ], [ -71.271557235303462, -32.804076697369545 ], [ -71.271511333063287, -32.804125512464275 ], [ -71.271349368718305, -32.804316296310887 ], [ -71.271249495225646, -32.804429386176771 ], [ -71.271239737136, -32.804473461692069 ], [ -71.27127324340232, -32.804507564045181 ], [ -71.271345596373294, -32.804548107672048 ], [ -71.271413168220477, -32.804590779811953 ], [ -71.271534735385998, -32.804665140550021 ], [ -71.271641258048405, -32.80471833545672 ], [ -71.271719912446486, -32.804768973421837 ], [ -71.271804997891891, -32.804834808006724 ], [ -71.271890798299097, -32.804881232573017 ], [ -71.272003492701018, -32.804939419594376 ], [ -71.272076261909561, -32.804996289519039 ], [ -71.272165687462277, -32.805042648078036 ], [ -71.27222385352735, -32.805095699448238 ], [ -71.272355244186187, -32.805176006363375 ], [ -71.272457376394811, -32.805246635443218 ], [ -71.272560691072982, -32.80531622207053 ], [ -71.272646648199867, -32.805368768607067 ], [ -71.272735022005776, -32.805421271196849 ], [ -71.272819667114376, -32.805469757860401 ], [ -71.272891917608732, -32.80550621883647 ], [ -71.272937403869562, -32.805536019577701 ], [ -71.273022075176925, -32.805585526515152 ], [ -71.273105668211585, -32.805640157441999 ], [ -71.273183648582048, -32.805664263457551 ], [ -71.273255301667689, -32.805677254523808 ] ] ], [ [ [ -71.274191520785138, -32.803564352884209 ], [ -71.274150660268617, -32.803526301382348 ], [ -71.274050438961169, -32.803483203050668 ], [ -71.273967185399968, -32.803441838146988 ], [ -71.273900315113636, -32.803426718762125 ], [ -71.273799067706577, -32.803390785117067 ], [ -71.273766821204546, -32.803358702350934 ], [ -71.273710565454962, -32.803333181096839 ], [ -71.273683048087449, -32.803296928823343 ], [ -71.273644968276656, -32.803273119138069 ], [ -71.273608018778916, -32.803246226227948 ], [ -71.273544305682719, -32.80321267321451 ], [ -71.273481190342224, -32.803202589857143 ], [ -71.273427663125986, -32.803189269629073 ], [ -71.273360949021082, -32.803180272471444 ], [ -71.273178605847576, -32.803187667894377 ], [ -71.273097678464254, -32.803190158564675 ], [ -71.273011918035735, -32.803192736954109 ], [ -71.272959637990368, -32.803228396763814 ], [ -71.272889337919011, -32.803268467366422 ], [ -71.272824026707298, -32.80331457269866 ], [ -71.272770317207474, -32.803389052345686 ], [ -71.272709046295148, -32.803451418551063 ], [ -71.272730158306771, -32.803473494849158 ], [ -71.272774253318204, -32.803496174694104 ], [ -71.272839200602348, -32.803530726582622 ], [ -71.272957090614014, -32.803603110941886 ], [ -71.273044228527809, -32.803654614916496 ], [ -71.273143449202308, -32.8037058993825 ], [ -71.273213281811437, -32.803742404127995 ], [ -71.273289402747309, -32.803835964645678 ], [ -71.27335541592079, -32.803912353519273 ], [ -71.273406644111475, -32.803977781084086 ], [ -71.273437851534595, -32.804063990156081 ], [ -71.273488222261904, -32.804095743780145 ], [ -71.273526016521785, -32.804108328863961 ], [ -71.273578803379024, -32.804045095490224 ], [ -71.2736270169828, -32.80399215410484 ], [ -71.273675386472036, -32.803945335229436 ], [ -71.273747232830615, -32.80391850770426 ], [ -71.273826692640782, -32.803905834327125 ], [ -71.273896824187062, -32.803906601986867 ], [ -71.273945167491362, -32.803858762593897 ], [ -71.274025276142424, -32.803776656570683 ], [ -71.274102656177689, -32.803682349359114 ], [ -71.274191520785138, -32.803564352884209 ] ] ], [ [ [ -71.274888077843343, -32.805187930306978 ], [ -71.274806174520194, -32.805199627902013 ], [ -71.274671134331484, -32.805308255110305 ], [ -71.274512160515272, -32.805331562141262 ], [ -71.274460295918658, -32.805383549320069 ], [ -71.274115245494386, -32.80541023726088 ], [ -71.27392233709773, -32.805619962654411 ], [ -71.274060394269483, -32.80562970498157 ], [ -71.274215419538805, -32.805641180615019 ], [ -71.274496471164952, -32.805664658309517 ], [ -71.274734492475631, -32.805707293526112 ], [ -71.274972566001082, -32.805751969119264 ], [ -71.275125955208352, -32.80579410012944 ], [ -71.275190578789434, -32.805768423944137 ], [ -71.275214872368537, -32.805678143770734 ], [ -71.275203541432575, -32.805613012632719 ], [ -71.275143566835013, -32.805536515054698 ], [ -71.275089049687452, -32.805484419661759 ], [ -71.274984068533129, -32.805349528345097 ], [ -71.274888077843343, -32.805187930306978 ] ] ] ] } },
{ "type": "Feature", "properties": { "fid": 25, "Nombre": "4", "HAS": 26.7, "Plantas": 17799, "Alias:": "Mirador 2", "Especie": "Paltas" }, "geometry": { "type": "MultiPolygon", "coordinates": [ [ [ [ -71.268539861415505, -32.801312478115364 ], [ -71.268423766881298, -32.801310498620403 ], [ -71.268286546292089, -32.801333403356665 ], [ -71.268096163123872, -32.801357271305157 ], [ -71.268049089098923, -32.801217240773219 ], [ -71.267818901985805, -32.801196910158666 ], [ -71.26747477786779, -32.801164350693888 ], [ -71.267176411446869, -32.801124836082309 ], [ -71.266875694329059, -32.800897518529482 ], [ -71.266898926242973, -32.800860345532797 ], [ -71.266772130041531, -32.800817722478619 ], [ -71.266598022197556, -32.800720827682682 ], [ -71.266256505492763, -32.800600420541805 ], [ -71.26614547016969, -32.800702478683661 ], [ -71.266111347084745, -32.800786809941307 ], [ -71.265976923667409, -32.800919918253129 ], [ -71.265905776319798, -32.800974292854548 ], [ -71.265932220132512, -32.801063652973298 ], [ -71.266104463127519, -32.801087077956574 ], [ -71.266331352563029, -32.801072761000682 ], [ -71.266426838413835, -32.801120035032909 ], [ -71.266584083373004, -32.801219277204254 ], [ -71.266801377910014, -32.801303139117913 ], [ -71.266823696219376, -32.801325194624319 ], [ -71.266807577143979, -32.801452077603422 ], [ -71.266804868749148, -32.801535840091297 ], [ -71.266749755967226, -32.801555214322512 ], [ -71.266598224024847, -32.801490579379681 ], [ -71.266145768652976, -32.801190461494308 ], [ -71.265911715016799, -32.801113027187661 ], [ -71.265884408640687, -32.801084936434549 ], [ -71.265815590934778, -32.801088224018507 ], [ -71.265713865959356, -32.801080877390966 ], [ -71.265617612481222, -32.801050971929456 ], [ -71.265521851054899, -32.801040454510179 ], [ -71.265400673332095, -32.800933411907771 ], [ -71.265321982691063, -32.80092871074001 ], [ -71.265246502504567, -32.800907617082167 ], [ -71.26515623874478, -32.800875561062007 ], [ -71.265066303059058, -32.800808788567757 ], [ -71.26497695443382, -32.800717503872193 ], [ -71.264914566934706, -32.800593062563507 ], [ -71.264865815086651, -32.80052962826133 ], [ -71.264796843893393, -32.800240941704502 ], [ -71.264758543853517, -32.800113001762938 ], [ -71.264708213472574, -32.799987321267054 ], [ -71.264705961574009, -32.799898544023996 ], [ -71.264691826240863, -32.79977016682831 ], [ -71.264693880311057, -32.799755837113594 ], [ -71.26475902898656, -32.799798556897066 ], [ -71.264803689738059, -32.79984368914895 ], [ -71.264987373661953, -32.799889368449719 ], [ -71.265164697415017, -32.799874929695008 ], [ -71.26541231362738, -32.799843905048014 ], [ -71.265592338457893, -32.799840646661579 ], [ -71.265752004788482, -32.799844902812922 ], [ -71.266019193682453, -32.799799230126858 ], [ -71.266310348599532, -32.799792937890039 ], [ -71.266775738933774, -32.799888641994485 ], [ -71.266927802779747, -32.799926723879416 ], [ -71.267361855002179, -32.799883130627144 ], [ -71.267420092540632, -32.799939245822216 ], [ -71.267690518208283, -32.800258991537255 ], [ -71.267743456763526, -32.800296826451877 ], [ -71.26798148572837, -32.800578364393303 ], [ -71.267967920173902, -32.800615362429141 ], [ -71.268187583703011, -32.800840062565683 ], [ -71.268369300471392, -32.801046052984631 ], [ -71.268430033671166, -32.801105185121209 ], [ -71.268456910423467, -32.801163909937806 ], [ -71.26843544738459, -32.801175528771289 ], [ -71.268544728045271, -32.801289930218637 ], [ -71.268539861415505, -32.801312478115364 ] ] ], [ [ [ -71.2649902921315, -32.800838238717432 ], [ -71.265056416997012, -32.800871752585152 ], [ -71.265144186581907, -32.800900791127326 ], [ -71.265237099852968, -32.800941987270186 ], [ -71.265282413012528, -32.800965158249774 ], [ -71.265600697479542, -32.801122740824454 ], [ -71.26574786132538, -32.801205832212787 ], [ -71.265825999398729, -32.801141122186458 ], [ -71.265957317835657, -32.801171413579233 ], [ -71.266123832148395, -32.801350118402908 ], [ -71.266299235967182, -32.801498035154005 ], [ -71.266549914181027, -32.801658881092976 ], [ -71.266668411646577, -32.801850705380744 ], [ -71.266718263153052, -32.802004978705206 ], [ -71.266775675267453, -32.802171365821962 ], [ -71.266823748887774, -32.802303211586676 ], [ -71.266897422456609, -32.802538725007139 ], [ -71.266918215202494, -32.802643500641565 ], [ -71.266911736297317, -32.802769188117544 ], [ -71.266824588952417, -32.802907566460462 ], [ -71.266708624411748, -32.803053612903476 ], [ -71.266543327904714, -32.803208719768016 ], [ -71.266396861535895, -32.803296106354907 ], [ -71.266252008356972, -32.803351815807034 ], [ -71.266120307226146, -32.803354200403334 ], [ -71.265953625822647, -32.803264316660297 ], [ -71.265884875084367, -32.803222683705364 ], [ -71.265775820369882, -32.803212407200881 ], [ -71.265662813145923, -32.803236912601498 ], [ -71.265511970008191, -32.803294771426415 ], [ -71.265405728473837, -32.803204813811341 ], [ -71.265370291557943, -32.803142159671076 ], [ -71.265404243157235, -32.802955742127423 ], [ -71.265393799302686, -32.802639453456429 ], [ -71.265401272676726, -32.802457598731003 ], [ -71.265364282464361, -32.802333718936211 ], [ -71.26531341476813, -32.802234591794466 ], [ -71.265121250806445, -32.802093102358846 ], [ -71.265101124871421, -32.801966875476715 ], [ -71.26484361290423, -32.801822484587412 ], [ -71.264656888095445, -32.801609433233828 ], [ -71.264567461367633, -32.801515086989568 ], [ -71.26447201125886, -32.801373888420905 ], [ -71.264433486371288, -32.80128474652728 ], [ -71.264352034323892, -32.801218840933679 ], [ -71.264324159007117, -32.801168300401216 ], [ -71.264446277033755, -32.801217135968223 ], [ -71.264568654024657, -32.801276175689431 ], [ -71.264704960591757, -32.801312503532635 ], [ -71.264850829644075, -32.80134457460791 ], [ -71.265014218439973, -32.801304865742132 ], [ -71.265125721844655, -32.80122117622053 ], [ -71.265075709463858, -32.801155723037866 ], [ -71.264995991958187, -32.801015261062375 ], [ -71.264920114983269, -32.800930878823145 ], [ -71.264923981384896, -32.800916516312569 ], [ -71.264975253722469, -32.800912525823584 ], [ -71.264931101595892, -32.800839820253891 ], [ -71.264943580956242, -32.800831427264974 ], [ -71.264970304490802, -32.800836558616538 ], [ -71.2649902921315, -32.800838238717432 ] ] ], [ [ [ -71.264025498969147, -32.801212497050024 ], [ -71.264425561534637, -32.801544197556105 ], [ -71.264491703266373, -32.801673675652722 ], [ -71.264572033560938, -32.801790646243312 ], [ -71.26478678974901, -32.802060360683477 ], [ -71.264997715613291, -32.802179051417895 ], [ -71.265036206866654, -32.802362116141616 ], [ -71.265136802717606, -32.802515471836756 ], [ -71.265219137244969, -32.802901922194316 ], [ -71.265134213718909, -32.802985130802639 ], [ -71.265200806713523, -32.803322863023624 ], [ -71.265253176810731, -32.803481174946775 ], [ -71.265188310138527, -32.803592605675142 ], [ -71.265155894115921, -32.803744284915524 ], [ -71.265111412583792, -32.803992146704772 ], [ -71.265046959668069, -32.804119904209799 ], [ -71.265029077147389, -32.804177397993548 ], [ -71.265137787887028, -32.80426935300089 ], [ -71.265300491885469, -32.80439299933694 ], [ -71.265281090910108, -32.804581195272775 ], [ -71.265120700921983, -32.805310975769416 ], [ -71.265130505770941, -32.805506810261029 ], [ -71.265537394011758, -32.805915970929291 ], [ -71.265467417853344, -32.806207171871051 ], [ -71.265234318809647, -32.806358399956657 ], [ -71.265041749300337, -32.806582398601812 ], [ -71.264788728486124, -32.806901413284606 ], [ -71.264076685183809, -32.806853042621043 ], [ -71.263478984662768, -32.806737262658579 ], [ -71.263752927737031, -32.806671054235473 ], [ -71.26398696200458, -32.806556564162697 ], [ -71.263380911320851, -32.806302092878255 ], [ -71.26320494839085, -32.806227686865597 ], [ -71.262821570681439, -32.806173365166757 ], [ -71.262579598620889, -32.806165489035955 ], [ -71.263089096512758, -32.805854092029406 ], [ -71.263116202431206, -32.805588168915833 ], [ -71.263153419216664, -32.805530325768025 ], [ -71.263205239025467, -32.805476302130387 ], [ -71.263201306463969, -32.805321197035809 ], [ -71.263040612289259, -32.804895326337345 ], [ -71.263120572424228, -32.804616196752114 ], [ -71.26297368529103, -32.804353419638083 ], [ -71.262710079944668, -32.804064167367898 ], [ -71.262766288870353, -32.803801801696309 ], [ -71.262988685056371, -32.803609935885575 ], [ -71.263088524401383, -32.803542793320354 ], [ -71.263090667119869, -32.803436581352322 ], [ -71.263239871816964, -32.803409381923295 ], [ -71.263344026389845, -32.803321743205508 ], [ -71.263462338472991, -32.803029669110892 ], [ -71.263533281969274, -32.802967132351704 ], [ -71.263699923429897, -32.802674184014045 ], [ -71.263759440863382, -32.802542432836603 ], [ -71.263826585799308, -32.802520800476948 ], [ -71.26394544488366, -32.80244106249777 ], [ -71.26400516883875, -32.802317474647133 ], [ -71.264021499028829, -32.802198755289929 ], [ -71.264100244213438, -32.802062572575316 ], [ -71.264101764703696, -32.801931870344525 ], [ -71.26403303551109, -32.80170034920414 ], [ -71.263992388950143, -32.801527532044354 ], [ -71.263997552256228, -32.801349802675041 ], [ -71.264025498969147, -32.801212497050024 ] ] ], [ [ [ -71.262251452451366, -32.807193337948775 ], [ -71.262619077967585, -32.807102978831402 ], [ -71.262863876822735, -32.807412988907032 ], [ -71.263007390547131, -32.807447146247448 ], [ -71.26316716369746, -32.807550430314876 ], [ -71.263281590009512, -32.807676993939261 ], [ -71.263330922095307, -32.807810860039297 ], [ -71.263430227955098, -32.807913195458489 ], [ -71.26352392436408, -32.807985005375706 ], [ -71.263574276206612, -32.808063724553698 ], [ -71.263580885291503, -32.808228990106024 ], [ -71.263595763625133, -32.808338977728596 ], [ -71.263894412137077, -32.808388704127026 ], [ -71.26401719661672, -32.808368106873175 ], [ -71.264020493360348, -32.808402757679488 ], [ -71.264012224416263, -32.808458035620141 ], [ -71.263828262676768, -32.808545076816131 ], [ -71.263719890606339, -32.808657293797225 ], [ -71.263621599091479, -32.808785662689658 ], [ -71.263544229361713, -32.808880984451775 ], [ -71.26344212323302, -32.808954293846526 ], [ -71.263345885414807, -32.809068332855055 ], [ -71.263237563869026, -32.809182590319033 ], [ -71.263179526995046, -32.809277562248397 ], [ -71.263075381167752, -32.809461164966862 ], [ -71.262929581646233, -32.809623061085141 ], [ -71.262750671999257, -32.809814140771621 ], [ -71.262598278747717, -32.809906734839359 ], [ -71.262375903742949, -32.810004677427962 ], [ -71.262144674451932, -32.8100394841426 ], [ -71.26200374306616, -32.810107368827133 ], [ -71.261907347014869, -32.810215284273752 ], [ -71.261768218320128, -32.810306616725427 ], [ -71.261620830638634, -32.810358283342744 ], [ -71.261456751440647, -32.810371457367083 ], [ -71.261365057012043, -32.810283275434109 ], [ -71.261267805377571, -32.810166608751828 ], [ -71.261262506539595, -32.810148328366786 ], [ -71.261327241049329, -32.810126740763813 ], [ -71.261442933608308, -32.810112399489107 ], [ -71.261516366237302, -32.810147824786192 ], [ -71.261609015323245, -32.810082854971625 ], [ -71.261675597511314, -32.810038774091325 ], [ -71.261778766642323, -32.810007303601878 ], [ -71.261931135109094, -32.809913690061009 ], [ -71.261987972546891, -32.809866722458644 ], [ -71.262150506102884, -32.809840304054759 ], [ -71.262364041864529, -32.809775190323542 ], [ -71.262458563411727, -32.80968874724207 ], [ -71.262524871253774, -32.809538497730287 ], [ -71.262532453677196, -32.809360724792946 ], [ -71.262518474332339, -32.809238470028255 ], [ -71.262496638991692, -32.809187819986789 ], [ -71.262459845297855, -32.809167046335986 ], [ -71.262346478568659, -32.809082319578913 ], [ -71.262270474657342, -32.809040815855049 ], [ -71.26216874794504, -32.809081448712057 ], [ -71.261987580458381, -32.809135768091487 ], [ -71.261819368405142, -32.809176581424794 ], [ -71.261772294484828, -32.809179473967681 ], [ -71.26173492502636, -32.80908826867968 ], [ -71.261793344210233, -32.808960621800999 ], [ -71.261915159001191, -32.808806306731661 ], [ -71.261954946091464, -32.808730551777337 ], [ -71.261904049876733, -32.808701865670713 ], [ -71.261758348099931, -32.808748397441363 ], [ -71.261640395822269, -32.808768905176905 ], [ -71.261608772011328, -32.808761309487487 ], [ -71.261684486420279, -32.808672144163054 ], [ -71.261731863373186, -32.808633514820706 ], [ -71.26174932560501, -32.808583175334348 ], [ -71.261724780323348, -32.808544824865677 ], [ -71.26168262710884, -32.808527210517774 ], [ -71.261571605398984, -32.808558822793017 ], [ -71.261423648186806, -32.808564048634842 ], [ -71.261338062751278, -32.808573762261879 ], [ -71.261270447306629, -32.808577025767761 ], [ -71.261350546237892, -32.808493906795327 ], [ -71.261551347958545, -32.808212594608705 ], [ -71.261522521982684, -32.808172279655082 ], [ -71.26147819450847, -32.808140411973973 ], [ -71.26139168554424, -32.80816137217446 ], [ -71.261271162138968, -32.808175800625754 ], [ -71.261172492158693, -32.808193917714483 ], [ -71.261107319514593, -32.808198157886281 ], [ -71.261053945880263, -32.808190954998892 ], [ -71.261199889422983, -32.808130127143698 ], [ -71.261321226551033, -32.808052388490459 ], [ -71.261455751716966, -32.807970327837126 ], [ -71.261523404657808, -32.807873141111074 ], [ -71.261545089167811, -32.807774743228109 ], [ -71.261554690340205, -32.80767656369148 ], [ -71.26154364649571, -32.807574673629226 ], [ -71.261539878499946, -32.807473672984976 ], [ -71.261534152399562, -32.807343101728982 ], [ -71.261577607274901, -32.80738825682338 ], [ -71.26160873932831, -32.807376464391503 ], [ -71.26155723298281, -32.807299807014587 ], [ -71.26177161657165, -32.807268368674016 ], [ -71.261798310128128, -32.807319951975757 ], [ -71.261882401527231, -32.80729903520686 ], [ -71.261861620254962, -32.807242240592437 ], [ -71.26204291335749, -32.807193023688619 ], [ -71.26218630436054, -32.807270061846133 ], [ -71.262274253346121, -32.807258263155063 ], [ -71.262251452451366, -32.807193337948775 ] ] ], [ [ [ -71.257793535350501, -32.808715345685158 ], [ -71.258021633912918, -32.808747982759215 ], [ -71.258242730453347, -32.808694990402877 ], [ -71.258516580751504, -32.808624711311481 ], [ -71.258632168695598, -32.80860629097478 ], [ -71.25850590222089, -32.808775996776667 ], [ -71.25841675320487, -32.80888377883872 ], [ -71.258403182567989, -32.808920776020123 ], [ -71.258523191163206, -32.808885941650175 ], [ -71.258479608406063, -32.809074573199155 ], [ -71.258434063060491, -32.809185651980194 ], [ -71.258502221427719, -32.809203819033286 ], [ -71.258555626674934, -32.80926002548145 ], [ -71.258466818234496, -32.809429055252401 ], [ -71.258363292155693, -32.809494219062664 ], [ -71.258246107351212, -32.809497354538834 ], [ -71.258181702964023, -32.809484224099968 ], [ -71.258214979224121, -32.809557128247043 ], [ -71.258269035199177, -32.809686827652918 ], [ -71.258202709661504, -32.809741111094709 ], [ -71.25813622913158, -32.809789271917737 ], [ -71.258263551157711, -32.809852311913801 ], [ -71.258496290257398, -32.809972661429782 ], [ -71.258433595035314, -32.810074861631229 ], [ -71.258359275556728, -32.810147665560208 ], [ -71.258247677328825, -32.810228288410215 ], [ -71.258162198246907, -32.810290063731827 ], [ -71.258018175172154, -32.810331456471744 ], [ -71.257905182305763, -32.810356975755084 ], [ -71.257795117465704, -32.810354877894547 ], [ -71.257703224893078, -32.810306511739853 ], [ -71.257593258525333, -32.810260513349661 ], [ -71.257481670915311, -32.810198209750517 ], [ -71.257330331725939, -32.810093745380449 ], [ -71.257225370662965, -32.809958838314778 ], [ -71.257180088817236, -32.809889213115596 ], [ -71.257165553469576, -32.809792490034916 ], [ -71.257290594381161, -32.809669768887296 ], [ -71.257337049384503, -32.809642387653057 ], [ -71.257311002796229, -32.809616314127844 ], [ -71.25744936101114, -32.809494373523783 ], [ -71.257474576912742, -32.809439811125202 ], [ -71.257415156233023, -32.809384733603494 ], [ -71.257473926905078, -32.80936631825049 ], [ -71.257469424280103, -32.809331688963702 ], [ -71.257319944862772, -32.809300695588519 ], [ -71.257277157443824, -32.8092340881119 ], [ -71.257215831870937, -32.809151480617096 ], [ -71.257125712413213, -32.809077559576167 ], [ -71.257078220875286, -32.809016141349829 ], [ -71.257039260781738, -32.808909649756743 ], [ -71.257016086735206, -32.808805936150286 ], [ -71.257009085747583, -32.808720307023066 ], [ -71.256985679560202, -32.808607409515439 ], [ -71.256999220491664, -32.808521409929611 ], [ -71.257018545075965, -32.808425097063527 ], [ -71.257043270695505, -32.80835114653469 ], [ -71.257080260327399, -32.808284121106688 ], [ -71.257107282532274, -32.808300989023884 ], [ -71.257119344660566, -32.808347732767537 ], [ -71.257156631709293, -32.808435878367526 ], [ -71.257228160818542, -32.808491758550666 ], [ -71.257304626628212, -32.808551633238721 ], [ -71.257349314232357, -32.808597788499128 ], [ -71.257400813207056, -32.808626465628329 ], [ -71.257587109734828, -32.808679254545169 ], [ -71.257793535350501, -32.808715345685158 ] ] ], [ [ [ -71.25598284179874, -32.808150773220703 ], [ -71.256033153627342, -32.808132511033229 ], [ -71.25605093948937, -32.808070936550493 ], [ -71.256069614131349, -32.808188003160012 ], [ -71.256018020481093, -32.808251207972361 ], [ -71.255928146663194, -32.808330416256268 ], [ -71.255828528559022, -32.808406737423567 ], [ -71.255896332519882, -32.808506584141533 ], [ -71.255930453792118, -32.808565181163061 ], [ -71.255863070100048, -32.808577625650173 ], [ -71.255875647461536, -32.808644778196516 ], [ -71.255544033390308, -32.808821245096397 ], [ -71.255702250514233, -32.809150185302549 ], [ -71.255803240293446, -32.809175929270033 ], [ -71.255889888504939, -32.809256039246272 ], [ -71.255954381607808, -32.809416178544929 ], [ -71.256005148458442, -32.809607192165913 ], [ -71.256054320265719, -32.809782921045858 ], [ -71.256354857988313, -32.809955139081303 ], [ -71.256486754572919, -32.810007889462 ], [ -71.256601734182723, -32.81006094473635 ], [ -71.256718821025956, -32.810101711134671 ], [ -71.256850511590628, -32.810146297655962 ], [ -71.256978264227953, -32.81041759423988 ], [ -71.257285166754215, -32.810697910229088 ], [ -71.257443039260352, -32.810821653814394 ], [ -71.257518329550862, -32.810930552558432 ], [ -71.257561101908991, -32.811092103601354 ], [ -71.257392346548201, -32.811159464232198 ], [ -71.25737878675929, -32.811053535533844 ], [ -71.25731358592256, -32.811056753394467 ], [ -71.256919949377561, -32.810645285087617 ], [ -71.256858270709287, -32.810644355595642 ], [ -71.256865220206478, -32.810727943843027 ], [ -71.256825791391677, -32.81084197447359 ], [ -71.256726537066498, -32.810980564553283 ], [ -71.256691244809758, -32.811066956326897 ], [ -71.25664278496285, -32.811110707846659 ], [ -71.256619189354524, -32.811181575228794 ], [ -71.256532241804791, -32.811233166986064 ], [ -71.256387756181837, -32.811304172260542 ], [ -71.256147167132127, -32.811399369713442 ], [ -71.256017487067197, -32.811434376247838 ], [ -71.255817978458808, -32.811480850337603 ], [ -71.255627672469231, -32.81150878209192 ], [ -71.255522594425713, -32.811512717767478 ], [ -71.255326780552195, -32.811466222815262 ], [ -71.255186733108829, -32.811425868911336 ], [ -71.255001923960123, -32.811384279618181 ], [ -71.2548673806632, -32.811370369510264 ], [ -71.254713451675585, -32.811354766727092 ], [ -71.254573559322026, -32.811320534716295 ], [ -71.254382373600876, -32.811265787697955 ], [ -71.254288064990121, -32.811217462536405 ], [ -71.254217102383194, -32.811184030249493 ], [ -71.254172414954226, -32.811137873873456 ], [ -71.254136389437562, -32.811051746441997 ], [ -71.254127541162404, -32.81098861014199 ], [ -71.254093213832604, -32.810921849168174 ], [ -71.254012813522991, -32.810849792618242 ], [ -71.253943752634484, -32.810795907951643 ], [ -71.253850962377626, -32.810759805869431 ], [ -71.253767043146979, -32.810739878329144 ], [ -71.253711560852949, -32.81074496108338 ], [ -71.253638287869308, -32.810763635862465 ], [ -71.253533648549833, -32.81078491721405 ], [ -71.25343453575266, -32.810785681003345 ], [ -71.253331153697786, -32.810760999127965 ], [ -71.253248595008202, -32.810699189910444 ], [ -71.253213085832726, -32.810633470849687 ], [ -71.2531665725176, -32.810562845404696 ], [ -71.253132735553891, -32.810515472380395 ], [ -71.252999943091751, -32.810522967563188 ], [ -71.252924503968799, -32.810407943229819 ], [ -71.252966356780007, -32.810341852289064 ], [ -71.252929534230447, -32.810224090959728 ], [ -71.252891789067107, -32.810165558334056 ], [ -71.252982388743007, -32.810114924227079 ], [ -71.252927773315633, -32.809962772657165 ], [ -71.253028920298576, -32.810042623648044 ], [ -71.253047893549279, -32.810027989497463 ], [ -71.252987212826653, -32.809922908474924 ], [ -71.252887916063827, -32.809820564370774 ], [ -71.25286579576732, -32.809614741068742 ], [ -71.252869495859642, -32.809569754926528 ], [ -71.252916696976214, -32.80952398569768 ], [ -71.252957359880455, -32.809314990387676 ], [ -71.252970984380212, -32.80928003456814 ], [ -71.253020452141229, -32.809324063570081 ], [ -71.253048576919539, -32.809288846700632 ], [ -71.253019571632791, -32.809193404408795 ], [ -71.253089131655486, -32.808979805241357 ], [ -71.253130875917407, -32.808813668148389 ], [ -71.25314711350569, -32.808594903522831 ], [ -71.253189274508017, -32.808541057751633 ], [ -71.253162372155032, -32.808337362367396 ], [ -71.253166324911746, -32.808206616179817 ], [ -71.253225861400139, -32.808074869284177 ], [ -71.253281697858498, -32.807988108518522 ], [ -71.253264111299487, -32.807961881784877 ], [ -71.253175003227085, -32.807975736845314 ], [ -71.25303247053678, -32.807980344629314 ], [ -71.252981870211912, -32.807891416449245 ], [ -71.252946697317327, -32.807838962884539 ], [ -71.252834139298173, -32.807785860512233 ], [ -71.252769704566234, -32.807627760141969 ], [ -71.252710566991496, -32.807487940562879 ], [ -71.252707218945204, -32.807355283971511 ], [ -71.252760334071382, -32.807352286119652 ], [ -71.252823532290321, -32.807461405619669 ], [ -71.252926835314199, -32.807531008997074 ], [ -71.253005564219706, -32.807680684771157 ], [ -71.253197254220993, -32.807707860796405 ], [ -71.253272536623712, -32.807816762485913 ], [ -71.253339178034892, -32.807870691176134 ], [ -71.253431424009548, -32.807885364663655 ], [ -71.253440528984143, -32.807958705423793 ], [ -71.25340654589796, -32.808049156377542 ], [ -71.253366188614322, -32.808174432641842 ], [ -71.253368507240566, -32.808266271767089 ], [ -71.25337422155286, -32.808396843896602 ], [ -71.253326510958715, -32.808518168950137 ], [ -71.253327180780005, -32.808544700252412 ], [ -71.253375669285916, -32.808549952611187 ], [ -71.253430836013507, -32.808436660477462 ], [ -71.253481184609839, -32.808611348456225 ], [ -71.253478675135383, -32.808799238961889 ], [ -71.25352552523232, -32.808931112166718 ], [ -71.253596645643086, -32.809066631907434 ], [ -71.253698462074482, -32.809173013678937 ], [ -71.25390326980785, -32.809240788236423 ], [ -71.25400595726417, -32.809285900159217 ], [ -71.254165872832161, -32.809299354287958 ], [ -71.254421941542986, -32.809290658209996 ], [ -71.254645819542489, -32.809251914602456 ], [ -71.254866661877273, -32.809188723740711 ], [ -71.255034535693753, -32.809038689698092 ], [ -71.25504337064271, -32.808909897358724 ], [ -71.255033941196686, -32.808632383003022 ], [ -71.255101801192865, -32.80844739860968 ], [ -71.255185914311696, -32.808331542376045 ], [ -71.255300677645238, -32.808280471235832 ], [ -71.255492421005059, -32.808309684521284 ], [ -71.255570167574888, -32.808324617715691 ], [ -71.25598284179874, -32.808150773220703 ] ] ] ] } },
{ "type": "Feature", "properties": { "fid": 26, "Nombre": "7", "HAS": 12.34, "Plantas": 20567, "Alias:": "P7", "Especie": "Naranjas" }, "geometry": { "type": "MultiPolygon", "coordinates": [ [ [ [ -71.266837643310708, -32.801588843538767 ], [ -71.266868896787969, -32.80129630137656 ], [ -71.266545880317409, -32.801142891380962 ], [ -71.266318557856323, -32.801044918035323 ], [ -71.266108169380061, -32.801042601886621 ], [ -71.265955206446677, -32.80101678607717 ], [ -71.265975400726347, -32.80095516673277 ], [ -71.266146951829398, -32.800856096686708 ], [ -71.266229748493615, -32.80068921249083 ], [ -71.266279302683841, -32.800641354058349 ], [ -71.266349898117582, -32.8006604937476 ], [ -71.266588939235874, -32.800743962317156 ], [ -71.266758887800265, -32.800867475736759 ], [ -71.267084028372921, -32.801104560166074 ], [ -71.267233558108302, -32.801185565126573 ], [ -71.267968772329581, -32.801243708054614 ], [ -71.268016178733362, -32.801254078900072 ], [ -71.268017096184764, -32.801337775686186 ], [ -71.267969917361668, -32.801431532034336 ], [ -71.267940369534969, -32.801505571890566 ], [ -71.26798227925299, -32.801537481142596 ], [ -71.26801780063623, -32.801508252425144 ], [ -71.268016297089105, -32.801449067746738 ], [ -71.268104306937772, -32.801392344617327 ], [ -71.26823679842343, -32.801373609359231 ], [ -71.268376331857809, -32.80134657917943 ], [ -71.268560865657875, -32.801377945158201 ], [ -71.268653884582946, -32.801423220369799 ], [ -71.268762175603669, -32.801593788770383 ], [ -71.268924511518321, -32.801798087798964 ], [ -71.269036806594343, -32.801935914708409 ], [ -71.269015567831943, -32.802146604073755 ], [ -71.26900329927517, -32.802234623438508 ], [ -71.268973431789405, -32.802486305008948 ], [ -71.268921400601968, -32.802722054033033 ], [ -71.268814640376632, -32.803087427863844 ], [ -71.268756167578019, -32.803259998112516 ], [ -71.268681733576969, -32.803565573968683 ], [ -71.268646897419515, -32.803907184248288 ], [ -71.268603717423701, -32.804301011375621 ], [ -71.268506390800596, -32.80408634577546 ], [ -71.268454222038343, -32.803936198894768 ], [ -71.268479330962023, -32.803782609593277 ], [ -71.268492097816818, -32.803619035034046 ], [ -71.268545945710102, -32.803454715883134 ], [ -71.268595167817679, -32.803298647713056 ], [ -71.268616688059183, -32.803194126378713 ], [ -71.268588114460854, -32.803021092165025 ], [ -71.268457352248518, -32.802727402670669 ], [ -71.268341110701684, -32.802529413976423 ], [ -71.268230376787471, -32.802357868616461 ], [ -71.268147863547057, -32.802155184893664 ], [ -71.267663829892356, -32.801849519618706 ], [ -71.267549373572535, -32.801816882789119 ], [ -71.267377647224393, -32.801813868393921 ], [ -71.267292396243533, -32.801788869424094 ], [ -71.267096382049417, -32.80168624684606 ], [ -71.266838627886415, -32.801627619738312 ], [ -71.266837643310708, -32.801588843538767 ] ] ], [ [ [ -71.266769397836995, -32.801757506374614 ], [ -71.266933531038987, -32.801842330773489 ], [ -71.266958758334567, -32.801883730577366 ], [ -71.267122341218652, -32.80204206915338 ], [ -71.267325793474129, -32.802056759926124 ], [ -71.267558528851509, -32.802082149702919 ], [ -71.267633320649949, -32.802123672298073 ], [ -71.267804160449515, -32.802186935205796 ], [ -71.267878703322381, -32.802266235279419 ], [ -71.267849119173917, -32.802291272805277 ], [ -71.267891107015345, -32.802326243345782 ], [ -71.267926224090075, -32.802328669723742 ], [ -71.267976239202341, -32.80239412163516 ], [ -71.268035775066608, -32.802501257700541 ], [ -71.268119253105922, -32.802646753881064 ], [ -71.268146047006141, -32.802797360798081 ], [ -71.268249822277355, -32.802885318934607 ], [ -71.268268423194613, -32.80295134001021 ], [ -71.268377104467575, -32.80313721503164 ], [ -71.268440706950827, -32.803261632378941 ], [ -71.268434022764808, -32.803379156431369 ], [ -71.268387315270076, -32.803396337271835 ], [ -71.268361635812113, -32.803527477217784 ], [ -71.268342194819425, -32.803856557689862 ], [ -71.26831673303333, -32.804043842891836 ], [ -71.26834619836022, -32.804061684983679 ], [ -71.268469987519708, -32.804318748676103 ], [ -71.268437919550934, -32.804626619194345 ], [ -71.26841788243091, -32.804932229856412 ], [ -71.268379502493019, -32.804944155305627 ], [ -71.268355181567514, -32.805176339180022 ], [ -71.268224369920944, -32.80526140240665 ], [ -71.268210331986026, -32.805374976119801 ], [ -71.268164883572538, -32.805394175871463 ], [ -71.268141868914739, -32.805487494365543 ], [ -71.268113258771152, -32.805503326265487 ], [ -71.268115021899874, -32.805572715149111 ], [ -71.268160988992221, -32.805573923906053 ], [ -71.268157296681579, -32.805618910183192 ], [ -71.268105065065669, -32.805656608947828 ], [ -71.268106465199963, -32.805711711883852 ], [ -71.268057936187461, -32.8057524062149 ], [ -71.267990629103579, -32.805862861646553 ], [ -71.267976450908293, -32.805923351355688 ], [ -71.267652211543975, -32.805912892216583 ], [ -71.267537889574299, -32.805933339620914 ], [ -71.267429660895019, -32.805955718320675 ], [ -71.267361254274959, -32.805975333717797 ], [ -71.267229999872882, -32.806043048757552 ], [ -71.267111699680825, -32.806097257374958 ], [ -71.266969087498708, -32.806193762943685 ], [ -71.266907567601308, -32.806198960829725 ], [ -71.266728773952991, -32.806251202095012 ], [ -71.266617489791855, -32.806296095133455 ], [ -71.266566714997424, -32.806295993780317 ], [ -71.266369252220684, -32.806327133841556 ], [ -71.266121765733473, -32.806387764419362 ], [ -71.266047799864765, -32.806378894706818 ], [ -71.265989782621347, -32.806283981002082 ], [ -71.265978734004932, -32.806182091524256 ], [ -71.266010647834463, -32.80596304214329 ], [ -71.265970411184227, -32.805949478106868 ], [ -71.265993358006483, -32.805758155244263 ], [ -71.266012128385299, -32.80564041244866 ], [ -71.266044519296855, -32.805630637937696 ], [ -71.266053338265834, -32.805501845464448 ], [ -71.26601294639643, -32.805482158874504 ], [ -71.266030249375106, -32.805354233688938 ], [ -71.266068868658223, -32.805113624073321 ], [ -71.265983587255377, -32.804944678601807 ], [ -71.265876142597492, -32.804759799980069 ], [ -71.265888880690298, -32.804690148481193 ], [ -71.265881647770371, -32.804643318237687 ], [ -71.265907649621283, -32.804429480352987 ], [ -71.265865972294662, -32.804406754285232 ], [ -71.265870709532621, -32.804307641663492 ], [ -71.265849676641039, -32.804288625424441 ], [ -71.265720794921933, -32.804116385458876 ], [ -71.265724592048329, -32.804075480899449 ], [ -71.265650066339006, -32.803949218042604 ], [ -71.265665842652496, -32.803904013053391 ], [ -71.265656012098574, -32.803850083540723 ], [ -71.265610839778532, -32.803832525121919 ], [ -71.265533405860879, -32.803686917807966 ], [ -71.265535684031263, -32.803633789996923 ], [ -71.265551200606467, -32.803435455371599 ], [ -71.26555673212566, -32.803319994032741 ], [ -71.265743745567846, -32.803258417697023 ], [ -71.265866194868892, -32.803272535321867 ], [ -71.265929957163948, -32.803308133223695 ], [ -71.265995704835902, -32.803374322013866 ], [ -71.266112786470671, -32.803415079854545 ], [ -71.266298756129203, -32.803407629051641 ], [ -71.266559869128642, -32.803265079918461 ], [ -71.266719331666565, -32.803118245849475 ], [ -71.266891297610002, -32.80289257618854 ], [ -71.266966896784282, -32.802727863685831 ], [ -71.266958108786568, -32.802619807945995 ], [ -71.26693017011705, -32.802519245326486 ], [ -71.266893297758614, -32.80235248629775 ], [ -71.266811072518593, -32.802161026248285 ], [ -71.266700426681169, -32.801897597242451 ], [ -71.266690482719554, -32.801791604186803 ], [ -71.266769397836995, -32.801757506374614 ] ] ], [ [ [ -71.26525211110696, -32.803558271864205 ], [ -71.265561794276465, -32.804138660701135 ], [ -71.265737912466946, -32.804505036771964 ], [ -71.265684766001613, -32.804601963039346 ], [ -71.265405185449083, -32.804445722323663 ], [ -71.265374063196646, -32.804362572199366 ], [ -71.265219489236983, -32.804273489269917 ], [ -71.265067073216613, -32.804174158130031 ], [ -71.265209131221155, -32.803579467652348 ], [ -71.26525211110696, -32.803558271864205 ] ] ], [ [ [ -71.265342993869908, -32.804567313666986 ], [ -71.265627648908008, -32.804637707433173 ], [ -71.265912222002868, -32.805085833309469 ], [ -71.265869052590702, -32.805194829766329 ], [ -71.265847251522374, -32.805193182662606 ], [ -71.265784386661196, -32.805288243121169 ], [ -71.265830268225031, -32.80538133486867 ], [ -71.26580265241688, -32.805626849694711 ], [ -71.265720747137962, -32.805638541409635 ], [ -71.265340459564726, -32.805324864021706 ], [ -71.265181516837742, -32.805254236292484 ], [ -71.265209755783104, -32.805033211765981 ], [ -71.265258605319048, -32.805052745549936 ], [ -71.265286549924724, -32.804629589009593 ], [ -71.265335140291967, -32.804638918504935 ], [ -71.265342993869908, -32.804567313666986 ] ] ], [ [ [ -71.265182155815765, -32.805374690400065 ], [ -71.265378228149928, -32.805479356517345 ], [ -71.26550016341406, -32.805615991172438 ], [ -71.265648060051774, -32.805727654245445 ], [ -71.26576586995165, -32.805796984207987 ], [ -71.265805209030901, -32.805822815305845 ], [ -71.265792333556007, -32.805982308061608 ], [ -71.265594241618857, -32.806083900054666 ], [ -71.265558355073281, -32.806098842207909 ], [ -71.265575183591906, -32.805904567468637 ], [ -71.265406710830788, -32.805744273779489 ], [ -71.26514680483686, -32.805506004827144 ], [ -71.265158197062036, -32.805383291183404 ], [ -71.265182155815765, -32.805374690400065 ] ] ], [ [ [ -71.265660267096877, -32.806113331691748 ], [ -71.265758400196418, -32.806264689465117 ], [ -71.265823615229834, -32.806357431184658 ], [ -71.265775093897517, -32.806446106596567 ], [ -71.265666623162133, -32.806554243375494 ], [ -71.265538249364141, -32.806640280654541 ], [ -71.265285816329509, -32.80679185883406 ], [ -71.265133845200282, -32.806900782517737 ], [ -71.264874333380789, -32.806868726843703 ], [ -71.26506659316469, -32.806632483299545 ], [ -71.265188010727471, -32.806462858975408 ], [ -71.265413083321747, -32.806281149394835 ], [ -71.265660267096877, -32.806113331691748 ] ] ], [ [ [ -71.265106710079891, -32.806974778088971 ], [ -71.265082077997818, -32.807099773119624 ], [ -71.265017752539862, -32.807232632784306 ], [ -71.264969946296745, -32.807301897953167 ], [ -71.264946953784843, -32.807396236427437 ], [ -71.264874186893678, -32.807482287606668 ], [ -71.264852419813067, -32.807529642704097 ], [ -71.2647351949891, -32.807578725210618 ], [ -71.264718131659876, -32.807620890691886 ], [ -71.264630010047483, -32.80767353004191 ], [ -71.264527146909771, -32.807669265925583 ], [ -71.264513000964769, -32.807635832334363 ], [ -71.264323423896442, -32.807501441501415 ], [ -71.264327239238298, -32.807413575461183 ], [ -71.264458334222638, -32.807291758800197 ], [ -71.264573185495152, -32.807196779210187 ], [ -71.264681321768961, -32.807075377747545 ], [ -71.265004054905219, -32.806978677743835 ], [ -71.265106710079891, -32.806974778088971 ] ] ], [ [ [ -71.264636631342242, -32.807029225228568 ], [ -71.264602012846339, -32.807094168051286 ], [ -71.264465523945162, -32.807241604835376 ], [ -71.26434457910959, -32.807334652787347 ], [ -71.264295814475034, -32.80736616191826 ], [ -71.264230660258264, -32.807323442172923 ], [ -71.264149650870849, -32.807322865945629 ], [ -71.263887567628913, -32.807141804001574 ], [ -71.263774486997619, -32.807068303163462 ], [ -71.263802132808735, -32.806966734432123 ], [ -71.263977036495646, -32.806999301986018 ], [ -71.26410584299505, -32.807025556953306 ], [ -71.264285545945199, -32.807009034261398 ], [ -71.264569759604967, -32.807014100911935 ], [ -71.264636631342242, -32.807029225228568 ] ] ] ] } },
{ "type": "Feature", "properties": { "fid": 28, "Nombre": "25", "HAS": 11.84, "Plantas": 13156, "Alias:": "P25", "Especie": "Mandarina" }, "geometry": { "type": "MultiPolygon", "coordinates": [ [ [ [ -71.272455242729919, -32.798082406248987 ], [ -71.27258680711725, -32.798057687858268 ], [ -71.272607296511055, -32.79808363312214 ], [ -71.272610644914295, -32.798140991819608 ], [ -71.272625451221288, -32.798166242768737 ], [ -71.272602363337228, -32.798186599276605 ], [ -71.272621066603065, -32.798216564430355 ], [ -71.272611850998672, -32.798299671012778 ], [ -71.272571123808845, -32.798443161683096 ], [ -71.272530974331929, -32.79864645381916 ], [ -71.272543395632042, -32.798689292919228 ], [ -71.272542725334759, -32.798737154661808 ], [ -71.272560829059231, -32.798854854920343 ], [ -71.272585904377664, -32.79902386688498 ], [ -71.272604703332931, -32.799150326927993 ], [ -71.272623933344093, -32.799312267567849 ], [ -71.272621821850606, -32.799377700314309 ], [ -71.272416413790182, -32.799469153840086 ], [ -71.272333124038326, -32.799498578174152 ], [ -71.272025154039042, -32.799567170678785 ], [ -71.271952854593835, -32.799620320058544 ], [ -71.271858156265139, -32.799720928032798 ], [ -71.271761863498313, -32.799870211947315 ], [ -71.2717115772233, -32.799860757210681 ], [ -71.271669871918121, -32.79978744818046 ], [ -71.271545269825339, -32.800101757023306 ], [ -71.271475517912421, -32.800244368424224 ], [ -71.271433764488663, -32.800348960760658 ], [ -71.271396674252017, -32.800434441175071 ], [ -71.271366260357709, -32.800504034959694 ], [ -71.27132157370545, -32.800594545934288 ], [ -71.271322790220609, -32.800642363893466 ], [ -71.2713557967989, -32.800649375852082 ], [ -71.271296172619017, -32.800785279734434 ], [ -71.271332070781583, -32.800804742871478 ], [ -71.271286760723157, -32.800921359710941 ], [ -71.271225184761676, -32.801081762632577 ], [ -71.271195282012769, -32.801171461662726 ], [ -71.271154270496922, -32.801178729473818 ], [ -71.271096557041744, -32.801237945816744 ], [ -71.271054209671348, -32.801268614215019 ], [ -71.271010395783549, -32.801292241930433 ], [ -71.27095641814941, -32.801346497697921 ], [ -71.270832939580373, -32.801401470762457 ], [ -71.270779847755549, -32.801439944919693 ], [ -71.27072044627991, -32.801483426255324 ], [ -71.270680084141986, -32.801516233063452 ], [ -71.270611073029173, -32.801561519592937 ], [ -71.270546385989036, -32.801599660366605 ], [ -71.270482190278912, -32.801631812190365 ], [ -71.270408136225427, -32.801655988254701 ], [ -71.270372271614946, -32.801663162454112 ], [ -71.270334539816218, -32.8016475377649 ], [ -71.270316027134626, -32.801628302635386 ], [ -71.270306965945579, -32.801575734219071 ], [ -71.270292106411418, -32.801548278269635 ], [ -71.270282214448144, -32.80151366493552 ], [ -71.270276182889845, -32.801478981579145 ], [ -71.270284244792094, -32.801416317111048 ], [ -71.270300110377022, -32.801356772916868 ], [ -71.270323884113751, -32.801279145261496 ], [ -71.27036215194579, -32.801189294684654 ], [ -71.270398842720212, -32.801088056329313 ], [ -71.270435409048275, -32.800981927489531 ], [ -71.270502340839599, -32.800829582319075 ], [ -71.270471617627123, -32.800811112341329 ], [ -71.270477810551171, -32.80077620724353 ], [ -71.270447938038473, -32.800765876381014 ], [ -71.270444278866805, -32.800748546376113 ], [ -71.270461693597582, -32.800699303162062 ], [ -71.270430528242883, -32.800663444812223 ], [ -71.270442221523012, -32.800617023567916 ], [ -71.270408474891425, -32.800606219331407 ], [ -71.270463416958492, -32.800463333489276 ], [ -71.270421347743877, -32.800454311132548 ], [ -71.270490763776763, -32.800273108148765 ], [ -71.2704519392409, -32.800265114216266 ], [ -71.270495465873793, -32.800128959071351 ], [ -71.270541287947097, -32.800032447768317 ], [ -71.270615621749613, -32.79986746461902 ], [ -71.270677896786466, -32.799709223830654 ], [ -71.270770398408416, -32.799499332784848 ], [ -71.270824577718827, -32.799377118835821 ], [ -71.270887272897681, -32.799260730371991 ], [ -71.270929106623825, -32.799260515031385 ], [ -71.270958012599053, -32.799182250511279 ], [ -71.270993986737409, -32.799179423276257 ], [ -71.271026135815774, -32.79915274540749 ], [ -71.271101208205124, -32.798991554049366 ], [ -71.271145725901462, -32.798995639036221 ], [ -71.271190951105936, -32.798926320188208 ], [ -71.271222151293784, -32.798938257709104 ], [ -71.271257234377842, -32.798875102874234 ], [ -71.271297905561042, -32.798879801241618 ], [ -71.271325862406144, -32.798840152085525 ], [ -71.27134499792551, -32.798833281209497 ], [ -71.271359511689269, -32.798847152399496 ], [ -71.271382597928294, -32.798818464351974 ], [ -71.271408250176862, -32.798814737032451 ], [ -71.271475737052739, -32.798760235944634 ], [ -71.271499092245179, -32.798767423029211 ], [ -71.271523091921907, -32.798724040185377 ], [ -71.271563942763052, -32.798735802486448 ], [ -71.271601557568857, -32.798670970705679 ], [ -71.271646621720066, -32.79867124014276 ], [ -71.271659330817343, -32.798639478554449 ], [ -71.271705737009498, -32.798641898161861 ], [ -71.271745226505743, -32.798574857769736 ], [ -71.271774441196868, -32.798584656642419 ], [ -71.271822606077919, -32.798504411489681 ], [ -71.271854899378084, -32.798508718099519 ], [ -71.271910549618966, -32.798419095229058 ], [ -71.271951753377238, -32.798419434627313 ], [ -71.271987451473322, -32.798355181164879 ], [ -71.27203177529141, -32.798351658447295 ], [ -71.27205234299376, -32.798325190545242 ], [ -71.272077158105745, -32.798313867372613 ], [ -71.272097282513826, -32.798320569355276 ], [ -71.272109430995542, -32.798292079722188 ], [ -71.272145031369163, -32.798274580756647 ], [ -71.272163951989086, -32.79828456640103 ], [ -71.272185930839768, -32.798262965593452 ], [ -71.272223848503046, -32.798260646371162 ], [ -71.272244976532022, -32.798230906446797 ], [ -71.272299020042922, -32.798229925377015 ], [ -71.27231545081203, -32.798192659798318 ], [ -71.272342306607442, -32.798185648622947 ], [ -71.272455242729919, -32.798082406248987 ] ] ], [ [ [ -71.270858048018511, -32.801578784446569 ], [ -71.270954613285326, -32.801579206974679 ], [ -71.270961594910716, -32.801803058636104 ], [ -71.271122148433548, -32.801968261944459 ], [ -71.271201403943934, -32.802058535488136 ], [ -71.271309590680801, -32.802172940729243 ], [ -71.271375205011609, -32.802227640037998 ], [ -71.271402205314203, -32.802268220929825 ], [ -71.271491878853126, -32.802378242527567 ], [ -71.271614805094714, -32.802514775296473 ], [ -71.271710374631809, -32.802644067334171 ], [ -71.271798941953591, -32.802734878007207 ], [ -71.271919333421607, -32.802862078231485 ], [ -71.27202241574858, -32.802966759805642 ], [ -71.272138753769525, -32.803086422469086 ], [ -71.272180761853647, -32.803118278048295 ], [ -71.272179708429945, -32.80327921355633 ], [ -71.272090073374997, -32.803298237128232 ], [ -71.272088729989463, -32.803397203346577 ], [ -71.272000837331021, -32.803484693419129 ], [ -71.271879859638261, -32.803638020361959 ], [ -71.271764707243094, -32.803767321457066 ], [ -71.271627359469349, -32.803935079848578 ], [ -71.271271202379879, -32.804357969086354 ], [ -71.271079735165912, -32.804574549022767 ], [ -71.270993182526212, -32.804664188658357 ], [ -71.270939853913717, -32.804693425390425 ], [ -71.270838690826253, -32.80471483182054 ], [ -71.270810194533283, -32.804404388740764 ], [ -71.27085369829237, -32.804393813969057 ], [ -71.270850048984911, -32.8042503601296 ], [ -71.270885942222407, -32.80424427252354 ], [ -71.270870065538702, -32.80392381501035 ], [ -71.270819906675314, -32.80392581234306 ], [ -71.270807123932272, -32.80382818967643 ], [ -71.270769667573859, -32.803823432883448 ], [ -71.270758128910217, -32.803774714932842 ], [ -71.270724533070464, -32.803769888084958 ], [ -71.270713215591528, -32.803729864302177 ], [ -71.270678222365589, -32.803720713700251 ], [ -71.27065868635529, -32.803661268094139 ], [ -71.270612056407458, -32.80365015403877 ], [ -71.270604101919716, -32.803590498314314 ], [ -71.270557361447388, -32.803575037149109 ], [ -71.270510553395809, -32.803506300798276 ], [ -71.270450573104668, -32.803425843368736 ], [ -71.270395254952305, -32.803376832265286 ], [ -71.270354174857843, -32.803330824686014 ], [ -71.270293129113185, -32.803259084686637 ], [ -71.270282257415346, -32.803135332712777 ], [ -71.270341079754076, -32.803069029323929 ], [ -71.270381720682153, -32.80299653207269 ], [ -71.270409616142985, -32.802979716956038 ], [ -71.270403090078176, -32.802824355231749 ], [ -71.27035665407071, -32.802820848464201 ], [ -71.270342419417275, -32.802716728413969 ], [ -71.27030373200455, -32.802714168345339 ], [ -71.270249937813347, -32.802623813121585 ], [ -71.270222246133883, -32.802344886090715 ], [ -71.270271246758909, -32.80219612809276 ], [ -71.270308429380705, -32.802088900838207 ], [ -71.270361535609013, -32.802050970245055 ], [ -71.270399061923186, -32.802007885874069 ], [ -71.270386390593899, -32.801914610193769 ], [ -71.270434337261221, -32.801825671303313 ], [ -71.270489657579859, -32.801773565940081 ], [ -71.270540880936281, -32.801762851271071 ], [ -71.270591662033183, -32.801734748227162 ], [ -71.270628150073691, -32.801701468089135 ], [ -71.270682874435252, -32.801676555294712 ], [ -71.270767763284084, -32.801622826116187 ], [ -71.270815410155635, -32.801598041667162 ], [ -71.270858048018511, -32.801578784446569 ] ] ], [ [ [ -71.269134864913539, -32.802009065820869 ], [ -71.269292005102287, -32.802062755122364 ], [ -71.269332985132593, -32.802155517680269 ], [ -71.269384066355499, -32.802240486156066 ], [ -71.269456968225143, -32.80232288441006 ], [ -71.269569264113869, -32.802384997366858 ], [ -71.269634958580284, -32.802437082533459 ], [ -71.269703806988701, -32.802511943218214 ], [ -71.269753811168755, -32.80255452738065 ], [ -71.269758666333175, -32.802593581188695 ], [ -71.269750155984369, -32.80261330644597 ], [ -71.269838405512928, -32.802641062450874 ], [ -71.26980411159478, -32.802811299064587 ], [ -71.269772363575285, -32.802980402225636 ], [ -71.269825510084857, -32.802994660249446 ], [ -71.269805110522071, -32.803103757559491 ], [ -71.269842704705852, -32.803113948519723 ], [ -71.269809835657341, -32.803289595656082 ], [ -71.269879557233466, -32.803348131276309 ], [ -71.269942331698445, -32.80343723650801 ], [ -71.269999169580487, -32.8035460202968 ], [ -71.270085466524947, -32.803648833380244 ], [ -71.270140121406854, -32.803671762086999 ], [ -71.270221440469868, -32.803680072569584 ], [ -71.270362088780175, -32.803793859592155 ], [ -71.270382662702559, -32.803843500960362 ], [ -71.270356714000016, -32.803987491742291 ], [ -71.270294128953097, -32.804007110644633 ], [ -71.270252243800783, -32.804030703139496 ], [ -71.270145255098427, -32.80407613467905 ], [ -71.270110835310533, -32.804292039107125 ], [ -71.270145856353381, -32.804302276631802 ], [ -71.270142324109159, -32.804416504399818 ], [ -71.270180929346878, -32.804415804169601 ], [ -71.270188717830635, -32.80446893929097 ], [ -71.270234254799973, -32.804487684231816 ], [ -71.27022593787531, -32.804515016922906 ], [ -71.270272608093663, -32.804578319496933 ], [ -71.27029202130484, -32.804582316449249 ], [ -71.27031284415807, -32.804641738763742 ], [ -71.270345540435542, -32.804661803856924 ], [ -71.270344182926877, -32.804709668503584 ], [ -71.270378193723218, -32.804730797015345 ], [ -71.270383602157452, -32.80479158620517 ], [ -71.270423285571894, -32.804833269991747 ], [ -71.270455552000612, -32.804887048318797 ], [ -71.270411240285028, -32.805068339500991 ], [ -71.270447892555865, -32.80514269645461 ], [ -71.270396839380226, -32.805413266318865 ], [ -71.270392257107616, -32.805486196740354 ], [ -71.270422601147772, -32.805515002657742 ], [ -71.270425810635658, -32.805539951716305 ], [ -71.270467377066112, -32.805554419490072 ], [ -71.270442217463611, -32.805678825035898 ], [ -71.270414413489561, -32.805851118560433 ], [ -71.270379081739094, -32.806031159545888 ], [ -71.270418716627503, -32.806096220562502 ], [ -71.270408315830863, -32.806168169257731 ], [ -71.270385557736276, -32.806260456670493 ], [ -71.270361789155828, -32.806363635139476 ], [ -71.270346053478079, -32.806453620609545 ], [ -71.270327542870561, -32.8065610527823 ], [ -71.270303497742887, -32.806653363526941 ], [ -71.270285575210593, -32.806758610479385 ], [ -71.270208037148166, -32.806772520625366 ], [ -71.270104810732192, -32.806763520303782 ], [ -71.270069346480781, -32.806735894466556 ], [ -71.269991581225241, -32.806715559498919 ], [ -71.269943165371942, -32.806684906714224 ], [ -71.269942600521773, -32.806612069663942 ], [ -71.26978885462654, -32.806590938064438 ], [ -71.26976433312764, -32.806639222797742 ], [ -71.269690483905009, -32.806620991164834 ], [ -71.269695133975674, -32.806601335918792 ], [ -71.269655130370523, -32.80659771228953 ], [ -71.269623207245004, -32.80660807666311 ], [ -71.269568854600394, -32.806597102306299 ], [ -71.269456122938209, -32.806568702892378 ], [ -71.269361656232661, -32.806549757647474 ], [ -71.269426124562358, -32.806199030309777 ], [ -71.26938396979979, -32.80618674740878 ], [ -71.269438762623594, -32.805911217356019 ], [ -71.269274695492769, -32.805889184967469 ], [ -71.269059805367917, -32.805843066493956 ], [ -71.268876186872646, -32.805811602575588 ], [ -71.268725126753253, -32.805794770028612 ], [ -71.268674773390345, -32.805789159138499 ], [ -71.26870573450789, -32.805639641430268 ], [ -71.268645196835848, -32.805638564230065 ], [ -71.268667658464054, -32.805559873378634 ], [ -71.26859062897438, -32.805517778691446 ], [ -71.26854363919972, -32.805492535849758 ], [ -71.268485482010306, -32.805483804506075 ], [ -71.268615241479736, -32.804763851892041 ], [ -71.268679090459713, -32.80438867237924 ], [ -71.268644152383843, -32.804381694757652 ], [ -71.2687320579805, -32.803838638985788 ], [ -71.268696899163245, -32.803822967183407 ], [ -71.268816190045868, -32.803197796891112 ], [ -71.268858820991923, -32.803203547751444 ], [ -71.268972256142234, -32.802601316209717 ], [ -71.269003139729946, -32.802600756342436 ], [ -71.269111950982293, -32.802019266698707 ], [ -71.269134864913539, -32.802009065820869 ] ] ] ] } },
{ "type": "Feature", "properties": { "fid": 29, "Nombre": "30", "HAS": 11.4, "Plantas": 8056, "Alias:": "P30 Barnfield", "Especie": "Naranjas" }, "geometry": { "type": "MultiPolygon", "coordinates": [ [ [ [ -71.249209181283319, -32.815629174926329 ], [ -71.249506790994587, -32.816095704074051 ], [ -71.249191169378079, -32.816242723544882 ], [ -71.248803965882018, -32.81641059965191 ], [ -71.248536975389115, -32.816545870787877 ], [ -71.248316399510998, -32.816632467204577 ], [ -71.248088511690852, -32.816735503777629 ], [ -71.24785807662542, -32.81683967298239 ], [ -71.247814892220191, -32.816863281558227 ], [ -71.247860157478399, -32.816922268763541 ], [ -71.247998582362342, -32.817152459677345 ], [ -71.248139335630995, -32.817372823076973 ], [ -71.248233399750248, -32.817528788453004 ], [ -71.248198293428629, -32.817566386646511 ], [ -71.248087114156633, -32.817599915142445 ], [ -71.248044367649555, -32.817589810309897 ], [ -71.247999813935195, -32.817507977561675 ], [ -71.247957012717947, -32.817495699123988 ], [ -71.24787529867794, -32.817523261713774 ], [ -71.247830142216841, -32.817570825849685 ], [ -71.24774322510244, -32.817596307263237 ], [ -71.247685937499824, -32.817622343688733 ], [ -71.247473230989868, -32.817714777372437 ], [ -71.247145085707174, -32.817850600379181 ], [ -71.247039861610403, -32.81789054468927 ], [ -71.246876418444117, -32.817945125278086 ], [ -71.246808162990618, -32.817970270969447 ], [ -71.246746260285931, -32.818017591773774 ], [ -71.24668098956009, -32.818046217463063 ], [ -71.24660154723928, -32.818087329436295 ], [ -71.246429518130554, -32.81815891642318 ], [ -71.246355867868473, -32.818174373214767 ], [ -71.246213728639049, -32.818231288711146 ], [ -71.246098576495498, -32.818286088725486 ], [ -71.245944360275288, -32.818349200734218 ], [ -71.245851239009468, -32.818384034086442 ], [ -71.245766579333704, -32.818422520986573 ], [ -71.245690710201316, -32.818452151841321 ], [ -71.245596534161123, -32.81849624580844 ], [ -71.245167128160915, -32.817832012604242 ], [ -71.245210124022094, -32.817749695228024 ], [ -71.245177812596808, -32.817693736453968 ], [ -71.24517086113967, -32.817570998634388 ], [ -71.245192330823116, -32.817554304235266 ], [ -71.245114290744269, -32.817420881803884 ], [ -71.245155175553748, -32.81740818818929 ], [ -71.245042359803165, -32.817223200236718 ], [ -71.245439351229933, -32.817034501599402 ], [ -71.245778231161509, -32.816890335824205 ], [ -71.246155009837736, -32.816717219636537 ], [ -71.246299569800186, -32.816679831822292 ], [ -71.246502951308088, -32.816575063855268 ], [ -71.24658031131753, -32.816528009319349 ], [ -71.24687824854476, -32.816394361192124 ], [ -71.247117775085528, -32.816293292367163 ], [ -71.247161369980816, -32.81628598584232 ], [ -71.247181113404679, -32.816303027755623 ], [ -71.247313429336387, -32.816495274467513 ], [ -71.247912969680868, -32.816220297283991 ], [ -71.248258167801268, -32.816071662334672 ], [ -71.249209181283319, -32.815629174926329 ] ] ] ] } },
{ "type": "Feature", "properties": { "fid": 30, "Nombre": "28", "HAS": 3.79, "Plantas": 6312, "Alias:": "Casa verde", "Especie": "Naranjas" }, "geometry": { "type": "MultiPolygon", "coordinates": [ [ [ [ -71.265488533130167, -32.817202973128424 ], [ -71.265512738340547, -32.817192749447308 ], [ -71.26553557918372, -32.817198519783865 ], [ -71.265633945357862, -32.817218484297157 ], [ -71.265930810523912, -32.817347930830664 ], [ -71.266507463515268, -32.817644098292803 ], [ -71.266563910353554, -32.817686566772288 ], [ -71.266750964103593, -32.818055025651546 ], [ -71.26686872451225, -32.818230117778043 ], [ -71.266969218333074, -32.81833376262194 ], [ -71.266995246189722, -32.818395265600742 ], [ -71.266987341435879, -32.818438899700169 ], [ -71.267022585779287, -32.818508390239082 ], [ -71.267022582814747, -32.818558948451454 ], [ -71.267065345354794, -32.81856959006759 ], [ -71.267058821386982, -32.81866756276375 ], [ -71.267090262886313, -32.81868873856353 ], [ -71.267061610111398, -32.818903993938221 ], [ -71.26690109588472, -32.818896029237095 ], [ -71.266818246646821, -32.818904053761436 ], [ -71.266700564118835, -32.818909447412466 ], [ -71.266599618571433, -32.818940088682005 ], [ -71.266521099768838, -32.818966518199481 ], [ -71.26643677010567, -32.818966958382163 ], [ -71.266384451153257, -32.818960295095131 ], [ -71.266330417249321, -32.81893681012474 ], [ -71.266242455886129, -32.818921006865565 ], [ -71.26608992103526, -32.818897674791828 ], [ -71.265940134655082, -32.818855809126063 ], [ -71.265857509749992, -32.818821968959114 ], [ -71.265783990870844, -32.818791769304646 ], [ -71.265707052466183, -32.818779027883437 ], [ -71.265583885579431, -32.818745921604616 ], [ -71.265493543577293, -32.818737771821262 ], [ -71.265430776616967, -32.818725317289797 ], [ -71.265374215326773, -32.818729059469796 ], [ -71.265342848123225, -32.818736150973976 ], [ -71.265232142941102, -32.818712060557559 ], [ -71.265150713779434, -32.818699943721612 ], [ -71.26506943152333, -32.818668253262096 ], [ -71.265015406313751, -32.818543651176554 ], [ -71.264986515957347, -32.818470783201143 ], [ -71.264992150375946, -32.818363041198367 ], [ -71.264954172841527, -32.818312626791354 ], [ -71.264952034677364, -32.81822840184244 ], [ -71.264911396199281, -32.818225331956448 ], [ -71.26491564229795, -32.818088258710766 ], [ -71.264885792014823, -32.818079013545059 ], [ -71.264889500798148, -32.817996857307385 ], [ -71.264850108087174, -32.817992133940841 ], [ -71.264876196205293, -32.817726367142434 ], [ -71.264918696040596, -32.817726685172744 ], [ -71.264958690771593, -32.81772976671445 ], [ -71.264977347998425, -32.81770387809479 ], [ -71.265024361412785, -32.817679107112717 ], [ -71.265054156392182, -32.817686178703994 ], [ -71.265067936489174, -32.817645700168015 ], [ -71.265096168520515, -32.817641927311207 ], [ -71.265113432371365, -32.817561156609905 ], [ -71.265193242347934, -32.817560255534296 ], [ -71.265273833799128, -32.817564776625389 ], [ -71.265313897444642, -32.817570574989674 ], [ -71.265334359956043, -32.817463651806712 ], [ -71.265300019027663, -32.817455031666924 ], [ -71.265297338571656, -32.817400172908364 ], [ -71.265263287387782, -32.817402963878372 ], [ -71.265244547528553, -32.817425592215081 ], [ -71.26517982826347, -32.817437636514278 ], [ -71.265164710084051, -32.81742540654465 ], [ -71.265169489794175, -32.817360083644026 ], [ -71.265187953749546, -32.817326587582933 ], [ -71.265246191497539, -32.817287478789609 ], [ -71.265290248669316, -32.817279410096226 ], [ -71.265321298057145, -32.817259820731429 ], [ -71.265351156976152, -32.817244058366043 ], [ -71.265389914721879, -32.817223785800685 ], [ -71.265429729872864, -32.817219803174225 ], [ -71.265459069417403, -32.817208942914654 ], [ -71.265488533130167, -32.817202973128424 ] ] ], [ [ [ -71.265394867717845, -32.816708872383415 ], [ -71.265377601251345, -32.816916310472671 ], [ -71.265360407673015, -32.817075907226133 ], [ -71.265269024672463, -32.817128119731152 ], [ -71.265205473370386, -32.817160801082217 ], [ -71.265157007701902, -32.81717907477632 ], [ -71.265100089447913, -32.817244797832146 ], [ -71.265051265758331, -32.817325052529867 ], [ -71.265024505013031, -32.817361416933551 ], [ -71.264990936633481, -32.817383226368086 ], [ -71.264966594656499, -32.81754023428477 ], [ -71.264923171323744, -32.817579618449322 ], [ -71.264824060555171, -32.817606419601375 ], [ -71.264719089093717, -32.817630608563093 ], [ -71.264640419074581, -32.817651059622612 ], [ -71.264559790876859, -32.817670458797878 ], [ -71.264487335305276, -32.817682099113384 ], [ -71.264404160546732, -32.817702631546943 ], [ -71.264329296333401, -32.817720838997694 ], [ -71.264262154318246, -32.81773890667278 ], [ -71.264147120669506, -32.817696409929979 ], [ -71.264157109057265, -32.81758260914583 ], [ -71.264120865200312, -32.817575110385036 ], [ -71.264123843872625, -32.817464154615244 ], [ -71.264091557693035, -32.817460389692243 ], [ -71.264088147167897, -32.817376731355431 ], [ -71.264055709345783, -32.8173669891627 ], [ -71.264060701387635, -32.817259258781455 ], [ -71.264024512823838, -32.817253933535078 ], [ -71.264030847089316, -32.817148353414815 ], [ -71.263995302087281, -32.817143016514862 ], [ -71.263997940759324, -32.817044026896752 ], [ -71.263955261991171, -32.817036644504924 ], [ -71.263964533632944, -32.81689458758018 ], [ -71.263925922833224, -32.816895286128492 ], [ -71.263940650455041, -32.816790641427083 ], [ -71.263999660578435, -32.816781962889294 ], [ -71.264173638777422, -32.816762505976136 ], [ -71.264217737757988, -32.816749748041708 ], [ -71.264259975136881, -32.816739741960198 ], [ -71.264433475150767, -32.81672681698096 ], [ -71.264606304004658, -32.81671281663494 ], [ -71.264735429173825, -32.816701781568092 ], [ -71.264782240005616, -32.816694410723144 ], [ -71.264946992733798, -32.816691972443721 ], [ -71.265122698927016, -32.816689879311149 ], [ -71.265258272874064, -32.816679270610742 ], [ -71.265302155797073, -32.816683368941661 ], [ -71.265394867717845, -32.816708872383415 ] ] ] ] } },
{ "type": "Feature", "properties": { "fid": 31, "Nombre": "27", "HAS": 4.0, "Plantas": 3333, "Alias:": "P27 R", "Especie": "Naranjas" }, "geometry": { "type": "MultiPolygon", "coordinates": [ [ [ [ -71.278918541731713, -32.805974252305113 ], [ -71.278991656432737, -32.806070091834378 ], [ -71.279086048696982, -32.806183141724951 ], [ -71.279223591735473, -32.80635393777078 ], [ -71.279441466319781, -32.806619293759049 ], [ -71.279640199045843, -32.806792545552796 ], [ -71.280656359134369, -32.80624590512236 ], [ -71.280274836050182, -32.805745579227974 ], [ -71.280633932587463, -32.805545459615217 ], [ -71.280668103046821, -32.805570851185038 ], [ -71.280811887146797, -32.805489423146135 ], [ -71.280855745317737, -32.805503926372658 ], [ -71.280947058140129, -32.805460945518988 ], [ -71.281260033477437, -32.805866878218687 ], [ -71.281612889875603, -32.806308808970506 ], [ -71.281635223416714, -32.806367316397498 ], [ -71.281611548419988, -32.806433548699992 ], [ -71.281533225858595, -32.806488535232603 ], [ -71.281542887644875, -32.806512077956043 ], [ -71.281462141445317, -32.806578585494861 ], [ -71.281456721116712, -32.806614645149608 ], [ -71.281398816180982, -32.806653191792009 ], [ -71.281389949421438, -32.806696200387933 ], [ -71.281336591860281, -32.80673542923482 ], [ -71.281331191021522, -32.806772253654046 ], [ -71.281292146796488, -32.806804335455922 ], [ -71.281288498464093, -32.806838832555741 ], [ -71.281256444763841, -32.806860840307081 ], [ -71.28126092712273, -32.806894424078031 ], [ -71.281185164333451, -32.806943242750847 ], [ -71.281225438450747, -32.806994728404192 ], [ -71.281225355440242, -32.807044654284439 ], [ -71.281171072472418, -32.807083134809467 ], [ -71.281149221184037, -32.807185294637826 ], [ -71.281133081913922, -32.807351429518313 ], [ -71.281051821542277, -32.807557390103888 ], [ -71.2810457755063, -32.807728505598256 ], [ -71.281030445522248, -32.807855413087317 ], [ -71.280977471362888, -32.808051485302009 ], [ -71.280942605797833, -32.808158473033714 ], [ -71.28094394934358, -32.808317403128022 ], [ -71.280920167581399, -32.808344042070509 ], [ -71.280853063641146, -32.808377208989654 ], [ -71.28087581793686, -32.808433285834418 ], [ -71.280802203711076, -32.808459876540255 ], [ -71.280768383832367, -32.808448250895836 ], [ -71.280701577777208, -32.808493080454483 ], [ -71.280636022811649, -32.808480502851701 ], [ -71.280482506762908, -32.808571289612182 ], [ -71.280432503301185, -32.808564549519012 ], [ -71.280384581220204, -32.808586081084258 ], [ -71.280381919650651, -32.8086060228162 ], [ -71.280295845026913, -32.808623658779673 ], [ -71.280279567140042, -32.808607122631727 ], [ -71.280176741776401, -32.808660642004547 ], [ -71.280092237480346, -32.808651087300248 ], [ -71.280073646776373, -32.808632680450309 ], [ -71.280021479836833, -32.808665383520257 ], [ -71.27995396015379, -32.808682298648172 ], [ -71.279918849599625, -32.808726550376392 ], [ -71.279830810045539, -32.808773679115021 ], [ -71.279817339708998, -32.808796113112152 ], [ -71.279841953571562, -32.808819766148794 ], [ -71.279800784162475, -32.808839644234475 ], [ -71.279817009678268, -32.808871866452215 ], [ -71.279630385118949, -32.80897894037799 ], [ -71.279657429040753, -32.809009052744791 ], [ -71.279461086472693, -32.809125867503333 ], [ -71.279482103654203, -32.809168331671508 ], [ -71.279369422877338, -32.80922623809753 ], [ -71.279302769177463, -32.809241606864809 ], [ -71.279267404185845, -32.809275916434785 ], [ -71.27928159018461, -32.80931697480051 ], [ -71.279173772759563, -32.809370201735156 ], [ -71.279190626739208, -32.809409298711316 ], [ -71.279078261562645, -32.809461843265531 ], [ -71.27903261857054, -32.809501695817062 ], [ -71.279030151971497, -32.809529285221991 ], [ -71.278952258396387, -32.809583497287953 ], [ -71.278971653408448, -32.809615661900033 ], [ -71.278892127913664, -32.809659191903251 ], [ -71.278851394850975, -32.809660698751927 ], [ -71.278730821676263, -32.809515990297662 ], [ -71.278699412098803, -32.809510058646154 ], [ -71.278593647580564, -32.809395302836421 ], [ -71.278455386528393, -32.809249768446691 ], [ -71.278342889147964, -32.809137430356749 ], [ -71.278267047988109, -32.80907683591051 ], [ -71.278065147368423, -32.80885173887885 ], [ -71.277922518192113, -32.80874798266634 ], [ -71.277888977532115, -32.808676288844183 ], [ -71.277811585467319, -32.80864364939012 ], [ -71.277730699871697, -32.808562870592965 ], [ -71.27772914629702, -32.808555247617797 ], [ -71.277714582499016, -32.808534854301527 ], [ -71.277685388537265, -32.808526969247303 ], [ -71.2776871939014, -32.80850895595227 ], [ -71.277662873421562, -32.808496774009377 ], [ -71.277665447776769, -32.808473390844078 ], [ -71.277624635248259, -32.808436259910913 ], [ -71.277553049963871, -32.808364875793686 ], [ -71.277494408488607, -32.808339163586787 ], [ -71.277396221672888, -32.808201697579555 ], [ -71.277339854102777, -32.80817632647959 ], [ -71.277328415263852, -32.808136365558191 ], [ -71.277305418302944, -32.808105031328807 ], [ -71.27722700827961, -32.808050221384946 ], [ -71.277224123905043, -32.80800819198339 ], [ -71.277125537236628, -32.807943802470824 ], [ -71.277087178567811, -32.807896297509124 ], [ -71.27703253872491, -32.807849853882807 ], [ -71.276847578790054, -32.807649313045559 ], [ -71.276758043080321, -32.807566778116623 ], [ -71.276724767193159, -32.807505408310462 ], [ -71.276672776282567, -32.80745623838628 ], [ -71.276634831854153, -32.807407195484721 ], [ -71.276644198402124, -32.807383688774991 ], [ -71.276624002296245, -32.807373344403722 ], [ -71.27659990659275, -32.807369957093442 ], [ -71.276594340646994, -32.807347104579314 ], [ -71.276563554702832, -32.807330066703322 ], [ -71.276565360285176, -32.807312053412439 ], [ -71.276469917936453, -32.807193282242913 ], [ -71.276470972584832, -32.807145825282419 ], [ -71.276338932250525, -32.807030780195426 ], [ -71.276281416330647, -32.806995865405064 ], [ -71.27619537445095, -32.806961469397663 ], [ -71.276297172360671, -32.806885400763306 ], [ -71.276292434101947, -32.80685947267547 ], [ -71.276466882059992, -32.806754538014587 ], [ -71.276440468237482, -32.806731299571162 ], [ -71.276790551320701, -32.806532502341717 ], [ -71.276881229187438, -32.806482267247546 ], [ -71.27695754603306, -32.80647284500921 ], [ -71.277052788217361, -32.806477233219461 ], [ -71.277074674201032, -32.80650055391213 ], [ -71.277105936297147, -32.806500750247672 ], [ -71.277135291329884, -32.806532733975914 ], [ -71.2773001916987, -32.806462019979818 ], [ -71.277325987006492, -32.806478765927984 ], [ -71.277378821202191, -32.806454468218057 ], [ -71.27741627200669, -32.806466411305337 ], [ -71.277476667016785, -32.806436620094757 ], [ -71.277506761870626, -32.806462086705487 ], [ -71.277596309237296, -32.806403072735833 ], [ -71.277639456979202, -32.806425241272578 ], [ -71.277989249134365, -32.806232949634484 ], [ -71.278056057032416, -32.806223699808562 ], [ -71.278120556031453, -32.806194981282921 ], [ -71.278163684269629, -32.806216384868357 ], [ -71.278396249393197, -32.806081314935732 ], [ -71.278433836804183, -32.806098611108055 ], [ -71.278484966665744, -32.806078552157899 ], [ -71.278520061862451, -32.806104692613857 ], [ -71.278549545706468, -32.806088470776352 ], [ -71.278573978982791, -32.806122839138141 ], [ -71.278591797692044, -32.806111037853476 ], [ -71.278625948308161, -32.806135665225462 ], [ -71.278797854676327, -32.806020061929338 ], [ -71.278822845883425, -32.806023049955776 ], [ -71.278918541731713, -32.805974252305113 ] ] ] ] } },
{ "type": "Feature", "properties": { "fid": 32, "Nombre": "30", "HAS": null, "Plantas": null, "Alias:": "P30 4,5", "Especie": "Naranjas" }, "geometry": { "type": "MultiPolygon", "coordinates": [ [ [ [ -71.248270077521141, -32.819235416873887 ], [ -71.248405848817569, -32.81968491432886 ], [ -71.248483422037907, -32.819934483155023 ], [ -71.248540131251531, -32.820123216418814 ], [ -71.248463907945194, -32.82013096219233 ], [ -71.247926747038932, -32.820246201330718 ], [ -71.247647354932155, -32.82030630964362 ], [ -71.247118363009548, -32.820386202616838 ], [ -71.246875199519295, -32.820445658611966 ], [ -71.246785396658865, -32.820405954073252 ], [ -71.246632661922106, -32.819882286574348 ], [ -71.246579975104453, -32.819877111477666 ], [ -71.246538429150348, -32.819738603600584 ], [ -71.246472869546579, -32.81972600826137 ], [ -71.246430823155904, -32.819567615924967 ], [ -71.246361409677405, -32.81954590814172 ], [ -71.246351390885792, -32.819435909170515 ], [ -71.246302712391767, -32.819445964607425 ], [ -71.246257544178647, -32.819307521638116 ], [ -71.246323875085835, -32.819278786190935 ], [ -71.248174056984524, -32.818924968862056 ], [ -71.248270077521141, -32.819235416873887 ] ] ], [ [ [ -71.245153239752113, -32.81717018063145 ], [ -71.245920436084148, -32.81835868929835 ], [ -71.24584564587478, -32.818387321302261 ], [ -71.245764399737695, -32.818423465393742 ], [ -71.245722536929264, -32.818440284451142 ], [ -71.245665777632453, -32.818465277185766 ], [ -71.245595297367899, -32.818497147264033 ], [ -71.245166565477788, -32.817831780051847 ], [ -71.245211031776932, -32.817750388407774 ], [ -71.245176333897959, -32.817691840820764 ], [ -71.245168449890912, -32.81757058145773 ], [ -71.245192872505655, -32.817556880989791 ], [ -71.245114561798644, -32.817421582585538 ], [ -71.245152255341495, -32.817407133936904 ], [ -71.245043704826955, -32.817222389457179 ], [ -71.245153239752113, -32.81717018063145 ] ] ] ] } },
{ "type": "Feature", "properties": { "fid": 33, "Nombre": "30", "HAS": null, "Plantas": null, "Alias:": "P30 6,7", "Especie": "Naranjas" }, "geometry": { "type": "MultiPolygon", "coordinates": [ [ [ [ -71.247738337261808, -32.821447780018822 ], [ -71.247841888199716, -32.821817263017373 ], [ -71.249715265953313, -32.821459179446855 ], [ -71.249597215893388, -32.821089958842308 ], [ -71.247738337261808, -32.821447780018822 ] ] ], [ [ [ -71.250101391241785, -32.819523089141178 ], [ -71.24995806762557, -32.819540968909457 ], [ -71.249716411535218, -32.819588161150733 ], [ -71.249328219615137, -32.819669612505365 ], [ -71.24947461028863, -32.820204612286815 ], [ -71.249643640747365, -32.82077491084361 ], [ -71.249806327654383, -32.821381029189261 ], [ -71.250246636072816, -32.821305780163698 ], [ -71.250593003096455, -32.821242421040985 ], [ -71.250546668927541, -32.821034118975206 ], [ -71.250481295421295, -32.82083738121591 ], [ -71.250356560621384, -32.820394829124801 ], [ -71.250218336123879, -32.819896409914413 ], [ -71.250101391241785, -32.819523089141178 ] ] ], [ [ [ -71.248911727807425, -32.818772204606297 ], [ -71.248702370781103, -32.818806572273459 ], [ -71.248428983377792, -32.81886504404914 ], [ -71.24817854064915, -32.818923103002042 ], [ -71.248502449188493, -32.819982344455951 ], [ -71.248545976822683, -32.820127447113244 ], [ -71.249283387263588, -32.819999934422775 ], [ -71.248911727807425, -32.818772204606297 ] ] ] ] } },
{ "type": "Feature", "properties": { "fid": 34, "Nombre": "11", "HAS": 3.71, "Plantas": 1747, "Alias:": "Los pinos 2004", "Especie": "Paltas" }, "geometry": { "type": "MultiPolygon", "coordinates": [ [ [ [ -71.269799909654807, -32.812245011583244 ], [ -71.269977472876107, -32.812988243383522 ], [ -71.270177064082631, -32.81378051966545 ], [ -71.270283692080994, -32.81418530607715 ], [ -71.270384576152082, -32.814587006595893 ], [ -71.270346429852069, -32.814646713058615 ], [ -71.269422076773964, -32.814767153767086 ], [ -71.269197622766811, -32.814482532014267 ], [ -71.269051705597491, -32.814389478861024 ], [ -71.268940379962771, -32.814319723105818 ], [ -71.268844951620622, -32.814206614450292 ], [ -71.26866728783321, -32.814053526999075 ], [ -71.268484261414699, -32.813986665642531 ], [ -71.268336434081746, -32.813967015517576 ], [ -71.268181379198168, -32.813960256092109 ], [ -71.26814473825651, -32.813930615501803 ], [ -71.268104142785091, -32.813819702362167 ], [ -71.268101589928875, -32.81371926460379 ], [ -71.268139170107304, -32.813637239267479 ], [ -71.268197055170063, -32.813462336788831 ], [ -71.268227901108006, -32.813263999610477 ], [ -71.268259111644426, -32.813080010675947 ], [ -71.268300312346028, -32.812843206159606 ], [ -71.26834015175902, -32.812627161103549 ], [ -71.268383766840316, -32.812411047594672 ], [ -71.268516228253816, -32.812346442090238 ], [ -71.268744949475234, -32.812353460671133 ], [ -71.268934835214196, -32.812393082641272 ], [ -71.269073544728897, -32.812425657323757 ], [ -71.269221288516206, -32.812442118188137 ], [ -71.269366130882091, -32.812418756884426 ], [ -71.26971113735037, -32.812245026680287 ], [ -71.269799909654807, -32.812245011583244 ] ] ], [ [ [ -71.268106496676495, -32.810642449795793 ], [ -71.268033111864952, -32.81028171810356 ], [ -71.267974814378007, -32.809845748602918 ], [ -71.268599409815536, -32.809451631500743 ], [ -71.268971775251615, -32.809165758622818 ], [ -71.269014993046682, -32.80915700014868 ], [ -71.269082213473979, -32.809423738890466 ], [ -71.269325323751517, -32.810368346796196 ], [ -71.268106496676495, -32.810642449795793 ] ] ] ] } },
{ "type": "Feature", "properties": { "fid": 35, "Nombre": "11", "HAS": 7.77, "Plantas": 2158, "Alias:": "Los Pinos 80", "Especie": "Paltas" }, "geometry": { "type": "MultiPolygon", "coordinates": [ [ [ [ -71.269321791238482, -32.810377980760379 ], [ -71.269442557977769, -32.810819196541956 ], [ -71.269540103762864, -32.811238503486415 ], [ -71.269605155985914, -32.811494116221894 ], [ -71.269689308150475, -32.8118323216815 ], [ -71.269756717952006, -32.812032067090968 ], [ -71.269770739482411, -32.812212045988787 ], [ -71.269674739950588, -32.812224952014802 ], [ -71.26961509722571, -32.812256338413569 ], [ -71.269537782846044, -32.812298412667282 ], [ -71.269438858760225, -32.81234486622273 ], [ -71.26935696632971, -32.812392605834695 ], [ -71.269263899746733, -32.812409445825715 ], [ -71.269111760524297, -32.812405824584154 ], [ -71.268938926717183, -32.812368286200062 ], [ -71.268855027603877, -32.812337110139239 ], [ -71.26876591065178, -32.812323573446598 ], [ -71.268652412976707, -32.812316858613968 ], [ -71.268548476457426, -32.812314755311668 ], [ -71.268464910119974, -32.81233381496979 ], [ -71.268371608604099, -32.812378570790557 ], [ -71.268238790639913, -32.812466309887142 ], [ -71.268136798902162, -32.812540730268488 ], [ -71.268092194196655, -32.812643617719715 ], [ -71.26783472402073, -32.812694538409367 ], [ -71.267588216462144, -32.812730905068143 ], [ -71.267383769591561, -32.812787243987515 ], [ -71.26719940106014, -32.812816104074315 ], [ -71.267010608532118, -32.812819524270374 ], [ -71.266931396659103, -32.812824149171263 ], [ -71.266975435810025, -32.812698942551165 ], [ -71.266889669310885, -32.812668596482773 ], [ -71.266813853509618, -32.812583840605839 ], [ -71.266809778775084, -32.81249778520197 ], [ -71.266881180236737, -32.812408767638999 ], [ -71.266883214673683, -32.81234014641359 ], [ -71.266801978411067, -32.812265058618671 ], [ -71.266664307376203, -32.812198967879645 ], [ -71.26654621918297, -32.81223460138947 ], [ -71.266353677442595, -32.812164719123885 ], [ -71.266225957833129, -32.812044218151499 ], [ -71.266169184225518, -32.811965496955445 ], [ -71.266163222269853, -32.811879475681224 ], [ -71.266105274829002, -32.811754521115184 ], [ -71.266187341291243, -32.811564826704675 ], [ -71.266310683284303, -32.811289850523046 ], [ -71.266344716432656, -32.811142495495119 ], [ -71.266503997882609, -32.811018391943428 ], [ -71.26672645467022, -32.810853269299734 ], [ -71.266873127320508, -32.810753318462794 ], [ -71.266982421982988, -32.810743363753517 ], [ -71.267064071330424, -32.810686060183002 ], [ -71.267271585223625, -32.810527587243897 ], [ -71.267349807197903, -32.810409736134169 ], [ -71.267379819604685, -32.810252883790717 ], [ -71.267612684357587, -32.810125850728546 ], [ -71.267925170919057, -32.809861800607528 ], [ -71.26795159295412, -32.810009655435174 ], [ -71.26799004732483, -32.810259371261125 ], [ -71.268043297181947, -32.810571023349503 ], [ -71.268052874474037, -32.810650599042816 ], [ -71.268046672057224, -32.810666661302434 ], [ -71.269321791238482, -32.810377980760379 ] ] ] ] } },
{ "type": "Feature", "properties": { "fid": 36, "Nombre": "19", "HAS": 3.0, "Plantas": 1200, "Alias:": "P19", "Especie": "Paltas" }, "geometry": { "type": "MultiPolygon", "coordinates": [ [ [ [ -71.269551677365243, -32.806624400914451 ], [ -71.269740465250308, -32.806658459453963 ], [ -71.269969270676569, -32.806743628919222 ], [ -71.270161954998869, -32.806819484498973 ], [ -71.270170062543841, -32.806878351885537 ], [ -71.270156516773483, -32.806921263442746 ], [ -71.270048590035984, -32.807003369070593 ], [ -71.269957302984679, -32.807089957766202 ], [ -71.269864986343819, -32.807154634025792 ], [ -71.269818282473096, -32.807258357612319 ], [ -71.269742802877076, -32.807483821927548 ], [ -71.269672239081459, -32.807605523015717 ], [ -71.269575671353223, -32.8077444429818 ], [ -71.269494744412057, -32.807867129399384 ], [ -71.269411066597002, -32.807993055620877 ], [ -71.26927203067153, -32.808170227599483 ], [ -71.269138860348264, -32.808355268009535 ], [ -71.2690696037821, -32.808491299947505 ], [ -71.269050551629292, -32.808521950093819 ], [ -71.268911613600352, -32.808517291598861 ], [ -71.268808937860356, -32.808118811666937 ], [ -71.268744324850545, -32.807917419825046 ], [ -71.268652528280072, -32.807575364470502 ], [ -71.268597306282473, -32.807334725137522 ], [ -71.268485324031758, -32.806885772697512 ], [ -71.268412395625916, -32.806580059748825 ], [ -71.268366286014725, -32.806400662051011 ], [ -71.268339091086844, -32.806296683354155 ], [ -71.268323798305204, -32.806252300912227 ], [ -71.268264296259105, -32.805991801589805 ], [ -71.268271316516689, -32.805859290505715 ], [ -71.268314727210822, -32.805821021569002 ], [ -71.26838604548557, -32.805840463807044 ], [ -71.268453162823519, -32.805843234791332 ], [ -71.268550528823283, -32.805772885597591 ], [ -71.268653177720665, -32.805798937225916 ], [ -71.26878520875394, -32.805829241101698 ], [ -71.26896814902733, -32.805856229429224 ], [ -71.269159604651506, -32.805883860590541 ], [ -71.269422358648256, -32.805930135961994 ], [ -71.269373727663307, -32.80619020293156 ], [ -71.269396050968837, -32.806195380603576 ], [ -71.269389533425482, -32.806236170916165 ], [ -71.269352672024695, -32.806457744806025 ], [ -71.269348039211835, -32.806572667769395 ], [ -71.269551677365243, -32.806624400914451 ] ] ] ] } },
{ "type": "Feature", "properties": { "fid": 37, "Nombre": "6", "HAS": 3.62, "Plantas": 3218, "Alias:": "P6", "Especie": "Paltas" }, "geometry": { "type": "MultiPolygon", "coordinates": [ [ [ [ -71.265098277284494, -32.80853413110966 ], [ -71.265203753400442, -32.808522652142301 ], [ -71.26532524888259, -32.808472603438595 ], [ -71.265406290395688, -32.808391387157812 ], [ -71.265516175313167, -32.808330383532393 ], [ -71.26564179601624, -32.808219650353962 ], [ -71.265781157327382, -32.808129403122066 ], [ -71.265896462296141, -32.808058731128121 ], [ -71.266041405611787, -32.807965192580546 ], [ -71.266193388347872, -32.807925755953377 ], [ -71.266425409720512, -32.807616911971671 ], [ -71.266677997636066, -32.807523018293239 ], [ -71.266821107082293, -32.807506071443449 ], [ -71.267021928810223, -32.807456179317022 ], [ -71.267168246753286, -32.807416844146282 ], [ -71.267288621182871, -32.807397118640502 ], [ -71.267388472636952, -32.807387334751624 ], [ -71.267447991560175, -32.807351166742784 ], [ -71.267538509638484, -32.807271372438066 ], [ -71.267630712846398, -32.807183572607634 ], [ -71.268028577958859, -32.807083853961743 ], [ -71.268255827177526, -32.807033480971626 ], [ -71.268441544512584, -32.806983860354691 ], [ -71.268176336243258, -32.805912051404817 ], [ -71.267838960638358, -32.805939298698263 ], [ -71.267584373709084, -32.805954278985524 ], [ -71.267402210755805, -32.805995061473212 ], [ -71.267264094266125, -32.806059768075649 ], [ -71.267105098139851, -32.806157549977364 ], [ -71.266922739664139, -32.806227842577343 ], [ -71.266560185535084, -32.806342070547053 ], [ -71.266280382355404, -32.8064053544839 ], [ -71.266003612795529, -32.80647655781393 ], [ -71.265828345633849, -32.806565860305895 ], [ -71.265603483435399, -32.806710289924716 ], [ -71.265417738311314, -32.80683327626916 ], [ -71.265256695958399, -32.806962195187324 ], [ -71.265169641732115, -32.807104129700598 ], [ -71.265173592945217, -32.807185402541073 ], [ -71.265023054194074, -32.807430565147015 ], [ -71.264920256141494, -32.807584746834927 ], [ -71.26483802822213, -32.80765641434752 ], [ -71.264730435946419, -32.807733325759756 ], [ -71.264718873016562, -32.807761447278409 ], [ -71.265098277284494, -32.80853413110966 ] ] ] ] } },
{ "type": "Feature", "properties": { "fid": 38, "Nombre": "5", "HAS": 11.0, "Plantas": 3056, "Alias:": "P5", "Especie": "Paltas" }, "geometry": { "type": "MultiPolygon", "coordinates": [ [ [ [ -71.265095786206942, -32.808584817034543 ], [ -71.265236807606513, -32.808559934806915 ], [ -71.265463603218606, -32.80841706573824 ], [ -71.265642797624579, -32.808259108146956 ], [ -71.265803248883927, -32.808181238987764 ], [ -71.265921398655919, -32.808073830770532 ], [ -71.266033049213661, -32.808008009779186 ], [ -71.266126792822433, -32.807980792614408 ], [ -71.266213146990907, -32.807960089132955 ], [ -71.266375941168576, -32.80775138793301 ], [ -71.266495329763842, -32.807618436979453 ], [ -71.26669221437858, -32.807562236726667 ], [ -71.266803291775403, -32.807548262515411 ], [ -71.266979288597838, -32.807487655182172 ], [ -71.267188686323081, -32.807440797420902 ], [ -71.267309060778956, -32.807421071894304 ], [ -71.267456788174243, -32.807400053197831 ], [ -71.26771107981412, -32.80729894916697 ], [ -71.267818612367407, -32.807145477011595 ], [ -71.268451236746174, -32.806993653342339 ], [ -71.268518858667775, -32.807276335130524 ], [ -71.268635516538183, -32.807704866678606 ], [ -71.268728123684596, -32.808078807054059 ], [ -71.268854891686004, -32.808533472280452 ], [ -71.2688727299319, -32.808640810400085 ], [ -71.268815431298236, -32.808727180875479 ], [ -71.268709595839539, -32.808835963506716 ], [ -71.268604870991339, -32.809062754837655 ], [ -71.268507445567963, -32.809242361707916 ], [ -71.268418854877368, -32.809323716772639 ], [ -71.268242742289004, -32.809417025486155 ], [ -71.267911886044118, -32.809515530748108 ], [ -71.267726219725404, -32.809641709089242 ], [ -71.267555372218339, -32.809756453766397 ], [ -71.267368031908219, -32.809853952184554 ], [ -71.267225526362139, -32.809894813595818 ], [ -71.267082145246846, -32.809975565354996 ], [ -71.267121837073603, -32.810199739322783 ], [ -71.267103353952962, -32.810364357687646 ], [ -71.267057817519458, -32.810430577008788 ], [ -71.266835159917875, -32.810587728917504 ], [ -71.266497234309639, -32.810817147466224 ], [ -71.266217224248365, -32.811021591594553 ], [ -71.266001629470892, -32.811159474349871 ], [ -71.265848051203676, -32.811285069009344 ], [ -71.265742464989913, -32.811366729982481 ], [ -71.265581401019404, -32.81142068547711 ], [ -71.265401241327737, -32.811392047156112 ], [ -71.265154303470737, -32.811262538152342 ], [ -71.264802278005476, -32.811085485896193 ], [ -71.264601338892035, -32.810982258067625 ], [ -71.264369290231627, -32.810992836862589 ], [ -71.26411759410648, -32.810973465933785 ], [ -71.264108371205992, -32.810833273935188 ], [ -71.264192423166222, -32.810721699167523 ], [ -71.26429643925556, -32.810615345590698 ], [ -71.264398081815557, -32.810489895034877 ], [ -71.264450389688633, -32.810429934056295 ], [ -71.264467825777885, -32.810335514331832 ], [ -71.264522763233515, -32.81015588172221 ], [ -71.264616455752119, -32.809940458092036 ], [ -71.264656256077572, -32.809796986546772 ], [ -71.264713788735548, -32.809756868258134 ], [ -71.264797380524556, -32.809664441283424 ], [ -71.264917866319934, -32.809574536537077 ], [ -71.265070175097975, -32.809324557032618 ], [ -71.265115280287731, -32.809092467568419 ], [ -71.265144318887465, -32.808971520476362 ], [ -71.265081688108097, -32.808587464674225 ], [ -71.265095786206942, -32.808584817034543 ] ] ] ] } },
{ "type": "Feature", "properties": { "fid": 39, "Nombre": "2", "HAS": null, "Plantas": null, "Alias:": "P2B5", "Especie": "Naranjas" }, "geometry": { "type": "MultiPolygon", "coordinates": [ [ [ [ -71.25875217851295, -32.812344898744925 ], [ -71.258840244067613, -32.812652737079532 ], [ -71.258911399552673, -32.812964070540666 ], [ -71.259005618976843, -32.813328419724378 ], [ -71.259078219707945, -32.81362218206872 ], [ -71.25915455652968, -32.813914281911252 ], [ -71.259220606447258, -32.81417307263861 ], [ -71.259273113496391, -32.81438186567901 ], [ -71.259310850927264, -32.81452951828765 ], [ -71.259335868009799, -32.814622373440351 ], [ -71.259327816156386, -32.814640063684749 ], [ -71.259237097070994, -32.814675196293479 ], [ -71.259115064861561, -32.814704514177144 ], [ -71.259066138940909, -32.814711777370597 ], [ -71.259034689128399, -32.814737864927046 ], [ -71.258948265984841, -32.814756172400372 ], [ -71.258900864767043, -32.814749053109985 ], [ -71.258855174344461, -32.814772207703278 ], [ -71.258698851227223, -32.81475269950996 ], [ -71.258514426168219, -32.814704988508588 ], [ -71.258310314574558, -32.814625732723911 ], [ -71.258182771254496, -32.81458656463515 ], [ -71.258084410943511, -32.814543679845933 ], [ -71.257940315793633, -32.814484872808663 ], [ -71.25781793647603, -32.814463156041832 ], [ -71.257674083634214, -32.814413914252384 ], [ -71.257535009440929, -32.814348237446019 ], [ -71.257385610216957, -32.814266398090083 ], [ -71.257295323011817, -32.814206619640714 ], [ -71.257170068221939, -32.814145876850588 ], [ -71.257023606049714, -32.81410545379503 ], [ -71.256859829745977, -32.81405258290102 ], [ -71.256696235057149, -32.814006885965647 ], [ -71.256647231419805, -32.813824345827442 ], [ -71.256579321409689, -32.813566384566869 ], [ -71.256529330606895, -32.813344784906533 ], [ -71.256450392688691, -32.81306150255142 ], [ -71.256597524535067, -32.812979100031257 ], [ -71.256787413484986, -32.812869608950727 ], [ -71.256895240712169, -32.812801472306283 ], [ -71.257081954254545, -32.812678480647541 ], [ -71.257196630737454, -32.812619790158713 ], [ -71.257403674610927, -32.812553850970296 ], [ -71.257568062050794, -32.812518985769252 ], [ -71.257745007138212, -32.81253254098246 ], [ -71.257891600218699, -32.812503578853566 ], [ -71.258074213126037, -32.812554513590158 ], [ -71.258166161051591, -32.812568006860928 ], [ -71.258375987217121, -32.812425456390905 ], [ -71.25875217851295, -32.812344898744925 ] ] ] ] } },
{ "type": "Feature", "properties": { "fid": 40, "Nombre": "Cirrus", "HAS": null, "Plantas": null, "Alias:": "CirrusAgro", "Especie": "Mandarina" }, "geometry": { "type": "MultiPolygon", "coordinates": [ [ [ [ -71.256855466370553, -32.81675126940295 ], [ -71.25741195799263, -32.819283580039148 ], [ -71.258383997352809, -32.819147238955019 ], [ -71.258606584477974, -32.820158972220561 ], [ -71.258307458705104, -32.820106950552017 ], [ -71.257947212771668, -32.820234232992846 ], [ -71.257730884382795, -32.820303477156273 ], [ -71.25753090282069, -32.82027738500198 ], [ -71.257409421386669, -32.82029541684517 ], [ -71.257342690860852, -32.820253060220821 ], [ -71.257180071011291, -32.820313414432704 ], [ -71.256793438863795, -32.820417409319717 ], [ -71.256638241451284, -32.820400408118658 ], [ -71.256291340757713, -32.818737505044766 ], [ -71.256111706878784, -32.818124956891864 ], [ -71.255848442965387, -32.816894168773246 ], [ -71.256855466370553, -32.81675126940295 ] ] ], [ [ [ -71.258704108953324, -32.820398774371782 ], [ -71.258863105918422, -32.821306713632254 ], [ -71.258135612947385, -32.821470326263466 ], [ -71.257589740882139, -32.821583137446339 ], [ -71.257053242993919, -32.821695777183656 ], [ -71.256715454328784, -32.822062233753819 ], [ -71.256497144997738, -32.82233149379757 ], [ -71.256118627735361, -32.82238583992519 ], [ -71.255947461373736, -32.822293885062365 ], [ -71.255921319275501, -32.82218743521387 ], [ -71.256393057242391, -32.821739364396876 ], [ -71.256657224425226, -32.82124355503808 ], [ -71.256754671564678, -32.820738872041261 ], [ -71.257655649778485, -32.8204810565108 ], [ -71.258315553182825, -32.820241445891668 ], [ -71.25843529164321, -32.820247204883437 ], [ -71.258704108953324, -32.820398774371782 ] ] ] ] } }
]
}
