estado,excel_row,fecha,evaporacion,estacion,nota
INSERTABLE,2,1994-01-01,6.6,,
INSERTABLE,3,1994-01-02,6.6,,
INSERTABLE,4,1994-01-03,6.6,,
INSERTABLE,5,1994-01-04,3.1,,
INSERTABLE,6,1994-01-05,6.1,,
INSERTABLE,7,1994-01-06,6.1,,
INSERTABLE,8,1994-01-07,5.8,,
INSERTABLE,9,1994-01-08,6.2,,
INSERTABLE,10,1994-01-09,6,,
INSERTABLE,11,1994-01-10,6,,
INSERTABLE,12,1994-01-11,6,,
INSERTABLE,13,1994-01-12,7,,
INSERTABLE,14,1994-01-13,8.3,,
INSERTABLE,15,1994-01-14,7.9,,
INSERTABLE,16,1994-01-15,7.8,,
INSERTABLE,18,1994-01-17,8.7,,
INSERTABLE,19,1994-01-18,7.7,,
INSERTABLE,20,1994-01-19,7.4,,
INSERTABLE,21,1994-01-20,7.3,,
INSERTABLE,22,1994-01-21,8.4,,
INSERTABLE,23,1994-01-22,7.2,,
INSERTABLE,24,1994-01-23,5.7,,
INSERTABLE,25,1994-01-24,5.7,,
INSERTABLE,26,1994-01-25,7,,
INSERTABLE,27,1994-01-26,8.3,,
INSERTABLE,28,1994-01-27,7.1,,
INSERTABLE,29,1994-01-28,5.7,,
INSERTABLE,30,1994-01-29,5.7,,
INSERTABLE,31,1994-01-30,7.7,,
INSERTABLE,32,1994-01-31,7.7,,
INSERTABLE,33,1994-02-01,6.5,,
INSERTABLE,34,1994-02-02,6,,
INSERTABLE,35,1994-02-03,8.6,,
INSERTABLE,36,1994-02-04,8.9,,
INSERTABLE,37,1994-02-05,8,,
INSERTABLE,38,1994-02-06,6.95,,
INSERTABLE,39,1994-02-07,6.95,,
INSERTABLE,40,1994-02-08,6.7,,
INSERTABLE,41,1994-02-09,7,,
INSERTABLE,42,1994-02-10,5.5,,
INSERTABLE,43,1994-02-11,5.8,,
INSERTABLE,44,1994-02-12,6.1,,
INSERTABLE,45,1994-02-13,6.5,,
INSERTABLE,46,1994-02-14,6.5,,
INSERTABLE,47,1994-02-15,9.6,,
INSERTABLE,48,1994-02-16,7,,
INSERTABLE,49,1994-02-17,7.5,,
INSERTABLE,50,1994-02-18,6,,
INSERTABLE,51,1994-02-19,7.6,,
INSERTABLE,52,1994-02-20,4.9,,
INSERTABLE,53,1994-02-21,4.9,,
INSERTABLE,54,1994-02-22,5.2,,
INSERTABLE,55,1994-02-23,4.9,,
INSERTABLE,56,1994-02-24,5.1,,
INSERTABLE,57,1994-02-25,4.9,,
INSERTABLE,58,1994-02-26,2,,
INSERTABLE,59,1994-02-27,5.1,,
INSERTABLE,60,1994-02-28,5.1,,
INSERTABLE,61,1994-03-01,5.9,,
INSERTABLE,62,1994-03-02,5.3,,
INSERTABLE,63,1994-03-03,5.4,,
INSERTABLE,64,1994-03-04,4.9,,
INSERTABLE,65,1994-03-05,4.3,,
INSERTABLE,66,1994-03-06,4.5,,
INSERTABLE,67,1994-03-07,4.5,,
INSERTABLE,68,1994-03-08,4.3,,
INSERTABLE,69,1994-03-09,4.3,,
INSERTABLE,70,1994-03-10,4.6,,
INSERTABLE,71,1994-03-11,5.7,,
INSERTABLE,72,1994-03-12,4.3,,
INSERTABLE,73,1994-03-13,4.05,,
INSERTABLE,74,1994-03-14,4.05,,
INSERTABLE,75,1994-03-15,5.5,,
INSERTABLE,76,1994-03-16,5.6,,
INSERTABLE,77,1994-03-17,4.6,,
INSERTABLE,78,1994-03-18,4.5,,
INSERTABLE,79,1994-03-19,4.5,,
INSERTABLE,80,1994-03-20,5.05,,
INSERTABLE,81,1994-03-21,5.05,,
INSERTABLE,82,1994-03-22,3.7,,
INSERTABLE,83,1994-03-23,1.7,,
INSERTABLE,84,1994-03-24,3.1,,
INSERTABLE,85,1994-03-25,5.3,,
INSERTABLE,86,1994-03-26,7.1,,
INSERTABLE,87,1994-03-27,3.4,,
INSERTABLE,88,1994-03-28,3.4,,
INSERTABLE,89,1994-03-29,4.1,,
INSERTABLE,90,1994-03-30,4.7,,
INSERTABLE,91,1994-03-31,3.9,,
INSERTABLE,92,1994-04-01,4.15,,
INSERTABLE,93,1994-04-02,4.15,,
INSERTABLE,94,1994-04-03,4.15,,
INSERTABLE,95,1994-04-04,4.15,,
INSERTABLE,96,1994-04-05,0.2,,
INSERTABLE,97,1994-04-06,3.6,,
INSERTABLE,98,1994-04-07,4.9,,
INSERTABLE,99,1994-04-08,4,,
INSERTABLE,100,1994-04-09,4.1,,
INSERTABLE,101,1994-04-10,4.25,,
INSERTABLE,102,1994-04-11,4.25,,
INSERTABLE,103,1994-04-12,4.4,,
INSERTABLE,104,1994-04-13,3.6,,
INSERTABLE,105,1994-04-14,2.3,,
INSERTABLE,106,1994-04-15,1.4,,
INSERTABLE,107,1994-04-16,2.4,,
INSERTABLE,108,1994-04-17,3.7,,
INSERTABLE,109,1994-04-18,3.7,,
INSERTABLE,110,1994-04-19,3.4,,
INSERTABLE,111,1994-04-20,2.3,,
INSERTABLE,112,1994-04-21,1.9,,
INSERTABLE,113,1994-04-22,2.2,,
INSERTABLE,114,1994-04-23,2.1,,
INSERTABLE,115,1994-04-24,2.95,,
INSERTABLE,116,1994-04-25,2.95,,
INSERTABLE,117,1994-04-26,1.2,,
INSERTABLE,118,1994-04-27,0,,
INSERTABLE,119,1994-04-28,0.8,,
INSERTABLE,120,1994-04-29,1.8,,
INSERTABLE,121,1994-04-30,1.5,,
INSERTABLE,122,1994-05-01,2.8,,
INSERTABLE,123,1994-05-02,2.8,,
INSERTABLE,124,1994-05-03,1.9,,
INSERTABLE,125,1994-05-04,3.1,,
INSERTABLE,126,1994-05-05,3.7,,
INSERTABLE,127,1994-05-06,1.7,,
INSERTABLE,128,1994-05-07,2.7,,
INSERTABLE,129,1994-05-08,1.75,,
INSERTABLE,130,1994-05-09,1.75,,
INSERTABLE,131,1994-05-10,2.2,,
INSERTABLE,132,1994-05-11,2.3,,
INSERTABLE,133,1994-05-12,1.9,,
INSERTABLE,134,1994-05-13,2.8,,
INSERTABLE,135,1994-05-14,2.5,,
INSERTABLE,136,1994-05-15,1.4,,
INSERTABLE,137,1994-05-16,1.4,,
INSERTABLE,138,1994-05-17,0.8,,
INSERTABLE,139,1994-05-18,1.8,,
INSERTABLE,140,1994-05-19,1.7,,
INSERTABLE,141,1994-05-20,2.1,,
INSERTABLE,142,1994-05-21,1.2,,
INSERTABLE,147,1994-05-26,0.6,,
INSERTABLE,151,1994-05-30,0.9,,
INSERTABLE,152,1994-05-31,0.8,,
INSERTABLE,153,1994-06-01,0.8,,
INSERTABLE,154,1994-06-02,1.1,,
INSERTABLE,155,1994-06-03,0.9,,
INSERTABLE,156,1994-06-04,0.8,,
INSERTABLE,157,1994-06-05,0.95,,
INSERTABLE,158,1994-06-06,0.95,,
INSERTABLE,159,1994-06-07,0.7,,
INSERTABLE,160,1994-06-08,1.1,,
INSERTABLE,161,1994-06-09,1.9,,
INSERTABLE,162,1994-06-10,1.3,,
INSERTABLE,163,1994-06-11,1.1,,
INSERTABLE,164,1994-06-12,0.3,,
INSERTABLE,165,1994-06-13,0.3,,
INSERTABLE,166,1994-06-14,0.9,,
INSERTABLE,167,1994-06-15,0.4,,
INSERTABLE,168,1994-06-16,1.1,,
INSERTABLE,169,1994-06-17,1.4,,
INSERTABLE,170,1994-06-18,1.4,,
INSERTABLE,171,1994-06-19,0.4,,
INSERTABLE,172,1994-06-20,0.4,,
INSERTABLE,173,1994-06-21,0.4,,
INSERTABLE,174,1994-06-22,0.5,,
INSERTABLE,175,1994-06-23,0.5,,
INSERTABLE,176,1994-06-24,0,,
INSERTABLE,177,1994-06-25,1.8,,
INSERTABLE,178,1994-06-26,2.1,,
INSERTABLE,179,1994-06-27,2.1,,
INSERTABLE,180,1994-06-28,1.1,,
INSERTABLE,183,1994-07-01,0.6,,
INSERTABLE,184,1994-07-02,0.7,,
INSERTABLE,185,1994-07-03,1.1,,
INSERTABLE,186,1994-07-04,0.2,,
INSERTABLE,187,1994-07-05,0.4,,
INSERTABLE,188,1994-07-06,0.4,,
INSERTABLE,189,1994-07-07,0.5,,
INSERTABLE,190,1994-07-08,1,,
INSERTABLE,191,1994-07-09,1,,
INSERTABLE,192,1994-07-10,0.4,,
INSERTABLE,193,1994-07-11,0.4,,
INSERTABLE,194,1994-07-12,0.2,,
INSERTABLE,195,1994-07-13,0.7,,
INSERTABLE,196,1994-07-14,1.2,,
INSERTABLE,197,1994-07-15,0.9,,
INSERTABLE,198,1994-07-16,0.7,,
INSERTABLE,199,1994-07-17,1,,
INSERTABLE,200,1994-07-18,0.6,,
INSERTABLE,201,1994-07-19,0.625,,
INSERTABLE,202,1994-07-20,0.625,,
INSERTABLE,203,1994-07-21,0.625,,
INSERTABLE,204,1994-07-22,0.625,,
INSERTABLE,205,1994-07-23,1.4,,
INSERTABLE,206,1994-07-24,1.3,,
INSERTABLE,207,1994-07-25,0.5,,
INSERTABLE,208,1994-07-26,0.7,,
INSERTABLE,209,1994-07-27,0.1,,
INSERTABLE,210,1994-07-28,0.25,,
INSERTABLE,211,1994-07-29,0.25,,
INSERTABLE,212,1994-07-30,1.3,,
INSERTABLE,213,1994-07-31,0.8,,
INSERTABLE,214,1994-08-01,1.2,,
INSERTABLE,215,1994-08-02,1.25,,
INSERTABLE,216,1994-08-03,2,,
INSERTABLE,217,1994-08-04,1.2,,
INSERTABLE,218,1994-08-05,0.9,,
INSERTABLE,219,1994-08-06,0.6,,
INSERTABLE,220,1994-08-07,0.6,,
INSERTABLE,221,1994-08-08,0.5,,
INSERTABLE,222,1994-08-09,0.5,,
INSERTABLE,223,1994-08-10,0.5,,
INSERTABLE,224,1994-08-11,2.1,,
INSERTABLE,225,1994-08-12,2.8,,
INSERTABLE,226,1994-08-13,1,,
INSERTABLE,227,1994-08-14,1.8,,
INSERTABLE,228,1994-08-15,2.5,,
INSERTABLE,229,1994-08-16,2.1,,
INSERTABLE,230,1994-08-17,2.1,,
INSERTABLE,231,1994-08-18,0.4,,
INSERTABLE,232,1994-08-19,3,,
INSERTABLE,233,1994-08-20,1.6,,
INSERTABLE,234,1994-08-21,2,,
INSERTABLE,235,1994-08-22,1.6,,
INSERTABLE,236,1994-08-23,1.8,,
INSERTABLE,238,1994-08-25,0.5,,
INSERTABLE,239,1994-08-26,1.2,,
INSERTABLE,240,1994-08-27,1.9,,
INSERTABLE,241,1994-08-28,1.9,,
INSERTABLE,242,1994-08-29,1.8,,
INSERTABLE,243,1994-08-30,1.6,,
INSERTABLE,244,1994-08-31,0.5,,
INSERTABLE,245,1994-09-01,0.6,,
INSERTABLE,246,1994-09-02,0.6,,
INSERTABLE,247,1994-09-03,0.6,,
INSERTABLE,248,1994-09-04,0.6,,
INSERTABLE,249,1994-09-05,2.7,,
INSERTABLE,250,1994-09-06,1.8,,
INSERTABLE,251,1994-09-07,2.2,,
INSERTABLE,252,1994-09-08,3.9,,
INSERTABLE,253,1994-09-09,3.1,,
INSERTABLE,254,1994-09-10,1.5,,
INSERTABLE,255,1994-09-11,2.1,,
INSERTABLE,256,1994-09-12,2.1,,
INSERTABLE,257,1994-09-13,2,,
INSERTABLE,258,1994-09-14,2.6,,
INSERTABLE,259,1994-09-15,3.4,,
INSERTABLE,260,1994-09-16,2.6,,
INSERTABLE,261,1994-09-17,2.5,,
INSERTABLE,262,1994-09-18,4,,
INSERTABLE,263,1994-09-19,2.5,,
INSERTABLE,264,1994-09-20,1.5,,
INSERTABLE,265,1994-09-21,1,,
INSERTABLE,266,1994-09-22,2.1,,
INSERTABLE,267,1994-09-23,0.5,,
INSERTABLE,268,1994-09-24,0,,
INSERTABLE,269,1994-09-25,2.5,,
INSERTABLE,270,1994-09-26,4,,
INSERTABLE,271,1994-09-27,4.3,,
INSERTABLE,272,1994-09-28,3.1,,
INSERTABLE,273,1994-09-29,2.6,,
INSERTABLE,274,1994-09-30,1.1,,
INSERTABLE,275,1994-10-01,0.7,,
INSERTABLE,276,1994-10-02,1,,
INSERTABLE,277,1994-10-03,1.4,,
INSERTABLE,278,1994-10-04,1.5,,
INSERTABLE,279,1994-10-05,3.7,,
INSERTABLE,280,1994-10-06,6.8,,
INSERTABLE,281,1994-10-07,6.1,,
INSERTABLE,282,1994-10-08,4.7,,
INSERTABLE,283,1994-10-09,3.8,,
INSERTABLE,284,1994-10-10,5,,
INSERTABLE,285,1994-10-11,2.2,,
INSERTABLE,286,1994-10-12,2.2,,
INSERTABLE,287,1994-10-13,3.7,,
INSERTABLE,288,1994-10-14,4.9,,
INSERTABLE,289,1994-10-15,4.5,,
INSERTABLE,290,1994-10-16,3.3,,
INSERTABLE,291,1994-10-17,2.8,,
INSERTABLE,292,1994-10-18,5.5,,
INSERTABLE,293,1994-10-19,5.1,,
INSERTABLE,294,1994-10-20,4.6,,
INSERTABLE,295,1994-10-21,4.1,,
INSERTABLE,296,1994-10-22,6,,
INSERTABLE,297,1994-10-23,5.7,,
INSERTABLE,298,1994-10-24,5.6,,
INSERTABLE,299,1994-10-25,6.8,,
INSERTABLE,300,1994-10-26,4.2,,
INSERTABLE,301,1994-10-27,5.2,,
INSERTABLE,302,1994-10-28,3.1,,
INSERTABLE,303,1994-10-29,3.4,,
INSERTABLE,304,1994-10-30,1.2,,
INSERTABLE,305,1994-10-31,4,,
INSERTABLE,306,1994-11-01,5.2,,
INSERTABLE,307,1994-11-02,6.3,,
INSERTABLE,308,1994-11-03,8.5,,
INSERTABLE,309,1994-11-04,7.1,,
INSERTABLE,310,1994-11-05,6.75,,
INSERTABLE,311,1994-11-06,6.75,,
INSERTABLE,312,1994-11-07,7,,
INSERTABLE,313,1994-11-08,6.3,,
INSERTABLE,314,1994-11-09,6.9,,
INSERTABLE,315,1994-11-10,7.6,,
INSERTABLE,316,1994-11-11,1.6,,
INSERTABLE,317,1994-11-12,3.3,,
INSERTABLE,318,1994-11-13,7,,
INSERTABLE,319,1994-11-14,5.2,,
INSERTABLE,320,1994-11-15,7,,
INSERTABLE,321,1994-11-16,6.8,,
INSERTABLE,322,1994-11-17,7.2,,
INSERTABLE,323,1994-11-18,6.8,,
INSERTABLE,324,1994-11-19,5.6,,
INSERTABLE,325,1994-11-20,4.7,,
INSERTABLE,326,1994-11-21,6.6,,
INSERTABLE,327,1994-11-22,5.4,,
INSERTABLE,328,1994-11-23,6,,
INSERTABLE,329,1994-11-24,1.6,,
INSERTABLE,330,1994-11-25,6,,
INSERTABLE,331,1994-11-26,7.5,,
INSERTABLE,332,1994-11-27,6.7,,
INSERTABLE,333,1994-11-28,2.8,,
INSERTABLE,334,1994-11-29,7.6,,
INSERTABLE,335,1994-11-30,8,,
INSERTABLE,336,1994-12-01,8.3,,
INSERTABLE,337,1994-12-02,7.4,,
INSERTABLE,338,1994-12-03,5.8,,
INSERTABLE,339,1994-12-04,6.2,,
INSERTABLE,340,1994-12-05,8.3,,
INSERTABLE,341,1994-12-06,5.6,,
INSERTABLE,342,1994-12-07,8.4,,
INSERTABLE,343,1994-12-08,8,,
INSERTABLE,344,1994-12-09,5.2,,
INSERTABLE,345,1994-12-10,8.1,,
INSERTABLE,346,1994-12-11,7.8,,
INSERTABLE,347,1994-12-12,5.5,,
INSERTABLE,348,1994-12-13,6.7,,
INSERTABLE,349,1994-12-14,7.5,,
INSERTABLE,350,1994-12-15,8.3,,
INSERTABLE,351,1994-12-16,8.4,,
INSERTABLE,352,1994-12-17,7.2,,
INSERTABLE,353,1994-12-18,8.6,,
INSERTABLE,354,1994-12-19,7.6,,
INSERTABLE,355,1994-12-20,8.1,,
INSERTABLE,356,1994-12-21,8.2,,
INSERTABLE,357,1994-12-22,7.5,,
INSERTABLE,358,1994-12-23,7.7,,
INSERTABLE,359,1994-12-24,3.4,,
INSERTABLE,360,1994-12-25,7.4,,
INSERTABLE,361,1994-12-26,6.4,,
INSERTABLE,362,1994-12-27,8,,
INSERTABLE,363,1994-12-28,8.7,,
INSERTABLE,364,1994-12-29,8.7,,
INSERTABLE,365,1994-12-30,8.2,,
INSERTABLE,366,1994-12-31,8.2,,
INSERTABLE,367,1995-01-01,7.3,,
INSERTABLE,368,1995-01-02,7.3,,
INSERTABLE,369,1995-01-03,7.7,,
INSERTABLE,370,1995-01-04,8.1,,
INSERTABLE,371,1995-01-05,9.4,,
INSERTABLE,372,1995-01-06,8.3,,
INSERTABLE,373,1995-01-07,8.1,,
INSERTABLE,374,1995-01-08,7.6,,
INSERTABLE,375,1995-01-09,6.5,,
INSERTABLE,376,1995-01-10,8.1,,
INSERTABLE,377,1995-01-11,2.4,,
INSERTABLE,378,1995-01-12,4.2,,
INSERTABLE,379,1995-01-13,8.6,,
INSERTABLE,380,1995-01-14,5.4,,
INSERTABLE,381,1995-01-15,6.5,,
INSERTABLE,382,1995-01-16,6.4,,
INSERTABLE,383,1995-01-17,8.5,,
INSERTABLE,384,1995-01-18,8.7,,
INSERTABLE,385,1995-01-19,7.7,,
INSERTABLE,386,1995-01-20,7,,
INSERTABLE,387,1995-01-21,6.8,,
INSERTABLE,388,1995-01-22,7.3,,
INSERTABLE,389,1995-01-23,9.3,,
INSERTABLE,390,1995-01-24,9,,
INSERTABLE,391,1995-01-25,8.3,,
INSERTABLE,392,1995-01-26,8,,
INSERTABLE,393,1995-01-27,7.9,,
INSERTABLE,394,1995-01-28,8.3,,
INSERTABLE,395,1995-01-29,6.3,,
INSERTABLE,396,1995-01-30,7.4,,
INSERTABLE,397,1995-01-31,6.2,,
INSERTABLE,398,1995-02-01,2.9,,
INSERTABLE,399,1995-02-02,7.8,,
INSERTABLE,400,1995-02-03,8,,
INSERTABLE,401,1995-02-04,6.5,,
INSERTABLE,402,1995-02-05,8.3,,
INSERTABLE,403,1995-02-06,5,,
INSERTABLE,404,1995-02-07,6.1,,
INSERTABLE,405,1995-02-08,7.1,,
INSERTABLE,406,1995-02-09,7.4,,
INSERTABLE,407,1995-02-10,7.3,,
INSERTABLE,408,1995-02-11,7,,
INSERTABLE,409,1995-02-12,6.5,,
INSERTABLE,410,1995-02-13,7.5,,
INSERTABLE,411,1995-02-14,6.3,,
INSERTABLE,412,1995-02-15,6.1,,
INSERTABLE,413,1995-02-16,4.5,,
INSERTABLE,414,1995-02-17,5.3,,
INSERTABLE,415,1995-02-18,5.9,,
INSERTABLE,416,1995-02-19,5.1,,
INSERTABLE,417,1995-02-20,5.2,,
INSERTABLE,418,1995-02-21,3.1,,
INSERTABLE,419,1995-02-22,4,,
INSERTABLE,420,1995-02-23,5.3,,
INSERTABLE,421,1995-02-24,6.1,,
INSERTABLE,422,1995-02-25,6.7,,
INSERTABLE,423,1995-02-26,6.1,,
INSERTABLE,424,1995-02-27,6.3,,
INSERTABLE,425,1995-02-28,6.9,,
INSERTABLE,426,1995-03-01,6.3,,
INSERTABLE,427,1995-03-02,7,,
INSERTABLE,428,1995-03-03,6.5,,
INSERTABLE,429,1995-03-04,7.1,,
INSERTABLE,430,1995-03-05,8.1,,
INSERTABLE,431,1995-03-06,7.5,,
INSERTABLE,432,1995-03-07,6.4,,
INSERTABLE,433,1995-03-08,6.9,,
INSERTABLE,434,1995-03-09,7.3,,
INSERTABLE,435,1995-03-10,6.1,,
INSERTABLE,436,1995-03-11,3.1,,
INSERTABLE,437,1995-03-12,4,,
INSERTABLE,438,1995-03-13,3.4,,
INSERTABLE,439,1995-03-14,2.9,,
INSERTABLE,440,1995-03-15,4.3,,
INSERTABLE,441,1995-03-16,6.1,,
INSERTABLE,442,1995-03-17,5.8,,
INSERTABLE,443,1995-03-18,4.5,,
INSERTABLE,444,1995-03-19,2.4,,
INSERTABLE,445,1995-03-20,3.2,,
INSERTABLE,446,1995-03-21,4,,
INSERTABLE,447,1995-03-22,4.5,,
INSERTABLE,448,1995-03-23,4.3,,
INSERTABLE,449,1995-03-24,5,,
INSERTABLE,450,1995-03-25,4.5,,
INSERTABLE,451,1995-03-26,2.9,,
INSERTABLE,452,1995-03-27,4.2,,
INSERTABLE,453,1995-03-28,4.1,,
INSERTABLE,454,1995-03-29,3.7,,
INSERTABLE,455,1995-03-30,4.9,,
INSERTABLE,456,1995-03-31,4.2,,
INSERTABLE,457,1995-04-01,5.3,,
INSERTABLE,458,1995-04-02,5,,
INSERTABLE,459,1995-04-03,4.5,,
INSERTABLE,460,1995-04-04,5,,
INSERTABLE,461,1995-04-05,5.3,,
INSERTABLE,462,1995-04-06,5,,
INSERTABLE,463,1995-04-07,4,,
INSERTABLE,464,1995-04-08,3.9,,
INSERTABLE,465,1995-04-09,3.9,,
INSERTABLE,466,1995-04-10,4,,
INSERTABLE,467,1995-04-11,4.3,,
INSERTABLE,468,1995-04-12,5,,
INSERTABLE,469,1995-04-13,3,,
INSERTABLE,470,1995-04-14,2.9,,
INSERTABLE,471,1995-04-15,3,,
INSERTABLE,472,1995-04-16,3.1,,
INSERTABLE,473,1995-04-17,3.3,,
INSERTABLE,474,1995-04-18,4,,
INSERTABLE,475,1995-04-19,3,,
INSERTABLE,476,1995-04-20,3.2,,
INSERTABLE,477,1995-04-21,3,,
INSERTABLE,478,1995-04-22,2.3,,
INSERTABLE,479,1995-04-23,2.5,,
INSERTABLE,480,1995-04-24,2.5,,
INSERTABLE,481,1995-04-25,3,,
INSERTABLE,482,1995-04-26,2.5,,
INSERTABLE,483,1995-04-27,2,,
INSERTABLE,484,1995-04-28,0,,
INSERTABLE,485,1995-04-29,0.9,,
INSERTABLE,486,1995-04-30,1.6,,
INSERTABLE,487,1995-05-01,1.5,,
INSERTABLE,488,1995-05-02,1.6,,
INSERTABLE,489,1995-05-03,2.8,,
INSERTABLE,490,1995-05-04,3,,
INSERTABLE,491,1995-05-05,2,,
INSERTABLE,492,1995-05-06,0,,
INSERTABLE,493,1995-05-07,2,,
INSERTABLE,494,1995-05-08,3.1,,
INSERTABLE,495,1995-05-09,2.5,,
INSERTABLE,496,1995-05-10,2.2,,
INSERTABLE,497,1995-05-11,2,,
INSERTABLE,498,1995-05-12,2,,
INSERTABLE,499,1995-05-13,1.8,,
INSERTABLE,500,1995-05-14,2.1,,
INSERTABLE,501,1995-05-15,1.8,,
INSERTABLE,502,1995-05-16,2,,
INSERTABLE,503,1995-05-17,1.9,,
INSERTABLE,504,1995-05-18,2,,
INSERTABLE,505,1995-05-19,2.5,,
INSERTABLE,506,1995-05-20,2,,
INSERTABLE,507,1995-05-21,2,,
INSERTABLE,508,1995-05-22,1.8,,
INSERTABLE,509,1995-05-23,1.9,,
INSERTABLE,510,1995-05-24,1.7,,
INSERTABLE,511,1995-05-25,1.9,,
INSERTABLE,512,1995-05-26,2.2,,
INSERTABLE,513,1995-05-27,2.1,,
INSERTABLE,514,1995-05-28,1.7,,
INSERTABLE,515,1995-05-29,2.3,,
INSERTABLE,516,1995-05-30,2.3,,
INSERTABLE,517,1995-05-31,2.2,,
INSERTABLE,518,1995-06-01,2.5,,
INSERTABLE,519,1995-06-02,2.3,,
INSERTABLE,520,1995-06-03,2.6,,
INSERTABLE,521,1995-06-04,2.2,,
INSERTABLE,522,1995-06-05,2.3,,
INSERTABLE,523,1995-06-06,0,,
INSERTABLE,524,1995-06-07,1.9,,
INSERTABLE,525,1995-06-08,2.1,,
INSERTABLE,526,1995-06-09,1.2,,
INSERTABLE,527,1995-06-10,0,,
INSERTABLE,528,1995-06-11,2,,
INSERTABLE,529,1995-06-12,2,,
INSERTABLE,530,1995-06-13,2.3,,
INSERTABLE,531,1995-06-14,2.1,,
INSERTABLE,532,1995-06-15,1.9,,
INSERTABLE,533,1995-06-16,0,,
INSERTABLE,534,1995-06-17,0,,
INSERTABLE,535,1995-06-18,1.9,,
INSERTABLE,536,1995-06-19,2.3,,
INSERTABLE,537,1995-06-20,2.4,,
INSERTABLE,538,1995-06-21,2,,
INSERTABLE,539,1995-06-22,2.1,,
INSERTABLE,540,1995-06-23,1.9,,
INSERTABLE,541,1995-06-24,0,,
INSERTABLE,542,1995-06-25,2,,
INSERTABLE,543,1995-06-26,2.3,,
INSERTABLE,544,1995-06-27,1.9,,
INSERTABLE,545,1995-06-28,1.8,,
INSERTABLE,546,1995-06-29,2,,
INSERTABLE,547,1995-06-30,1.9,,
INSERTABLE,548,1995-07-01,1.9,,
INSERTABLE,549,1995-07-02,2,,
INSERTABLE,550,1995-07-03,2.4,,
INSERTABLE,551,1995-07-04,2.1,,
INSERTABLE,552,1995-07-05,0,,
INSERTABLE,553,1995-07-06,2,,
INSERTABLE,554,1995-07-07,1.9,,
INSERTABLE,555,1995-07-08,2,,
INSERTABLE,556,1995-07-09,2.1,,
INSERTABLE,557,1995-07-10,2.1,,
INSERTABLE,558,1995-07-11,2.2,,
INSERTABLE,559,1995-07-12,2,,
INSERTABLE,560,1995-07-13,2.1,,
INSERTABLE,561,1995-07-14,2,,
INSERTABLE,562,1995-07-15,2.1,,
INSERTABLE,563,1995-07-16,1.9,,
INSERTABLE,564,1995-07-17,2.2,,
INSERTABLE,565,1995-07-18,2.1,,
INSERTABLE,566,1995-07-19,2,,
INSERTABLE,567,1995-07-20,2.1,,
INSERTABLE,568,1995-07-21,2.2,,
INSERTABLE,569,1995-07-22,2,,
INSERTABLE,570,1995-07-23,0,,
INSERTABLE,571,1995-07-24,0,,
INSERTABLE,572,1995-07-25,1.9,,
INSERTABLE,573,1995-07-26,2.1,,
INSERTABLE,574,1995-07-27,0,,
INSERTABLE,575,1995-07-28,2.2,,
INSERTABLE,576,1995-07-29,0,,
INSERTABLE,577,1995-07-30,1.8,,
INSERTABLE,578,1995-07-31,2.1,,
INSERTABLE,579,1995-08-01,2.1,,
INSERTABLE,580,1995-08-02,1.8,,
INSERTABLE,581,1995-08-03,2,,
INSERTABLE,582,1995-08-04,2.1,,
INSERTABLE,583,1995-08-05,2.2,,
INSERTABLE,584,1995-08-06,2,,
INSERTABLE,585,1995-08-07,1.7,,
INSERTABLE,586,1995-08-08,1.9,,
INSERTABLE,587,1995-08-09,1.9,,
INSERTABLE,588,1995-08-10,2.2,,
INSERTABLE,589,1995-08-11,2,,
INSERTABLE,590,1995-08-12,2.1,,
INSERTABLE,591,1995-08-13,0,,
INSERTABLE,592,1995-08-14,0,,
INSERTABLE,593,1995-08-15,1.9,,
INSERTABLE,594,1995-08-16,1.9,,
INSERTABLE,595,1995-08-17,2,,
INSERTABLE,596,1995-08-18,2.1,,
INSERTABLE,597,1995-08-19,2.2,,
INSERTABLE,598,1995-08-20,2,,
INSERTABLE,599,1995-08-21,2.1,,
INSERTABLE,600,1995-08-22,2.1,,
INSERTABLE,601,1995-08-23,2.2,,
INSERTABLE,602,1995-08-24,2.1,,
INSERTABLE,603,1995-08-25,2,,
INSERTABLE,604,1995-08-26,2,,
INSERTABLE,605,1995-08-27,2.2,,
INSERTABLE,606,1995-08-28,2.1,,
INSERTABLE,607,1995-08-29,2,,
INSERTABLE,608,1995-08-30,2.2,,
INSERTABLE,609,1995-08-31,2.1,,
INSERTABLE,610,1995-09-01,2.1,,
INSERTABLE,611,1995-09-02,2,,
INSERTABLE,612,1995-09-03,1.9,,
INSERTABLE,613,1995-09-04,1.9,,
INSERTABLE,614,1995-09-05,2,,
INSERTABLE,615,1995-09-06,2,,
INSERTABLE,616,1995-09-07,2.1,,
INSERTABLE,617,1995-09-08,2,,
INSERTABLE,618,1995-09-09,2.1,,
INSERTABLE,619,1995-09-10,2.1,,
INSERTABLE,620,1995-09-11,2,,
INSERTABLE,621,1995-09-12,1.6,,
INSERTABLE,622,1995-09-13,1.8,,
INSERTABLE,623,1995-09-14,1.9,,
INSERTABLE,624,1995-09-15,2,,
INSERTABLE,625,1995-09-16,1.8,,
INSERTABLE,626,1995-09-17,1.4,,
INSERTABLE,627,1995-09-18,1.9,,
INSERTABLE,628,1995-09-19,2,,
INSERTABLE,629,1995-09-20,2.1,,
INSERTABLE,630,1995-09-21,2,,
INSERTABLE,631,1995-09-22,1.9,,
INSERTABLE,632,1995-09-23,2.1,,
INSERTABLE,633,1995-09-24,2.1,,
INSERTABLE,634,1995-09-25,2,,
INSERTABLE,635,1995-09-26,1.8,,
INSERTABLE,636,1995-09-27,1.9,,
INSERTABLE,637,1995-09-28,2,,
INSERTABLE,638,1995-09-29,2,,
INSERTABLE,639,1995-09-30,1.9,,
INSERTABLE,640,1995-10-01,1.9,,
INSERTABLE,641,1995-10-02,2,,
INSERTABLE,642,1995-10-03,2,,
INSERTABLE,643,1995-10-04,2.1,,
INSERTABLE,644,1995-10-05,2.2,,
INSERTABLE,645,1995-10-06,2.2,,
INSERTABLE,646,1995-10-07,2.3,,
INSERTABLE,647,1995-10-08,2.1,,
INSERTABLE,648,1995-10-09,2.2,,
INSERTABLE,649,1995-10-10,2.3,,
INSERTABLE,650,1995-10-11,2.2,,
INSERTABLE,651,1995-10-12,2.3,,
INSERTABLE,652,1995-10-13,2.4,,
INSERTABLE,653,1995-10-14,2.3,,
INSERTABLE,654,1995-10-15,2.1,,
INSERTABLE,655,1995-10-16,2.2,,
INSERTABLE,656,1995-10-17,2,,
INSERTABLE,657,1995-10-18,2.3,,
INSERTABLE,658,1995-10-19,2.3,,
INSERTABLE,659,1995-10-20,2.4,,
INSERTABLE,660,1995-10-21,2.5,,
INSERTABLE,661,1995-10-22,2.3,,
INSERTABLE,662,1995-10-23,2.2,,
INSERTABLE,663,1995-10-24,2.3,,
INSERTABLE,664,1995-10-25,2.4,,
INSERTABLE,665,1995-10-26,2.4,,
INSERTABLE,666,1995-10-27,2.1,,
INSERTABLE,667,1995-10-28,2.5,,
INSERTABLE,668,1995-10-29,2.7,,
INSERTABLE,669,1995-10-30,3,,
INSERTABLE,670,1995-10-31,3.1,,
INSERTABLE,671,1995-11-01,2.8,,
INSERTABLE,672,1995-11-02,2.9,,
INSERTABLE,673,1995-11-03,2.8,,
INSERTABLE,674,1995-11-04,2.9,,
INSERTABLE,675,1995-11-05,2.9,,
INSERTABLE,676,1995-11-06,3,,
INSERTABLE,677,1995-11-07,3.5,,
INSERTABLE,678,1995-11-08,2.9,,
INSERTABLE,679,1995-11-09,3.1,,
INSERTABLE,680,1995-11-10,3.3,,
INSERTABLE,681,1995-11-11,3.3,,
INSERTABLE,682,1995-11-12,2.85,,
INSERTABLE,683,1995-11-13,2.85,,
INSERTABLE,684,1995-11-14,2.9,,
INSERTABLE,685,1995-11-15,2.8,,
INSERTABLE,686,1995-11-16,3.2,,
INSERTABLE,687,1995-11-17,3.3,,
INSERTABLE,688,1995-11-18,3.4,,
INSERTABLE,689,1995-11-19,3.4,,
INSERTABLE,690,1995-11-20,3.4,,
INSERTABLE,691,1995-11-21,3.2,,
INSERTABLE,692,1995-11-22,3.3,,
INSERTABLE,693,1995-11-23,3.4,,
INSERTABLE,694,1995-11-24,3.2,,
INSERTABLE,695,1995-11-25,3.3,,
INSERTABLE,696,1995-11-26,3.25,,
INSERTABLE,697,1995-11-27,3.25,,
INSERTABLE,698,1995-11-28,2.8,,
INSERTABLE,699,1995-11-29,2.7,,
INSERTABLE,700,1995-11-30,2.9,,
INSERTABLE,701,1995-12-01,3.2,,
INSERTABLE,702,1995-12-02,3,,
INSERTABLE,703,1995-12-03,2.85,,
INSERTABLE,704,1995-12-04,2.85,,
INSERTABLE,705,1995-12-05,2.9,,
INSERTABLE,706,1995-12-06,3.1,,
INSERTABLE,707,1995-12-07,3.2,,
INSERTABLE,708,1995-12-08,4.9,,
INSERTABLE,709,1995-12-09,4.9,,
INSERTABLE,710,1995-12-10,5.1,,
INSERTABLE,711,1995-12-11,5.1,,
INSERTABLE,712,1995-12-12,4.7,,
INSERTABLE,713,1995-12-13,4.9,,
INSERTABLE,714,1995-12-14,5.1,,
INSERTABLE,715,1995-12-15,5,,
INSERTABLE,716,1995-12-16,4.7,,
INSERTABLE,717,1995-12-17,7.1,,
INSERTABLE,718,1995-12-18,7.1,,
INSERTABLE,719,1995-12-19,6.2,,
INSERTABLE,720,1995-12-20,5.2,,
INSERTABLE,721,1995-12-21,5.5,,
INSERTABLE,722,1995-12-22,6.45,,
INSERTABLE,723,1995-12-23,6.45,,
INSERTABLE,724,1995-12-24,6.5,,
INSERTABLE,725,1995-12-25,6.5,,
INSERTABLE,726,1995-12-26,6.5,,
INSERTABLE,727,1995-12-27,6.2,,
INSERTABLE,728,1995-12-28,6.7,,
INSERTABLE,729,1995-12-29,6.9,,
INSERTABLE,732,1996-01-01,10.6,,
INSERTABLE,733,1996-01-02,10.6,,
INSERTABLE,734,1996-01-03,7.8,,
INSERTABLE,735,1996-01-04,7.7,,
INSERTABLE,736,1996-01-05,7.2,,
INSERTABLE,737,1996-01-06,6.9,,
INSERTABLE,739,1996-01-08,8.1,,
INSERTABLE,740,1996-01-09,7.8,,
INSERTABLE,741,1996-01-10,7.7,,
INSERTABLE,742,1996-01-11,7.5,,
INSERTABLE,743,1996-01-12,7.1,,
INSERTABLE,744,1996-01-13,7.2,,
INSERTABLE,745,1996-01-14,9.2,,
INSERTABLE,746,1996-01-15,9.2,,
INSERTABLE,747,1996-01-16,8.8,,
INSERTABLE,748,1996-01-17,8.9,,
INSERTABLE,749,1996-01-18,7.1,,
INSERTABLE,750,1996-01-19,7.2,,
INSERTABLE,751,1996-01-20,7,,
INSERTABLE,753,1996-01-22,8.9,,
INSERTABLE,754,1996-01-23,7.4,,
INSERTABLE,755,1996-01-24,7.8,,
INSERTABLE,756,1996-01-25,7.5,,
INSERTABLE,757,1996-01-26,7.6,,
INSERTABLE,758,1996-01-27,7.9,,
INSERTABLE,759,1996-01-28,7.9,,
INSERTABLE,760,1996-01-29,7.9,,
INSERTABLE,761,1996-01-30,7.1,,
INSERTABLE,762,1996-01-31,6.5,,
INSERTABLE,763,1996-02-01,6.8,,
INSERTABLE,764,1996-02-02,6.9,,
INSERTABLE,765,1996-02-03,7.1,,
INSERTABLE,766,1996-02-04,6.95,,
INSERTABLE,767,1996-02-05,6.95,,
INSERTABLE,768,1996-02-06,7.2,,
INSERTABLE,769,1996-02-07,6.5,,
INSERTABLE,770,1996-02-08,6.9,,
INSERTABLE,771,1996-02-09,7.3,,
INSERTABLE,772,1996-02-10,7.1,,
INSERTABLE,773,1996-02-11,6.7,,
INSERTABLE,774,1996-02-12,6.7,,
INSERTABLE,775,1996-02-13,6.1,,
INSERTABLE,776,1996-02-14,5.8,,
INSERTABLE,777,1996-02-15,6,,
INSERTABLE,778,1996-02-16,5.7,,
INSERTABLE,779,1996-02-17,5.9,,
INSERTABLE,780,1996-02-18,6.1,,
INSERTABLE,781,1996-02-19,6.1,,
INSERTABLE,782,1996-02-20,6.1,,
INSERTABLE,783,1996-02-21,7.1,,
INSERTABLE,784,1996-02-22,6.4,,
INSERTABLE,785,1996-02-23,6.1,,
INSERTABLE,786,1996-02-24,6.2,,
INSERTABLE,787,1996-02-25,5,,
INSERTABLE,788,1996-02-26,6.2,,
INSERTABLE,789,1996-02-27,6,,
INSERTABLE,790,1996-02-28,6.2,,
INSERTABLE,791,1996-02-29,6.3,,
INSERTABLE,792,1996-03-01,5.4,,
INSERTABLE,793,1996-03-02,5.7,,
INSERTABLE,795,1996-03-04,6,,
INSERTABLE,796,1996-03-05,5.4,,
INSERTABLE,797,1996-03-06,5.2,,
INSERTABLE,798,1996-03-07,4.9,,
INSERTABLE,799,1996-03-08,5.6,,
INSERTABLE,800,1996-03-09,5.8,,
INSERTABLE,801,1996-03-10,6.05,,
INSERTABLE,802,1996-03-11,6.05,,
INSERTABLE,803,1996-03-12,6,,
INSERTABLE,804,1996-03-13,5.9,,
INSERTABLE,805,1996-03-14,5.8,,
INSERTABLE,806,1996-03-15,5.5,,
INSERTABLE,807,1996-03-16,5.9,,
INSERTABLE,808,1996-03-17,6.1,,
INSERTABLE,809,1996-03-18,6.1,,
INSERTABLE,810,1996-03-19,4.9,,
INSERTABLE,811,1996-03-20,5.2,,
INSERTABLE,812,1996-03-21,4.5,,
INSERTABLE,813,1996-03-22,4.2,,
INSERTABLE,814,1996-03-23,4.3,,
INSERTABLE,815,1996-03-24,4.3,,
INSERTABLE,816,1996-03-25,4.3,,
INSERTABLE,817,1996-03-26,4.9,,
INSERTABLE,818,1996-03-27,4.5,,
INSERTABLE,819,1996-03-28,4.1,,
INSERTABLE,820,1996-03-29,3.95,,
INSERTABLE,821,1996-03-30,3.95,,
INSERTABLE,823,1996-04-01,6.6,,
INSERTABLE,824,1996-04-02,3.4,,
INSERTABLE,825,1996-04-03,0,,
INSERTABLE,826,1996-04-04,2.9,,
INSERTABLE,827,1996-04-05,2,,
INSERTABLE,828,1996-04-06,2,,
INSERTABLE,829,1996-04-07,2.35,,
INSERTABLE,830,1996-04-08,2.35,,
INSERTABLE,831,1996-04-09,3.3,,
INSERTABLE,832,1996-04-10,3.5,,
INSERTABLE,833,1996-04-11,3,,
INSERTABLE,834,1996-04-12,2.9,,
INSERTABLE,835,1996-04-13,3.1,,
INSERTABLE,836,1996-04-14,3.1,,
INSERTABLE,837,1996-04-15,3.1,,
INSERTABLE,838,1996-04-16,3.3,,
INSERTABLE,839,1996-04-17,3.2,,
INSERTABLE,840,1996-04-18,2.9,,
INSERTABLE,841,1996-04-19,2.7,,
INSERTABLE,842,1996-04-20,2.8,,
INSERTABLE,843,1996-04-21,2.8,,
INSERTABLE,844,1996-04-22,2.5,,
INSERTABLE,845,1996-04-23,2.3,,
INSERTABLE,846,1996-04-24,2.7,,
INSERTABLE,847,1996-04-25,2.5,,
INSERTABLE,848,1996-04-26,2.9,,
INSERTABLE,849,1996-04-27,2.8,,
INSERTABLE,850,1996-04-28,2.8,,
INSERTABLE,851,1996-04-29,2.6,,
INSERTABLE,852,1996-04-30,2.6,,
INSERTABLE,853,1996-05-01,3.65,,
INSERTABLE,854,1996-05-02,3.65,,
INSERTABLE,855,1996-05-03,3.4,,
INSERTABLE,856,1996-05-04,3,,
INSERTABLE,857,1996-05-05,1.1,,
INSERTABLE,858,1996-05-06,1.1,,
INSERTABLE,859,1996-05-07,0.1,,
INSERTABLE,860,1996-05-08,2.2,,
INSERTABLE,861,1996-05-09,2.2,,
INSERTABLE,862,1996-05-10,2.8,,
INSERTABLE,863,1996-05-11,2.3,,
INSERTABLE,864,1996-05-12,2.3,,
INSERTABLE,865,1996-05-13,2.3,,
INSERTABLE,866,1996-05-14,1.8,,
INSERTABLE,867,1996-05-15,1.1,,
INSERTABLE,868,1996-05-16,0,,
INSERTABLE,869,1996-05-17,0.6,,
INSERTABLE,870,1996-05-18,2,,
INSERTABLE,871,1996-05-19,1.5,,
INSERTABLE,872,1996-05-20,1.5,,
INSERTABLE,873,1996-05-21,3,,
INSERTABLE,874,1996-05-22,3,,
INSERTABLE,875,1996-05-23,3,,
INSERTABLE,876,1996-05-24,1,,
INSERTABLE,877,1996-05-25,2.2,,
INSERTABLE,878,1996-05-26,2,,
INSERTABLE,879,1996-05-27,2,,
INSERTABLE,880,1996-05-28,1,,
INSERTABLE,881,1996-05-29,2,,
INSERTABLE,882,1996-05-30,1,,
INSERTABLE,883,1996-05-31,2,,
INSERTABLE,884,1996-06-01,0.5,,
INSERTABLE,885,1996-06-02,1.5,,
INSERTABLE,886,1996-06-03,1.5,,
INSERTABLE,887,1996-06-04,2,,
INSERTABLE,888,1996-06-05,2,,
INSERTABLE,889,1996-06-06,1.5,,
INSERTABLE,890,1996-06-07,1.5,,
INSERTABLE,891,1996-06-08,4,,
INSERTABLE,892,1996-06-09,1.5,,
INSERTABLE,893,1996-06-10,1.5,,
INSERTABLE,894,1996-06-11,0,,
INSERTABLE,895,1996-06-12,0,,
INSERTABLE,897,1996-06-14,0,,
INSERTABLE,898,1996-06-15,1,,
INSERTABLE,899,1996-06-16,3.5,,
INSERTABLE,900,1996-06-17,3.5,,
INSERTABLE,901,1996-06-18,0,,
INSERTABLE,903,1996-06-20,0,,
INSERTABLE,904,1996-06-21,2,,
INSERTABLE,905,1996-06-22,1,,
INSERTABLE,906,1996-06-23,1.5,,
INSERTABLE,907,1996-06-24,1.5,,
INSERTABLE,908,1996-06-25,0,,
INSERTABLE,909,1996-06-26,1,,
INSERTABLE,910,1996-06-27,0,,
INSERTABLE,911,1996-06-28,1,,
INSERTABLE,914,1996-07-01,3,,
INSERTABLE,915,1996-07-02,1,,
INSERTABLE,916,1996-07-03,0.5,,
INSERTABLE,917,1996-07-04,0,,
INSERTABLE,918,1996-07-05,0,,
INSERTABLE,919,1996-07-06,0,,
INSERTABLE,921,1996-07-08,0,,
INSERTABLE,922,1996-07-09,0,,
INSERTABLE,923,1996-07-10,1,,
INSERTABLE,924,1996-07-11,2,,
INSERTABLE,925,1996-07-12,2,,
INSERTABLE,926,1996-07-13,1,,
INSERTABLE,927,1996-07-14,1,,
INSERTABLE,928,1996-07-15,1,,
INSERTABLE,929,1996-07-16,1,,
INSERTABLE,930,1996-07-17,1,,
INSERTABLE,931,1996-07-18,0,,
INSERTABLE,932,1996-07-19,3,,
INSERTABLE,933,1996-07-20,0,,
INSERTABLE,934,1996-07-21,1,,
INSERTABLE,935,1996-07-22,1,,
INSERTABLE,936,1996-07-23,1.5,,
INSERTABLE,937,1996-07-24,0,,
INSERTABLE,938,1996-07-25,3,,
INSERTABLE,939,1996-07-26,1,,
INSERTABLE,940,1996-07-27,2,,
INSERTABLE,941,1996-07-28,0.5,,
INSERTABLE,942,1996-07-29,0.5,,
INSERTABLE,943,1996-07-30,3,,
INSERTABLE,944,1996-07-31,2,,
INSERTABLE,945,1996-08-01,4,,
INSERTABLE,946,1996-08-02,1,,
INSERTABLE,947,1996-08-03,0,,
INSERTABLE,949,1996-08-05,0,,
INSERTABLE,950,1996-08-06,0,,
INSERTABLE,951,1996-08-07,4,,
INSERTABLE,952,1996-08-08,0,,
INSERTABLE,953,1996-08-09,1,,
INSERTABLE,954,1996-08-10,1.5,,
INSERTABLE,955,1996-08-11,1.5,,
INSERTABLE,956,1996-08-12,0,,
INSERTABLE,957,1996-08-13,8,,
INSERTABLE,958,1996-08-14,0.5,,
INSERTABLE,959,1996-08-15,0.5,,
INSERTABLE,960,1996-08-16,3,,
INSERTABLE,961,1996-08-17,4.5,,
INSERTABLE,962,1996-08-18,4.5,,
INSERTABLE,963,1996-08-19,10,,
INSERTABLE,971,1996-08-27,2,,
INSERTABLE,972,1996-08-28,2,,
INSERTABLE,973,1996-08-29,1,,
INSERTABLE,974,1996-08-30,1,,
INSERTABLE,975,1996-08-31,2,,
INSERTABLE,976,1996-09-01,0.5,,
INSERTABLE,977,1996-09-02,0.5,,
INSERTABLE,978,1996-09-03,3,,
INSERTABLE,979,1996-09-04,4,,
INSERTABLE,980,1996-09-05,1,,
INSERTABLE,981,1996-09-06,5,,
INSERTABLE,982,1996-09-07,1,,
INSERTABLE,983,1996-09-08,2,,
INSERTABLE,984,1996-09-09,2,,
INSERTABLE,985,1996-09-10,5,,
INSERTABLE,986,1996-09-11,2,,
INSERTABLE,987,1996-09-12,2,,
INSERTABLE,988,1996-09-13,1,,
INSERTABLE,989,1996-09-14,0,,
INSERTABLE,990,1996-09-15,2.5,,
INSERTABLE,991,1996-09-16,2.5,,
INSERTABLE,992,1996-09-17,6,,
INSERTABLE,993,1996-09-18,1,,
INSERTABLE,994,1996-09-19,1,,
INSERTABLE,995,1996-09-20,1,,
INSERTABLE,996,1996-09-21,7,,
INSERTABLE,997,1996-09-22,3,,
INSERTABLE,998,1996-09-23,3,,
INSERTABLE,999,1996-09-24,4,,
INSERTABLE,1000,1996-09-25,1,,
INSERTABLE,1001,1996-09-26,4,,
INSERTABLE,1002,1996-09-27,4,,
INSERTABLE,1003,1996-09-28,4,,
INSERTABLE,1004,1996-09-29,2.5,,
INSERTABLE,1005,1996-09-30,2.5,,
INSERTABLE,1006,1996-10-01,2,,
INSERTABLE,1007,1996-10-02,4,,
INSERTABLE,1008,1996-10-03,4,,
INSERTABLE,1009,1996-10-04,0,,
INSERTABLE,1010,1996-10-05,3,,
INSERTABLE,1011,1996-10-06,5.5,,
INSERTABLE,1012,1996-10-07,5.5,,
INSERTABLE,1013,1996-10-08,5,,
INSERTABLE,1014,1996-10-09,2,,
INSERTABLE,1015,1996-10-10,0,,
INSERTABLE,1016,1996-10-11,4,,
INSERTABLE,1017,1996-10-12,3,,
INSERTABLE,1018,1996-10-13,3,,
INSERTABLE,1019,1996-10-14,3,,
INSERTABLE,1020,1996-10-15,5,,
INSERTABLE,1021,1996-10-16,0,,
INSERTABLE,1022,1996-10-17,3,,
INSERTABLE,1023,1996-10-18,6,,
INSERTABLE,1024,1996-10-19,5,,
INSERTABLE,1025,1996-10-20,5.5,,
INSERTABLE,1026,1996-10-21,5.5,,
INSERTABLE,1027,1996-10-22,6,,
INSERTABLE,1028,1996-10-23,3,,
INSERTABLE,1029,1996-10-24,1,,
INSERTABLE,1030,1996-10-25,5,,
INSERTABLE,1031,1996-10-26,7,,
INSERTABLE,1032,1996-10-27,8.5,,
INSERTABLE,1033,1996-10-28,8.5,,
INSERTABLE,1034,1996-10-29,5,,
INSERTABLE,1035,1996-10-30,7,,
INSERTABLE,1036,1996-10-31,0,,
INSERTABLE,1037,1996-11-01,8,,
INSERTABLE,1038,1996-11-02,8,,
INSERTABLE,1039,1996-11-03,7,,
INSERTABLE,1040,1996-11-04,7,,
INSERTABLE,1041,1996-11-05,4,,
INSERTABLE,1042,1996-11-06,4,,
INSERTABLE,1043,1996-11-07,2,,
INSERTABLE,1044,1996-11-08,4,,
INSERTABLE,1045,1996-11-09,6,,
INSERTABLE,1046,1996-11-10,6,,
INSERTABLE,1047,1996-11-11,6,,
INSERTABLE,1048,1996-11-12,3.3,,
INSERTABLE,1049,1996-11-13,13,,
INSERTABLE,1050,1996-11-14,6,,
INSERTABLE,1051,1996-11-15,4,,
INSERTABLE,1052,1996-11-16,7,,
INSERTABLE,1053,1996-11-17,5.5,,
INSERTABLE,1054,1996-11-18,5.5,,
INSERTABLE,1055,1996-11-19,10,,
INSERTABLE,1056,1996-11-20,8,,
INSERTABLE,1057,1996-11-21,6,,
INSERTABLE,1058,1996-11-22,6,,
INSERTABLE,1059,1996-11-23,8,,
INSERTABLE,1060,1996-11-24,7,,
INSERTABLE,1061,1996-11-25,7,,
INSERTABLE,1062,1996-11-26,7,,
INSERTABLE,1063,1996-11-27,7.5,,
INSERTABLE,1064,1996-11-28,7.5,,
INSERTABLE,1065,1996-11-29,11,,
INSERTABLE,1066,1996-11-30,14.5,,
INSERTABLE,1067,1996-12-01,4.7,,
INSERTABLE,1068,1996-12-02,4.7,,
INSERTABLE,1069,1996-12-03,4.7,,
INSERTABLE,1070,1996-12-04,3,,
INSERTABLE,1071,1996-12-05,10.8,,
INSERTABLE,1072,1996-12-06,10.8,,
INSERTABLE,1073,1996-12-07,10.8,,
INSERTABLE,1074,1996-12-08,10.8,,
INSERTABLE,1075,1996-12-09,10.8,,
INSERTABLE,1076,1996-12-10,8,,
INSERTABLE,1077,1996-12-11,9,,
INSERTABLE,1078,1996-12-12,8,,
INSERTABLE,1079,1996-12-13,6,,
INSERTABLE,1080,1996-12-14,7,,
INSERTABLE,1081,1996-12-15,7,,
INSERTABLE,1082,1996-12-16,7,,
INSERTABLE,1083,1996-12-17,8,,
INSERTABLE,1084,1996-12-18,9,,
INSERTABLE,1085,1996-12-19,5,,
INSERTABLE,1086,1996-12-20,10,,
INSERTABLE,1087,1996-12-21,9,,
INSERTABLE,1088,1996-12-22,5,,
INSERTABLE,1089,1996-12-23,5,,
INSERTABLE,1090,1996-12-24,15.6,,
INSERTABLE,1091,1996-12-25,15.6,,
INSERTABLE,1092,1996-12-26,15.6,,
INSERTABLE,1093,1996-12-27,12,,
INSERTABLE,1094,1996-12-28,8.6,,
INSERTABLE,1095,1996-12-29,8.6,,
INSERTABLE,1096,1996-12-30,8.6,,
INSERTABLE,1097,1996-12-31,11,,
INSERTABLE,1098,1997-01-01,8.5,,
INSERTABLE,1099,1997-01-02,8.5,,
INSERTABLE,1100,1997-01-03,8,,
INSERTABLE,1101,1997-01-04,9,,
INSERTABLE,1102,1997-01-05,12,,
INSERTABLE,1103,1997-01-06,12,,
INSERTABLE,1104,1997-01-07,8,,
INSERTABLE,1105,1997-01-08,7,,
INSERTABLE,1106,1997-01-09,8,,
INSERTABLE,1107,1997-01-10,12,,
INSERTABLE,1108,1997-01-11,8,,
INSERTABLE,1109,1997-01-12,7.6,,
INSERTABLE,1110,1997-01-13,7.6,,
INSERTABLE,1111,1997-01-14,7.6,,
INSERTABLE,1112,1997-01-15,16,,
INSERTABLE,1113,1997-01-16,11,,
INSERTABLE,1114,1997-01-17,6,,
INSERTABLE,1115,1997-01-18,10.3,,
INSERTABLE,1116,1997-01-19,10.3,,
INSERTABLE,1117,1997-01-20,10.3,,
INSERTABLE,1118,1997-01-21,8,,
INSERTABLE,1119,1997-01-22,8,,
INSERTABLE,1120,1997-01-23,12,,
INSERTABLE,1121,1997-01-24,7.6,,
INSERTABLE,1122,1997-01-25,7.6,,
INSERTABLE,1123,1997-01-26,7.6,,
INSERTABLE,1124,1997-01-27,7.6,,
INSERTABLE,1125,1997-01-28,7,,
INSERTABLE,1126,1997-01-29,7,,
INSERTABLE,1127,1997-01-30,5,,
INSERTABLE,1128,1997-01-31,5,,
INSERTABLE,1129,1997-02-01,6,,
INSERTABLE,1130,1997-02-02,6,,
INSERTABLE,1131,1997-02-03,6,,
INSERTABLE,1132,1997-02-04,9,,
INSERTABLE,1133,1997-02-05,9,,
INSERTABLE,1134,1997-02-06,6,,
INSERTABLE,1135,1997-02-07,10,,
INSERTABLE,1136,1997-02-08,8,,
INSERTABLE,1137,1997-02-09,7,,
INSERTABLE,1138,1997-02-10,7,,
INSERTABLE,1139,1997-02-11,9,,
INSERTABLE,1140,1997-02-12,9,,
INSERTABLE,1141,1997-02-13,9,,
INSERTABLE,1142,1997-02-14,9,,
INSERTABLE,1143,1997-02-15,9,,
INSERTABLE,1144,1997-02-16,6,,
INSERTABLE,1145,1997-02-17,6,,
INSERTABLE,1146,1997-02-18,6,,
INSERTABLE,1147,1997-02-19,4.5,,
INSERTABLE,1148,1997-02-20,4.5,,
INSERTABLE,1149,1997-02-21,7,,
INSERTABLE,1150,1997-02-22,5,,
INSERTABLE,1151,1997-02-23,6.5,,
INSERTABLE,1152,1997-02-24,6.5,,
INSERTABLE,1153,1997-02-25,8,,
INSERTABLE,1154,1997-02-26,7,,
INSERTABLE,1155,1997-02-27,7,,
INSERTABLE,1156,1997-02-28,8,,
INSERTABLE,1157,1997-03-01,5,,
INSERTABLE,1158,1997-03-02,6,,
INSERTABLE,1159,1997-03-03,6,,
INSERTABLE,1160,1997-03-04,3,,
INSERTABLE,1161,1997-03-05,3,,
INSERTABLE,1162,1997-03-06,3,,
INSERTABLE,1163,1997-03-07,4,,
INSERTABLE,1164,1997-03-08,7,,
INSERTABLE,1165,1997-03-09,5.5,,
INSERTABLE,1166,1997-03-10,5.5,,
INSERTABLE,1167,1997-03-11,3,,
INSERTABLE,1168,1997-03-12,5,,
INSERTABLE,1169,1997-03-13,4,,
INSERTABLE,1170,1997-03-14,4,,
INSERTABLE,1171,1997-03-15,4,,
INSERTABLE,1172,1997-03-16,3.5,,
INSERTABLE,1173,1997-03-17,3.5,,
INSERTABLE,1174,1997-03-18,4,,
INSERTABLE,1175,1997-03-19,2,,
INSERTABLE,1176,1997-03-20,3,,
INSERTABLE,1177,1997-03-21,4,,
INSERTABLE,1178,1997-03-22,3,,
INSERTABLE,1179,1997-03-23,3,,
INSERTABLE,1180,1997-03-24,3,,
INSERTABLE,1181,1997-03-25,4,,
INSERTABLE,1182,1997-03-26,5,,
INSERTABLE,1183,1997-03-27,7,,
INSERTABLE,1184,1997-03-28,3.5,,
INSERTABLE,1185,1997-03-29,3.5,,
INSERTABLE,1186,1997-03-30,4,,
INSERTABLE,1187,1997-03-31,4,,
INSERTABLE,1188,1997-04-01,5,,
INSERTABLE,1189,1997-04-02,3,,
INSERTABLE,1190,1997-04-03,6,,
INSERTABLE,1191,1997-04-04,6,,
INSERTABLE,1192,1997-04-05,2.5,,
INSERTABLE,1193,1997-04-06,6,,
INSERTABLE,1194,1997-04-07,6,,
INSERTABLE,1195,1997-04-08,4,,
INSERTABLE,1196,1997-04-09,2,,
INSERTABLE,1197,1997-04-10,3,,
INSERTABLE,1198,1997-04-11,5,,
INSERTABLE,1199,1997-04-12,3.5,,
INSERTABLE,1200,1997-04-13,2,,
INSERTABLE,1201,1997-04-14,2,,
INSERTABLE,1202,1997-04-15,3,,
INSERTABLE,1203,1997-04-16,3,,
INSERTABLE,1240,1997-05-23,3,,
INSERTABLE,1241,1997-05-24,0,,
INSERTABLE,1242,1997-05-25,1,,
INSERTABLE,1243,1997-05-26,1,,
INSERTABLE,1244,1997-05-27,0,,
INSERTABLE,1245,1997-05-28,1,,
INSERTABLE,1248,1997-05-31,0,,
INSERTABLE,1249,1997-06-01,1.5,,
INSERTABLE,1250,1997-06-02,1.5,,
INSERTABLE,1251,1997-06-03,2,,
INSERTABLE,1252,1997-06-04,0,,
INSERTABLE,1253,1997-06-05,0,,
INSERTABLE,1254,1997-06-06,0,,
INSERTABLE,1255,1997-06-07,2,,
INSERTABLE,1256,1997-06-08,1,,
INSERTABLE,1257,1997-06-09,1,,
INSERTABLE,1258,1997-06-10,0,,
INSERTABLE,1259,1997-06-11,0,,
INSERTABLE,1260,1997-06-12,0,,
INSERTABLE,1261,1997-06-13,0,,
INSERTABLE,1262,1997-06-14,0,,
INSERTABLE,1264,1997-06-16,0,,
INSERTABLE,1265,1997-06-17,4,,
INSERTABLE,1266,1997-06-18,0,,
INSERTABLE,1267,1997-06-19,0,,
INSERTABLE,1272,1997-06-24,0,,
INSERTABLE,1273,1997-06-25,2,,
INSERTABLE,1274,1997-06-26,2,,
INSERTABLE,1275,1997-06-27,0,,
INSERTABLE,1276,1997-06-28,1,,
INSERTABLE,1277,1997-06-29,1,,
INSERTABLE,1278,1997-06-30,1,,
INSERTABLE,1279,1997-07-01,0,,
INSERTABLE,1280,1997-07-02,1,,
INSERTABLE,1281,1997-07-03,0,,
INSERTABLE,1282,1997-07-04,2,,
INSERTABLE,1283,1997-07-05,0,,
INSERTABLE,1284,1997-07-06,1.5,,
INSERTABLE,1285,1997-07-07,1.5,,
INSERTABLE,1286,1997-07-08,0,,
INSERTABLE,1287,1997-07-09,0.5,,
INSERTABLE,1288,1997-07-10,0,,
INSERTABLE,1289,1997-07-11,0,,
INSERTABLE,1290,1997-07-12,0,,
INSERTABLE,1291,1997-07-13,1.5,,
INSERTABLE,1292,1997-07-14,1.5,,
INSERTABLE,1293,1997-07-15,0,,
INSERTABLE,1294,1997-07-16,1,,
INSERTABLE,1295,1997-07-17,1,,
INSERTABLE,1296,1997-07-18,0,,
INSERTABLE,1297,1997-07-19,3,,
INSERTABLE,1298,1997-07-20,1,,
INSERTABLE,1299,1997-07-21,1,,
INSERTABLE,1300,1997-07-22,0,,
INSERTABLE,1301,1997-07-23,0,,
INSERTABLE,1302,1997-07-24,2,,
INSERTABLE,1303,1997-07-25,0,,
INSERTABLE,1304,1997-07-26,2,,
INSERTABLE,1305,1997-07-27,0.5,,
INSERTABLE,1306,1997-07-28,0.5,,
INSERTABLE,1307,1997-07-29,0,,
INSERTABLE,1308,1997-07-30,0,,
INSERTABLE,1309,1997-07-31,0,,
INSERTABLE,1310,1997-08-01,3,,
INSERTABLE,1311,1997-08-02,1,,
INSERTABLE,1312,1997-08-03,1,,
INSERTABLE,1313,1997-08-04,1,,
INSERTABLE,1314,1997-08-05,1,,
INSERTABLE,1315,1997-08-06,2,,
INSERTABLE,1316,1997-08-07,2,,
INSERTABLE,1317,1997-08-08,0,,
INSERTABLE,1318,1997-08-09,3,,
INSERTABLE,1319,1997-08-10,1.5,,
INSERTABLE,1320,1997-08-11,1.5,,
INSERTABLE,1321,1997-08-12,3,,
INSERTABLE,1322,1997-08-13,1,,
INSERTABLE,1323,1997-08-14,2,,
INSERTABLE,1324,1997-08-15,0,,
INSERTABLE,1327,1997-08-18,0,,
INSERTABLE,1328,1997-08-19,0,,
INSERTABLE,1329,1997-08-20,5,,
INSERTABLE,1330,1997-08-21,1.4,,
INSERTABLE,1331,1997-08-22,1.4,,
INSERTABLE,1332,1997-08-23,1.4,,
INSERTABLE,1333,1997-08-24,1.4,,
INSERTABLE,1334,1997-08-25,1.4,,
INSERTABLE,1335,1997-08-26,3,,
INSERTABLE,1336,1997-08-27,3,,
INSERTABLE,1337,1997-08-28,2,,
INSERTABLE,1338,1997-08-29,2,,
INSERTABLE,1339,1997-08-30,2,,
INSERTABLE,1341,1997-09-01,1,,
INSERTABLE,1342,1997-09-02,2,,
INSERTABLE,1343,1997-09-03,0,,
INSERTABLE,1344,1997-09-04,2,,
INSERTABLE,1345,1997-09-05,1,,
INSERTABLE,1347,1997-09-07,0,,
INSERTABLE,1348,1997-09-08,3,,
INSERTABLE,1349,1997-09-09,2,,
INSERTABLE,1350,1997-09-10,1.5,,
INSERTABLE,1351,1997-09-11,1.5,,
INSERTABLE,1352,1997-09-12,2,,
INSERTABLE,1353,1997-09-13,1,,
INSERTABLE,1354,1997-09-14,1,,
INSERTABLE,1355,1997-09-15,0,,
INSERTABLE,1362,1997-09-22,0,,
INSERTABLE,1363,1997-09-23,32,,
INSERTABLE,1364,1997-09-24,3,,
INSERTABLE,1365,1997-09-25,3,,
INSERTABLE,1366,1997-09-26,4,,
INSERTABLE,1367,1997-09-27,2,,
INSERTABLE,1368,1997-09-28,0.7,,
INSERTABLE,1369,1997-09-29,0.7,,
INSERTABLE,1370,1997-09-30,0.7,,
INSERTABLE,1371,1997-10-01,3,,
INSERTABLE,1372,1997-10-02,4,,
INSERTABLE,1373,1997-10-03,0,,
INSERTABLE,1374,1997-10-04,0,,
INSERTABLE,1376,1997-10-06,0,,
INSERTABLE,1377,1997-10-07,7,,
INSERTABLE,1378,1997-10-08,2,,
INSERTABLE,1379,1997-10-09,2,,
INSERTABLE,1380,1997-10-10,3,,
INSERTABLE,1381,1997-10-11,5,,
INSERTABLE,1382,1997-10-12,3.5,,
INSERTABLE,1383,1997-10-13,3.5,,
INSERTABLE,1384,1997-10-14,0,,
INSERTABLE,1385,1997-10-15,6,,
INSERTABLE,1386,1997-10-16,4,,
INSERTABLE,1387,1997-10-17,3,,
INSERTABLE,1388,1997-10-18,1.7,,
INSERTABLE,1389,1997-10-19,1.7,,
INSERTABLE,1390,1997-10-20,1.7,,
INSERTABLE,1391,1997-10-21,4,,
INSERTABLE,1392,1997-10-22,4,,
INSERTABLE,1393,1997-10-23,5,,
INSERTABLE,1394,1997-10-24,6,,
INSERTABLE,1395,1997-10-25,5,,
INSERTABLE,1396,1997-10-26,4.5,,
INSERTABLE,1397,1997-10-27,4.5,,
INSERTABLE,1398,1997-10-28,4,,
INSERTABLE,1399,1997-10-29,4.3,,
INSERTABLE,1400,1997-10-30,4.7,,
INSERTABLE,1401,1997-10-31,5,,
INSERTABLE,1402,1997-11-01,4.7,,
INSERTABLE,1403,1997-11-02,4.7,,
INSERTABLE,1404,1997-11-03,4.7,,
INSERTABLE,1405,1997-11-04,3,,
INSERTABLE,1406,1997-11-05,3,,
INSERTABLE,1407,1997-11-06,3.5,,
INSERTABLE,1408,1997-11-07,3.5,,
INSERTABLE,1409,1997-11-08,5,,
INSERTABLE,1410,1997-11-09,5,,
INSERTABLE,1411,1997-11-10,5,,
INSERTABLE,1412,1997-11-11,5.5,,
INSERTABLE,1413,1997-11-12,1,,
INSERTABLE,1414,1997-11-13,5,,
INSERTABLE,1415,1997-11-14,7,,
INSERTABLE,1416,1997-11-15,4.5,,
INSERTABLE,1417,1997-11-16,5.5,,
INSERTABLE,1418,1997-11-17,5.5,,
INSERTABLE,1419,1997-11-18,7,,
INSERTABLE,1420,1997-11-19,3,,
INSERTABLE,1421,1997-11-20,2,,
INSERTABLE,1422,1997-11-21,5,,
INSERTABLE,1423,1997-11-22,5,,
INSERTABLE,1424,1997-11-23,8,,
INSERTABLE,1425,1997-11-24,8,,
INSERTABLE,1426,1997-11-25,5,,
INSERTABLE,1427,1997-11-26,2,,
INSERTABLE,1428,1997-11-27,6,,
INSERTABLE,1429,1997-11-28,7,,
INSERTABLE,1430,1997-11-29,7.5,,
INSERTABLE,1431,1997-11-30,6,,
INSERTABLE,1432,1997-12-01,6,,
INSERTABLE,1433,1997-12-02,8,,
INSERTABLE,1434,1997-12-03,6,,
INSERTABLE,1435,1997-12-04,10,,
INSERTABLE,1436,1997-12-05,10,,
INSERTABLE,1437,1997-12-06,8,,
INSERTABLE,1438,1997-12-07,8,,
INSERTABLE,1439,1997-12-08,8,,
INSERTABLE,1440,1997-12-09,8,,
INSERTABLE,1441,1997-12-10,1,,
INSERTABLE,1442,1997-12-11,6,,
INSERTABLE,1443,1997-12-12,6,,
INSERTABLE,1444,1997-12-13,4,,
INSERTABLE,1445,1997-12-14,9,,
INSERTABLE,1446,1997-12-15,9,,
INSERTABLE,1447,1997-12-16,6,,
INSERTABLE,1448,1997-12-17,2,,
INSERTABLE,1449,1997-12-18,4,,
INSERTABLE,1450,1997-12-19,7,,
INSERTABLE,1451,1997-12-20,6,,
INSERTABLE,1453,1997-12-22,8,,
INSERTABLE,1454,1997-12-23,7,,
INSERTABLE,1455,1997-12-24,8,,
INSERTABLE,1456,1997-12-25,7.5,,
INSERTABLE,1457,1997-12-26,7.5,,
INSERTABLE,1458,1997-12-27,5,,
INSERTABLE,1459,1997-12-28,8,,
INSERTABLE,1460,1997-12-29,8,,
INSERTABLE,1461,1997-12-30,7,,
INSERTABLE,1462,1997-12-31,6,,
INSERTABLE,1463,1998-01-01,6.5,,
INSERTABLE,1464,1998-01-02,6.5,,
INSERTABLE,1465,1998-01-03,8,,
INSERTABLE,1466,1998-01-04,8.5,,
INSERTABLE,1467,1998-01-05,8.5,,
INSERTABLE,1468,1998-01-06,8,,
INSERTABLE,1469,1998-01-07,8,,
INSERTABLE,1470,1998-01-08,7,,
INSERTABLE,1471,1998-01-09,7,,
INSERTABLE,1472,1998-01-10,7,,
INSERTABLE,1473,1998-01-11,8.5,,
INSERTABLE,1474,1998-01-12,8.5,,
INSERTABLE,1475,1998-01-13,9.5,,
INSERTABLE,1476,1998-01-14,6,,
INSERTABLE,1477,1998-01-15,6.5,,
INSERTABLE,1478,1998-01-16,8.5,,
INSERTABLE,1479,1998-01-17,11,,
INSERTABLE,1480,1998-01-18,8,,
INSERTABLE,1481,1998-01-19,8,,
INSERTABLE,1482,1998-01-20,8,,
INSERTABLE,1483,1998-01-21,7,,
INSERTABLE,1484,1998-01-22,8.5,,
INSERTABLE,1485,1998-01-23,7,,
INSERTABLE,1486,1998-01-24,8,,
INSERTABLE,1487,1998-01-25,5.5,,
INSERTABLE,1488,1998-01-26,5.5,,
INSERTABLE,1489,1998-01-27,6,,
INSERTABLE,1490,1998-01-28,9,,
INSERTABLE,1491,1998-01-29,9,,
INSERTABLE,1492,1998-01-30,6,,
INSERTABLE,1493,1998-01-31,7,,
INSERTABLE,1494,1998-02-01,7,,
INSERTABLE,1495,1998-02-02,7,,
INSERTABLE,1496,1998-02-03,5,,
INSERTABLE,1497,1998-02-04,4,,
INSERTABLE,1498,1998-02-05,4,,
INSERTABLE,1499,1998-02-06,6,,
INSERTABLE,1500,1998-02-07,5,,
INSERTABLE,1501,1998-02-08,5,,
INSERTABLE,1502,1998-02-09,5,,
INSERTABLE,1503,1998-02-10,5,,
INSERTABLE,1504,1998-02-11,6,,
INSERTABLE,1505,1998-02-12,7,,
INSERTABLE,1506,1998-02-13,4.5,,
INSERTABLE,1507,1998-02-14,7,,
INSERTABLE,1508,1998-02-15,3.5,,
INSERTABLE,1509,1998-02-16,3.5,,
INSERTABLE,1510,1998-02-17,3,,
INSERTABLE,1511,1998-02-18,5,,
INSERTABLE,1512,1998-02-19,5,,
INSERTABLE,1513,1998-02-20,3,,
INSERTABLE,1514,1998-02-21,6,,
INSERTABLE,1516,1998-02-23,8,,
INSERTABLE,1517,1998-02-24,5.5,,
INSERTABLE,1518,1998-02-25,6.5,,
INSERTABLE,1519,1998-02-26,5,,
INSERTABLE,1520,1998-02-27,4.5,,
INSERTABLE,1521,1998-02-28,4,,
INSERTABLE,1522,1998-03-01,3.5,,
INSERTABLE,1523,1998-03-02,3.5,,
INSERTABLE,1524,1998-03-03,3,,
INSERTABLE,1525,1998-03-04,3,,
INSERTABLE,1526,1998-03-05,4.5,,
INSERTABLE,1527,1998-03-06,3,,
INSERTABLE,1528,1998-03-07,3,,
INSERTABLE,1529,1998-03-08,6,,
INSERTABLE,1530,1998-03-09,6,,
INSERTABLE,1531,1998-03-10,6,,
INSERTABLE,1532,1998-03-11,1,,
INSERTABLE,1533,1998-03-12,4,,
INSERTABLE,1534,1998-03-13,6,,
INSERTABLE,1535,1998-03-14,3,,
INSERTABLE,1536,1998-03-15,4,,
INSERTABLE,1537,1998-03-16,4,,
INSERTABLE,1538,1998-03-17,5,,
INSERTABLE,1539,1998-03-18,3,,
INSERTABLE,1540,1998-03-19,6,,
INSERTABLE,1541,1998-03-20,4,,
INSERTABLE,1542,1998-03-21,5,,
INSERTABLE,1543,1998-03-22,4,,
INSERTABLE,1544,1998-03-23,4,,
INSERTABLE,1545,1998-03-24,4,,
INSERTABLE,1546,1998-03-25,7,,
INSERTABLE,1547,1998-03-26,2,,
INSERTABLE,1548,1998-03-27,5,,
INSERTABLE,1549,1998-03-28,4,,
INSERTABLE,1550,1998-03-29,4,,
INSERTABLE,1551,1998-03-30,4,,
INSERTABLE,1552,1998-03-31,5,,
INSERTABLE,1553,1998-04-01,1.5,,
INSERTABLE,1554,1998-04-02,3,,
INSERTABLE,1555,1998-04-03,2,,
INSERTABLE,1556,1998-04-04,1,,
INSERTABLE,1557,1998-04-05,2.5,,
INSERTABLE,1558,1998-04-06,2.5,,
INSERTABLE,1559,1998-04-07,4,,
INSERTABLE,1560,1998-04-08,2,,
INSERTABLE,1561,1998-04-09,1.5,,
INSERTABLE,1565,1998-04-13,1,,
INSERTABLE,1566,1998-04-14,0.5,,
INSERTABLE,1567,1998-04-15,1,,
INSERTABLE,1568,1998-04-16,2.5,,
INSERTABLE,1569,1998-04-17,2,,
INSERTABLE,1570,1998-04-18,4,,
INSERTABLE,1571,1998-04-19,2,,
INSERTABLE,1572,1998-04-20,2,,
INSERTABLE,1573,1998-04-21,2,,
INSERTABLE,1574,1998-04-22,2,,
INSERTABLE,1575,1998-04-23,3,,
INSERTABLE,1576,1998-04-24,2,,
INSERTABLE,1577,1998-04-25,2,,
INSERTABLE,1578,1998-04-26,1,,
INSERTABLE,1579,1998-04-27,1,,
INSERTABLE,1580,1998-04-28,3,,
INSERTABLE,1581,1998-04-29,3,,
INSERTABLE,1582,1998-04-30,2,,
INSERTABLE,1583,1998-05-01,2,,
INSERTABLE,1584,1998-05-02,2,,
INSERTABLE,1585,1998-05-03,2,,
INSERTABLE,1586,1998-05-04,2,,
INSERTABLE,1587,1998-05-05,2,,
INSERTABLE,1588,1998-05-06,1.5,,
INSERTABLE,1589,1998-05-07,1,,
INSERTABLE,1590,1998-05-08,2,,
INSERTABLE,1591,1998-05-09,2,,
INSERTABLE,1593,1998-05-11,0,,
INSERTABLE,1594,1998-05-12,2,,
INSERTABLE,1595,1998-05-13,1,,
INSERTABLE,1596,1998-05-14,2,,
INSERTABLE,1597,1998-05-15,2,,
INSERTABLE,1598,1998-05-16,2,,
INSERTABLE,1599,1998-05-17,2.5,,
INSERTABLE,1600,1998-05-18,2.5,,
INSERTABLE,1601,1998-05-19,2.5,,
INSERTABLE,1602,1998-05-20,1,,
INSERTABLE,1603,1998-05-21,1,,
INSERTABLE,1604,1998-05-22,1,,
INSERTABLE,1605,1998-05-23,1,,
INSERTABLE,1606,1998-05-24,1,,
INSERTABLE,1607,1998-05-25,1,,
INSERTABLE,1608,1998-05-26,2,,
INSERTABLE,1609,1998-05-27,2,,
INSERTABLE,1610,1998-05-28,1,,
INSERTABLE,1611,1998-05-29,1,,
INSERTABLE,1612,1998-05-30,2,,
INSERTABLE,1613,1998-05-31,2,,
INSERTABLE,1614,1998-06-01,2,,
INSERTABLE,1615,1998-06-02,2,,
INSERTABLE,1616,1998-06-03,1,,
INSERTABLE,1617,1998-06-04,1,,
INSERTABLE,1618,1998-06-05,0,,
INSERTABLE,1619,1998-06-06,0,,
INSERTABLE,1620,1998-06-07,0.5,,
INSERTABLE,1621,1998-06-08,0.5,,
INSERTABLE,1622,1998-06-09,1,,
INSERTABLE,1623,1998-06-10,1,,
INSERTABLE,1692,1998-08-18,1.2,,
INSERTABLE,1693,1998-08-19,2,,
INSERTABLE,1694,1998-08-20,2.4,,
INSERTABLE,1695,1998-08-21,2.3,,
INSERTABLE,1696,1998-08-22,2.2,,
INSERTABLE,1697,1998-08-23,1.8,,
INSERTABLE,1698,1998-08-24,1.8,,
INSERTABLE,1699,1998-08-25,2,,
INSERTABLE,1700,1998-08-26,2,,
INSERTABLE,1701,1998-08-27,1.9,,
INSERTABLE,1702,1998-08-28,1.7,,
INSERTABLE,1703,1998-08-29,2.2,,
INSERTABLE,1704,1998-08-30,2.15,,
INSERTABLE,1705,1998-08-31,2.15,,
INSERTABLE,1706,1998-09-01,1.9,,
INSERTABLE,1707,1998-09-02,0.9,,
INSERTABLE,1708,1998-09-03,1.8,,
INSERTABLE,1709,1998-09-04,1.5,,
INSERTABLE,1710,1998-09-05,1.9,,
INSERTABLE,1711,1998-09-06,1.4,,
INSERTABLE,1712,1998-09-07,1.4,,
INSERTABLE,1713,1998-09-08,2.2,,
INSERTABLE,1714,1998-09-09,2.2,,
INSERTABLE,1715,1998-09-10,2.1,,
INSERTABLE,1716,1998-09-11,1.2,,
INSERTABLE,1717,1998-09-12,-2,,
INSERTABLE,1718,1998-09-13,2.2,,
INSERTABLE,1719,1998-09-14,2.2,,
INSERTABLE,1720,1998-09-15,4,,
INSERTABLE,1721,1998-09-16,3.7,,
INSERTABLE,1722,1998-09-17,3.04,,
INSERTABLE,1723,1998-09-18,3.04,,
INSERTABLE,1724,1998-09-19,3.04,,
INSERTABLE,1725,1998-09-20,3.04,,
INSERTABLE,1726,1998-09-21,3.04,,
INSERTABLE,1727,1998-09-22,3.5,,
INSERTABLE,1728,1998-09-23,2.6,,
INSERTABLE,1729,1998-09-24,4.5,,
INSERTABLE,1730,1998-09-25,3.8,,
INSERTABLE,1731,1998-09-26,0,,
INSERTABLE,1732,1998-09-27,3.1,,
INSERTABLE,1733,1998-09-28,3.1,,
INSERTABLE,1734,1998-09-29,4,,
INSERTABLE,1735,1998-09-30,4.6,,
INSERTABLE,1736,1998-10-01,4.7,,
INSERTABLE,1737,1998-10-02,4.1,,
INSERTABLE,1738,1998-10-03,3.7,,
INSERTABLE,1739,1998-10-04,3.9,,
INSERTABLE,1740,1998-10-05,3.9,,
INSERTABLE,1741,1998-10-06,4,,
INSERTABLE,1742,1998-10-07,3.8,,
INSERTABLE,1743,1998-10-08,3.8,,
INSERTABLE,1744,1998-10-09,3.6,,
INSERTABLE,1745,1998-10-10,1.6,,
INSERTABLE,1746,1998-10-11,3.8,,
INSERTABLE,1747,1998-10-12,3.8,,
INSERTABLE,1748,1998-10-13,3.8,,
INSERTABLE,1749,1998-10-14,3.6,,
INSERTABLE,1750,1998-10-15,4.8,,
INSERTABLE,1751,1998-10-16,4.2,,
INSERTABLE,1752,1998-10-17,5.9,,
INSERTABLE,1753,1998-10-18,4.6,,
INSERTABLE,1754,1998-10-19,4.6,,
INSERTABLE,1755,1998-10-20,4.1,,
INSERTABLE,1756,1998-10-21,5.3,,
INSERTABLE,1757,1998-10-22,4.4,,
INSERTABLE,1758,1998-10-23,3.5,,
INSERTABLE,1759,1998-10-24,3.5,,
INSERTABLE,1760,1998-10-25,3.5,,
INSERTABLE,1761,1998-10-26,3.5,,
INSERTABLE,1762,1998-10-27,4.8,,
INSERTABLE,1763,1998-10-28,5.4,,
INSERTABLE,1764,1998-10-29,4.9,,
INSERTABLE,1765,1998-10-30,4.2,,
INSERTABLE,1766,1998-10-31,5.4,,
INSERTABLE,1767,1998-11-01,4.2,,
INSERTABLE,1768,1998-11-02,4.2,,
INSERTABLE,1769,1998-11-03,4.4,,
INSERTABLE,1770,1998-11-04,4.3,,
INSERTABLE,1771,1998-11-05,4.8,,
INSERTABLE,1772,1998-11-06,4.4,,
INSERTABLE,1773,1998-11-07,3.9,,
INSERTABLE,1774,1998-11-08,4.5,,
INSERTABLE,1775,1998-11-09,4.5,,
INSERTABLE,1776,1998-11-10,5,,
INSERTABLE,1777,1998-11-11,3.1,,
INSERTABLE,1778,1998-11-12,5.4,,
INSERTABLE,1779,1998-11-13,5.7,,
INSERTABLE,1780,1998-11-14,3.6,,
INSERTABLE,1781,1998-11-15,4.9,,
INSERTABLE,1782,1998-11-16,4.9,,
INSERTABLE,1783,1998-11-17,4.4,,
INSERTABLE,1784,1998-11-18,4.9,,
INSERTABLE,1785,1998-11-19,4.2,,
INSERTABLE,1786,1998-11-20,4.5,,
INSERTABLE,1787,1998-11-21,4.3,,
INSERTABLE,1788,1998-11-22,5.1,,
INSERTABLE,1789,1998-11-23,5.1,,
INSERTABLE,1790,1998-11-24,4.2,,
INSERTABLE,1791,1998-11-25,4.7,,
INSERTABLE,1792,1998-11-26,4.9,,
INSERTABLE,1793,1998-11-27,5.5,,
INSERTABLE,1794,1998-11-28,5.2,,
INSERTABLE,1795,1998-11-29,6.1,,
INSERTABLE,1796,1998-11-30,6.1,,
INSERTABLE,1797,1998-12-01,5.7,,
INSERTABLE,1798,1998-12-02,5.8,,
INSERTABLE,1799,1998-12-03,4.7,,
INSERTABLE,1800,1998-12-04,5.4,,
INSERTABLE,1801,1998-12-05,5.5,,
INSERTABLE,1802,1998-12-06,5.8,,
INSERTABLE,1803,1998-12-07,5.8,,
INSERTABLE,1804,1998-12-08,8.7,,
INSERTABLE,1805,1998-12-09,8.7,,
INSERTABLE,1806,1998-12-10,8.4,,
INSERTABLE,1807,1998-12-11,7.6,,
INSERTABLE,1808,1998-12-12,6.5,,
INSERTABLE,1809,1998-12-13,7,,
INSERTABLE,1810,1998-12-14,7,,
INSERTABLE,1811,1998-12-15,6.7,,
INSERTABLE,1812,1998-12-16,6.8,,
INSERTABLE,1813,1998-12-17,7.1,,
INSERTABLE,1814,1998-12-18,6.9,,
INSERTABLE,1815,1998-12-19,7.3,,
INSERTABLE,1816,1998-12-20,7.4,,
INSERTABLE,1817,1998-12-21,7.4,,
INSERTABLE,1818,1998-12-22,7.6,,
INSERTABLE,1819,1998-12-23,9.6,,
INSERTABLE,1820,1998-12-24,6.8,,
INSERTABLE,1821,1998-12-25,6.5,,
INSERTABLE,1822,1998-12-26,6.5,,
INSERTABLE,1823,1998-12-27,7.6,,
INSERTABLE,1824,1998-12-28,7.6,,
INSERTABLE,1825,1998-12-29,7.7,,
INSERTABLE,1826,1998-12-30,7.4,,
INSERTABLE,1827,1998-12-31,6.8,,
INSERTABLE,1828,1999-01-01,6.75,,
INSERTABLE,1829,1999-01-02,6.75,,
INSERTABLE,1830,1999-01-03,6.75,,
INSERTABLE,1831,1999-01-04,6.75,,
INSERTABLE,1832,1999-01-05,6.7,,
INSERTABLE,1833,1999-01-06,6.9,,
INSERTABLE,1834,1999-01-07,7.2,,
INSERTABLE,1835,1999-01-08,7.1,,
INSERTABLE,1836,1999-01-09,7.6,,
INSERTABLE,1837,1999-01-10,7.4,,
INSERTABLE,1838,1999-01-11,7.4,,
INSERTABLE,1839,1999-01-12,6.8,,
INSERTABLE,1840,1999-01-13,7.4,,
INSERTABLE,1841,1999-01-14,7.1,,
INSERTABLE,1842,1999-01-15,6.3,,
INSERTABLE,1843,1999-01-16,4.1,,
INSERTABLE,1844,1999-01-17,4.4,,
INSERTABLE,1845,1999-01-18,4.4,,
INSERTABLE,1846,1999-01-19,6.4,,
INSERTABLE,1847,1999-01-20,6.3,,
INSERTABLE,1848,1999-01-21,6,,
INSERTABLE,1849,1999-01-22,6.5,,
INSERTABLE,1850,1999-01-23,6.4,,
INSERTABLE,1851,1999-01-24,6.8,,
INSERTABLE,1852,1999-01-25,6.8,,
INSERTABLE,1853,1999-01-26,6.6,,
INSERTABLE,1854,1999-01-27,5.8,,
INSERTABLE,1855,1999-01-28,7.2,,
INSERTABLE,1856,1999-01-29,5.6,,
INSERTABLE,1857,1999-01-30,4.7,,
INSERTABLE,1858,1999-01-31,4.7,,
INSERTABLE,1859,1999-02-01,4.7,,
INSERTABLE,1860,1999-02-02,7.4,,
INSERTABLE,1861,1999-02-03,7.4,,
INSERTABLE,1862,1999-02-04,7.8,,
INSERTABLE,1863,1999-02-05,7.5,,
INSERTABLE,1864,1999-02-06,7.4,,
INSERTABLE,1865,1999-02-07,7.6,,
INSERTABLE,1866,1999-02-08,7.6,,
INSERTABLE,1867,1999-02-09,7.3,,
INSERTABLE,1868,1999-02-10,6.5,,
INSERTABLE,1869,1999-02-11,6.9,,
INSERTABLE,1870,1999-02-12,6.6,,
INSERTABLE,1871,1999-02-13,6.3,,
INSERTABLE,1872,1999-02-14,6.8,,
INSERTABLE,1873,1999-02-15,6.8,,
INSERTABLE,1874,1999-02-16,6.1,,
INSERTABLE,1875,1999-02-17,6.5,,
INSERTABLE,1876,1999-02-18,6.2,,
INSERTABLE,1877,1999-02-19,6.3,,
INSERTABLE,1878,1999-02-20,6.2,,
INSERTABLE,1879,1999-02-21,6.4,,
INSERTABLE,1880,1999-02-22,6.4,,
INSERTABLE,1881,1999-02-23,6.1,,
INSERTABLE,1882,1999-02-24,6.6,,
INSERTABLE,1883,1999-02-25,6.2,,
INSERTABLE,1884,1999-02-26,6.4,,
INSERTABLE,1885,1999-02-27,6.3,,
INSERTABLE,1886,1999-02-28,5.2,,
INSERTABLE,1887,1999-03-01,5.2,,
INSERTABLE,1888,1999-03-02,5.9,,
INSERTABLE,1889,1999-03-03,5.8,,
INSERTABLE,1890,1999-03-04,5.7,,
INSERTABLE,1891,1999-03-05,5.9,,
INSERTABLE,1892,1999-03-06,5.4,,
INSERTABLE,1893,1999-03-07,5.1,,
INSERTABLE,1894,1999-03-08,5.1,,
INSERTABLE,1895,1999-03-09,5.7,,
INSERTABLE,1896,1999-03-10,5.4,,
INSERTABLE,1897,1999-03-11,5.2,,
INSERTABLE,1898,1999-03-12,5,,
INSERTABLE,1899,1999-03-13,2.8,,
INSERTABLE,1900,1999-03-14,4.35,,
INSERTABLE,1901,1999-03-15,4.35,,
INSERTABLE,1902,1999-03-16,4.8,,
INSERTABLE,1903,1999-03-17,5.1,,
INSERTABLE,1904,1999-03-18,5.3,,
INSERTABLE,1905,1999-03-19,5.2,,
INSERTABLE,1906,1999-03-20,5.3,,
INSERTABLE,1907,1999-03-21,4.55,,
INSERTABLE,1908,1999-03-22,4.55,,
INSERTABLE,1909,1999-03-23,4.9,,
INSERTABLE,1910,1999-03-24,4.6,,
INSERTABLE,1911,1999-03-25,4.7,,
INSERTABLE,1912,1999-03-26,4.5,,
INSERTABLE,1913,1999-03-27,4.4,,
INSERTABLE,1914,1999-03-28,4.45,,
INSERTABLE,1915,1999-03-29,4.45,,
INSERTABLE,1916,1999-03-30,4.2,,
INSERTABLE,1917,1999-03-31,4.3,,
INSERTABLE,1918,1999-04-01,4.1,,
INSERTABLE,1919,1999-04-02,3.4,,
INSERTABLE,1920,1999-04-03,3.4,,
INSERTABLE,1921,1999-04-04,3.4,,
INSERTABLE,1922,1999-04-05,3.4,,
INSERTABLE,1923,1999-04-06,4.3,,
INSERTABLE,1924,1999-04-07,4.2,,
INSERTABLE,1925,1999-04-08,4.3,,
INSERTABLE,1926,1999-04-09,4,,
INSERTABLE,1927,1999-04-10,3.9,,
INSERTABLE,1928,1999-04-11,3.7,,
INSERTABLE,1929,1999-04-12,3.7,,
INSERTABLE,1930,1999-04-13,4.2,,
INSERTABLE,1931,1999-04-14,4.4,,
INSERTABLE,1932,1999-04-15,4.5,,
INSERTABLE,1933,1999-04-16,4.2,,
INSERTABLE,1934,1999-04-17,4.7,,
INSERTABLE,1935,1999-04-18,4.1,,
INSERTABLE,1936,1999-04-19,4.1,,
INSERTABLE,1937,1999-04-20,3.1,,
INSERTABLE,1938,1999-04-21,4,,
INSERTABLE,1939,1999-04-22,4.2,,
INSERTABLE,1940,1999-04-23,4.3,,
INSERTABLE,1941,1999-04-24,4.3,,
INSERTABLE,1943,1999-04-26,0,,
INSERTABLE,1944,1999-04-27,4.3,,
INSERTABLE,1945,1999-04-28,4,,
INSERTABLE,1947,1999-04-30,2.6,,
INSERTABLE,1948,1999-05-01,2.6,,
INSERTABLE,1949,1999-05-02,2.6,,
INSERTABLE,1950,1999-05-03,2.8,,
INSERTABLE,1951,1999-05-04,3,,
INSERTABLE,1952,1999-05-05,2.6,,
INSERTABLE,1953,1999-05-06,2.8,,
INSERTABLE,1954,1999-05-07,3.1,,
INSERTABLE,1955,1999-05-08,3,,
INSERTABLE,1956,1999-05-09,2.8,,
INSERTABLE,1957,1999-05-10,2.8,,
INSERTABLE,1958,1999-05-11,2.6,,
INSERTABLE,1959,1999-05-12,2.8,,
INSERTABLE,1960,1999-05-13,2.4,,
INSERTABLE,1961,1999-05-14,2.1,,
INSERTABLE,1962,1999-05-15,2.3,,
INSERTABLE,1963,1999-05-16,2.2,,
INSERTABLE,1964,1999-05-17,2.2,,
INSERTABLE,1965,1999-05-18,2.3,,
INSERTABLE,1966,1999-05-19,2.4,,
INSERTABLE,1967,1999-05-20,2.2,,
INSERTABLE,1968,1999-05-21,2.05,,
INSERTABLE,1969,1999-05-22,2.05,,
INSERTABLE,1970,1999-05-23,1.8,,
INSERTABLE,1971,1999-05-24,1.8,,
INSERTABLE,1972,1999-05-25,2.1,,
INSERTABLE,1973,1999-05-26,2.6,,
INSERTABLE,1974,1999-05-27,1.7,,
INSERTABLE,1975,1999-05-28,0,,
INSERTABLE,1976,1999-05-29,1.2,,
INSERTABLE,1977,1999-05-30,2.9,,
INSERTABLE,1978,1999-05-31,2.9,,
INSERTABLE,1979,1999-06-01,1.1,,
INSERTABLE,1980,1999-06-02,1.3,,
INSERTABLE,1981,1999-06-03,1.3,,
INSERTABLE,1982,1999-06-04,1.4,,
INSERTABLE,1983,1999-06-05,1.3,,
INSERTABLE,1984,1999-06-06,1.2,,
INSERTABLE,1985,1999-06-07,1.2,,
INSERTABLE,1986,1999-06-08,1.1,,
INSERTABLE,1987,1999-06-09,1,,
INSERTABLE,1988,1999-06-10,1.3,,
INSERTABLE,1989,1999-06-11,1.4,,
INSERTABLE,1990,1999-06-12,1.3,,
INSERTABLE,1991,1999-06-13,1.3,,
INSERTABLE,1992,1999-06-14,1.3,,
INSERTABLE,1993,1999-06-15,1.2,,
INSERTABLE,1994,1999-06-16,1.3,,
INSERTABLE,1995,1999-06-17,0.9,,
INSERTABLE,1996,1999-06-18,1.3,,
INSERTABLE,1997,1999-06-19,1.4,,
INSERTABLE,1998,1999-06-20,2.2,,
INSERTABLE,1999,1999-06-21,2.2,,
INSERTABLE,2000,1999-06-22,2,,
INSERTABLE,2001,1999-06-23,2.1,,
INSERTABLE,2002,1999-06-24,2.2,,
INSERTABLE,2003,1999-06-25,2.2,,
INSERTABLE,2004,1999-06-26,2.1,,
INSERTABLE,2005,1999-06-27,0,,
INSERTABLE,2006,1999-06-28,0,,
INSERTABLE,2007,1999-06-29,0,,
INSERTABLE,2008,1999-06-30,0.8,,
INSERTABLE,2009,1999-07-01,0.9,,
INSERTABLE,2010,1999-07-02,1,,
INSERTABLE,2011,1999-07-03,1.06,,
INSERTABLE,2012,1999-07-04,1.06,,
INSERTABLE,2013,1999-07-05,1.06,,
INSERTABLE,2014,1999-07-06,1.1,,
INSERTABLE,2015,1999-07-07,1.2,,
INSERTABLE,2016,1999-07-08,1.1,,
INSERTABLE,2017,1999-07-09,0.9,,
INSERTABLE,2018,1999-07-10,0.8,,
INSERTABLE,2019,1999-07-11,0,,
INSERTABLE,2020,1999-07-12,0,,
INSERTABLE,2021,1999-07-13,1,,
INSERTABLE,2022,1999-07-14,1.1,,
INSERTABLE,2023,1999-07-15,0.9,,
INSERTABLE,2024,1999-07-16,1,,
INSERTABLE,2025,1999-07-17,0.9,,
INSERTABLE,2026,1999-07-18,1.05,,
INSERTABLE,2027,1999-07-19,1.05,,
INSERTABLE,2028,1999-07-20,1.1,,
INSERTABLE,2029,1999-07-21,1.2,,
INSERTABLE,2030,1999-07-22,1.2,,
INSERTABLE,2031,1999-07-23,1.3,,
INSERTABLE,2032,1999-07-24,1.2,,
INSERTABLE,2033,1999-07-25,1.3,,
INSERTABLE,2034,1999-07-26,1.3,,
INSERTABLE,2035,1999-07-27,1.2,,
INSERTABLE,2036,1999-07-28,1.2,,
INSERTABLE,2037,1999-07-29,0,,
INSERTABLE,2038,1999-07-30,1.1,,
INSERTABLE,2039,1999-07-31,1.2,,
INSERTABLE,2040,1999-08-01,1.2,,
INSERTABLE,2041,1999-08-02,1.1,,
INSERTABLE,2042,1999-08-03,0.9,,
INSERTABLE,2043,1999-08-04,1.1,,
INSERTABLE,2044,1999-08-05,1.2,,
INSERTABLE,2045,1999-08-06,0,,
INSERTABLE,2046,1999-08-07,1.3,,
INSERTABLE,2047,1999-08-08,1.3,,
INSERTABLE,2048,1999-08-09,1.3,,
INSERTABLE,2049,1999-08-10,1.7,,
INSERTABLE,2050,1999-08-11,1.5,,
INSERTABLE,2051,1999-08-12,1.4,,
INSERTABLE,2052,1999-08-13,1.2,,
INSERTABLE,2053,1999-08-14,1.3,,
INSERTABLE,2054,1999-08-15,1.2,,
INSERTABLE,2055,1999-08-16,1.2,,
INSERTABLE,2056,1999-08-17,1.1,,
INSERTABLE,2057,1999-08-18,1.2,,
INSERTABLE,2058,1999-08-19,1.3,,
INSERTABLE,2059,1999-08-20,1.1,,
INSERTABLE,2060,1999-08-21,0,,
INSERTABLE,2061,1999-08-22,0.3,,
INSERTABLE,2062,1999-08-23,0.3,,
INSERTABLE,2063,1999-08-24,0,,
INSERTABLE,2064,1999-08-25,1.2,,
INSERTABLE,2065,1999-08-26,1.4,,
INSERTABLE,2066,1999-08-27,1.2,,
INSERTABLE,2067,1999-08-28,0.9,,
INSERTABLE,2068,1999-08-29,0,,
INSERTABLE,2069,1999-08-30,0,,
INSERTABLE,2070,1999-08-31,0,,
INSERTABLE,2071,1999-09-01,1.1,,
INSERTABLE,2072,1999-09-02,1.2,,
INSERTABLE,2073,1999-09-03,1,,
INSERTABLE,2074,1999-09-04,0.9,,
INSERTABLE,2075,1999-09-05,0,,
INSERTABLE,2076,1999-09-06,0,,
INSERTABLE,2077,1999-09-07,0,,
INSERTABLE,2078,1999-09-08,0,,
INSERTABLE,2079,1999-09-09,0.3,,
INSERTABLE,2080,1999-09-10,2,,
INSERTABLE,2081,1999-09-11,0,,
INSERTABLE,2082,1999-09-12,0,,
INSERTABLE,2083,1999-09-13,0,,
INSERTABLE,2084,1999-09-14,1.2,,
INSERTABLE,2085,1999-09-15,1.3,,
INSERTABLE,2086,1999-09-16,1.5,,
INSERTABLE,2087,1999-09-17,2.5,,
INSERTABLE,2088,1999-09-18,2.5,,
INSERTABLE,2089,1999-09-19,2.5,,
INSERTABLE,2090,1999-09-20,2.5,,
INSERTABLE,2091,1999-09-21,0.9,,
INSERTABLE,2092,1999-09-22,0.8,,
INSERTABLE,2093,1999-09-23,0.8,,
INSERTABLE,2094,1999-09-24,0.7,,
INSERTABLE,2095,1999-09-25,0.9,,
INSERTABLE,2096,1999-09-26,1.15,,
INSERTABLE,2097,1999-09-27,1.15,,
INSERTABLE,2098,1999-09-28,1,,
INSERTABLE,2099,1999-09-29,2.7,,
INSERTABLE,2100,1999-09-30,2.9,,
INSERTABLE,2101,1999-10-01,-5,,
INSERTABLE,2102,1999-10-02,0.8,,
INSERTABLE,2103,1999-10-03,1.5,,
INSERTABLE,2104,1999-10-04,1.5,,
INSERTABLE,2105,1999-10-05,0.9,,
INSERTABLE,2106,1999-10-06,1,,
INSERTABLE,2107,1999-10-07,2.4,,
INSERTABLE,2108,1999-10-08,3.4,,
INSERTABLE,2109,1999-10-09,0.8,,
INSERTABLE,2110,1999-10-10,1.8,,
INSERTABLE,2111,1999-10-11,1.8,,
INSERTABLE,2112,1999-10-12,3.2,,
INSERTABLE,2113,1999-10-13,3.2,,
INSERTABLE,2114,1999-10-14,3.1,,
INSERTABLE,2115,1999-10-15,0.8,,
INSERTABLE,2116,1999-10-16,2.3,,
INSERTABLE,2117,1999-10-17,3.4,,
INSERTABLE,2118,1999-10-18,3.4,,
INSERTABLE,2119,1999-10-19,2.1,,
INSERTABLE,2120,1999-10-20,2,,
INSERTABLE,2121,1999-10-21,3.1,,
INSERTABLE,2122,1999-10-22,1.2,,
INSERTABLE,2123,1999-10-23,1,,
INSERTABLE,2124,1999-10-24,3.6,,
INSERTABLE,2125,1999-10-25,3.6,,
INSERTABLE,2126,1999-10-26,1.2,,
INSERTABLE,2127,1999-10-27,1.4,,
INSERTABLE,2128,1999-10-28,1.8,,
INSERTABLE,2129,1999-10-29,2.4,,
INSERTABLE,2130,1999-10-30,3.2,,
INSERTABLE,2132,1999-11-01,2.2,,
INSERTABLE,2133,1999-11-02,2.2,,
INSERTABLE,2134,1999-11-03,2.4,,
INSERTABLE,2135,1999-11-04,2.7,,
INSERTABLE,2136,1999-11-05,3.6,,
INSERTABLE,2137,1999-11-06,3.8,,
INSERTABLE,2138,1999-11-07,4.3,,
INSERTABLE,2139,1999-11-08,4.3,,
INSERTABLE,2140,1999-11-09,4.1,,
INSERTABLE,2141,1999-11-10,4.2,,
INSERTABLE,2142,1999-11-11,4.3,,
INSERTABLE,2143,1999-11-12,4,,
INSERTABLE,2144,1999-11-13,4.6,,
INSERTABLE,2145,1999-11-14,4.4,,
INSERTABLE,2146,1999-11-15,4.4,,
INSERTABLE,2147,1999-11-16,4.7,,
INSERTABLE,2148,1999-11-17,5,,
INSERTABLE,2149,1999-11-18,4.4,,
INSERTABLE,2150,1999-11-19,4.1,,
INSERTABLE,2151,1999-11-20,4.3,,
INSERTABLE,2152,1999-11-21,4.8,,
INSERTABLE,2153,1999-11-22,4.8,,
INSERTABLE,2154,1999-11-23,5.2,,
INSERTABLE,2155,1999-11-24,4.9,,
INSERTABLE,2156,1999-11-25,4.6,,
INSERTABLE,2157,1999-11-26,4.8,,
INSERTABLE,2158,1999-11-27,4.9,,
INSERTABLE,2159,1999-11-28,5.1,,
INSERTABLE,2160,1999-11-29,5.1,,
INSERTABLE,2161,1999-11-30,5.2,,
INSERTABLE,2162,1999-12-01,4.8,,
INSERTABLE,2163,1999-12-02,4.5,,
INSERTABLE,2164,1999-12-03,5.3,,
INSERTABLE,2165,1999-12-04,5.2,,
INSERTABLE,2166,1999-12-05,5.8,,
INSERTABLE,2167,1999-12-06,5.8,,
INSERTABLE,2168,1999-12-07,5.5,,
INSERTABLE,2169,1999-12-08,5.7,,
INSERTABLE,2170,1999-12-09,5.7,,
INSERTABLE,2171,1999-12-10,5.5,,
INSERTABLE,2172,1999-12-11,5.3,,
INSERTABLE,2173,1999-12-12,6.25,,
INSERTABLE,2174,1999-12-13,6.25,,
INSERTABLE,2175,1999-12-14,6.1,,
INSERTABLE,2176,1999-12-15,6.3,,
INSERTABLE,2177,1999-12-16,6.4,,
INSERTABLE,2178,1999-12-17,6.3,,
INSERTABLE,2179,1999-12-18,5.9,,
INSERTABLE,2180,1999-12-19,7.5,,
INSERTABLE,2181,1999-12-20,7.5,,
INSERTABLE,2182,1999-12-21,7.3,,
INSERTABLE,2183,1999-12-22,8.2,,
INSERTABLE,2184,1999-12-23,7.4,,
INSERTABLE,2185,1999-12-24,7.1,,
INSERTABLE,2186,1999-12-25,7.9,,
INSERTABLE,2187,1999-12-26,7.9,,
INSERTABLE,2188,1999-12-27,7.9,,
INSERTABLE,2189,1999-12-28,7.5,,
INSERTABLE,2190,1999-12-29,7.3,,
INSERTABLE,2191,1999-12-30,7.5,,
INSERTABLE,2192,1999-12-31,7,,
INSERTABLE,2193,2000-01-01,7,,
INSERTABLE,2194,2000-01-02,7,,
INSERTABLE,2195,2000-01-03,7,,
INSERTABLE,2196,2000-01-04,6.7,,
INSERTABLE,2197,2000-01-05,7.8,,
INSERTABLE,2198,2000-01-06,7.7,,
INSERTABLE,2199,2000-01-07,7.8,,
INSERTABLE,2200,2000-01-08,7.6,,
INSERTABLE,2201,2000-01-09,7.9,,
INSERTABLE,2202,2000-01-10,7.9,,
INSERTABLE,2203,2000-01-11,7.8,,
INSERTABLE,2204,2000-01-12,7.6,,
INSERTABLE,2205,2000-01-13,7.7,,
INSERTABLE,2206,2000-01-14,7.4,,
INSERTABLE,2207,2000-01-15,7.1,,
INSERTABLE,2208,2000-01-16,7.75,,
INSERTABLE,2209,2000-01-17,7.75,,
INSERTABLE,2210,2000-01-18,7.8,,
INSERTABLE,2211,2000-01-19,7.9,,
INSERTABLE,2212,2000-01-20,8.2,,
INSERTABLE,2213,2000-01-21,7.9,,
INSERTABLE,2214,2000-01-22,7.8,,
INSERTABLE,2215,2000-01-23,9.15,,
INSERTABLE,2216,2000-01-24,9.15,,
INSERTABLE,2217,2000-01-25,6.6,,
INSERTABLE,2218,2000-01-26,8.4,,
INSERTABLE,2219,2000-01-27,7.8,,
INSERTABLE,2220,2000-01-28,7.4,,
INSERTABLE,2221,2000-01-29,5,,
INSERTABLE,2222,2000-01-30,8.5,,
INSERTABLE,2223,2000-01-31,8.5,,
INSERTABLE,2224,2000-02-01,7.4,,
INSERTABLE,2225,2000-02-02,8.5,,
INSERTABLE,2226,2000-02-03,8.4,,
INSERTABLE,2227,2000-02-04,7.4,,
INSERTABLE,2228,2000-02-05,8,,
INSERTABLE,2229,2000-02-06,7,,
INSERTABLE,2230,2000-02-07,7,,
INSERTABLE,2231,2000-02-08,6.5,,
INSERTABLE,2232,2000-02-09,6.2,,
INSERTABLE,2233,2000-02-10,6,,
INSERTABLE,2234,2000-02-11,6.3,,
INSERTABLE,2235,2000-02-12,6.4,,
INSERTABLE,2236,2000-02-13,5.9,,
INSERTABLE,2237,2000-02-14,5.9,,
INSERTABLE,2238,2000-02-15,6.3,,
INSERTABLE,2239,2000-02-16,6,,
INSERTABLE,2240,2000-02-17,6.2,,
INSERTABLE,2241,2000-02-18,6.4,,
INSERTABLE,2242,2000-02-19,6.3,,
INSERTABLE,2243,2000-02-20,6.1,,
INSERTABLE,2244,2000-02-21,6.1,,
INSERTABLE,2245,2000-02-22,5.9,,
INSERTABLE,2246,2000-02-23,5.8,,
INSERTABLE,2247,2000-02-24,6,,
INSERTABLE,2248,2000-02-25,6.1,,
INSERTABLE,2249,2000-02-26,6.1,,
INSERTABLE,2250,2000-02-27,5.95,,
INSERTABLE,2251,2000-02-28,5.95,,
INSERTABLE,2252,2000-02-29,5.9,,
INSERTABLE,2253,2000-03-01,5.8,,
INSERTABLE,2254,2000-03-02,5.9,,
INSERTABLE,2255,2000-03-03,5.7,,
INSERTABLE,2256,2000-03-04,5.8,,
INSERTABLE,2257,2000-03-05,5.65,,
INSERTABLE,2258,2000-03-06,5.65,,
INSERTABLE,2259,2000-03-07,5.6,,
INSERTABLE,2260,2000-03-08,5.5,,
INSERTABLE,2261,2000-03-09,5.3,,
INSERTABLE,2262,2000-03-10,5.3,,
INSERTABLE,2263,2000-03-11,5.4,,
INSERTABLE,2264,2000-03-12,5.65,,
INSERTABLE,2265,2000-03-13,5.65,,
INSERTABLE,2266,2000-03-14,5.8,,
INSERTABLE,2267,2000-03-15,5.7,,
INSERTABLE,2268,2000-03-16,5.7,,
INSERTABLE,2269,2000-03-17,5.5,,
INSERTABLE,2270,2000-03-18,5.6,,
INSERTABLE,2271,2000-03-19,5.4,,
INSERTABLE,2272,2000-03-20,5.4,,
INSERTABLE,2273,2000-03-21,5.2,,
INSERTABLE,2274,2000-03-22,5.6,,
INSERTABLE,2275,2000-03-23,5.5,,
INSERTABLE,2276,2000-03-24,4.7,,
INSERTABLE,2277,2000-03-25,4.3,,
INSERTABLE,2278,2000-03-26,4.5,,
INSERTABLE,2279,2000-03-27,4.5,,
INSERTABLE,2280,2000-03-28,4,,
INSERTABLE,2281,2000-03-29,4.3,,
INSERTABLE,2282,2000-03-30,3.5,,
INSERTABLE,2283,2000-03-31,3,,
INSERTABLE,2284,2000-04-01,3.2,,
INSERTABLE,2285,2000-04-02,3,,
INSERTABLE,2286,2000-04-03,3,,
INSERTABLE,2287,2000-04-04,3.1,,
INSERTABLE,2288,2000-04-05,4,,
INSERTABLE,2289,2000-04-06,2.5,,
INSERTABLE,2290,2000-04-07,1.2,,
INSERTABLE,2291,2000-04-08,1.7,,
INSERTABLE,2292,2000-04-09,2.8,,
INSERTABLE,2293,2000-04-10,2.8,,
INSERTABLE,2294,2000-04-11,4,,
INSERTABLE,2295,2000-04-12,5.4,,
INSERTABLE,2296,2000-04-13,1.4,,
INSERTABLE,2297,2000-04-14,0,,
INSERTABLE,2298,2000-04-15,0,,
INSERTABLE,2299,2000-04-16,2,,
INSERTABLE,2300,2000-04-17,2,,
INSERTABLE,2301,2000-04-18,2.3,,
INSERTABLE,2302,2000-04-19,1.8,,
INSERTABLE,2303,2000-04-20,1,,
INSERTABLE,2304,2000-04-21,1.575,,
INSERTABLE,2305,2000-04-22,1.575,,
INSERTABLE,2306,2000-04-23,1.575,,
INSERTABLE,2307,2000-04-24,1.575,,
INSERTABLE,2308,2000-04-25,1.2,,
INSERTABLE,2309,2000-04-26,1.3,,
INSERTABLE,2310,2000-04-27,2.2,,
INSERTABLE,2311,2000-04-28,2.2,,
INSERTABLE,2312,2000-04-29,2.1,,
INSERTABLE,2313,2000-04-30,1.76,,
INSERTABLE,2314,2000-05-01,1.76,,
INSERTABLE,2315,2000-05-02,1.76,,
INSERTABLE,2316,2000-05-03,2.1,,
INSERTABLE,2317,2000-05-04,2.4,,
INSERTABLE,2318,2000-05-05,2.5,,
INSERTABLE,2319,2000-05-06,2.3,,
INSERTABLE,2320,2000-05-07,1.75,,
INSERTABLE,2321,2000-05-08,1.75,,
INSERTABLE,2322,2000-05-09,1.5,,
INSERTABLE,2323,2000-05-10,1.4,,
INSERTABLE,2324,2000-05-11,1.6,,
INSERTABLE,2325,2000-05-12,1.6,,
INSERTABLE,2326,2000-05-13,1.1,,
INSERTABLE,2327,2000-05-14,0,,
INSERTABLE,2328,2000-05-15,0,,
INSERTABLE,2329,2000-05-16,1.4,,
INSERTABLE,2330,2000-05-17,1.6,,
INSERTABLE,2331,2000-05-18,1.6,,
INSERTABLE,2332,2000-05-19,1.4,,
INSERTABLE,2333,2000-05-20,1.2,,
INSERTABLE,2334,2000-05-21,1.4,,
INSERTABLE,2335,2000-05-22,1.4,,
INSERTABLE,2336,2000-05-23,1.1,,
INSERTABLE,2337,2000-05-24,1.2,,
INSERTABLE,2338,2000-05-25,0,,
INSERTABLE,2339,2000-05-26,0.8,,
INSERTABLE,2340,2000-05-27,0.95,,
INSERTABLE,2341,2000-05-28,0.6,,
INSERTABLE,2342,2000-05-29,0.6,,
INSERTABLE,2343,2000-05-30,1.1,,
INSERTABLE,2344,2000-05-31,0.9,,
INSERTABLE,2345,2000-06-01,1.2,,
INSERTABLE,2346,2000-06-02,1.3,,
INSERTABLE,2347,2000-06-03,1.3,,
INSERTABLE,2348,2000-06-04,0.9,,
INSERTABLE,2349,2000-06-05,0.9,,
INSERTABLE,2350,2000-06-06,1.2,,
INSERTABLE,2351,2000-06-07,0.8,,
INSERTABLE,2352,2000-06-08,0.9,,
INSERTABLE,2353,2000-06-09,1,,
INSERTABLE,2354,2000-06-10,0.1,,
INSERTABLE,2355,2000-06-11,0.75,,
INSERTABLE,2356,2000-06-12,0.75,,
INSERTABLE,2357,2000-06-13,0,,
INSERTABLE,2358,2000-06-14,0,,
INSERTABLE,2359,2000-06-15,0,,
INSERTABLE,2360,2000-06-16,0.7,,
INSERTABLE,2361,2000-06-17,1.1,,
INSERTABLE,2362,2000-06-18,1,,
INSERTABLE,2363,2000-06-19,1,,
INSERTABLE,2364,2000-06-20,0.9,,
INSERTABLE,2365,2000-06-21,0.8,,
INSERTABLE,2366,2000-06-22,0.9,,
INSERTABLE,2367,2000-06-23,0,,
INSERTABLE,2368,2000-06-24,0,,
INSERTABLE,2369,2000-06-25,0,,
INSERTABLE,2370,2000-06-26,0,,
INSERTABLE,2371,2000-06-27,0,,
INSERTABLE,2372,2000-06-28,0,,
INSERTABLE,2373,2000-06-29,0,,
INSERTABLE,2374,2000-06-30,0,,
INSERTABLE,2375,2000-07-01,0,,
INSERTABLE,2376,2000-07-02,2,,
INSERTABLE,2377,2000-07-03,1.4,,
INSERTABLE,2378,2000-07-04,1.4,,
INSERTABLE,2379,2000-07-05,1.1,,
INSERTABLE,2380,2000-07-06,1.1,,
INSERTABLE,2381,2000-07-07,0.8,,
INSERTABLE,2382,2000-07-08,0.55,,
INSERTABLE,2383,2000-07-09,0.8,,
INSERTABLE,2384,2000-07-10,0.8,,
INSERTABLE,2385,2000-07-11,0.7,,
INSERTABLE,2386,2000-07-12,0.7,,
INSERTABLE,2387,2000-07-13,1.2,,
INSERTABLE,2388,2000-07-14,1.1,,
INSERTABLE,2389,2000-07-15,1.1,,
INSERTABLE,2390,2000-07-16,0.7,,
INSERTABLE,2391,2000-07-17,0.7,,
INSERTABLE,2392,2000-07-18,1.2,,
INSERTABLE,2393,2000-07-19,1.2,,
INSERTABLE,2394,2000-07-20,1.1,,
INSERTABLE,2395,2000-07-21,0,,
INSERTABLE,2396,2000-07-22,1.3,,
INSERTABLE,2397,2000-07-23,1.5,,
INSERTABLE,2398,2000-07-24,1.5,,
INSERTABLE,2399,2000-07-25,1.4,,
INSERTABLE,2400,2000-07-26,1.2,,
INSERTABLE,2401,2000-07-27,1.3,,
INSERTABLE,2402,2000-07-28,1.1,,
INSERTABLE,2403,2000-07-29,1.2,,
INSERTABLE,2404,2000-07-30,1.1,,
INSERTABLE,2405,2000-07-31,1.1,,
INSERTABLE,2406,2000-08-01,0.7,,
INSERTABLE,2407,2000-08-02,1.2,,
INSERTABLE,2408,2000-08-03,1.2,,
INSERTABLE,2409,2000-08-04,0.9,,
INSERTABLE,2410,2000-08-05,0.7,,
INSERTABLE,2411,2000-08-06,1.1,,
INSERTABLE,2412,2000-08-07,1.1,,
INSERTABLE,2413,2000-08-08,1.5,,
INSERTABLE,2414,2000-08-09,1.8,,
INSERTABLE,2415,2000-08-10,2.3,,
INSERTABLE,2416,2000-08-11,1.4,,
INSERTABLE,2417,2000-08-12,1.6,,
INSERTABLE,2418,2000-08-13,1.6,,
INSERTABLE,2419,2000-08-14,1.3,,
INSERTABLE,2420,2000-08-15,1.4,,
INSERTABLE,2421,2000-08-16,1.3,,
INSERTABLE,2422,2000-08-17,1.4,,
INSERTABLE,2423,2000-08-18,1.7,,
INSERTABLE,2424,2000-08-19,1.4,,
INSERTABLE,2425,2000-08-20,0.6,,
INSERTABLE,2426,2000-08-21,0.6,,
INSERTABLE,2427,2000-08-22,0.6,,
INSERTABLE,2428,2000-08-23,0.6,,
INSERTABLE,2429,2000-08-24,2.4,,
INSERTABLE,2430,2000-08-25,2.1,,
INSERTABLE,2431,2000-08-26,1.8,,
INSERTABLE,2432,2000-08-27,1.9,,
INSERTABLE,2433,2000-08-28,1.9,,
INSERTABLE,2434,2000-08-29,1.6,,
INSERTABLE,2435,2000-08-30,2.4,,
INSERTABLE,2436,2000-08-31,2,,
INSERTABLE,2437,2000-09-01,2.4,,
INSERTABLE,2438,2000-09-02,2.3,,
INSERTABLE,2439,2000-09-03,1.7,,
INSERTABLE,2440,2000-09-04,1.7,,
INSERTABLE,2441,2000-09-05,1.7,,
INSERTABLE,2442,2000-09-06,2,,
INSERTABLE,2443,2000-09-07,1.9,,
INSERTABLE,2444,2000-09-08,1.5,,
INSERTABLE,2445,2000-09-09,1.2,,
INSERTABLE,2446,2000-09-10,0,,
INSERTABLE,2447,2000-09-11,0,,
INSERTABLE,2448,2000-09-12,0.2,,
INSERTABLE,2449,2000-09-13,0,,
INSERTABLE,2450,2000-09-14,1,,
INSERTABLE,2451,2000-09-15,1.4,,
INSERTABLE,2452,2000-09-16,1.3,,
INSERTABLE,2453,2000-09-17,0,,
INSERTABLE,2454,2000-09-18,0,,
INSERTABLE,2455,2000-09-19,0,,
INSERTABLE,2456,2000-09-20,0,,
INSERTABLE,2457,2000-09-21,3.7,,
INSERTABLE,2458,2000-09-22,3,,
INSERTABLE,2459,2000-09-23,4.2,,
INSERTABLE,2460,2000-09-24,3,,
INSERTABLE,2461,2000-09-25,3,,
INSERTABLE,2462,2000-09-26,3,,
INSERTABLE,2463,2000-09-27,2.1,,
INSERTABLE,2464,2000-09-28,1.4,,
INSERTABLE,2465,2000-09-29,1.3,,
INSERTABLE,2466,2000-09-30,1.1,,
INSERTABLE,2467,2000-10-01,1.1,,
INSERTABLE,2468,2000-10-02,1.1,,
INSERTABLE,2469,2000-10-03,2.2,,
INSERTABLE,2470,2000-10-04,2.4,,
INSERTABLE,2471,2000-10-05,3.8,,
INSERTABLE,2472,2000-10-06,4.7,,
INSERTABLE,2473,2000-10-07,4.5,,
INSERTABLE,2474,2000-10-08,4.1,,
INSERTABLE,2475,2000-10-09,4.1,,
INSERTABLE,2476,2000-10-10,4.1,,
INSERTABLE,2477,2000-10-11,4,,
INSERTABLE,2478,2000-10-12,4.8,,
INSERTABLE,2479,2000-10-13,5.1,,
INSERTABLE,2480,2000-10-14,5.6,,
INSERTABLE,2481,2000-10-15,5.5,,
INSERTABLE,2482,2000-10-16,5.5,,
INSERTABLE,2483,2000-10-17,6.3,,
INSERTABLE,2484,2000-10-18,4.2,,
INSERTABLE,2485,2000-10-19,3.8,,
INSERTABLE,2486,2000-10-20,4.2,,
INSERTABLE,2487,2000-10-21,4,,
INSERTABLE,2488,2000-10-22,3.5,,
INSERTABLE,2489,2000-10-23,3.5,,
INSERTABLE,2490,2000-10-24,3,,
INSERTABLE,2491,2000-10-25,3.4,,
INSERTABLE,2492,2000-10-26,3.6,,
INSERTABLE,2493,2000-10-27,4.1,,
INSERTABLE,2494,2000-10-28,4.2,,
INSERTABLE,2495,2000-10-29,4.5,,
INSERTABLE,2496,2000-10-30,4.5,,
INSERTABLE,2497,2000-10-31,4.1,,
INSERTABLE,2498,2000-11-01,3.2,,
INSERTABLE,2499,2000-11-02,3.2,,
INSERTABLE,2500,2000-11-03,4.5,,
INSERTABLE,2501,2000-11-04,4.5,,
INSERTABLE,2502,2000-11-05,4.7,,
INSERTABLE,2503,2000-11-06,4.7,,
INSERTABLE,2504,2000-11-07,4.8,,
INSERTABLE,2505,2000-11-08,4.9,,
INSERTABLE,2506,2000-11-09,6.1,,
INSERTABLE,2507,2000-11-10,6.6,,
INSERTABLE,2508,2000-11-11,6.5,,
INSERTABLE,2509,2000-11-12,6.3,,
INSERTABLE,2510,2000-11-13,6.3,,
INSERTABLE,2511,2000-11-14,8.2,,
INSERTABLE,2512,2000-11-15,7.2,,
INSERTABLE,2513,2000-11-16,7.1,,
INSERTABLE,2514,2000-11-17,5.6,,
INSERTABLE,2515,2000-11-18,6.4,,
INSERTABLE,2516,2000-11-19,7.5,,
INSERTABLE,2517,2000-11-20,7.5,,
INSERTABLE,2518,2000-11-21,10.9,,
INSERTABLE,2519,2000-11-22,9.9,,
INSERTABLE,2520,2000-11-23,7.5,,
INSERTABLE,2521,2000-11-24,9,,
INSERTABLE,2522,2000-11-25,10.2,,
INSERTABLE,2523,2000-11-26,9.5,,
INSERTABLE,2524,2000-11-27,9.5,,
INSERTABLE,2525,2000-11-28,10.5,,
INSERTABLE,2526,2000-11-29,8.5,,
INSERTABLE,2527,2000-11-30,8,,
INSERTABLE,2528,2000-12-01,7.3,,
INSERTABLE,2529,2000-12-02,10,,
INSERTABLE,2530,2000-12-03,10.1,,
INSERTABLE,2531,2000-12-04,10.1,,
INSERTABLE,2532,2000-12-05,9.9,,
INSERTABLE,2533,2000-12-06,8.8,,
INSERTABLE,2534,2000-12-07,7.2,,
INSERTABLE,2535,2000-12-08,7.2,,
INSERTABLE,2536,2000-12-09,7.2,,
INSERTABLE,2537,2000-12-10,7.2,,
INSERTABLE,2538,2000-12-11,7.2,,
INSERTABLE,2539,2000-12-12,7.2,,
INSERTABLE,2540,2000-12-13,7.2,,
INSERTABLE,2541,2000-12-14,3.5,,
INSERTABLE,2542,2000-12-15,8.5,,
INSERTABLE,2543,2000-12-16,8.5,,
INSERTABLE,2544,2000-12-17,9,,
INSERTABLE,2545,2000-12-18,9,,
INSERTABLE,2546,2000-12-19,5.2,,
INSERTABLE,2547,2000-12-20,4.9,,
INSERTABLE,2548,2000-12-21,5.1,,
INSERTABLE,2549,2000-12-22,6,,
INSERTABLE,2550,2000-12-23,9.2,,
INSERTABLE,2551,2000-12-24,10.83,,
INSERTABLE,2552,2000-12-25,10.83,,
INSERTABLE,2553,2000-12-26,10.83,,
INSERTABLE,2554,2000-12-27,7.1,,
INSERTABLE,2555,2000-12-28,8.6,,
INSERTABLE,2556,2000-12-29,8.5,,
INSERTABLE,2557,2000-12-30,9,,
INSERTABLE,2558,2000-12-31,6.3,,
INSERTABLE,2559,2001-01-01,6.3,,
INSERTABLE,2560,2001-01-02,6.3,,
INSERTABLE,2561,2001-01-03,3.6,,
INSERTABLE,2562,2001-01-04,3.7,,
INSERTABLE,2563,2001-01-05,5.7,,
INSERTABLE,2564,2001-01-06,9.8,,
INSERTABLE,2565,2001-01-07,6.85,,
INSERTABLE,2566,2001-01-08,6.85,,
INSERTABLE,2567,2001-01-09,9.7,,
INSERTABLE,2568,2001-01-10,9.8,,
INSERTABLE,2569,2001-01-11,10,,
INSERTABLE,2570,2001-01-12,7.8,,
INSERTABLE,2571,2001-01-13,7.7,,
INSERTABLE,2572,2001-01-14,7.85,,
INSERTABLE,2573,2001-01-15,7.85,,
INSERTABLE,2574,2001-01-16,8.5,,
INSERTABLE,2575,2001-01-17,6.3,,
INSERTABLE,2576,2001-01-18,7.4,,
INSERTABLE,2577,2001-01-19,8.4,,
INSERTABLE,2578,2001-01-20,8.8,,
INSERTABLE,2579,2001-01-21,7.7,,
INSERTABLE,2580,2001-01-22,7.7,,
INSERTABLE,2581,2001-01-23,7.4,,
INSERTABLE,2582,2001-01-24,7.3,,
INSERTABLE,2583,2001-01-25,5.7,,
INSERTABLE,2584,2001-01-26,6.1,,
INSERTABLE,2585,2001-01-27,6.3,,
INSERTABLE,2586,2001-01-28,5.9,,
INSERTABLE,2587,2001-01-29,5.9,,
INSERTABLE,2588,2001-01-30,7.4,,
INSERTABLE,2589,2001-01-31,7.6,,
INSERTABLE,2590,2001-02-01,8.1,,
INSERTABLE,2591,2001-02-02,8.5,,
INSERTABLE,2592,2001-02-03,7.83,,
INSERTABLE,2593,2001-02-04,7.83,,
INSERTABLE,2594,2001-02-05,7.83,,
INSERTABLE,2595,2001-02-06,6.2,,
INSERTABLE,2596,2001-02-07,6.3,,
INSERTABLE,2597,2001-02-08,6.7,,
INSERTABLE,2598,2001-02-09,7.6,,
INSERTABLE,2599,2001-02-10,8.8,,
INSERTABLE,2600,2001-02-11,10,,
INSERTABLE,2601,2001-02-12,10,,
INSERTABLE,2602,2001-02-13,6.1,,
INSERTABLE,2603,2001-02-14,6,,
INSERTABLE,2604,2001-02-15,5.6,,
INSERTABLE,2605,2001-02-16,5.2,,
INSERTABLE,2606,2001-02-17,5.1,,
INSERTABLE,2607,2001-02-18,5,,
INSERTABLE,2608,2001-02-19,5,,
INSERTABLE,2609,2001-02-20,5.3,,
INSERTABLE,2610,2001-02-21,4.4,,
INSERTABLE,2611,2001-02-22,5.1,,
INSERTABLE,2612,2001-02-23,4.9,,
INSERTABLE,2613,2001-02-24,4.7,,
INSERTABLE,2614,2001-02-25,5.4,,
INSERTABLE,2615,2001-02-26,5.4,,
INSERTABLE,2616,2001-02-27,6.1,,
INSERTABLE,2617,2001-02-28,7.5,,
INSERTABLE,2618,2001-03-01,7.5,,
INSERTABLE,2619,2001-03-02,8.4,,
INSERTABLE,2620,2001-03-03,7.4,,
INSERTABLE,2621,2001-03-04,6.5,,
INSERTABLE,2622,2001-03-05,6.5,,
INSERTABLE,2623,2001-03-06,6.2,,
INSERTABLE,2624,2001-03-07,6.5,,
INSERTABLE,2625,2001-03-08,6.1,,
INSERTABLE,2626,2001-03-09,5.6,,
INSERTABLE,2627,2001-03-10,6.1,,
INSERTABLE,2628,2001-03-11,5.1,,
INSERTABLE,2629,2001-03-12,5.1,,
INSERTABLE,2630,2001-03-13,6.1,,
INSERTABLE,2631,2001-03-14,5.7,,
INSERTABLE,2632,2001-03-15,5.3,,
INSERTABLE,2633,2001-03-16,3.3,,
INSERTABLE,2634,2001-03-17,2.7,,
INSERTABLE,2635,2001-03-18,4.8,,
INSERTABLE,2636,2001-03-19,4.8,,
INSERTABLE,2637,2001-03-20,4.2,,
INSERTABLE,2638,2001-03-21,4,,
INSERTABLE,2639,2001-03-22,2.1,,
INSERTABLE,2640,2001-03-23,3.2,,
INSERTABLE,2641,2001-03-24,3.8,,
INSERTABLE,2642,2001-03-25,4.4,,
INSERTABLE,2643,2001-03-26,4.4,,
INSERTABLE,2644,2001-03-27,3.3,,
INSERTABLE,2645,2001-03-28,3.2,,
INSERTABLE,2646,2001-03-29,3.2,,
INSERTABLE,2647,2001-03-30,3.1,,
INSERTABLE,2648,2001-03-31,3.4,,
INSERTABLE,2649,2001-04-01,2.6,,
INSERTABLE,2650,2001-04-02,2.6,,
INSERTABLE,2651,2001-04-03,3,,
INSERTABLE,2652,2001-04-04,2,,
INSERTABLE,2653,2001-04-05,1.8,,
INSERTABLE,2654,2001-04-06,2.7,,
INSERTABLE,2655,2001-04-07,2.6,,
INSERTABLE,2656,2001-04-08,3.3,,
INSERTABLE,2657,2001-04-09,3.3,,
INSERTABLE,2658,2001-04-10,2.1,,
INSERTABLE,2659,2001-04-11,3,,
INSERTABLE,2660,2001-04-12,3.25,,
INSERTABLE,2661,2001-04-13,1.75,,
INSERTABLE,2662,2001-04-14,1.75,,
INSERTABLE,2663,2001-04-15,1.75,,
INSERTABLE,2664,2001-04-16,0.6,,
INSERTABLE,2665,2001-04-17,0.6,,
INSERTABLE,2666,2001-04-18,0.5,,
INSERTABLE,2667,2001-04-19,2.1,,
INSERTABLE,2668,2001-04-20,2.9,,
INSERTABLE,2669,2001-04-21,3.1,,
INSERTABLE,2670,2001-04-22,0.2,,
INSERTABLE,2671,2001-04-23,0.2,,
INSERTABLE,2672,2001-04-24,1.4,,
INSERTABLE,2673,2001-04-25,2.3,,
INSERTABLE,2674,2001-04-26,2.6,,
INSERTABLE,2675,2001-04-27,2.4,,
INSERTABLE,2676,2001-04-28,2.5,,
INSERTABLE,2677,2001-04-29,3,,
INSERTABLE,2678,2001-04-30,3,,
INSERTABLE,2679,2001-05-01,2.6,,
INSERTABLE,2680,2001-05-02,2.6,,
INSERTABLE,2681,2001-05-03,2.2,,
INSERTABLE,2682,2001-05-04,2.4,,
INSERTABLE,2683,2001-05-05,2,,
INSERTABLE,2684,2001-05-06,0.45,,
INSERTABLE,2685,2001-05-07,0.45,,
INSERTABLE,2686,2001-05-08,0.1,,
INSERTABLE,2687,2001-05-09,0.3,,
INSERTABLE,2688,2001-05-10,1.5,,
INSERTABLE,2689,2001-05-11,1.4,,
INSERTABLE,2690,2001-05-12,2,,
INSERTABLE,2691,2001-05-13,1.5,,
INSERTABLE,2692,2001-05-14,1.5,,
INSERTABLE,2693,2001-05-15,0,,
INSERTABLE,2694,2001-05-16,1,,
INSERTABLE,2695,2001-05-17,2,,
INSERTABLE,2696,2001-05-18,0.3,,
INSERTABLE,2697,2001-05-19,1.3,,
INSERTABLE,2698,2001-05-20,1.2,,
INSERTABLE,2699,2001-05-21,1.2,,
INSERTABLE,2700,2001-05-22,1.3,,
INSERTABLE,2701,2001-05-23,1.2,,
INSERTABLE,2702,2001-05-24,1.3,,
INSERTABLE,2703,2001-05-25,1.2,,
INSERTABLE,2704,2001-05-26,1,,
INSERTABLE,2705,2001-05-27,1.1,,
INSERTABLE,2706,2001-05-28,1.1,,
INSERTABLE,2707,2001-05-29,1.1,,
INSERTABLE,2708,2001-05-30,0.3,,
INSERTABLE,2709,2001-05-31,0,,
INSERTABLE,2710,2001-06-01,0.6,,
INSERTABLE,2711,2001-06-02,1.2,,
INSERTABLE,2712,2001-06-03,1.05,,
INSERTABLE,2713,2001-06-04,1.05,,
INSERTABLE,2714,2001-06-05,1.1,,
INSERTABLE,2715,2001-06-06,1.3,,
INSERTABLE,2716,2001-06-07,1.1,,
INSERTABLE,2717,2001-06-08,2,,
INSERTABLE,2718,2001-06-09,1.6,,
INSERTABLE,2719,2001-06-10,1,,
INSERTABLE,2720,2001-06-11,1,,
INSERTABLE,2721,2001-06-12,1,,
INSERTABLE,2722,2001-06-13,0.5,,
INSERTABLE,2723,2001-06-14,0.3,,
INSERTABLE,2724,2001-06-15,0.2,,
INSERTABLE,2725,2001-06-16,0.6,,
INSERTABLE,2726,2001-06-17,1.6,,
INSERTABLE,2727,2001-06-18,1.6,,
INSERTABLE,2728,2001-06-19,1.3,,
INSERTABLE,2729,2001-06-20,1.7,,
INSERTABLE,2730,2001-06-21,1.9,,
INSERTABLE,2731,2001-06-22,1.7,,
INSERTABLE,2732,2001-06-23,1.9,,
INSERTABLE,2733,2001-06-24,1.65,,
INSERTABLE,2734,2001-06-25,1.65,,
INSERTABLE,2735,2001-06-26,1.7,,
INSERTABLE,2736,2001-06-27,1,,
INSERTABLE,2737,2001-06-28,0.7,,
INSERTABLE,2738,2001-06-29,1,,
INSERTABLE,2739,2001-06-30,1.15,,
INSERTABLE,2740,2001-07-01,1.7,,
INSERTABLE,2741,2001-07-02,1.7,,
INSERTABLE,2742,2001-07-03,1.7,,
INSERTABLE,2743,2001-07-04,1.4,,
INSERTABLE,2744,2001-07-05,1.3,,
INSERTABLE,2745,2001-07-06,1,,
INSERTABLE,2746,2001-07-07,1.25,,
INSERTABLE,2747,2001-07-08,0,,
INSERTABLE,2748,2001-07-09,0,,
INSERTABLE,2749,2001-07-10,0.3,,
INSERTABLE,2750,2001-07-11,0.4,,
INSERTABLE,2751,2001-07-12,0.6,,
INSERTABLE,2752,2001-07-13,0.2,,
INSERTABLE,2753,2001-07-14,0,,
INSERTABLE,2754,2001-07-15,1,,
INSERTABLE,2755,2001-07-16,1,,
INSERTABLE,2756,2001-07-17,0,,
INSERTABLE,2757,2001-07-18,0,,
INSERTABLE,2758,2001-07-19,0,,
INSERTABLE,2759,2001-07-20,0,,
INSERTABLE,2760,2001-07-21,0.4,,
INSERTABLE,2761,2001-07-22,0.9,,
INSERTABLE,2762,2001-07-23,0.9,,
INSERTABLE,2763,2001-07-24,0.8,,
INSERTABLE,2764,2001-07-25,0.7,,
INSERTABLE,2765,2001-07-26,1.1,,
INSERTABLE,2766,2001-07-27,1.3,,
INSERTABLE,2767,2001-07-28,1.8,,
INSERTABLE,2768,2001-07-29,0,,
INSERTABLE,2769,2001-07-30,0,,
INSERTABLE,2770,2001-07-31,0,,
INSERTABLE,2771,2001-08-01,0.3,,
INSERTABLE,2772,2001-08-02,0.4,,
INSERTABLE,2773,2001-08-03,0.7,,
INSERTABLE,2774,2001-08-04,0.9,,
INSERTABLE,2775,2001-08-05,1.1,,
INSERTABLE,2776,2001-08-06,1.1,,
INSERTABLE,2777,2001-08-07,1.5,,
INSERTABLE,2778,2001-08-08,1.4,,
INSERTABLE,2779,2001-08-09,1.2,,
INSERTABLE,2780,2001-08-10,1.1,,
INSERTABLE,2781,2001-08-11,0.9,,
INSERTABLE,2782,2001-08-12,1.4,,
INSERTABLE,2783,2001-08-13,1.4,,
INSERTABLE,2784,2001-08-14,1.25,,
INSERTABLE,2785,2001-08-15,1,,
INSERTABLE,2786,2001-08-16,1,,
INSERTABLE,2787,2001-08-17,0.7,,
INSERTABLE,2788,2001-08-18,0.8,,
INSERTABLE,2789,2001-08-19,1.6,,
INSERTABLE,2790,2001-08-20,1.6,,
INSERTABLE,2791,2001-08-21,2.7,,
INSERTABLE,2792,2001-08-22,2,,
INSERTABLE,2793,2001-08-23,0.9,,
INSERTABLE,2794,2001-08-24,0.7,,
INSERTABLE,2795,2001-08-25,0.65,,
INSERTABLE,2796,2001-08-26,0,,
INSERTABLE,2797,2001-08-27,0,,
INSERTABLE,2798,2001-08-28,0.5,,
INSERTABLE,2799,2001-08-29,0.3,,
INSERTABLE,2800,2001-08-30,0.45,,
INSERTABLE,2801,2001-08-31,0.7,,
INSERTABLE,2802,2001-09-01,2.4,,
INSERTABLE,2803,2001-09-02,2.3,,
INSERTABLE,2804,2001-09-03,1.7,,
INSERTABLE,2805,2001-09-04,1.7,,
INSERTABLE,2806,2001-09-05,2.2,,
INSERTABLE,2807,2001-09-06,1.55,,
INSERTABLE,2808,2001-09-07,1.8,,
INSERTABLE,2809,2001-09-08,2.1,,
INSERTABLE,2810,2001-09-09,2.1,,
INSERTABLE,2811,2001-09-10,2.1,,
INSERTABLE,2812,2001-09-11,2.7,,
INSERTABLE,2813,2001-09-12,1.3,,
INSERTABLE,2814,2001-09-13,1.1,,
INSERTABLE,2815,2001-09-14,2.55,,
INSERTABLE,2816,2001-09-15,2.9,,
INSERTABLE,2817,2001-09-16,2,,
INSERTABLE,2818,2001-09-17,2,,
INSERTABLE,2819,2001-09-18,2.5,,
INSERTABLE,2820,2001-09-19,2.5,,
INSERTABLE,2821,2001-09-20,2.5,,
INSERTABLE,2822,2001-09-21,2.8,,
INSERTABLE,2823,2001-09-22,2.3,,
INSERTABLE,2824,2001-09-23,2,,
INSERTABLE,2825,2001-09-24,2,,
INSERTABLE,2826,2001-09-25,2.5,,
INSERTABLE,2827,2001-09-26,2.4,,
INSERTABLE,2828,2001-09-27,0,,
INSERTABLE,2829,2001-09-28,2.7,,
INSERTABLE,2830,2001-09-29,2.25,,
INSERTABLE,2831,2001-09-30,2,,
INSERTABLE,2832,2001-10-01,2,,
INSERTABLE,2833,2001-10-02,3.1,,
INSERTABLE,2834,2001-10-03,1.4,,
INSERTABLE,2835,2001-10-04,1,,
INSERTABLE,2836,2001-10-05,3.3,,
INSERTABLE,2837,2001-10-06,1.2,,
INSERTABLE,2838,2001-10-07,2.9,,
INSERTABLE,2839,2001-10-08,2.9,,
INSERTABLE,2840,2001-10-09,4.5,,
INSERTABLE,2841,2001-10-10,5.4,,
INSERTABLE,2842,2001-10-11,6.4,,
INSERTABLE,2843,2001-10-12,3,,
INSERTABLE,2844,2001-10-13,4.2,,
INSERTABLE,2845,2001-10-14,3.4,,
INSERTABLE,2846,2001-10-15,3.4,,
INSERTABLE,2847,2001-10-16,3.4,,
INSERTABLE,2848,2001-10-17,0.6,,
INSERTABLE,2849,2001-10-18,0.7,,
INSERTABLE,2850,2001-10-19,4.8,,
INSERTABLE,2851,2001-10-20,3,,
INSERTABLE,2852,2001-10-21,5.3,,
INSERTABLE,2853,2001-10-22,5.3,,
INSERTABLE,2854,2001-10-23,5.6,,
INSERTABLE,2855,2001-10-24,4.5,,
INSERTABLE,2856,2001-10-25,3.7,,
INSERTABLE,2857,2001-10-26,3.5,,
INSERTABLE,2858,2001-10-27,4,,
INSERTABLE,2859,2001-10-28,3.2,,
INSERTABLE,2860,2001-10-29,3.2,,
INSERTABLE,2861,2001-10-30,5.65,,
INSERTABLE,2862,2001-10-31,4.55,,
INSERTABLE,2863,2001-11-01,4.7,,
INSERTABLE,2864,2001-11-02,4.7,,
INSERTABLE,2865,2001-11-03,1.1,,
INSERTABLE,2866,2001-11-04,1.8,,
INSERTABLE,2867,2001-11-05,5.2,,
INSERTABLE,2868,2001-11-06,6.5,,
INSERTABLE,2869,2001-11-07,6.8,,
INSERTABLE,2924,2002-01-01,6.1,,
INSERTABLE,2925,2002-01-02,6.1,,
INSERTABLE,2926,2002-01-03,6.2,,
INSERTABLE,2927,2002-01-04,8.5,,
INSERTABLE,2928,2002-01-05,8.2,,
INSERTABLE,2929,2002-01-06,9,,
INSERTABLE,2930,2002-01-07,9,,
INSERTABLE,2931,2002-01-08,5.8,,
INSERTABLE,2932,2002-01-09,7.7,,
INSERTABLE,2933,2002-01-10,8.9,,
INSERTABLE,2934,2002-01-11,8.6,,
INSERTABLE,2935,2002-01-12,8,,
INSERTABLE,2936,2002-01-13,9.4,,
INSERTABLE,2937,2002-01-14,9.4,,
INSERTABLE,2938,2002-01-15,8,,
INSERTABLE,2939,2002-01-16,5.1,,
INSERTABLE,2940,2002-01-17,5,,
INSERTABLE,2941,2002-01-18,6.1,,
INSERTABLE,2942,2002-01-19,6.7,,
INSERTABLE,2943,2002-01-20,8.2,,
INSERTABLE,2944,2002-01-21,8.2,,
INSERTABLE,2945,2002-01-22,7,,
INSERTABLE,2946,2002-01-23,5.1,,
INSERTABLE,2947,2002-01-24,6.3,,
INSERTABLE,2948,2002-01-25,7,,
INSERTABLE,2949,2002-01-26,7.3,,
INSERTABLE,2950,2002-01-27,8.1,,
INSERTABLE,2951,2002-01-28,8.1,,
INSERTABLE,2952,2002-01-29,7.3,,
INSERTABLE,2953,2002-01-30,8,,
INSERTABLE,2954,2002-01-31,8,,
INSERTABLE,2955,2002-02-01,8.3,,
INSERTABLE,2956,2002-02-02,6.1,,
INSERTABLE,2957,2002-02-03,6.1,,
INSERTABLE,2958,2002-02-04,6.1,,
INSERTABLE,2959,2002-02-05,7,,
INSERTABLE,2960,2002-02-06,2,,
INSERTABLE,2961,2002-02-07,6,,
INSERTABLE,2962,2002-02-08,7,,
INSERTABLE,2963,2002-02-09,6,,
INSERTABLE,2964,2002-02-10,6.5,,
INSERTABLE,2965,2002-02-11,6.5,,
INSERTABLE,2966,2002-02-12,6,,
INSERTABLE,2967,2002-02-13,5,,
INSERTABLE,2968,2002-02-14,6,,
INSERTABLE,2969,2002-02-15,5,,
INSERTABLE,2970,2002-02-16,4,,
INSERTABLE,2971,2002-02-17,6,,
INSERTABLE,2972,2002-02-18,6,,
INSERTABLE,2973,2002-02-19,5,,
INSERTABLE,2974,2002-02-20,5,,
INSERTABLE,2975,2002-02-21,4,,
INSERTABLE,2976,2002-02-22,6,,
INSERTABLE,2977,2002-02-23,5,,
INSERTABLE,2978,2002-02-24,5,,
INSERTABLE,2979,2002-02-25,5,,
INSERTABLE,2980,2002-02-26,4.1,,
INSERTABLE,2981,2002-02-27,4,,
INSERTABLE,2982,2002-02-28,5,,
INSERTABLE,2983,2002-03-01,6.7,,
INSERTABLE,2984,2002-03-02,7.6,,
INSERTABLE,2985,2002-03-03,7.1,,
INSERTABLE,2986,2002-03-04,7.1,,
INSERTABLE,2987,2002-03-05,6.5,,
INSERTABLE,2988,2002-03-06,6.6,,
INSERTABLE,2989,2002-03-07,6.5,,
INSERTABLE,2990,2002-03-08,6.3,,
INSERTABLE,2991,2002-03-09,6.2,,
INSERTABLE,2992,2002-03-10,6.6,,
INSERTABLE,2993,2002-03-11,6.6,,
INSERTABLE,2994,2002-03-12,6.9,,
INSERTABLE,2995,2002-03-13,6.7,,
INSERTABLE,2996,2002-03-14,4.1,,
INSERTABLE,2997,2002-03-15,3.7,,
INSERTABLE,2998,2002-03-16,5.1,,
INSERTABLE,2999,2002-03-17,5.8,,
INSERTABLE,3000,2002-03-18,5.8,,
INSERTABLE,3001,2002-03-19,3.4,,
INSERTABLE,3002,2002-03-20,5.7,,
INSERTABLE,3003,2002-03-21,6.3,,
INSERTABLE,3004,2002-03-22,4.9,,
INSERTABLE,3005,2002-03-23,6,,
INSERTABLE,3006,2002-03-24,5.7,,
INSERTABLE,3007,2002-03-25,5.7,,
INSERTABLE,3008,2002-03-26,5.6,,
INSERTABLE,3009,2002-03-27,5.8,,
INSERTABLE,3010,2002-03-28,6,,
INSERTABLE,3011,2002-03-29,4.4,,
INSERTABLE,3012,2002-03-30,4.4,,
INSERTABLE,3013,2002-03-31,4.4,,
INSERTABLE,3014,2002-04-01,4.4,,
INSERTABLE,3015,2002-04-02,2.1,,
INSERTABLE,3016,2002-04-03,4,,
INSERTABLE,3017,2002-04-04,3.7,,
INSERTABLE,3018,2002-04-05,4,,
INSERTABLE,3019,2002-04-06,3.4,,
INSERTABLE,3020,2002-04-07,3.8,,
INSERTABLE,3021,2002-04-08,3.8,,
INSERTABLE,3022,2002-04-09,3.5,,
INSERTABLE,3023,2002-04-10,3.1,,
INSERTABLE,3024,2002-04-11,2.1,,
INSERTABLE,3025,2002-04-12,1.6,,
INSERTABLE,3026,2002-04-13,1.8,,
INSERTABLE,3027,2002-04-14,3,,
INSERTABLE,3028,2002-04-15,3,,
INSERTABLE,3029,2002-04-16,2,,
INSERTABLE,3030,2002-04-17,3.5,,
INSERTABLE,3031,2002-04-18,3.4,,
INSERTABLE,3032,2002-04-19,4,,
INSERTABLE,3033,2002-04-20,3.2,,
INSERTABLE,3034,2002-04-21,3.7,,
INSERTABLE,3035,2002-04-22,3.7,,
INSERTABLE,3036,2002-04-23,1,,
INSERTABLE,3037,2002-04-24,2.6,,
INSERTABLE,3038,2002-04-25,2.6,,
INSERTABLE,3039,2002-04-26,2.5,,
INSERTABLE,3040,2002-04-27,5.1,,
INSERTABLE,3041,2002-04-28,1.8,,
INSERTABLE,3042,2002-04-29,1.8,,
INSERTABLE,3043,2002-04-30,1.9,,
INSERTABLE,3044,2002-05-01,2.5,,
INSERTABLE,3045,2002-05-02,2.5,,
INSERTABLE,3046,2002-05-03,3,,
INSERTABLE,3047,2002-05-04,2,,
INSERTABLE,3048,2002-05-05,2.2,,
INSERTABLE,3049,2002-05-06,2.2,,
INSERTABLE,3050,2002-05-07,2.4,,
INSERTABLE,3051,2002-05-08,1.8,,
INSERTABLE,3052,2002-05-09,1.8,,
INSERTABLE,3053,2002-05-10,1.3,,
INSERTABLE,3054,2002-05-11,1.9,,
INSERTABLE,3055,2002-05-12,1.4,,
INSERTABLE,3056,2002-05-13,1.4,,
INSERTABLE,3057,2002-05-14,0,,
INSERTABLE,3058,2002-05-15,0,,
INSERTABLE,3059,2002-05-16,0,,
INSERTABLE,3060,2002-05-17,0.7,,
INSERTABLE,3061,2002-05-18,0.8,,
INSERTABLE,3062,2002-05-19,1.2,,
INSERTABLE,3063,2002-05-20,1.2,,
INSERTABLE,3064,2002-05-21,1,,
INSERTABLE,3065,2002-05-22,1,,
INSERTABLE,3066,2002-05-23,0.6,,
INSERTABLE,3067,2002-05-24,0.5,,
INSERTABLE,3068,2002-05-25,0.3,,
INSERTABLE,3069,2002-05-26,0,,
INSERTABLE,3070,2002-05-27,0,,
INSERTABLE,3071,2002-05-28,0,,
INSERTABLE,3072,2002-05-29,0.5,,
INSERTABLE,3073,2002-05-30,6,,
INSERTABLE,3074,2002-05-31,0.8,,
INSERTABLE,3075,2002-06-01,0,,
INSERTABLE,3076,2002-06-02,0,,
INSERTABLE,3077,2002-06-03,0,,
INSERTABLE,3078,2002-06-04,0,,
INSERTABLE,3079,2002-06-05,0,,
INSERTABLE,3080,2002-06-06,0,,
INSERTABLE,3081,2002-06-07,0,,
INSERTABLE,3082,2002-06-08,1,,
INSERTABLE,3083,2002-06-09,1.1,,
INSERTABLE,3084,2002-06-10,1.2,,
INSERTABLE,3085,2002-06-11,0.8,,
INSERTABLE,3086,2002-06-12,0.4,,
INSERTABLE,3087,2002-06-13,0.4,,
INSERTABLE,3088,2002-06-14,0.6,,
INSERTABLE,3089,2002-06-15,1,,
INSERTABLE,3090,2002-06-16,0.9,,
INSERTABLE,3091,2002-06-17,0.9,,
INSERTABLE,3092,2002-06-18,0.6,,
INSERTABLE,3093,2002-06-19,1,,
INSERTABLE,3094,2002-06-20,1.1,,
INSERTABLE,3095,2002-06-21,1.2,,
INSERTABLE,3096,2002-06-22,1.1,,
INSERTABLE,3097,2002-06-23,0.7,,
INSERTABLE,3098,2002-06-24,0.7,,
INSERTABLE,3099,2002-06-25,0.6,,
INSERTABLE,3100,2002-06-26,0.7,,
INSERTABLE,3101,2002-06-27,0,,
INSERTABLE,3102,2002-06-28,0.8,,
INSERTABLE,3103,2002-06-29,0.6,,
INSERTABLE,3104,2002-06-30,0.6,,
INSERTABLE,3105,2002-07-01,1.7,,
INSERTABLE,3106,2002-07-02,0.6,,
INSERTABLE,3107,2002-07-03,0.6,,
INSERTABLE,3108,2002-07-04,0.8,,
INSERTABLE,3109,2002-07-05,0.7,,
INSERTABLE,3110,2002-07-06,0.8,,
INSERTABLE,3111,2002-07-07,1.1,,
INSERTABLE,3112,2002-07-08,1.1,,
INSERTABLE,3113,2002-07-09,1.3,,
INSERTABLE,3114,2002-07-10,1.2,,
INSERTABLE,3115,2002-07-11,1.4,,
INSERTABLE,3116,2002-07-12,1.5,,
INSERTABLE,3117,2002-07-13,1.9,,
INSERTABLE,3118,2002-07-14,1.7,,
INSERTABLE,3119,2002-07-15,1.7,,
INSERTABLE,3120,2002-07-16,1.6,,
INSERTABLE,3121,2002-07-17,1,,
INSERTABLE,3122,2002-07-18,0.7,,
INSERTABLE,3123,2002-07-19,0.8,,
INSERTABLE,3124,2002-07-20,0,,
INSERTABLE,3125,2002-07-21,0,,
INSERTABLE,3126,2002-07-22,0,,
INSERTABLE,3127,2002-07-23,0,,
INSERTABLE,3128,2002-07-24,0,,
INSERTABLE,3129,2002-07-25,0.8,,
INSERTABLE,3130,2002-07-26,1.1,,
INSERTABLE,3131,2002-07-27,1,,
INSERTABLE,3132,2002-07-28,1.4,,
INSERTABLE,3133,2002-07-29,1.4,,
INSERTABLE,3134,2002-07-30,0,,
INSERTABLE,3135,2002-07-31,0,,
INSERTABLE,3136,2002-08-01,1,,
INSERTABLE,3137,2002-08-02,1.5,,
INSERTABLE,3138,2002-08-03,1.1,,
INSERTABLE,3139,2002-08-04,0.8,,
INSERTABLE,3140,2002-08-05,0.8,,
INSERTABLE,3141,2002-08-06,0,,
INSERTABLE,3142,2002-08-07,0.9,,
INSERTABLE,3143,2002-08-08,0,,
INSERTABLE,3144,2002-08-09,1.5,,
INSERTABLE,3145,2002-08-10,2.2,,
INSERTABLE,3146,2002-08-11,1.7,,
INSERTABLE,3147,2002-08-12,1.7,,
INSERTABLE,3148,2002-08-13,2.2,,
INSERTABLE,3149,2002-08-14,2.1,,
INSERTABLE,3150,2002-08-15,1.1,,
INSERTABLE,3151,2002-08-16,1.1,,
INSERTABLE,3152,2002-08-17,0.8,,
INSERTABLE,3153,2002-08-18,0,,
INSERTABLE,3154,2002-08-19,0,,
INSERTABLE,3155,2002-08-20,0.7,,
INSERTABLE,3156,2002-08-21,1.2,,
INSERTABLE,3157,2002-08-22,1.7,,
INSERTABLE,3158,2002-08-23,0,,
INSERTABLE,3159,2002-08-24,0.4,,
INSERTABLE,3160,2002-08-25,0,,
INSERTABLE,3161,2002-08-26,0,,
INSERTABLE,3162,2002-08-27,0.5,,
INSERTABLE,3163,2002-08-28,0,,
INSERTABLE,3164,2002-08-29,0,,
INSERTABLE,3165,2002-08-30,1.7,,
INSERTABLE,3166,2002-08-31,2.2,,
INSERTABLE,3167,2002-09-01,2.1,,
INSERTABLE,3168,2002-09-02,2.1,,
INSERTABLE,3169,2002-09-03,2,,
INSERTABLE,3170,2002-09-04,1.5,,
INSERTABLE,3171,2002-09-05,0.6,,
INSERTABLE,3172,2002-09-06,0.7,,
INSERTABLE,3173,2002-09-07,2.2,,
INSERTABLE,3174,2002-09-08,1.6,,
INSERTABLE,3175,2002-09-09,1.6,,
INSERTABLE,3176,2002-09-10,1.5,,
INSERTABLE,3177,2002-09-11,1.2,,
INSERTABLE,3178,2002-09-12,2.7,,
INSERTABLE,3179,2002-09-13,1.7,,
INSERTABLE,3180,2002-09-14,2.1,,
INSERTABLE,3181,2002-09-15,2.4,,
INSERTABLE,3182,2002-09-16,2.4,,
INSERTABLE,3183,2002-09-17,0,,
INSERTABLE,3184,2002-09-18,2.3,,
INSERTABLE,3185,2002-09-19,2.3,,
INSERTABLE,3186,2002-09-20,2.3,,
INSERTABLE,3187,2002-09-21,2.7,,
INSERTABLE,3188,2002-09-22,3.5,,
INSERTABLE,3189,2002-09-23,2.1,,
INSERTABLE,3190,2002-09-24,3,,
INSERTABLE,3191,2002-09-25,2.8,,
INSERTABLE,3192,2002-09-26,2.5,,
INSERTABLE,3193,2002-09-27,2,,
INSERTABLE,3194,2002-09-28,1.6,,
INSERTABLE,3195,2002-09-29,3.1,,
INSERTABLE,3196,2002-09-30,4,,
INSERTABLE,3197,2002-10-01,3,,
INSERTABLE,3198,2002-10-02,3.7,,
INSERTABLE,3199,2002-10-03,3.5,,
INSERTABLE,3200,2002-10-04,3.8,,
INSERTABLE,3201,2002-10-05,3.5,,
INSERTABLE,3202,2002-10-06,2.9,,
INSERTABLE,3203,2002-10-07,2.9,,
INSERTABLE,3204,2002-10-08,3.4,,
INSERTABLE,3205,2002-10-09,3.6,,
INSERTABLE,3206,2002-10-10,3.8,,
INSERTABLE,3207,2002-10-11,4.1,,
INSERTABLE,3208,2002-10-12,4,,
INSERTABLE,3209,2002-10-13,4,,
INSERTABLE,3210,2002-10-14,4,,
INSERTABLE,3211,2002-10-15,2.7,,
INSERTABLE,3212,2002-10-16,4.2,,
INSERTABLE,3213,2002-10-17,6.9,,
INSERTABLE,3214,2002-10-18,6.4,,
INSERTABLE,3215,2002-10-19,6,,
INSERTABLE,3216,2002-10-20,3.9,,
INSERTABLE,3217,2002-10-21,3.6,,
INSERTABLE,3218,2002-10-22,4,,
INSERTABLE,3219,2002-10-23,3.5,,
INSERTABLE,3220,2002-10-24,1.5,,
INSERTABLE,3221,2002-10-25,3.2,,
INSERTABLE,3222,2002-10-26,3,,
INSERTABLE,3223,2002-10-27,4.3,,
INSERTABLE,3224,2002-10-28,4.3,,
INSERTABLE,3225,2002-10-29,4.2,,
INSERTABLE,3226,2002-10-30,5.1,,
INSERTABLE,3227,2002-10-31,4.1,,
INSERTABLE,3228,2002-11-01,4.4,,
INSERTABLE,3229,2002-11-02,4.4,,
INSERTABLE,3230,2002-11-03,4.4,,
INSERTABLE,3231,2002-11-04,4.4,,
INSERTABLE,3232,2002-11-05,4.9,,
INSERTABLE,3233,2002-11-06,4.1,,
INSERTABLE,3234,2002-11-07,3.9,,
INSERTABLE,3235,2002-11-08,4.8,,
INSERTABLE,3236,2002-11-09,5.2,,
INSERTABLE,3237,2002-11-10,6.5,,
INSERTABLE,3238,2002-11-11,6.5,,
INSERTABLE,3239,2002-11-12,8,,
INSERTABLE,3240,2002-11-13,8.5,,
INSERTABLE,3241,2002-11-14,8.9,,
INSERTABLE,3242,2002-11-15,8.1,,
INSERTABLE,3243,2002-11-16,7.9,,
INSERTABLE,3244,2002-11-17,6.6,,
INSERTABLE,3245,2002-11-18,6.6,,
INSERTABLE,3246,2002-11-19,5.5,,
INSERTABLE,3247,2002-11-20,5.9,,
INSERTABLE,3248,2002-11-21,8,,
INSERTABLE,3249,2002-11-22,9.5,,
INSERTABLE,3250,2002-11-23,8.3,,
INSERTABLE,3251,2002-11-24,5.2,,
INSERTABLE,3252,2002-11-25,5.2,,
INSERTABLE,3253,2002-11-26,4.8,,
INSERTABLE,3254,2002-11-27,6.1,,
INSERTABLE,3255,2002-11-28,7.2,,
INSERTABLE,3256,2002-11-29,6.3,,
INSERTABLE,3257,2002-11-30,5.4,,
INSERTABLE,3258,2002-12-01,4.5,,
INSERTABLE,3259,2002-12-02,4.5,,
INSERTABLE,3260,2002-12-03,5,,
INSERTABLE,3261,2002-12-04,1.2,,
INSERTABLE,3262,2002-12-05,4.5,,
INSERTABLE,3263,2002-12-06,7.2,,
INSERTABLE,3264,2002-12-07,6,,
INSERTABLE,3265,2002-12-08,4.1,,
INSERTABLE,3266,2002-12-09,4.1,,
INSERTABLE,3267,2002-12-10,2.2,,
INSERTABLE,3268,2002-12-11,7.6,,
INSERTABLE,3269,2002-12-12,7.7,,
INSERTABLE,3270,2002-12-13,8.2,,
INSERTABLE,3271,2002-12-14,7.3,,
INSERTABLE,3272,2002-12-15,7.7,,
INSERTABLE,3273,2002-12-16,7.7,,
INSERTABLE,3274,2002-12-17,6.9,,
INSERTABLE,3275,2002-12-18,8.3,,
INSERTABLE,3276,2002-12-19,7,,
INSERTABLE,3277,2002-12-20,4,,
INSERTABLE,3278,2002-12-21,4.9,,
INSERTABLE,3279,2002-12-22,6.6,,
INSERTABLE,3280,2002-12-23,6.6,,
INSERTABLE,3281,2002-12-24,6.9,,
INSERTABLE,3282,2002-12-25,9.3,,
INSERTABLE,3283,2002-12-26,9.3,,
INSERTABLE,3284,2002-12-27,9,,
INSERTABLE,3285,2002-12-28,8.5,,
INSERTABLE,3286,2002-12-29,4.3,,
INSERTABLE,3287,2002-12-30,4.4,,
INSERTABLE,3288,2002-12-31,8.7,,
INSERTABLE,3289,2003-01-01,8.6,,
INSERTABLE,3290,2003-01-02,8.6,,
INSERTABLE,3291,2003-01-03,5.8,,
INSERTABLE,3292,2003-01-04,6.3,,
INSERTABLE,3293,2003-01-05,6.1,,
INSERTABLE,3294,2003-01-06,6.1,,
INSERTABLE,3295,2003-01-07,7.3,,
INSERTABLE,3296,2003-01-08,6.2,,
INSERTABLE,3297,2003-01-09,8.1,,
INSERTABLE,3298,2003-01-10,9.4,,
INSERTABLE,3299,2003-01-11,9,,
INSERTABLE,3300,2003-01-12,8.5,,
INSERTABLE,3301,2003-01-13,8.5,,
INSERTABLE,3302,2003-01-14,7.1,,
INSERTABLE,3303,2003-01-15,6.7,,
INSERTABLE,3304,2003-01-16,7.6,,
INSERTABLE,3305,2003-01-17,8,,
INSERTABLE,3306,2003-01-18,9.5,,
INSERTABLE,3307,2003-01-19,9.5,,
INSERTABLE,3308,2003-01-20,8.6,,
INSERTABLE,3309,2003-01-21,6,,
INSERTABLE,3310,2003-01-22,5,,
INSERTABLE,3311,2003-01-23,11.2,,
INSERTABLE,3312,2003-01-24,8.3,,
INSERTABLE,3313,2003-01-25,8,,
INSERTABLE,3314,2003-01-26,8,,
INSERTABLE,3315,2003-01-27,8.7,,
INSERTABLE,3316,2003-01-28,10.8,,
INSERTABLE,3317,2003-01-29,11.2,,
INSERTABLE,3318,2003-01-30,7.3,,
INSERTABLE,3319,2003-01-31,8.1,,
INSERTABLE,3320,2003-02-01,8.1,,
INSERTABLE,3321,2003-02-02,8.1,,
INSERTABLE,3322,2003-02-03,10,,
INSERTABLE,3323,2003-02-04,9.8,,
INSERTABLE,3324,2003-02-05,10.7,,
INSERTABLE,3325,2003-02-06,7.8,,
INSERTABLE,3326,2003-02-07,9.1,,
INSERTABLE,3327,2003-02-08,7.9,,
INSERTABLE,3328,2003-02-09,7.9,,
INSERTABLE,3329,2003-02-10,5.2,,
INSERTABLE,3330,2003-02-11,4.8,,
INSERTABLE,3331,2003-02-12,5.4,,
INSERTABLE,3332,2003-02-13,5.3,,
INSERTABLE,3333,2003-02-14,4.2,,
INSERTABLE,3334,2003-02-15,7.2,,
INSERTABLE,3335,2003-02-16,7.2,,
INSERTABLE,3336,2003-02-17,6.9,,
INSERTABLE,3337,2003-02-18,7,,
INSERTABLE,3338,2003-02-19,7.1,,
INSERTABLE,3339,2003-02-20,7.6,,
INSERTABLE,3340,2003-02-21,7.2,,
INSERTABLE,3341,2003-02-22,6.9,,
INSERTABLE,3342,2003-02-23,6.9,,
INSERTABLE,3343,2003-02-24,4.1,,
INSERTABLE,3344,2003-02-25,4.5,,
INSERTABLE,3345,2003-02-26,5.8,,
INSERTABLE,3346,2003-02-27,5.9,,
INSERTABLE,3347,2003-02-28,6.9,,
INSERTABLE,3348,2003-03-01,6.7,,
INSERTABLE,3349,2003-03-02,6.7,,
INSERTABLE,3350,2003-03-03,3.2,,
INSERTABLE,3351,2003-03-04,2.9,,
INSERTABLE,3352,2003-03-05,1.6,,
INSERTABLE,3353,2003-03-06,4,,
INSERTABLE,3354,2003-03-07,3.9,,
INSERTABLE,3355,2003-03-08,4.7,,
INSERTABLE,3356,2003-03-09,4.7,,
INSERTABLE,3357,2003-03-10,3.8,,
INSERTABLE,3358,2003-03-11,3,,
INSERTABLE,3359,2003-03-12,2.9,,
INSERTABLE,3360,2003-03-13,3.2,,
INSERTABLE,3361,2003-03-14,3.9,,
INSERTABLE,3362,2003-03-15,4.8,,
INSERTABLE,3363,2003-03-16,4.8,,
INSERTABLE,3364,2003-03-17,3.3,,
INSERTABLE,3365,2003-03-18,3.2,,
INSERTABLE,3366,2003-03-19,1.5,,
INSERTABLE,3367,2003-03-20,2.9,,
INSERTABLE,3368,2003-03-21,3.7,,
INSERTABLE,3369,2003-03-22,4,,
INSERTABLE,3370,2003-03-23,4,,
INSERTABLE,3371,2003-03-24,5.6,,
INSERTABLE,3372,2003-03-25,3.9,,
INSERTABLE,3373,2003-03-26,4,,
INSERTABLE,3374,2003-03-27,4.5,,
INSERTABLE,3375,2003-03-28,4,,
INSERTABLE,3376,2003-03-29,3.8,,
INSERTABLE,3377,2003-03-30,3.8,,
INSERTABLE,3378,2003-03-31,1.8,,
INSERTABLE,3379,2003-04-01,3.1,,
INSERTABLE,3380,2003-04-02,1.6,,
INSERTABLE,3381,2003-04-03,3.8,,
INSERTABLE,3382,2003-04-04,4.8,,
INSERTABLE,3383,2003-04-05,5.1,,
INSERTABLE,3384,2003-04-06,5.1,,
INSERTABLE,3385,2003-04-07,4.7,,
INSERTABLE,3386,2003-04-08,3.9,,
INSERTABLE,3387,2003-04-09,3.2,,
INSERTABLE,3388,2003-04-10,2.8,,
INSERTABLE,3389,2003-04-11,2.9,,
INSERTABLE,3390,2003-04-12,2.5,,
INSERTABLE,3391,2003-04-13,2.5,,
INSERTABLE,3392,2003-04-14,2,,
INSERTABLE,3393,2003-04-15,1.5,,
INSERTABLE,3394,2003-04-16,1.2,,
INSERTABLE,3395,2003-04-17,2.9,,
INSERTABLE,3396,2003-04-18,2.9,,
INSERTABLE,3397,2003-04-19,2.9,,
INSERTABLE,3398,2003-04-20,2.9,,
INSERTABLE,3399,2003-04-21,2.6,,
INSERTABLE,3400,2003-04-22,2.3,,
INSERTABLE,3401,2003-04-23,1.8,,
INSERTABLE,3402,2003-04-24,1.9,,
INSERTABLE,3403,2003-04-25,2.1,,
INSERTABLE,3404,2003-04-26,2,,
INSERTABLE,3405,2003-04-27,2.4,,
INSERTABLE,3406,2003-04-28,2.2,,
INSERTABLE,3407,2003-04-29,2.5,,
INSERTABLE,3408,2003-04-30,3.3,,
INSERTABLE,3409,2003-05-01,3.3,,
INSERTABLE,3410,2003-05-02,2.3,,
INSERTABLE,3411,2003-05-03,2.5,,
INSERTABLE,3412,2003-05-04,2.5,,
INSERTABLE,3413,2003-05-05,1.2,,
INSERTABLE,3414,2003-05-06,1.2,,
INSERTABLE,3415,2003-05-07,1,,
INSERTABLE,3416,2003-05-08,1,,
INSERTABLE,3417,2003-05-09,1,,
INSERTABLE,3418,2003-05-10,1.6,,
INSERTABLE,3419,2003-05-11,1.6,,
INSERTABLE,3420,2003-05-12,1,,
INSERTABLE,3421,2003-05-13,1,,
INSERTABLE,3422,2003-05-14,1,,
INSERTABLE,3423,2003-05-15,1.1,,
INSERTABLE,3424,2003-05-16,2.3,,
INSERTABLE,3425,2003-05-17,1.9,,
INSERTABLE,3426,2003-05-18,2.1,,
INSERTABLE,3427,2003-05-19,1.1,,
INSERTABLE,3428,2003-05-20,0,,
INSERTABLE,3429,2003-05-21,0,,
INSERTABLE,3430,2003-05-22,0,,
INSERTABLE,3431,2003-05-23,0.2,,
INSERTABLE,3432,2003-05-24,2.1,,
INSERTABLE,3433,2003-05-25,2.1,,
INSERTABLE,3434,2003-05-26,1.3,,
INSERTABLE,3435,2003-05-27,1,,
INSERTABLE,3436,2003-05-28,0.9,,
INSERTABLE,3437,2003-05-29,0.6,,
INSERTABLE,3438,2003-05-30,0.5,,
INSERTABLE,3439,2003-05-31,0.8,,
INSERTABLE,3440,2003-06-01,0.8,,
INSERTABLE,3441,2003-06-02,0.4,,
INSERTABLE,3442,2003-06-03,0.6,,
INSERTABLE,3443,2003-06-04,0.5,,
INSERTABLE,3444,2003-06-05,0.4,,
INSERTABLE,3445,2003-06-06,0.8,,
INSERTABLE,3446,2003-06-07,1.1,,
INSERTABLE,3447,2003-06-08,1.1,,
INSERTABLE,3448,2003-06-09,0,,
INSERTABLE,3449,2003-06-10,0,,
INSERTABLE,3450,2003-06-11,0.6,,
INSERTABLE,3451,2003-06-12,0.9,,
INSERTABLE,3452,2003-06-13,0.6,,
INSERTABLE,3453,2003-06-14,0,,
INSERTABLE,3454,2003-06-15,0,,
INSERTABLE,3455,2003-06-16,0.6,,
INSERTABLE,3456,2003-06-17,0.3,,
INSERTABLE,3457,2003-06-18,0.6,,
INSERTABLE,3458,2003-06-19,0.9,,
INSERTABLE,3459,2003-06-20,0.7,,
INSERTABLE,3460,2003-06-21,1.3,,
INSERTABLE,3461,2003-06-22,1.2,,
INSERTABLE,3462,2003-06-23,1.2,,
INSERTABLE,3463,2003-06-24,1.1,,
INSERTABLE,3464,2003-06-25,1,,
INSERTABLE,3465,2003-06-26,0.8,,
INSERTABLE,3466,2003-06-27,0.6,,
INSERTABLE,3467,2003-06-28,1,,
INSERTABLE,3468,2003-06-29,1,,
INSERTABLE,3469,2003-06-30,0.6,,
INSERTABLE,3470,2003-07-01,1.2,,
INSERTABLE,3471,2003-07-02,0.7,,
INSERTABLE,3472,2003-07-03,0.5,,
INSERTABLE,3473,2003-07-04,0.6,,
INSERTABLE,3474,2003-07-05,0,,
INSERTABLE,3475,2003-07-06,0,,
INSERTABLE,3476,2003-07-07,0,,
INSERTABLE,3477,2003-07-08,0,,
INSERTABLE,3478,2003-07-09,0.4,,
INSERTABLE,3479,2003-07-10,0.6,,
INSERTABLE,3480,2003-07-11,1.6,,
INSERTABLE,3481,2003-07-12,0,,
INSERTABLE,3482,2003-07-13,0,,
INSERTABLE,3483,2003-07-14,1.1,,
INSERTABLE,3484,2003-07-15,2.3,,
INSERTABLE,3485,2003-07-16,1.1,,
INSERTABLE,3486,2003-07-17,1.1,,
INSERTABLE,3487,2003-07-18,1.2,,
INSERTABLE,3488,2003-07-19,1.36,,
INSERTABLE,3489,2003-07-20,1.5,,
INSERTABLE,3490,2003-07-21,0.8,,
INSERTABLE,3491,2003-07-22,1,,
INSERTABLE,3492,2003-07-23,1.2,,
INSERTABLE,3493,2003-07-24,1,,
INSERTABLE,3494,2003-07-25,0.8,,
INSERTABLE,3495,2003-07-26,1.3,,
INSERTABLE,3496,2003-07-27,1.4,,
INSERTABLE,3497,2003-07-28,2,,
INSERTABLE,3498,2003-07-29,2.1,,
INSERTABLE,3499,2003-07-30,1.5,,
INSERTABLE,3500,2003-07-31,0.5,,
INSERTABLE,3501,2003-08-01,0.8,,
INSERTABLE,3502,2003-08-02,1.3,,
INSERTABLE,3503,2003-08-03,1.3,,
INSERTABLE,3504,2003-08-04,0,,
INSERTABLE,3505,2003-08-05,1.1,,
INSERTABLE,3506,2003-08-06,1.4,,
INSERTABLE,3507,2003-08-07,1,,
INSERTABLE,3508,2003-08-08,1.3,,
INSERTABLE,3509,2003-08-09,1.3,,
INSERTABLE,3510,2003-08-10,1.3,,
INSERTABLE,3511,2003-08-11,0.7,,
INSERTABLE,3512,2003-08-12,0.9,,
INSERTABLE,3513,2003-08-13,1.2,,
INSERTABLE,3514,2003-08-14,2,,
INSERTABLE,3515,2003-08-15,2.8,,
INSERTABLE,3516,2003-08-16,1.1,,
INSERTABLE,3517,2003-08-17,1.1,,
INSERTABLE,3518,2003-08-18,1.2,,
INSERTABLE,3519,2003-08-19,1.3,,
INSERTABLE,3520,2003-08-20,1.1,,
INSERTABLE,3521,2003-08-21,1.1,,
INSERTABLE,3522,2003-08-22,1.9,,
INSERTABLE,3523,2003-08-23,2.1,,
INSERTABLE,3524,2003-08-24,2.7,,
INSERTABLE,3525,2003-08-25,3.3,,
INSERTABLE,3526,2003-08-26,3,,
INSERTABLE,3527,2003-08-27,0.4,,
INSERTABLE,3528,2003-08-28,1.1,,
INSERTABLE,3529,2003-08-29,1.2,,
INSERTABLE,3530,2003-08-30,1.9,,
INSERTABLE,3531,2003-08-31,2.3,,
INSERTABLE,3532,2003-09-01,2.7,,
INSERTABLE,3533,2003-09-02,0.7,,
INSERTABLE,3534,2003-09-03,0.6,,
INSERTABLE,3535,2003-09-04,1.9,,
INSERTABLE,3536,2003-09-05,0.7,,
INSERTABLE,3537,2003-09-06,0.8,,
INSERTABLE,3538,2003-09-07,2.7,,
INSERTABLE,3539,2003-09-08,3.2,,
INSERTABLE,3540,2003-09-09,3.4,,
INSERTABLE,3541,2003-09-10,3.9,,
INSERTABLE,3542,2003-09-11,4.7,,
INSERTABLE,3543,2003-09-12,5.3,,
INSERTABLE,3544,2003-09-13,5.2,,
INSERTABLE,3545,2003-09-14,4.3,,
INSERTABLE,3546,2003-09-15,3.1,,
INSERTABLE,3547,2003-09-16,3,,
INSERTABLE,3548,2003-09-17,4.6,,
INSERTABLE,3549,2003-09-18,2.1,,
INSERTABLE,3550,2003-09-19,4.3,,
INSERTABLE,3551,2003-09-20,3.6,,
INSERTABLE,3552,2003-09-21,3.7,,
INSERTABLE,3553,2003-09-22,3.2,,
INSERTABLE,3554,2003-09-23,4.3,,
INSERTABLE,3555,2003-09-24,4,,
INSERTABLE,3556,2003-09-25,4.1,,
INSERTABLE,3557,2003-09-26,2.6,,
INSERTABLE,3558,2003-09-27,3.2,,
INSERTABLE,3559,2003-09-28,6.6,,
INSERTABLE,3560,2003-09-29,5.8,,
INSERTABLE,3561,2003-09-30,1.4,,
INSERTABLE,3562,2003-10-01,4.6,,
INSERTABLE,3563,2003-10-02,3.6,,
INSERTABLE,3564,2003-10-03,4.4,,
INSERTABLE,3565,2003-10-04,6.8,,
INSERTABLE,3566,2003-10-05,7.2,,
INSERTABLE,3567,2003-10-06,1.4,,
INSERTABLE,3568,2003-10-07,3.4,,
INSERTABLE,3569,2003-10-08,4,,
INSERTABLE,3570,2003-10-09,4.8,,
INSERTABLE,3571,2003-10-10,6.1,,
INSERTABLE,3572,2003-10-11,8.3,,
INSERTABLE,3573,2003-10-12,8.4,,
INSERTABLE,3574,2003-10-13,6,,
INSERTABLE,3575,2003-10-14,2.4,,
INSERTABLE,3576,2003-10-15,2.2,,
INSERTABLE,3577,2003-10-16,5.8,,
INSERTABLE,3578,2003-10-17,5.7,,
INSERTABLE,3579,2003-10-18,6.7,,
INSERTABLE,3580,2003-10-19,6.9,,
INSERTABLE,3581,2003-10-20,7.6,,
INSERTABLE,3582,2003-10-21,7.7,,
INSERTABLE,3583,2003-10-22,7.9,,
INSERTABLE,3584,2003-10-23,2.7,,
INSERTABLE,3585,2003-10-24,5.7,,
INSERTABLE,3586,2003-10-25,4.9,,
INSERTABLE,3587,2003-10-26,5.2,,
INSERTABLE,3588,2003-10-27,6.3,,
INSERTABLE,3589,2003-10-28,7.1,,
INSERTABLE,3590,2003-10-29,7,,
INSERTABLE,3591,2003-10-30,7.6,,
INSERTABLE,3592,2003-10-31,7.6,,
INSERTABLE,3593,2003-11-01,5.9,,
INSERTABLE,3594,2003-11-02,5.9,,
INSERTABLE,3595,2003-11-03,6.2,,
INSERTABLE,3596,2003-11-04,6.7,,
INSERTABLE,3597,2003-11-05,6.5,,
INSERTABLE,3598,2003-11-06,6.4,,
INSERTABLE,3599,2003-11-07,7.5,,
INSERTABLE,3600,2003-11-08,7.7,,
INSERTABLE,3601,2003-11-09,9.8,,
INSERTABLE,3602,2003-11-10,7.8,,
INSERTABLE,3603,2003-11-11,6.2,,
INSERTABLE,3604,2003-11-12,8.3,,
INSERTABLE,3605,2003-11-13,8.5,,
INSERTABLE,3606,2003-11-14,3,,
INSERTABLE,3607,2003-11-15,3,,
INSERTABLE,3608,2003-11-16,1.1,,
INSERTABLE,3609,2003-11-17,4,,
INSERTABLE,3610,2003-11-18,8,,
INSERTABLE,3611,2003-11-19,9.1,,
INSERTABLE,3612,2003-11-20,7.3,,
INSERTABLE,3613,2003-11-21,7.2,,
INSERTABLE,3614,2003-11-22,7.6,,
INSERTABLE,3615,2003-11-23,9.5,,
INSERTABLE,3616,2003-11-24,9.4,,
INSERTABLE,3617,2003-11-25,8.6,,
INSERTABLE,3618,2003-11-26,6.3,,
INSERTABLE,3619,2003-11-27,6.1,,
INSERTABLE,3620,2003-11-28,6.2,,
INSERTABLE,3621,2003-11-29,6.8,,
INSERTABLE,3622,2003-11-30,7.4,,
INSERTABLE,3623,2003-12-01,6.4,,
INSERTABLE,3624,2003-12-02,8.3,,
INSERTABLE,3625,2003-12-03,5.4,,
INSERTABLE,3626,2003-12-04,7.6,,
INSERTABLE,3627,2003-12-05,9.3,,
INSERTABLE,3628,2003-12-06,9,,
INSERTABLE,3629,2003-12-07,5.8,,
INSERTABLE,3630,2003-12-08,7.6,,
INSERTABLE,3631,2003-12-09,9,,
INSERTABLE,3632,2003-12-10,8.2,,
INSERTABLE,3633,2003-12-11,9.4,,
INSERTABLE,3634,2003-12-12,8.9,,
INSERTABLE,3635,2003-12-13,8.7,,
INSERTABLE,3636,2003-12-14,8,,
INSERTABLE,3637,2003-12-15,9.1,,
INSERTABLE,3638,2003-12-16,11.1,,
INSERTABLE,3639,2003-12-17,7.7,,
INSERTABLE,3640,2003-12-18,7.9,,
INSERTABLE,3641,2003-12-19,7.8,,
INSERTABLE,3642,2003-12-20,8.1,,
INSERTABLE,3643,2003-12-21,8.3,,
INSERTABLE,3644,2003-12-22,9.4,,
INSERTABLE,3645,2003-12-23,7.6,,
INSERTABLE,3646,2003-12-24,6.5,,
INSERTABLE,3647,2003-12-25,6.6,,
INSERTABLE,3648,2003-12-26,7.7,,
INSERTABLE,3649,2003-12-27,8.9,,
INSERTABLE,3650,2003-12-28,8.9,,
INSERTABLE,3651,2003-12-29,8.5,,
INSERTABLE,3652,2003-12-30,7.6,,
INSERTABLE,3653,2003-12-31,7.1,,
INSERTABLE,3654,2004-01-01,7.1,,
INSERTABLE,3655,2004-01-02,7,,
INSERTABLE,3656,2004-01-03,7.4,,
INSERTABLE,3657,2004-01-04,8,,
INSERTABLE,3658,2004-01-05,9.3,,
INSERTABLE,3659,2004-01-06,9,,
INSERTABLE,3660,2004-01-07,7,,
INSERTABLE,3661,2004-01-08,6.1,,
INSERTABLE,3662,2004-01-09,8.1,,
INSERTABLE,3663,2004-01-10,10.3,,
INSERTABLE,3664,2004-01-11,9.8,,
INSERTABLE,3665,2004-01-12,7.2,,
INSERTABLE,3666,2004-01-13,7,,
INSERTABLE,3667,2004-01-14,7.3,,
INSERTABLE,3668,2004-01-15,7,,
INSERTABLE,3669,2004-01-16,8,,
INSERTABLE,3670,2004-01-17,8.2,,
INSERTABLE,3671,2004-01-18,8.4,,
INSERTABLE,3672,2004-01-19,8.4,,
INSERTABLE,3673,2004-01-20,8.1,,
INSERTABLE,3674,2004-01-21,7.1,,
INSERTABLE,3675,2004-01-22,6,,
INSERTABLE,3676,2004-01-23,6.5,,
INSERTABLE,3677,2004-01-24,7.4,,
INSERTABLE,3678,2004-01-25,7.9,,
INSERTABLE,3679,2004-01-26,7.5,,
INSERTABLE,3680,2004-01-27,8.6,,
INSERTABLE,3681,2004-01-28,8.7,,
INSERTABLE,3682,2004-01-29,8.1,,
INSERTABLE,3683,2004-01-30,8,,
INSERTABLE,3684,2004-01-31,7.6,,
INSERTABLE,3685,2004-02-01,7.1,,
INSERTABLE,3686,2004-02-02,6.3,,
INSERTABLE,3687,2004-02-03,7.1,,
INSERTABLE,3688,2004-02-04,7.5,,
INSERTABLE,3689,2004-02-05,6,,
INSERTABLE,3690,2004-02-06,5.8,,
INSERTABLE,3691,2004-02-07,6.5,,
INSERTABLE,3692,2004-02-08,6.5,,
INSERTABLE,3693,2004-02-09,8.4,,
INSERTABLE,3694,2004-02-10,6.8,,
INSERTABLE,3695,2004-02-11,4.7,,
INSERTABLE,3696,2004-02-12,6.4,,
INSERTABLE,3697,2004-02-13,6.2,,
INSERTABLE,3698,2004-02-14,4.7,,
INSERTABLE,3699,2004-02-15,4.5,,
INSERTABLE,3700,2004-02-16,6.7,,
INSERTABLE,3701,2004-02-17,7.5,,
INSERTABLE,3702,2004-02-18,8.8,,
INSERTABLE,3703,2004-02-19,6.9,,
INSERTABLE,3704,2004-02-20,5.3,,
INSERTABLE,3705,2004-02-21,5.3,,
INSERTABLE,3706,2004-02-22,6,,
INSERTABLE,3707,2004-02-23,7,,
INSERTABLE,3708,2004-02-24,5.2,,
INSERTABLE,3709,2004-02-25,3,,
INSERTABLE,3710,2004-02-26,5.6,,
INSERTABLE,3711,2004-02-27,5.6,,
INSERTABLE,3712,2004-02-28,7.3,,
INSERTABLE,3713,2004-02-29,6.6,,
INSERTABLE,3714,2004-03-01,4.3,,
INSERTABLE,3715,2004-03-02,7.5,,
INSERTABLE,3716,2004-03-03,7.7,,
INSERTABLE,3717,2004-03-04,5.3,,
INSERTABLE,3718,2004-03-05,4,,
INSERTABLE,3719,2004-03-06,7.1,,
INSERTABLE,3720,2004-03-07,7.6,,
INSERTABLE,3721,2004-03-08,5.7,,
INSERTABLE,3722,2004-03-09,5.4,,
INSERTABLE,3723,2004-03-10,4.1,,
INSERTABLE,3724,2004-03-11,4.7,,
INSERTABLE,3725,2004-03-12,4.5,,
INSERTABLE,3726,2004-03-13,2,,
INSERTABLE,3727,2004-03-14,6.4,,
INSERTABLE,3728,2004-03-15,6.1,,
INSERTABLE,3729,2004-03-16,6.3,,
INSERTABLE,3730,2004-03-17,8,,
INSERTABLE,3731,2004-03-18,6.3,,
INSERTABLE,3732,2004-03-19,5.1,,
INSERTABLE,3733,2004-03-20,4.1,,
INSERTABLE,3734,2004-03-21,3.4,,
INSERTABLE,3735,2004-03-22,3.5,,
INSERTABLE,3736,2004-03-23,4.5,,
INSERTABLE,3737,2004-03-24,5.9,,
INSERTABLE,3738,2004-03-25,5.1,,
INSERTABLE,3739,2004-03-26,5,,
INSERTABLE,3740,2004-03-27,4.7,,
INSERTABLE,3741,2004-03-28,1.3,,
INSERTABLE,3742,2004-03-29,4.3,,
INSERTABLE,3743,2004-03-30,0,,
INSERTABLE,3744,2004-03-31,1.3,,
INSERTABLE,3745,2004-04-01,2.3,,
INSERTABLE,3746,2004-04-02,4.5,,
INSERTABLE,3747,2004-04-03,4,,
INSERTABLE,3748,2004-04-04,2.8,,
INSERTABLE,3749,2004-04-05,2.3,,
INSERTABLE,3750,2004-04-06,4.3,,
INSERTABLE,3751,2004-04-07,5.4,,
INSERTABLE,3752,2004-04-08,5,,
INSERTABLE,3753,2004-04-09,1.9,,
INSERTABLE,3754,2004-04-10,5,,
INSERTABLE,3755,2004-04-11,3.4,,
INSERTABLE,3756,2004-04-12,2.1,,
INSERTABLE,3757,2004-04-13,3.7,,
INSERTABLE,3758,2004-04-14,3,,
INSERTABLE,3759,2004-04-15,1.2,,
INSERTABLE,3760,2004-04-16,2.4,,
INSERTABLE,3761,2004-04-17,4,,
INSERTABLE,3762,2004-04-18,4,,
INSERTABLE,3763,2004-04-19,4,,
INSERTABLE,3764,2004-04-20,4,,
INSERTABLE,3765,2004-04-21,0,,
INSERTABLE,3766,2004-04-22,0,,
INSERTABLE,3767,2004-04-23,1.7,,
INSERTABLE,3768,2004-04-24,0,,
INSERTABLE,3769,2004-04-25,1,,
INSERTABLE,3770,2004-04-26,1,,
INSERTABLE,3771,2004-04-27,1.8,,
INSERTABLE,3772,2004-04-28,1.5,,
INSERTABLE,3773,2004-04-29,2,,
INSERTABLE,3774,2004-04-30,2,,
INSERTABLE,3775,2004-05-01,2.1,,
INSERTABLE,3776,2004-05-02,2.3,,
INSERTABLE,3777,2004-05-03,3.6,,
INSERTABLE,3778,2004-05-04,2,,
INSERTABLE,3779,2004-05-05,1.5,,
INSERTABLE,3780,2004-05-06,0.7,,
INSERTABLE,3781,2004-05-07,0.8,,
INSERTABLE,3782,2004-05-08,2,,
INSERTABLE,3783,2004-05-09,1.1,,
INSERTABLE,3784,2004-05-10,1.1,,
INSERTABLE,3785,2004-05-11,1.3,,
INSERTABLE,3786,2004-05-12,0.9,,
INSERTABLE,3787,2004-05-13,1.4,,
INSERTABLE,3788,2004-05-14,1.8,,
INSERTABLE,3789,2004-05-15,2,,
INSERTABLE,3790,2004-05-16,1,,
INSERTABLE,3791,2004-05-17,1,,
INSERTABLE,3792,2004-05-18,0.8,,
INSERTABLE,3793,2004-05-19,0.5,,
INSERTABLE,3794,2004-05-20,1.3,,
INSERTABLE,3795,2004-05-21,0,,
INSERTABLE,3796,2004-05-22,0,,
INSERTABLE,3797,2004-05-23,1.1,,
INSERTABLE,3798,2004-05-24,1.1,,
INSERTABLE,3799,2004-05-25,1,,
INSERTABLE,3800,2004-05-26,1.3,,
INSERTABLE,3801,2004-05-27,1.4,,
INSERTABLE,3802,2004-05-28,0.7,,
INSERTABLE,3803,2004-05-29,0.8,,
INSERTABLE,3804,2004-05-30,1.5,,
INSERTABLE,3805,2004-05-31,1.5,,
INSERTABLE,3806,2004-06-01,0.4,,
INSERTABLE,3807,2004-06-02,1.1,,
INSERTABLE,3808,2004-06-03,1.4,,
INSERTABLE,3809,2004-06-04,1.2,,
INSERTABLE,3810,2004-06-05,0.8,,
INSERTABLE,3811,2004-06-06,1.7,,
INSERTABLE,3812,2004-06-07,1.2,,
INSERTABLE,3813,2004-06-08,1,,
INSERTABLE,3814,2004-06-09,1.1,,
INSERTABLE,3815,2004-06-10,0,,
INSERTABLE,3816,2004-06-11,1.2,,
INSERTABLE,3817,2004-06-12,1.8,,
INSERTABLE,3818,2004-06-13,2.3,,
INSERTABLE,3819,2004-06-14,0.5,,
INSERTABLE,3820,2004-06-15,2,,
INSERTABLE,3821,2004-06-16,0.9,,
INSERTABLE,3822,2004-06-17,0.6,,
INSERTABLE,3823,2004-06-18,1,,
INSERTABLE,3824,2004-06-19,0.5,,
INSERTABLE,3825,2004-06-20,0,,
INSERTABLE,3826,2004-06-21,1.1,,
INSERTABLE,3827,2004-06-22,0.3,,
INSERTABLE,3828,2004-06-23,0,,
INSERTABLE,3829,2004-06-24,0.8,,
INSERTABLE,3830,2004-06-25,0.3,,
INSERTABLE,3831,2004-06-26,0.2,,
INSERTABLE,3832,2004-06-27,0.8,,
INSERTABLE,3833,2004-06-28,0.8,,
INSERTABLE,3834,2004-06-29,0.6,,
INSERTABLE,3835,2004-06-30,1.1,,
INSERTABLE,3836,2004-07-01,1,,
INSERTABLE,3837,2004-07-02,1.1,,
INSERTABLE,3838,2004-07-03,1,,
INSERTABLE,3839,2004-07-04,1.1,,
INSERTABLE,3840,2004-07-05,1.1,,
INSERTABLE,3841,2004-07-06,1.5,,
INSERTABLE,3842,2004-07-07,0.2,,
INSERTABLE,3843,2004-07-08,1.1,,
INSERTABLE,3844,2004-07-09,1,,
INSERTABLE,3845,2004-07-10,1.2,,
INSERTABLE,3846,2004-07-11,0.7,,
INSERTABLE,3847,2004-07-12,0.7,,
INSERTABLE,3848,2004-07-13,0,,
INSERTABLE,3849,2004-07-14,0,,
INSERTABLE,3850,2004-07-15,0.6,,
INSERTABLE,3851,2004-07-16,0.9,,
INSERTABLE,3852,2004-07-17,0.9,,
INSERTABLE,3853,2004-07-18,0.7,,
INSERTABLE,3854,2004-07-19,0.9,,
INSERTABLE,3855,2004-07-20,1.6,,
INSERTABLE,3856,2004-07-21,0,,
INSERTABLE,3857,2004-07-22,0.8,,
INSERTABLE,3858,2004-07-23,0.6,,
INSERTABLE,3859,2004-07-24,1.3,,
INSERTABLE,3860,2004-07-25,1,,
INSERTABLE,3861,2004-07-26,0.4,,
INSERTABLE,3862,2004-07-27,0,,
INSERTABLE,3863,2004-07-28,0,,
INSERTABLE,3864,2004-07-29,1.5,,
INSERTABLE,3865,2004-07-30,2.3,,
INSERTABLE,3866,2004-07-31,1.5,,
INSERTABLE,3867,2004-08-01,1,,
INSERTABLE,3868,2004-08-02,0,,
INSERTABLE,3869,2004-08-03,0,,
INSERTABLE,3870,2004-08-04,0,,
INSERTABLE,3871,2004-08-05,0.7,,
INSERTABLE,3872,2004-08-06,1.7,,
INSERTABLE,3873,2004-08-07,2.1,,
INSERTABLE,3874,2004-08-08,1.4,,
INSERTABLE,3875,2004-08-09,1,,
INSERTABLE,3876,2004-08-10,0.6,,
INSERTABLE,3877,2004-08-11,1,,
INSERTABLE,3878,2004-08-12,1.1,,
INSERTABLE,3879,2004-08-13,1.2,,
INSERTABLE,3880,2004-08-14,1.1,,
INSERTABLE,3881,2004-08-15,0,,
INSERTABLE,3882,2004-08-16,1,,
INSERTABLE,3883,2004-08-17,1.1,,
INSERTABLE,3884,2004-08-18,1.2,,
INSERTABLE,3885,2004-08-19,1.8,,
INSERTABLE,3886,2004-08-20,1.5,,
INSERTABLE,3887,2004-08-21,2,,
INSERTABLE,3888,2004-08-22,2.1,,
INSERTABLE,3889,2004-08-23,2.1,,
INSERTABLE,3890,2004-08-24,4.3,,
INSERTABLE,3891,2004-08-25,1.8,,
INSERTABLE,3892,2004-08-26,0.5,,
INSERTABLE,3893,2004-08-27,1.2,,
INSERTABLE,3894,2004-08-28,3.7,,
INSERTABLE,3895,2004-08-29,3.7,,
INSERTABLE,3896,2004-08-30,3.7,,
INSERTABLE,3897,2004-08-31,1.1,,
INSERTABLE,3898,2004-09-01,1.3,,
INSERTABLE,3899,2004-09-02,3,,
INSERTABLE,3900,2004-09-03,3.1,,
INSERTABLE,3901,2004-09-04,0,,
INSERTABLE,3902,2004-09-05,0,,
INSERTABLE,3903,2004-09-06,2.6,,
INSERTABLE,3904,2004-09-07,0,,
INSERTABLE,3905,2004-09-08,1.7,,
INSERTABLE,3906,2004-09-09,2.3,,
INSERTABLE,3907,2004-09-10,3,,
INSERTABLE,3908,2004-09-11,3.1,,
INSERTABLE,3909,2004-09-12,4,,
INSERTABLE,3910,2004-09-13,3.2,,
INSERTABLE,3911,2004-09-14,1.8,,
INSERTABLE,3912,2004-09-15,3.3,,
INSERTABLE,3913,2004-09-16,2.8,,
INSERTABLE,3914,2004-09-17,3.8,,
INSERTABLE,3915,2004-09-18,2.5,,
INSERTABLE,3916,2004-09-19,2.5,,
INSERTABLE,3917,2004-09-20,6,,
INSERTABLE,3918,2004-09-21,3.3,,
INSERTABLE,3919,2004-09-22,3.1,,
INSERTABLE,3920,2004-09-23,3.8,,
INSERTABLE,3921,2004-09-24,5.1,,
INSERTABLE,3922,2004-09-25,6.1,,
INSERTABLE,3923,2004-09-26,0.8,,
INSERTABLE,3924,2004-09-27,2,,
INSERTABLE,3925,2004-09-28,3.2,,
INSERTABLE,3926,2004-09-29,5,,
INSERTABLE,3927,2004-09-30,3.8,,
INSERTABLE,3928,2004-10-01,5,,
INSERTABLE,3929,2004-10-02,3.8,,
INSERTABLE,3930,2004-10-03,2.2,,
INSERTABLE,3931,2004-10-04,3.3,,
INSERTABLE,3932,2004-10-05,3,,
INSERTABLE,3933,2004-10-06,0.5,,
INSERTABLE,3934,2004-10-07,0.4,,
INSERTABLE,3935,2004-10-08,0.7,,
INSERTABLE,3936,2004-10-09,4.8,,
INSERTABLE,3937,2004-10-10,3.4,,
INSERTABLE,3938,2004-10-11,3.7,,
INSERTABLE,3939,2004-10-12,2.6,,
INSERTABLE,3940,2004-10-13,4.6,,
INSERTABLE,3941,2004-10-14,4.6,,
INSERTABLE,3942,2004-10-15,4.4,,
INSERTABLE,3943,2004-10-16,4.4,,
INSERTABLE,3944,2004-10-17,5.2,,
INSERTABLE,3945,2004-10-18,5.6,,
INSERTABLE,3946,2004-10-19,6,,
INSERTABLE,3947,2004-10-20,6.3,,
INSERTABLE,3948,2004-10-21,4.1,,
INSERTABLE,3949,2004-10-22,3,,
INSERTABLE,3950,2004-10-23,5.8,,
INSERTABLE,3951,2004-10-24,6.3,,
INSERTABLE,3952,2004-10-25,6.8,,
INSERTABLE,3953,2004-10-26,5.7,,
INSERTABLE,3954,2004-10-27,5.9,,
INSERTABLE,3955,2004-10-28,6.1,,
INSERTABLE,3956,2004-10-29,5.1,,
INSERTABLE,3957,2004-10-30,4.6,,
INSERTABLE,3958,2004-10-31,7.1,,
INSERTABLE,3959,2004-11-01,7.5,,
INSERTABLE,3960,2004-11-02,7.2,,
INSERTABLE,3961,2004-11-03,3.8,,
INSERTABLE,3962,2004-11-04,5.8,,
INSERTABLE,3963,2004-11-05,5.7,,
INSERTABLE,3964,2004-11-06,7.6,,
INSERTABLE,3965,2004-11-07,8.6,,
INSERTABLE,3966,2004-11-08,5.2,,
INSERTABLE,3967,2004-11-09,0.8,,
INSERTABLE,3968,2004-11-10,6.7,,
INSERTABLE,3969,2004-11-11,7.4,,
INSERTABLE,3970,2004-11-12,2,,
INSERTABLE,3971,2004-11-13,0,,
INSERTABLE,3972,2004-11-14,0,,
INSERTABLE,3973,2004-11-15,5.4,,
INSERTABLE,3974,2004-11-16,6.3,,
INSERTABLE,3975,2004-11-17,7.1,,
INSERTABLE,3976,2004-11-18,6.8,,
INSERTABLE,3977,2004-11-19,3,,
INSERTABLE,3978,2004-11-20,6,,
INSERTABLE,3979,2004-11-21,6,,
INSERTABLE,3980,2004-11-22,4.3,,
INSERTABLE,3981,2004-11-23,1.8,,
INSERTABLE,3982,2004-11-24,2.7,,
INSERTABLE,3983,2004-11-25,2.5,,
INSERTABLE,3984,2004-11-26,6,,
INSERTABLE,3985,2004-11-27,7,,
INSERTABLE,3986,2004-11-28,8,,
INSERTABLE,3987,2004-11-29,6.8,,
INSERTABLE,3988,2004-11-30,7.7,,
INSERTABLE,3989,2004-12-01,7.2,,
INSERTABLE,3990,2004-12-02,7.6,,
INSERTABLE,3991,2004-12-03,6.9,,
INSERTABLE,3992,2004-12-04,8,,
INSERTABLE,3993,2004-12-05,8.1,,
INSERTABLE,3994,2004-12-06,9.3,,
INSERTABLE,3995,2004-12-07,8.1,,
INSERTABLE,3996,2004-12-08,9.5,,
INSERTABLE,3997,2004-12-09,8.8,,
INSERTABLE,3998,2004-12-10,7.8,,
INSERTABLE,3999,2004-12-11,9.1,,
INSERTABLE,4000,2004-12-12,9,,
INSERTABLE,4001,2004-12-13,11.1,,
INSERTABLE,4002,2004-12-14,9.3,,
INSERTABLE,4003,2004-12-15,6.8,,
INSERTABLE,4004,2004-12-16,8.8,,
INSERTABLE,4005,2004-12-17,7.8,,
INSERTABLE,4006,2004-12-18,10,,
INSERTABLE,4007,2004-12-19,9.1,,
INSERTABLE,4008,2004-12-20,10.2,,
INSERTABLE,4009,2004-12-21,9.1,,
INSERTABLE,4010,2004-12-22,9,,
INSERTABLE,4011,2004-12-23,9.3,,
INSERTABLE,4012,2004-12-24,8,,
INSERTABLE,4013,2004-12-25,9.1,,
INSERTABLE,4014,2004-12-26,6.7,,
INSERTABLE,4015,2004-12-27,8.4,,
INSERTABLE,4016,2004-12-28,6.3,,
INSERTABLE,4017,2004-12-29,5.5,,
INSERTABLE,4018,2004-12-30,8.4,,
INSERTABLE,4019,2004-12-31,8,,
INSERTABLE,4020,2005-01-01,8.1,,
INSERTABLE,4021,2005-01-02,8.1,,
INSERTABLE,4022,2005-01-03,10,,
INSERTABLE,4023,2005-01-04,10,,
INSERTABLE,4024,2005-01-05,7,,
INSERTABLE,4025,2005-01-06,8.1,,
INSERTABLE,4026,2005-01-07,10.8,,
INSERTABLE,4027,2005-01-08,9,,
INSERTABLE,4028,2005-01-09,11.1,,
INSERTABLE,4029,2005-01-10,10,,
INSERTABLE,4030,2005-01-11,8.3,,
INSERTABLE,4031,2005-01-12,8.2,,
INSERTABLE,4032,2005-01-13,8.2,,
INSERTABLE,4033,2005-01-14,8.5,,
INSERTABLE,4034,2005-01-15,7.4,,
INSERTABLE,4035,2005-01-16,9,,
INSERTABLE,4036,2005-01-17,9,,
INSERTABLE,4037,2005-01-18,7.1,,
INSERTABLE,4038,2005-01-19,8.1,,
INSERTABLE,4039,2005-01-20,7,,
INSERTABLE,4040,2005-01-21,4.2,,
INSERTABLE,4041,2005-01-22,6.2,,
INSERTABLE,4042,2005-01-23,10,,
INSERTABLE,4043,2005-01-24,10,,
INSERTABLE,4044,2005-01-25,10.8,,
INSERTABLE,4045,2005-01-26,7.3,,
INSERTABLE,4046,2005-01-27,4,,
INSERTABLE,4047,2005-01-28,8,,
INSERTABLE,4048,2005-01-29,7.8,,
INSERTABLE,4049,2005-01-30,8,,
INSERTABLE,4050,2005-01-31,8,,
INSERTABLE,4051,2005-02-01,8,,
INSERTABLE,4052,2005-02-02,8,,
INSERTABLE,4053,2005-02-03,7,,
INSERTABLE,4054,2005-02-04,7,,
INSERTABLE,4055,2005-02-05,9,,
INSERTABLE,4056,2005-02-06,7,,
INSERTABLE,4057,2005-02-07,7,,
INSERTABLE,4058,2005-02-08,6,,
INSERTABLE,4059,2005-02-09,8,,
INSERTABLE,4060,2005-02-10,7,,
INSERTABLE,4061,2005-02-11,7,,
INSERTABLE,4062,2005-02-12,5,,
INSERTABLE,4063,2005-02-13,6,,
INSERTABLE,4064,2005-02-14,6,,
INSERTABLE,4065,2005-02-15,6,,
INSERTABLE,4066,2005-02-16,7,,
INSERTABLE,4067,2005-02-17,5,,
INSERTABLE,4068,2005-02-18,5,,
INSERTABLE,4069,2005-02-19,6,,
INSERTABLE,4070,2005-02-20,10,,
INSERTABLE,4071,2005-02-21,5,,
INSERTABLE,4072,2005-02-22,6.2,,
INSERTABLE,4073,2005-02-23,5.3,,
INSERTABLE,4074,2005-02-24,7.2,,
INSERTABLE,4075,2005-02-25,5.1,,
INSERTABLE,4076,2005-02-26,9.3,,
INSERTABLE,4077,2005-02-27,5,,
INSERTABLE,4078,2005-02-28,5,,
INSERTABLE,4079,2005-03-01,2,,
INSERTABLE,4080,2005-03-02,3.3,,
INSERTABLE,4081,2005-03-03,7.3,,
INSERTABLE,4082,2005-03-04,6.2,,
INSERTABLE,4083,2005-03-05,8.1,,
INSERTABLE,4084,2005-03-06,8,,
INSERTABLE,4085,2005-03-07,6.1,,
INSERTABLE,4086,2005-03-08,2,,
INSERTABLE,4087,2005-03-09,5.2,,
INSERTABLE,4088,2005-03-10,7.1,,
INSERTABLE,4089,2005-03-11,6.4,,
INSERTABLE,4090,2005-03-12,0,,
INSERTABLE,4091,2005-03-13,3.5,,
INSERTABLE,4092,2005-03-14,7.3,,
INSERTABLE,4093,2005-03-15,4,,
INSERTABLE,4094,2005-03-16,5,,
INSERTABLE,4095,2005-03-17,5.7,,
INSERTABLE,4096,2005-03-18,6.1,,
INSERTABLE,4097,2005-03-19,6.6,,
INSERTABLE,4098,2005-03-20,6.1,,
INSERTABLE,4099,2005-03-21,6.7,,
INSERTABLE,4100,2005-03-22,4.8,,
INSERTABLE,4101,2005-03-23,5.6,,
INSERTABLE,4102,2005-03-24,4.9,,
INSERTABLE,4103,2005-03-25,4,,
INSERTABLE,4104,2005-03-26,3,,
INSERTABLE,4105,2005-03-27,4.4,,
INSERTABLE,4106,2005-03-28,4.4,,
INSERTABLE,4107,2005-03-29,4.1,,
INSERTABLE,4108,2005-03-30,3.4,,
INSERTABLE,4109,2005-03-31,1.9,,
INSERTABLE,4110,2005-04-01,3.4,,
INSERTABLE,4111,2005-04-02,2.3,,
INSERTABLE,4112,2005-04-03,3.7,,
INSERTABLE,4113,2005-04-04,4,,
INSERTABLE,4114,2005-04-05,3.7,,
INSERTABLE,4115,2005-04-06,4.7,,
INSERTABLE,4116,2005-04-07,3.8,,
INSERTABLE,4117,2005-04-08,4.1,,
INSERTABLE,4118,2005-04-09,3.9,,
INSERTABLE,4119,2005-04-10,4.1,,
INSERTABLE,4120,2005-04-11,3.4,,
INSERTABLE,4121,2005-04-12,3.8,,
INSERTABLE,4122,2005-04-13,2.7,,
INSERTABLE,4123,2005-04-14,2.3,,
INSERTABLE,4124,2005-04-15,3.9,,
INSERTABLE,4125,2005-04-16,5,,
INSERTABLE,4126,2005-04-17,3.3,,
INSERTABLE,4127,2005-04-18,3.3,,
INSERTABLE,4128,2005-04-19,3.8,,
INSERTABLE,4129,2005-04-20,4.1,,
INSERTABLE,4130,2005-04-21,2.8,,
INSERTABLE,4131,2005-04-22,2.8,,
INSERTABLE,4132,2005-04-23,3.3,,
INSERTABLE,4133,2005-04-24,3.5,,
INSERTABLE,4134,2005-04-25,3.5,,
INSERTABLE,4135,2005-04-26,2,,
INSERTABLE,4136,2005-04-27,1.3,,
INSERTABLE,4137,2005-04-28,0.5,,
INSERTABLE,4138,2005-04-29,2.7,,
INSERTABLE,4139,2005-04-30,4.2,,
INSERTABLE,4140,2005-05-01,2,,
INSERTABLE,4141,2005-05-02,2,,
INSERTABLE,4142,2005-05-03,1.3,,
INSERTABLE,4143,2005-05-04,0,,
INSERTABLE,4144,2005-05-05,0,,
INSERTABLE,4145,2005-05-06,1,,
INSERTABLE,4146,2005-05-07,1.5,,
INSERTABLE,4147,2005-05-08,1.7,,
INSERTABLE,4148,2005-05-09,1.7,,
INSERTABLE,4149,2005-05-10,0,,
INSERTABLE,4150,2005-05-11,2.2,,
INSERTABLE,4151,2005-05-12,1.3,,
INSERTABLE,4152,2005-05-13,1.5,,
INSERTABLE,4153,2005-05-14,1.3,,
INSERTABLE,4154,2005-05-15,1.1,,
INSERTABLE,4155,2005-05-16,1.1,,
INSERTABLE,4156,2005-05-17,1.3,,
INSERTABLE,4157,2005-05-18,0,,
INSERTABLE,4158,2005-05-19,0,,
INSERTABLE,4159,2005-05-20,1.3,,
INSERTABLE,4160,2005-05-21,1.5,,
INSERTABLE,4161,2005-05-22,2,,
INSERTABLE,4162,2005-05-23,0,,
INSERTABLE,4163,2005-05-24,0,,
INSERTABLE,4164,2005-05-25,1.6,,
INSERTABLE,4165,2005-05-26,0.8,,
INSERTABLE,4166,2005-05-27,0.5,,
INSERTABLE,4167,2005-05-28,1.3,,
INSERTABLE,4168,2005-05-29,1,,
INSERTABLE,4169,2005-05-30,1,,
INSERTABLE,4170,2005-05-31,1.2,,
INSERTABLE,4171,2005-06-01,0.6,,
INSERTABLE,4172,2005-06-02,0.6,,
INSERTABLE,4173,2005-06-03,0.5,,
INSERTABLE,4174,2005-06-04,0.8,,
INSERTABLE,4175,2005-06-05,1.2,,
INSERTABLE,4176,2005-06-06,1.2,,
INSERTABLE,4177,2005-06-07,1,,
INSERTABLE,4178,2005-06-08,0.5,,
INSERTABLE,4179,2005-06-09,0.8,,
INSERTABLE,4180,2005-06-10,0.4,,
INSERTABLE,4181,2005-06-11,0,,
INSERTABLE,4182,2005-06-12,0.4,,
INSERTABLE,4183,2005-06-13,0.3,,
INSERTABLE,4184,2005-06-14,0.2,,
INSERTABLE,4185,2005-06-15,0,,
INSERTABLE,4186,2005-06-16,0,,
INSERTABLE,4187,2005-06-17,0.5,,
INSERTABLE,4188,2005-06-18,0,,
INSERTABLE,4189,2005-06-19,0,,
INSERTABLE,4190,2005-06-20,0.6,,
INSERTABLE,4191,2005-06-21,0.5,,
INSERTABLE,4192,2005-06-22,0.5,,
INSERTABLE,4193,2005-06-23,1.1,,
INSERTABLE,4194,2005-06-24,0.7,,
INSERTABLE,4195,2005-06-25,0.8,,
INSERTABLE,4196,2005-06-26,1.2,,
INSERTABLE,4197,2005-06-27,0,,
INSERTABLE,4198,2005-06-28,0,,
INSERTABLE,4199,2005-06-29,1,,
INSERTABLE,4200,2005-06-30,1.5,,
INSERTABLE,4201,2005-07-01,0.7,,
INSERTABLE,4202,2005-07-02,0,,
INSERTABLE,4203,2005-07-03,0,,
INSERTABLE,4204,2005-07-04,0.8,,
INSERTABLE,4205,2005-07-05,2.1,,
INSERTABLE,4206,2005-07-06,1.4,,
INSERTABLE,4207,2005-07-07,0.8,,
INSERTABLE,4208,2005-07-08,0.3,,
INSERTABLE,4209,2005-07-09,1.2,,
INSERTABLE,4210,2005-07-10,1.3,,
INSERTABLE,4211,2005-07-11,1.3,,
INSERTABLE,4212,2005-07-12,0.6,,
INSERTABLE,4213,2005-07-13,0.9,,
INSERTABLE,4214,2005-07-14,0,,
INSERTABLE,4215,2005-07-15,0,,
INSERTABLE,4216,2005-07-16,1.1,,
INSERTABLE,4217,2005-07-17,0.6,,
INSERTABLE,4218,2005-07-18,0.9,,
INSERTABLE,4219,2005-07-19,1,,
INSERTABLE,4220,2005-07-20,0.5,,
INSERTABLE,4221,2005-07-21,0.6,,
INSERTABLE,4222,2005-07-22,1.2,,
INSERTABLE,4223,2005-07-23,1.2,,
INSERTABLE,4224,2005-07-24,1.1,,
INSERTABLE,4225,2005-07-25,1.3,,
INSERTABLE,4226,2005-07-26,0.7,,
INSERTABLE,4227,2005-07-27,0.4,,
INSERTABLE,4228,2005-07-28,1.1,,
INSERTABLE,4229,2005-07-29,1,,
INSERTABLE,4230,2005-07-30,0.9,,
INSERTABLE,4231,2005-07-31,1,,
INSERTABLE,4232,2005-08-01,1,,
INSERTABLE,4233,2005-08-02,0.3,,
INSERTABLE,4234,2005-08-03,1.2,,
INSERTABLE,4235,2005-08-04,1.5,,
INSERTABLE,4236,2005-08-05,0,,
INSERTABLE,4237,2005-08-06,1.1,,
INSERTABLE,4238,2005-08-07,2.1,,
INSERTABLE,4239,2005-08-08,1.4,,
INSERTABLE,4240,2005-08-09,1.2,,
INSERTABLE,4241,2005-08-10,1.9,,
INSERTABLE,4242,2005-08-11,2,,
INSERTABLE,4243,2005-08-12,2.1,,
INSERTABLE,4244,2005-08-13,1.3,,
INSERTABLE,4245,2005-08-14,1,,
INSERTABLE,4246,2005-08-15,2.2,,
INSERTABLE,4247,2005-08-16,0,,
INSERTABLE,4248,2005-08-17,0,,
INSERTABLE,4249,2005-08-18,1.2,,
INSERTABLE,4250,2005-08-19,1.4,,
INSERTABLE,4251,2005-08-20,0.6,,
INSERTABLE,4252,2005-08-21,1.5,,
INSERTABLE,4253,2005-08-22,1.5,,
INSERTABLE,4254,2005-08-23,0.7,,
INSERTABLE,4255,2005-08-24,1.7,,
INSERTABLE,4256,2005-08-25,1.5,,
INSERTABLE,4257,2005-08-26,1,,
INSERTABLE,4258,2005-08-27,0,,
INSERTABLE,4259,2005-08-28,0,,
INSERTABLE,4260,2005-08-29,0,,
INSERTABLE,4261,2005-08-30,1,,
INSERTABLE,4262,2005-08-31,1,,
INSERTABLE,4263,2005-09-01,2,,
INSERTABLE,4264,2005-09-02,2,,
INSERTABLE,4265,2005-09-03,0,,
INSERTABLE,4266,2005-09-04,0,,
INSERTABLE,4267,2005-09-05,4,,
INSERTABLE,4268,2005-09-06,1,,
INSERTABLE,4269,2005-09-07,2,,
INSERTABLE,4270,2005-09-08,3,,
INSERTABLE,4271,2005-09-09,4,,
INSERTABLE,4272,2005-09-10,1,,
INSERTABLE,4273,2005-09-11,2,,
INSERTABLE,4274,2005-09-12,3,,
INSERTABLE,4275,2005-09-13,3,,
INSERTABLE,4276,2005-09-14,1,,
INSERTABLE,4277,2005-09-15,3,,
INSERTABLE,4278,2005-09-16,2,,
INSERTABLE,4279,2005-09-17,4,,
INSERTABLE,4281,2005-09-19,2,,
INSERTABLE,4282,2005-09-20,2,,
INSERTABLE,4283,2005-09-21,2,,
INSERTABLE,4284,2005-09-22,3,,
INSERTABLE,4285,2005-09-23,2,,
INSERTABLE,4286,2005-09-24,4,,
INSERTABLE,4287,2005-09-25,3.2,,
INSERTABLE,4288,2005-09-26,3,,
INSERTABLE,4289,2005-09-27,3.3,,
INSERTABLE,4290,2005-09-28,1.1,,
INSERTABLE,4291,2005-09-29,1.6,,
INSERTABLE,4292,2005-09-30,3.1,,
INSERTABLE,4293,2005-10-01,4.2,,
INSERTABLE,4294,2005-10-02,2.3,,
INSERTABLE,4295,2005-10-03,-9,,
INSERTABLE,4296,2005-10-04,0,,
INSERTABLE,4297,2005-10-05,3.7,,
INSERTABLE,4298,2005-10-06,4.3,,
INSERTABLE,4299,2005-10-07,1.6,,
INSERTABLE,4300,2005-10-08,3.1,,
INSERTABLE,4301,2005-10-09,6,,
INSERTABLE,4302,2005-10-10,3.1,,
INSERTABLE,4303,2005-10-11,2.7,,
INSERTABLE,4304,2005-10-12,3.4,,
INSERTABLE,4305,2005-10-13,4.1,,
INSERTABLE,4306,2005-10-14,4.9,,
INSERTABLE,4307,2005-10-15,4.7,,
INSERTABLE,4308,2005-10-16,2,,
INSERTABLE,4309,2005-10-17,4.7,,
INSERTABLE,4310,2005-10-18,3.2,,
INSERTABLE,4311,2005-10-19,5.3,,
INSERTABLE,4312,2005-10-20,5,,
INSERTABLE,4313,2005-10-21,3.3,,
INSERTABLE,4314,2005-10-22,4.1,,
INSERTABLE,4315,2005-10-23,5.4,,
INSERTABLE,4316,2005-10-24,2,,
INSERTABLE,4317,2005-10-25,1.1,,
INSERTABLE,4318,2005-10-26,2.7,,
INSERTABLE,4319,2005-10-27,2.9,,
INSERTABLE,4320,2005-10-28,2.1,,
INSERTABLE,4321,2005-10-29,5.2,,
INSERTABLE,4322,2005-10-30,6,,
INSERTABLE,4323,2005-10-31,7.3,,
INSERTABLE,4324,2005-11-01,8.4,,
INSERTABLE,4325,2005-11-02,5.8,,
INSERTABLE,4326,2005-11-03,5.3,,
INSERTABLE,4327,2005-11-04,6.4,,
INSERTABLE,4328,2005-11-05,7.5,,
INSERTABLE,4329,2005-11-06,7.2,,
INSERTABLE,4330,2005-11-07,7,,
INSERTABLE,4331,2005-11-08,6.2,,
INSERTABLE,4332,2005-11-09,4,,
INSERTABLE,4333,2005-11-10,6.1,,
INSERTABLE,4334,2005-11-11,7.6,,
INSERTABLE,4335,2005-11-12,6.1,,
INSERTABLE,4336,2005-11-13,1.7,,
INSERTABLE,4337,2005-11-14,5.3,,
INSERTABLE,4338,2005-11-15,5.1,,
INSERTABLE,4339,2005-11-16,7.6,,
INSERTABLE,4340,2005-11-17,6.4,,
INSERTABLE,4341,2005-11-18,7.3,,
INSERTABLE,4342,2005-11-19,7.1,,
INSERTABLE,4343,2005-11-20,8.7,,
INSERTABLE,4344,2005-11-21,7.5,,
INSERTABLE,4345,2005-11-22,6.1,,
INSERTABLE,4346,2005-11-23,4,,
INSERTABLE,4347,2005-11-24,0,,
INSERTABLE,4348,2005-11-25,6.7,,
INSERTABLE,4349,2005-11-26,9.2,,
INSERTABLE,4350,2005-11-27,5.6,,
INSERTABLE,4351,2005-11-28,6.7,,
INSERTABLE,4352,2005-11-29,7.1,,
INSERTABLE,4353,2005-11-30,6.7,,
INSERTABLE,4354,2005-12-01,7.7,,
INSERTABLE,4355,2005-12-02,8.5,,
INSERTABLE,4356,2005-12-03,7.1,,
INSERTABLE,4357,2005-12-04,8.6,,
INSERTABLE,4358,2005-12-05,7.2,,
INSERTABLE,4359,2005-12-06,7.6,,
INSERTABLE,4360,2005-12-07,8.2,,
INSERTABLE,4361,2005-12-08,7.6,,
INSERTABLE,4362,2005-12-09,8.2,,
INSERTABLE,4363,2005-12-10,10.1,,
INSERTABLE,4364,2005-12-11,9.3,,
INSERTABLE,4365,2005-12-12,5.7,,
INSERTABLE,4366,2005-12-13,4.8,,
INSERTABLE,4367,2005-12-14,6,,
INSERTABLE,4368,2005-12-15,3,,
INSERTABLE,4369,2005-12-16,2,,
INSERTABLE,4370,2005-12-17,2,,
INSERTABLE,4371,2005-12-18,3.3,,
INSERTABLE,4372,2005-12-19,7.6,,
INSERTABLE,4373,2005-12-20,9.1,,
INSERTABLE,4374,2005-12-21,7,,
INSERTABLE,4375,2005-12-22,4.1,,
INSERTABLE,4376,2005-12-23,5.3,,
INSERTABLE,4377,2005-12-24,7.2,,
INSERTABLE,4378,2005-12-25,3.2,,
INSERTABLE,4379,2005-12-26,2,,
INSERTABLE,4380,2005-12-27,3,,
INSERTABLE,4381,2005-12-28,3.2,,
INSERTABLE,4382,2005-12-29,7.4,,
INSERTABLE,4383,2005-12-30,6.5,,
INSERTABLE,4384,2005-12-31,6.2,,
INSERTABLE,4385,2006-01-01,3.7,,
INSERTABLE,4386,2006-01-02,4,,
INSERTABLE,4387,2006-01-03,8.9,,
INSERTABLE,4388,2006-01-04,8.7,,
INSERTABLE,4389,2006-01-05,8,,
INSERTABLE,4390,2006-01-06,8.2,,
INSERTABLE,4391,2006-01-07,9.9,,
INSERTABLE,4392,2006-01-08,9.5,,
INSERTABLE,4393,2006-01-09,11.9,,
INSERTABLE,4394,2006-01-10,8.9,,
INSERTABLE,4395,2006-01-11,8.8,,
INSERTABLE,4396,2006-01-12,9.1,,
INSERTABLE,4397,2006-01-13,9.7,,
INSERTABLE,4398,2006-01-14,8.8,,
INSERTABLE,4399,2006-01-15,8.7,,
INSERTABLE,4400,2006-01-16,8.7,,
INSERTABLE,4401,2006-01-17,9,,
INSERTABLE,4402,2006-01-18,8.1,,
INSERTABLE,4403,2006-01-19,6.9,,
INSERTABLE,4404,2006-01-20,6.5,,
INSERTABLE,4405,2006-01-21,6.3,,
INSERTABLE,4406,2006-01-22,8.7,,
INSERTABLE,4407,2006-01-23,8.7,,
INSERTABLE,4408,2006-01-24,8.1,,
INSERTABLE,4409,2006-01-25,8.3,,
INSERTABLE,4410,2006-01-26,9.1,,
INSERTABLE,4411,2006-01-27,7.1,,
INSERTABLE,4412,2006-01-28,6.4,,
INSERTABLE,4413,2006-01-29,6.4,,
INSERTABLE,4414,2006-01-30,5,,
INSERTABLE,4415,2006-01-31,5.3,,
INSERTABLE,4416,2006-02-01,3.2,,
INSERTABLE,4417,2006-02-02,4.1,,
INSERTABLE,4418,2006-02-03,4.2,,
INSERTABLE,4419,2006-02-04,4.5,,
INSERTABLE,4420,2006-02-05,6.4,,
INSERTABLE,4421,2006-02-06,6.4,,
INSERTABLE,4422,2006-02-07,6.3,,
INSERTABLE,4423,2006-02-08,6.8,,
INSERTABLE,4424,2006-02-09,7.5,,
INSERTABLE,4425,2006-02-10,7.3,,
INSERTABLE,4426,2006-02-11,6.7,,
INSERTABLE,4427,2006-02-12,3.9,,
INSERTABLE,4428,2006-02-13,3.9,,
INSERTABLE,4429,2006-02-14,3.8,,
INSERTABLE,4430,2006-02-15,7.1,,
INSERTABLE,4431,2006-02-16,7.9,,
INSERTABLE,4432,2006-02-17,7.4,,
INSERTABLE,4433,2006-02-18,7.8,,
INSERTABLE,4434,2006-02-19,7.5,,
INSERTABLE,4435,2006-02-20,7.5,,
INSERTABLE,4436,2006-02-21,5,,
INSERTABLE,4437,2006-02-22,5.7,,
INSERTABLE,4438,2006-02-23,7.1,,
INSERTABLE,4439,2006-02-24,8.9,,
INSERTABLE,4440,2006-02-25,7.6,,
INSERTABLE,4441,2006-02-26,4.1,,
INSERTABLE,4442,2006-02-27,4.4,,
INSERTABLE,4443,2006-02-28,5.1,,
INSERTABLE,4444,2006-03-01,6,,
INSERTABLE,4445,2006-03-02,6.6,,
INSERTABLE,4446,2006-03-03,6.2,,
INSERTABLE,4447,2006-03-04,8.8,,
INSERTABLE,4448,2006-03-05,5.8,,
INSERTABLE,4449,2006-03-06,5.2,,
INSERTABLE,4450,2006-03-07,6,,
INSERTABLE,4451,2006-03-08,5.6,,
INSERTABLE,4452,2006-03-09,7.1,,
INSERTABLE,4453,2006-03-10,7.3,,
INSERTABLE,4454,2006-03-11,5.6,,
INSERTABLE,4455,2006-03-12,6.1,,
INSERTABLE,4456,2006-03-13,6.1,,
INSERTABLE,4457,2006-03-14,6.3,,
INSERTABLE,4458,2006-03-15,6,,
INSERTABLE,4459,2006-03-16,5.7,,
INSERTABLE,4460,2006-03-17,6.3,,
INSERTABLE,4461,2006-03-18,7,,
INSERTABLE,4462,2006-03-19,6,,
INSERTABLE,4463,2006-03-20,5.5,,
INSERTABLE,4464,2006-03-21,5.8,,
INSERTABLE,4465,2006-03-22,4,,
INSERTABLE,4466,2006-03-23,4.4,,
INSERTABLE,4467,2006-03-24,5,,
INSERTABLE,4468,2006-03-25,5.2,,
INSERTABLE,4469,2006-03-26,5.7,,
INSERTABLE,4470,2006-03-27,5.7,,
INSERTABLE,4471,2006-03-28,5.8,,
INSERTABLE,4472,2006-03-29,5,,
INSERTABLE,4473,2006-03-30,2.8,,
INSERTABLE,4474,2006-03-31,1.8,,
INSERTABLE,4475,2006-04-01,4,,
INSERTABLE,4476,2006-04-02,3.6,,
INSERTABLE,4477,2006-04-03,3.6,,
INSERTABLE,4478,2006-04-04,3,,
INSERTABLE,4479,2006-04-05,3.1,,
INSERTABLE,4480,2006-04-06,4,,
INSERTABLE,4481,2006-04-07,2.9,,
INSERTABLE,4482,2006-04-08,3,,
INSERTABLE,4483,2006-04-09,4.5,,
INSERTABLE,4484,2006-04-10,2.9,,
INSERTABLE,4485,2006-04-11,2,,
INSERTABLE,4486,2006-04-12,2.9,,
INSERTABLE,4487,2006-04-13,2.1,,
INSERTABLE,4488,2006-04-14,2.4,,
INSERTABLE,4489,2006-04-15,3.3,,
INSERTABLE,4490,2006-04-16,3.3,,
INSERTABLE,4491,2006-04-17,4.5,,
INSERTABLE,4492,2006-04-18,3,,
INSERTABLE,4493,2006-04-19,1.2,,
INSERTABLE,4494,2006-04-20,2.9,,
INSERTABLE,4495,2006-04-21,3.1,,
INSERTABLE,4496,2006-04-22,5.2,,
INSERTABLE,4497,2006-04-23,7,,
INSERTABLE,4498,2006-04-24,3.2,,
INSERTABLE,4499,2006-04-25,2.6,,
INSERTABLE,4500,2006-04-26,3.9,,
INSERTABLE,4501,2006-04-27,3.1,,
INSERTABLE,4502,2006-04-28,1.9,,
INSERTABLE,4503,2006-04-29,2.4,,
INSERTABLE,4504,2006-04-30,2.6,,
INSERTABLE,4505,2006-05-01,2.6,,
INSERTABLE,4506,2006-05-02,0.8,,
INSERTABLE,4507,2006-05-03,2,,
INSERTABLE,4508,2006-05-04,2.1,,
INSERTABLE,4509,2006-05-05,2.2,,
INSERTABLE,4510,2006-05-06,1.8,,
INSERTABLE,4511,2006-05-07,2,,
INSERTABLE,4512,2006-05-08,2,,
INSERTABLE,4513,2006-05-09,2.2,,
INSERTABLE,4514,2006-05-10,1.8,,
INSERTABLE,4515,2006-05-11,1.7,,
INSERTABLE,4516,2006-05-12,1.5,,
INSERTABLE,4517,2006-05-13,1.2,,
INSERTABLE,4518,2006-05-14,1.1,,
INSERTABLE,4519,2006-05-15,1.1,,
INSERTABLE,4520,2006-05-16,1.3,,
INSERTABLE,4521,2006-05-17,2,,
INSERTABLE,4522,2006-05-18,2.2,,
INSERTABLE,4523,2006-05-19,1.8,,
INSERTABLE,4524,2006-05-20,0.9,,
INSERTABLE,4525,2006-05-21,1,,
INSERTABLE,4526,2006-05-22,1.5,,
INSERTABLE,4527,2006-05-23,2.4,,
INSERTABLE,4528,2006-05-24,2,,
INSERTABLE,4529,2006-05-25,1.3,,
INSERTABLE,4530,2006-05-26,0,,
INSERTABLE,4531,2006-05-27,0.4,,
INSERTABLE,4532,2006-05-28,0.7,,
INSERTABLE,4533,2006-05-29,0.7,,
INSERTABLE,4534,2006-05-30,1.3,,
INSERTABLE,4535,2006-05-31,1.5,,
INSERTABLE,4536,2006-06-01,0.9,,
INSERTABLE,4537,2006-06-02,0.5,,
INSERTABLE,4538,2006-06-03,1.1,,
INSERTABLE,4539,2006-06-04,1.3,,
INSERTABLE,4540,2006-06-05,1.3,,
INSERTABLE,4541,2006-06-06,0,,
INSERTABLE,4542,2006-06-07,0,,
INSERTABLE,4543,2006-06-08,0,,
INSERTABLE,4544,2006-06-09,0,,
INSERTABLE,4545,2006-06-10,0.9,,
INSERTABLE,4546,2006-06-11,0.9,,
INSERTABLE,4547,2006-06-12,1.1,,
INSERTABLE,4548,2006-06-13,1.1,,
INSERTABLE,4549,2006-06-14,1,,
INSERTABLE,4550,2006-06-15,0.9,,
INSERTABLE,4551,2006-06-16,0.6,,
INSERTABLE,4552,2006-06-17,0.5,,
INSERTABLE,4553,2006-06-18,1.2,,
INSERTABLE,4554,2006-06-19,1.2,,
INSERTABLE,4555,2006-06-20,0.6,,
INSERTABLE,4556,2006-06-21,1.6,,
INSERTABLE,4557,2006-06-22,2,,
INSERTABLE,4558,2006-06-23,2.1,,
INSERTABLE,4559,2006-06-24,0.6,,
INSERTABLE,4560,2006-06-25,0,,
INSERTABLE,4561,2006-06-26,1.3,,
INSERTABLE,4562,2006-06-27,1.3,,
INSERTABLE,4563,2006-06-28,0.4,,
INSERTABLE,4564,2006-06-29,0.8,,
INSERTABLE,4565,2006-06-30,0.3,,
INSERTABLE,4566,2006-07-01,0.7,,
INSERTABLE,4567,2006-07-02,1.6,,
INSERTABLE,4568,2006-07-03,1.6,,
INSERTABLE,4569,2006-07-04,1.2,,
INSERTABLE,4570,2006-07-05,1.2,,
INSERTABLE,4571,2006-07-06,0.5,,
INSERTABLE,4572,2006-07-07,0,,
INSERTABLE,4573,2006-07-08,0,,
INSERTABLE,4574,2006-07-09,0,,
INSERTABLE,4575,2006-07-10,0.9,,
INSERTABLE,4576,2006-07-11,1.1,,
INSERTABLE,4577,2006-07-12,0,,
INSERTABLE,4578,2006-07-13,0,,
INSERTABLE,4579,2006-07-14,0.6,,
INSERTABLE,4580,2006-07-15,0.9,,
INSERTABLE,4581,2006-07-16,1.1,,
INSERTABLE,4582,2006-07-17,1.1,,
INSERTABLE,4583,2006-07-18,1.3,,
INSERTABLE,4584,2006-07-19,2.3,,
INSERTABLE,4585,2006-07-20,0.9,,
INSERTABLE,4586,2006-07-21,0.6,,
INSERTABLE,4587,2006-07-22,0.4,,
INSERTABLE,4588,2006-07-23,0.5,,
INSERTABLE,4589,2006-07-24,1.1,,
INSERTABLE,4590,2006-07-25,0,,
INSERTABLE,4591,2006-07-26,0,,
INSERTABLE,4592,2006-07-27,0,,
INSERTABLE,4593,2006-07-28,0.6,,
INSERTABLE,4594,2006-07-29,0.8,,
INSERTABLE,4595,2006-07-30,1.2,,
INSERTABLE,4596,2006-07-31,1.2,,
INSERTABLE,4597,2006-08-01,1.4,,
INSERTABLE,4598,2006-08-02,1.1,,
INSERTABLE,4599,2006-08-03,1.2,,
INSERTABLE,4600,2006-08-04,1.3,,
INSERTABLE,4601,2006-08-05,1,,
INSERTABLE,4602,2006-08-06,0,,
INSERTABLE,4603,2006-08-07,0,,
INSERTABLE,4604,2006-08-08,0.6,,
INSERTABLE,4605,2006-08-09,0,,
INSERTABLE,4606,2006-08-10,0.5,,
INSERTABLE,4607,2006-08-11,0.4,,
INSERTABLE,4608,2006-08-12,1,,
INSERTABLE,4609,2006-08-13,1.1,,
INSERTABLE,4610,2006-08-14,0,,
INSERTABLE,4611,2006-08-15,1.7,,
INSERTABLE,4612,2006-08-16,1.7,,
INSERTABLE,4613,2006-08-17,2.2,,
INSERTABLE,4614,2006-08-18,2.5,,
INSERTABLE,4615,2006-08-19,2.1,,
INSERTABLE,4616,2006-08-20,3.1,,
INSERTABLE,4617,2006-08-21,3.1,,
INSERTABLE,4618,2006-08-22,1.7,,
INSERTABLE,4619,2006-08-23,1.3,,
INSERTABLE,4620,2006-08-24,0.7,,
INSERTABLE,4621,2006-08-25,0.7,,
INSERTABLE,4622,2006-08-26,1.3,,
INSERTABLE,4623,2006-08-27,2.2,,
INSERTABLE,4624,2006-08-28,2.6,,
INSERTABLE,4625,2006-08-29,2.1,,
INSERTABLE,4626,2006-08-30,1.1,,
INSERTABLE,4627,2006-08-31,1,,
INSERTABLE,4628,2006-09-01,0,,
INSERTABLE,4629,2006-09-02,2.3,,
INSERTABLE,4630,2006-09-03,2.5,,
INSERTABLE,4631,2006-09-04,2.8,,
INSERTABLE,4632,2006-09-05,3,,
INSERTABLE,4633,2006-09-06,2.4,,
INSERTABLE,4634,2006-09-07,1.6,,
INSERTABLE,4635,2006-09-08,1.2,,
INSERTABLE,4636,2006-09-09,3.2,,
INSERTABLE,4637,2006-09-10,3.5,,
INSERTABLE,4638,2006-09-11,3.2,,
INSERTABLE,4639,2006-09-12,1,,
INSERTABLE,4640,2006-09-13,2.8,,
INSERTABLE,4641,2006-09-14,2.5,,
INSERTABLE,4642,2006-09-15,3.1,,
INSERTABLE,4643,2006-09-16,2.8,,
INSERTABLE,4644,2006-09-17,2.2,,
INSERTABLE,4645,2006-09-18,2.2,,
INSERTABLE,4646,2006-09-19,1.9,,
INSERTABLE,4647,2006-09-20,3.1,,
INSERTABLE,4648,2006-09-21,4.1,,
INSERTABLE,4649,2006-09-22,1.3,,
INSERTABLE,4650,2006-09-23,3.2,,
INSERTABLE,4651,2006-09-24,5.3,,
INSERTABLE,4652,2006-09-25,5.3,,
INSERTABLE,4653,2006-09-26,3.1,,
INSERTABLE,4654,2006-09-27,2.1,,
INSERTABLE,4655,2006-09-28,3.5,,
INSERTABLE,4656,2006-09-29,3.8,,
INSERTABLE,4657,2006-09-30,3.2,,
INSERTABLE,4658,2006-10-01,3.1,,
INSERTABLE,4659,2006-10-02,3.1,,
INSERTABLE,4660,2006-10-03,3.4,,
INSERTABLE,4661,2006-10-04,1.4,,
INSERTABLE,4662,2006-10-05,4.2,,
INSERTABLE,4663,2006-10-06,5.4,,
INSERTABLE,4664,2006-10-07,4.6,,
INSERTABLE,4665,2006-10-08,6.3,,
INSERTABLE,4666,2006-10-09,6.3,,
INSERTABLE,4667,2006-10-10,6.3,,
INSERTABLE,4668,2006-10-11,3.5,,
INSERTABLE,4669,2006-10-12,6.8,,
INSERTABLE,4670,2006-10-13,1.5,,
INSERTABLE,4671,2006-10-14,0,,
INSERTABLE,4672,2006-10-15,3.2,,
INSERTABLE,4673,2006-10-16,3.2,,
INSERTABLE,4674,2006-10-17,1.6,,
INSERTABLE,4675,2006-10-18,1.7,,
INSERTABLE,4676,2006-10-19,2.2,,
INSERTABLE,4677,2006-10-20,5,,
INSERTABLE,4678,2006-10-21,4.9,,
INSERTABLE,4679,2006-10-22,4.7,,
INSERTABLE,4680,2006-10-23,4.7,,
INSERTABLE,4681,2006-10-24,4.3,,
INSERTABLE,4682,2006-10-25,4.1,,
INSERTABLE,4683,2006-10-26,6.5,,
INSERTABLE,4684,2006-10-27,1.7,,
INSERTABLE,4685,2006-10-28,3,,
INSERTABLE,4686,2006-10-29,5.5,,
INSERTABLE,4687,2006-10-30,5.5,,
INSERTABLE,4688,2006-10-31,5.8,,
INSERTABLE,4689,2006-11-01,5.9,,
INSERTABLE,4690,2006-11-02,5.9,,
INSERTABLE,4691,2006-11-03,4,,
INSERTABLE,4692,2006-11-04,5.3,,
INSERTABLE,4693,2006-11-05,3,,
INSERTABLE,4694,2006-11-06,3,,
INSERTABLE,4695,2006-11-07,7.4,,
INSERTABLE,4696,2006-11-08,5.8,,
INSERTABLE,4697,2006-11-09,5,,
INSERTABLE,4698,2006-11-10,6.3,,
INSERTABLE,4699,2006-11-11,5.3,,
INSERTABLE,4700,2006-11-12,3.5,,
INSERTABLE,4701,2006-11-13,3.5,,
INSERTABLE,4702,2006-11-14,5.1,,
INSERTABLE,4703,2006-11-15,6,,
INSERTABLE,4704,2006-11-16,6.1,,
INSERTABLE,4705,2006-11-17,5.2,,
INSERTABLE,4706,2006-11-18,2.3,,
INSERTABLE,4707,2006-11-19,8.3,,
INSERTABLE,4708,2006-11-20,8.3,,
INSERTABLE,4709,2006-11-21,1.6,,
INSERTABLE,4710,2006-11-22,6.1,,
INSERTABLE,4711,2006-11-23,5.8,,
INSERTABLE,4712,2006-11-24,6.1,,
INSERTABLE,4713,2006-11-25,6.3,,
INSERTABLE,4714,2006-11-26,7.4,,
INSERTABLE,4715,2006-11-27,7.4,,
INSERTABLE,4716,2006-11-28,6.8,,
INSERTABLE,4717,2006-11-29,7,,
INSERTABLE,4718,2006-11-30,8.9,,
INSERTABLE,4719,2006-12-01,4,,
INSERTABLE,4720,2006-12-02,4.1,,
INSERTABLE,4721,2006-12-03,7.8,,
INSERTABLE,4722,2006-12-04,7.8,,
INSERTABLE,4723,2006-12-05,6.4,,
INSERTABLE,4724,2006-12-06,7.3,,
INSERTABLE,4725,2006-12-07,9.2,,
INSERTABLE,4726,2006-12-08,6.9,,
INSERTABLE,4727,2006-12-09,7,,
INSERTABLE,4728,2006-12-10,7,,
INSERTABLE,4729,2006-12-11,7,,
INSERTABLE,4730,2006-12-12,6.8,,
INSERTABLE,4731,2006-12-13,6.3,,
INSERTABLE,4732,2006-12-14,5.6,,
INSERTABLE,4733,2006-12-15,6,,
INSERTABLE,4734,2006-12-16,6.4,,
INSERTABLE,4735,2006-12-17,7.5,,
INSERTABLE,4736,2006-12-18,7.5,,
INSERTABLE,4737,2006-12-19,7.7,,
INSERTABLE,4738,2006-12-20,7,,
INSERTABLE,4739,2006-12-21,7.2,,
INSERTABLE,4740,2006-12-22,7.7,,
INSERTABLE,4741,2006-12-23,8,,
INSERTABLE,4742,2006-12-24,7.2,,
INSERTABLE,4743,2006-12-25,8.8,,
INSERTABLE,4745,2006-12-27,8.6,,
INSERTABLE,4746,2006-12-28,9.2,,
INSERTABLE,4747,2006-12-29,9.3,,
INSERTABLE,4748,2006-12-30,9.2,,
INSERTABLE,4749,2006-12-31,9,,
INSERTABLE,4750,2007-01-01,7.5,,
INSERTABLE,4751,2007-01-02,7.5,,
INSERTABLE,4752,2007-01-03,7.4,,
INSERTABLE,4753,2007-01-04,8.4,,
INSERTABLE,4754,2007-01-05,8.9,,
INSERTABLE,4755,2007-01-06,7.9,,
INSERTABLE,4756,2007-01-07,8.1,,
INSERTABLE,4758,2007-01-09,8.5,,
INSERTABLE,4759,2007-01-10,4,,
INSERTABLE,4760,2007-01-11,5.2,,
INSERTABLE,4761,2007-01-12,8.9,,
INSERTABLE,4762,2007-01-13,9.3,,
INSERTABLE,4763,2007-01-14,7.6,,
INSERTABLE,4764,2007-01-15,7.6,,
INSERTABLE,4765,2007-01-16,6.3,,
INSERTABLE,4766,2007-01-17,7.7,,
INSERTABLE,4767,2007-01-18,7.4,,
INSERTABLE,4768,2007-01-19,6,,
INSERTABLE,4769,2007-01-20,7,,
INSERTABLE,4770,2007-01-21,7.8,,
INSERTABLE,4771,2007-01-22,7.8,,
INSERTABLE,4772,2007-01-23,5.8,,
INSERTABLE,4773,2007-01-24,7.8,,
INSERTABLE,4774,2007-01-25,8,,
INSERTABLE,4775,2007-01-26,7.6,,
INSERTABLE,4776,2007-01-27,7.2,,
INSERTABLE,4777,2007-01-28,6.6,,
INSERTABLE,4778,2007-01-29,6.6,,
INSERTABLE,4779,2007-01-30,7.5,,
INSERTABLE,4780,2007-01-31,8.2,,
INSERTABLE,4781,2007-02-01,8.3,,
INSERTABLE,4782,2007-02-02,7.2,,
INSERTABLE,4783,2007-02-03,5.6,,
INSERTABLE,4784,2007-02-04,5.6,,
INSERTABLE,4785,2007-02-05,6.2,,
INSERTABLE,4786,2007-02-06,1.8,,
INSERTABLE,4787,2007-02-07,4.1,,
INSERTABLE,4788,2007-02-08,7.4,,
INSERTABLE,4789,2007-02-09,6.8,,
INSERTABLE,4790,2007-02-10,7,,
INSERTABLE,4791,2007-02-11,6,,
INSERTABLE,4792,2007-02-12,6,,
INSERTABLE,4793,2007-02-13,4.9,,
INSERTABLE,4794,2007-02-14,3,,
INSERTABLE,4795,2007-02-15,6.8,,
INSERTABLE,4796,2007-02-16,0,,
INSERTABLE,4797,2007-02-17,6.3,,
INSERTABLE,4798,2007-02-18,6.8,,
INSERTABLE,4799,2007-02-19,6.8,,
INSERTABLE,4800,2007-02-20,6,,
INSERTABLE,4801,2007-02-21,3,,
INSERTABLE,4802,2007-02-22,3.4,,
INSERTABLE,4803,2007-02-23,6.1,,
INSERTABLE,4804,2007-02-24,7.2,,
INSERTABLE,4805,2007-02-25,8.2,,
INSERTABLE,4806,2007-02-26,6.2,,
INSERTABLE,4807,2007-02-27,5,,
INSERTABLE,4808,2007-02-28,4.1,,
INSERTABLE,4809,2007-03-01,4,,
INSERTABLE,4810,2007-03-02,6.3,,
INSERTABLE,4811,2007-03-03,7.1,,
INSERTABLE,4812,2007-03-04,6,,
INSERTABLE,4813,2007-03-05,7,,
INSERTABLE,4814,2007-03-06,3.4,,
INSERTABLE,4815,2007-03-07,3.4,,
INSERTABLE,4816,2007-03-08,3.9,,
INSERTABLE,4817,2007-03-09,6.2,,
INSERTABLE,4818,2007-03-10,6.8,,
INSERTABLE,4819,2007-03-11,7,,
INSERTABLE,4820,2007-03-12,7,,
INSERTABLE,4821,2007-03-13,6.1,,
INSERTABLE,4822,2007-03-14,3.1,,
INSERTABLE,4823,2007-03-15,3.3,,
INSERTABLE,4824,2007-03-16,2.6,,
INSERTABLE,4825,2007-03-17,5.9,,
INSERTABLE,4826,2007-03-18,5.5,,
INSERTABLE,4827,2007-03-19,5.5,,
INSERTABLE,4828,2007-03-20,2,,
INSERTABLE,4829,2007-03-21,3.2,,
INSERTABLE,4830,2007-03-22,4.1,,
INSERTABLE,4831,2007-03-23,3.2,,
INSERTABLE,4832,2007-03-24,3.6,,
INSERTABLE,4833,2007-03-25,2.7,,
INSERTABLE,4834,2007-03-26,1.9,,
INSERTABLE,4835,2007-03-27,1,,
INSERTABLE,4836,2007-03-28,2.8,,
INSERTABLE,4837,2007-03-29,1.1,,
INSERTABLE,4838,2007-03-30,4.1,,
INSERTABLE,4839,2007-03-31,4.3,,
INSERTABLE,4840,2007-04-01,4.1,,
INSERTABLE,4841,2007-04-02,4,,
INSERTABLE,4842,2007-04-03,4.3,,
INSERTABLE,4843,2007-04-04,1,,
INSERTABLE,4844,2007-04-05,3.5,,
INSERTABLE,4845,2007-04-06,3.5,,
INSERTABLE,4846,2007-04-07,5.6,,
INSERTABLE,4847,2007-04-08,2.4,,
INSERTABLE,4848,2007-04-09,1.1,,
INSERTABLE,4849,2007-04-10,2.4,,
INSERTABLE,4850,2007-04-11,4.1,,
INSERTABLE,4851,2007-04-12,4.6,,
INSERTABLE,4852,2007-04-13,3.8,,
INSERTABLE,4853,2007-04-14,3.1,,
INSERTABLE,4854,2007-04-15,3.1,,
INSERTABLE,4855,2007-04-16,2.1,,
INSERTABLE,4856,2007-04-17,3.6,,
INSERTABLE,4857,2007-04-18,3.2,,
INSERTABLE,4858,2007-04-19,3.1,,
INSERTABLE,4859,2007-04-20,3,,
INSERTABLE,4860,2007-04-21,1.1,,
INSERTABLE,4861,2007-04-22,1.1,,
INSERTABLE,4862,2007-04-23,0.8,,
INSERTABLE,4863,2007-04-24,2.1,,
INSERTABLE,4864,2007-04-25,2.6,,
INSERTABLE,4865,2007-04-26,3.1,,
INSERTABLE,4866,2007-04-27,2.7,,
INSERTABLE,4867,2007-04-28,2.1,,
INSERTABLE,4868,2007-04-29,2.1,,
INSERTABLE,4869,2007-04-30,1.7,,
INSERTABLE,4870,2007-05-01,1.7,,
INSERTABLE,4871,2007-05-02,3.1,,
INSERTABLE,4872,2007-05-03,1.9,,
INSERTABLE,4873,2007-05-04,2.1,,
INSERTABLE,4874,2007-05-05,2,,
INSERTABLE,4875,2007-05-06,2.8,,
INSERTABLE,4876,2007-05-07,2.2,,
INSERTABLE,4877,2007-05-08,2.5,,
INSERTABLE,4878,2007-05-09,1.8,,
INSERTABLE,4879,2007-05-10,2.1,,
INSERTABLE,4880,2007-05-11,1.7,,
INSERTABLE,4881,2007-05-12,0.8,,
INSERTABLE,4882,2007-05-13,0.8,,
INSERTABLE,4883,2007-05-14,1.1,,
INSERTABLE,4884,2007-05-15,0.5,,
INSERTABLE,4885,2007-05-16,2.2,,
INSERTABLE,4886,2007-05-17,1.7,,
INSERTABLE,4887,2007-05-18,1.4,,
INSERTABLE,4888,2007-05-19,1,,
INSERTABLE,4889,2007-05-20,0.9,,
INSERTABLE,4890,2007-05-21,0.9,,
INSERTABLE,4891,2007-05-22,1.4,,
INSERTABLE,4892,2007-05-23,1.7,,
INSERTABLE,4893,2007-05-24,0.9,,
INSERTABLE,4894,2007-05-25,0.8,,
INSERTABLE,4895,2007-05-26,1.2,,
INSERTABLE,4896,2007-05-27,1.2,,
INSERTABLE,4897,2007-05-28,1.1,,
INSERTABLE,4898,2007-05-29,0.6,,
INSERTABLE,4899,2007-05-30,0.3,,
INSERTABLE,4900,2007-05-31,0,,
INSERTABLE,4901,2007-06-01,1.4,,
INSERTABLE,4902,2007-06-02,1.6,,
INSERTABLE,4903,2007-06-03,1.6,,
INSERTABLE,4904,2007-06-04,0.9,,
INSERTABLE,4905,2007-06-05,0.5,,
INSERTABLE,4906,2007-06-06,1.2,,
INSERTABLE,4907,2007-06-07,1.5,,
INSERTABLE,4908,2007-06-08,0.7,,
INSERTABLE,4909,2007-06-09,1.2,,
INSERTABLE,4910,2007-06-10,1.2,,
INSERTABLE,4911,2007-06-11,0.7,,
INSERTABLE,4912,2007-06-12,0,,
INSERTABLE,4913,2007-06-13,0,,
INSERTABLE,4914,2007-06-14,0,,
INSERTABLE,4915,2007-06-15,0.8,,
INSERTABLE,4916,2007-06-16,0.5,,
INSERTABLE,4917,2007-06-17,0.8,,
INSERTABLE,4918,2007-06-18,1.1,,
INSERTABLE,4919,2007-06-19,0,,
INSERTABLE,4920,2007-06-20,0,,
INSERTABLE,4921,2007-06-21,1,,
INSERTABLE,4922,2007-06-22,0,,
INSERTABLE,4923,2007-06-23,1,,
INSERTABLE,4924,2007-06-24,1,,
INSERTABLE,4925,2007-06-25,0.5,,
INSERTABLE,4926,2007-06-26,0.9,,
INSERTABLE,4927,2007-06-27,1.1,,
INSERTABLE,4928,2007-06-28,1.4,,
INSERTABLE,4929,2007-06-29,0.7,,
INSERTABLE,4930,2007-06-30,0.7,,
INSERTABLE,4931,2007-07-01,1,,
INSERTABLE,4932,2007-07-02,1.4,,
INSERTABLE,4933,2007-07-03,1.2,,
INSERTABLE,4934,2007-07-04,0,,
INSERTABLE,4935,2007-07-05,0,,
INSERTABLE,4936,2007-07-06,0,,
INSERTABLE,4937,2007-07-07,0,,
INSERTABLE,4938,2007-07-08,0,,
INSERTABLE,4939,2007-07-09,0,,
INSERTABLE,4940,2007-07-10,0,,
INSERTABLE,4941,2007-07-11,0,,
INSERTABLE,4942,2007-07-12,0,,
INSERTABLE,4943,2007-07-13,0,,
INSERTABLE,4944,2007-07-14,0.7,,
INSERTABLE,4945,2007-07-15,1.3,,
INSERTABLE,4946,2007-07-16,0.5,,
INSERTABLE,4947,2007-07-17,1.4,,
INSERTABLE,4948,2007-07-18,1.1,,
INSERTABLE,4949,2007-07-19,0.8,,
INSERTABLE,4950,2007-07-20,1,,
INSERTABLE,4951,2007-07-21,0,,
INSERTABLE,4952,2007-07-22,1,,
INSERTABLE,4953,2007-07-23,0,,
INSERTABLE,4954,2007-07-24,1.3,,
INSERTABLE,4955,2007-07-25,1.5,,
INSERTABLE,4956,2007-07-26,2.1,,
INSERTABLE,4957,2007-07-27,1.2,,
INSERTABLE,4958,2007-07-28,0.8,,
INSERTABLE,4959,2007-07-29,0.8,,
INSERTABLE,4960,2007-07-30,1,,
INSERTABLE,4961,2007-07-31,0.7,,
INSERTABLE,4962,2007-08-01,0.5,,
INSERTABLE,4963,2007-08-02,0.5,,
INSERTABLE,4964,2007-08-03,1.2,,
INSERTABLE,4965,2007-08-04,0.7,,
INSERTABLE,4966,2007-08-05,0.7,,
INSERTABLE,4967,2007-08-06,1.3,,
INSERTABLE,4968,2007-08-07,1.6,,
INSERTABLE,4969,2007-08-08,0,,
INSERTABLE,4970,2007-08-09,0.8,,
INSERTABLE,4971,2007-08-10,1.7,,
INSERTABLE,4972,2007-08-11,1.9,,
INSERTABLE,4973,2007-08-12,0.9,,
INSERTABLE,4974,2007-08-13,0,,
INSERTABLE,4975,2007-08-14,0.5,,
INSERTABLE,4976,2007-08-15,0.5,,
INSERTABLE,4977,2007-08-16,1.1,,
INSERTABLE,4978,2007-08-17,2,,
INSERTABLE,4979,2007-08-18,2.5,,
INSERTABLE,4980,2007-08-19,2.5,,
INSERTABLE,4981,2007-08-20,1.9,,
INSERTABLE,4982,2007-08-21,1.4,,
INSERTABLE,4983,2007-08-22,1.4,,
INSERTABLE,4984,2007-08-23,1.8,,
INSERTABLE,4985,2007-08-24,0.8,,
INSERTABLE,4986,2007-08-25,2.6,,
INSERTABLE,4987,2007-08-26,2.6,,
INSERTABLE,4988,2007-08-27,2.3,,
INSERTABLE,4989,2007-08-28,2.5,,
INSERTABLE,4990,2007-08-29,2.6,,
INSERTABLE,4991,2007-08-30,2.1,,
INSERTABLE,4992,2007-08-31,2,,
INSERTABLE,4993,2007-09-01,1.2,,
INSERTABLE,4994,2007-09-02,0.7,,
INSERTABLE,4995,2007-09-03,0.4,,
INSERTABLE,4996,2007-09-04,2,,
INSERTABLE,4997,2007-09-05,2.2,,
INSERTABLE,4998,2007-09-06,2,,
INSERTABLE,4999,2007-09-07,2.2,,
INSERTABLE,5000,2007-09-08,1.5,,
INSERTABLE,5001,2007-09-09,1.5,,
INSERTABLE,5002,2007-09-10,2.4,,
INSERTABLE,5003,2007-09-11,3,,
INSERTABLE,5004,2007-09-12,1.3,,
INSERTABLE,5005,2007-09-13,2,,
INSERTABLE,5006,2007-09-14,1.2,,
INSERTABLE,5007,2007-09-15,3,,
INSERTABLE,5008,2007-09-16,3,,
INSERTABLE,5009,2007-09-17,3,,
INSERTABLE,5010,2007-09-18,3.2,,
INSERTABLE,5011,2007-09-19,3.2,,
INSERTABLE,5012,2007-09-20,3.2,,
INSERTABLE,5013,2007-09-21,3,,
INSERTABLE,5014,2007-09-22,3.2,,
INSERTABLE,5015,2007-09-23,3.2,,
INSERTABLE,5016,2007-09-24,4.2,,
INSERTABLE,5017,2007-09-25,2,,
INSERTABLE,5018,2007-09-26,3,,
INSERTABLE,5019,2007-09-27,3,,
INSERTABLE,5020,2007-09-28,3.2,,
INSERTABLE,5021,2007-09-29,3,,
INSERTABLE,5022,2007-09-30,3,,
INSERTABLE,5023,2007-10-01,2,,
INSERTABLE,5024,2007-10-02,3.3,,
INSERTABLE,5025,2007-10-03,3.5,,
INSERTABLE,5026,2007-10-04,3.1,,
INSERTABLE,5027,2007-10-05,3.8,,
INSERTABLE,5028,2007-10-06,4,,
INSERTABLE,5029,2007-10-07,4,,
INSERTABLE,5030,2007-10-08,1.6,,
INSERTABLE,5031,2007-10-09,3.8,,
INSERTABLE,5032,2007-10-10,4.2,,
INSERTABLE,5033,2007-10-11,5,,
INSERTABLE,5034,2007-10-12,4.8,,
INSERTABLE,5035,2007-10-13,4,,
INSERTABLE,5036,2007-10-14,4,,
INSERTABLE,5037,2007-10-15,3.3,,
INSERTABLE,5038,2007-10-16,6.2,,
INSERTABLE,5039,2007-10-17,5.9,,
INSERTABLE,5040,2007-10-18,6.3,,
INSERTABLE,5041,2007-10-19,6.1,,
INSERTABLE,5042,2007-10-20,5.2,,
INSERTABLE,5043,2007-10-21,6.4,,
INSERTABLE,5044,2007-10-22,5,,
INSERTABLE,5045,2007-10-23,5.3,,
INSERTABLE,5046,2007-10-24,1.2,,
INSERTABLE,5047,2007-10-25,6.2,,
INSERTABLE,5048,2007-10-26,6.4,,
INSERTABLE,5049,2007-10-27,6,,
INSERTABLE,5050,2007-10-28,5,,
INSERTABLE,5051,2007-10-29,5.3,,
INSERTABLE,5052,2007-10-30,5,,
INSERTABLE,5053,2007-10-31,2.85,,
INSERTABLE,5054,2007-11-01,2.85,,
INSERTABLE,5055,2007-11-02,5.1,,
INSERTABLE,5056,2007-11-03,7.1,,
INSERTABLE,5057,2007-11-04,7.1,,
INSERTABLE,5058,2007-11-05,6.8,,
INSERTABLE,5059,2007-11-06,7.7,,
INSERTABLE,5060,2007-11-07,7,,
INSERTABLE,5061,2007-11-08,1.5,,
INSERTABLE,5062,2007-11-09,1.9,,
INSERTABLE,5063,2007-11-10,7.6,,
INSERTABLE,5064,2007-11-11,7.6,,
INSERTABLE,5065,2007-11-12,7.1,,
INSERTABLE,5066,2007-11-13,6.9,,
INSERTABLE,5067,2007-11-14,8.2,,
INSERTABLE,5068,2007-11-15,6.8,,
INSERTABLE,5069,2007-11-16,7.1,,
INSERTABLE,5070,2007-11-17,7.2,,
INSERTABLE,5071,2007-11-18,8.3,,
INSERTABLE,5072,2007-11-19,10.4,,
INSERTABLE,5073,2007-11-20,7.5,,
INSERTABLE,5074,2007-11-21,5.6,,
INSERTABLE,5075,2007-11-22,6.1,,
INSERTABLE,5076,2007-11-23,7.8,,
INSERTABLE,5077,2007-11-24,5.9,,
INSERTABLE,5078,2007-11-25,5.9,,
INSERTABLE,5079,2007-11-26,5.2,,
INSERTABLE,5080,2007-11-27,6,,
INSERTABLE,5081,2007-11-28,7.2,,
INSERTABLE,5082,2007-11-29,7.4,,
INSERTABLE,5083,2007-11-30,6.1,,
INSERTABLE,5084,2007-12-01,7.9,,
INSERTABLE,5085,2007-12-02,7.9,,
INSERTABLE,5086,2007-12-03,6.6,,
INSERTABLE,5087,2007-12-04,7.2,,
INSERTABLE,5088,2007-12-05,7.8,,
INSERTABLE,5089,2007-12-06,7.4,,
INSERTABLE,5090,2007-12-07,7.7,,
INSERTABLE,5091,2007-12-08,6.4,,
INSERTABLE,5092,2007-12-09,6.4,,
INSERTABLE,5093,2007-12-10,8,,
INSERTABLE,5094,2007-12-11,9.3,,
INSERTABLE,5095,2007-12-12,8.1,,
INSERTABLE,5096,2007-12-13,5.7,,
INSERTABLE,5097,2007-12-14,7.4,,
INSERTABLE,5098,2007-12-15,7.1,,
INSERTABLE,5099,2007-12-16,7.1,,
INSERTABLE,5100,2007-12-17,6.4,,
INSERTABLE,5101,2007-12-18,7.3,,
INSERTABLE,5102,2007-12-19,6.1,,
INSERTABLE,5103,2007-12-20,5.8,,
INSERTABLE,5104,2007-12-21,6,,
INSERTABLE,5105,2007-12-22,7.1,,
INSERTABLE,5106,2007-12-23,7.1,,
INSERTABLE,5107,2007-12-24,6.1,,
INSERTABLE,5108,2007-12-25,6.1,,
INSERTABLE,5109,2007-12-26,5,,
INSERTABLE,5110,2007-12-27,6.7,,
INSERTABLE,5111,2007-12-28,6.4,,
INSERTABLE,5112,2007-12-29,8,,
INSERTABLE,5113,2007-12-30,8,,
INSERTABLE,5114,2007-12-31,8.5,,
INSERTABLE,5115,2008-01-01,8.5,,
INSERTABLE,5116,2008-01-02,8.2,,
INSERTABLE,5117,2008-01-03,8,,
INSERTABLE,5118,2008-01-04,8.2,,
INSERTABLE,5119,2008-01-05,8.1,,
INSERTABLE,5120,2008-01-06,7.5,,
INSERTABLE,5121,2008-01-07,7.2,,
INSERTABLE,5122,2008-01-08,7,,
INSERTABLE,5123,2008-01-09,8.1,,
INSERTABLE,5124,2008-01-10,8.5,,
INSERTABLE,5125,2008-01-11,11,,
INSERTABLE,5126,2008-01-12,8.1,,
INSERTABLE,5127,2008-01-13,8.1,,
INSERTABLE,5128,2008-01-14,8.4,,
INSERTABLE,5129,2008-01-15,9.4,,
INSERTABLE,5130,2008-01-16,8.1,,
INSERTABLE,5131,2008-01-17,7.2,,
INSERTABLE,5132,2008-01-18,7.4,,
INSERTABLE,5133,2008-01-19,7.3,,
INSERTABLE,5134,2008-01-20,7.3,,
INSERTABLE,5135,2008-01-21,7.5,,
INSERTABLE,5136,2008-01-22,7.1,,
INSERTABLE,5137,2008-01-23,7,,
INSERTABLE,5138,2008-01-24,7.4,,
INSERTABLE,5139,2008-01-25,7.5,,
INSERTABLE,5140,2008-01-26,8.2,,
INSERTABLE,5141,2008-01-27,8.2,,
INSERTABLE,5142,2008-01-28,6.4,,
INSERTABLE,5143,2008-01-29,4.6,,
INSERTABLE,5144,2008-01-30,7,,
INSERTABLE,5145,2008-01-31,6.8,,
INSERTABLE,5146,2008-02-01,7.4,,
INSERTABLE,5147,2008-02-02,7.4,,
INSERTABLE,5148,2008-02-03,7.4,,
INSERTABLE,5149,2008-02-04,4,,
INSERTABLE,5150,2008-02-05,6,,
INSERTABLE,5151,2008-02-06,6.4,,
INSERTABLE,5152,2008-02-07,7.6,,
INSERTABLE,5153,2008-02-08,6.7,,
INSERTABLE,5154,2008-02-09,8,,
INSERTABLE,5155,2008-02-10,8,,
INSERTABLE,5156,2008-02-11,6.6,,
INSERTABLE,5157,2008-02-12,6,,
INSERTABLE,5158,2008-02-13,7.8,,
INSERTABLE,5159,2008-02-14,7,,
INSERTABLE,5160,2008-02-15,7.4,,
INSERTABLE,5161,2008-02-16,7.1,,
INSERTABLE,5162,2008-02-17,7.1,,
INSERTABLE,5163,2008-02-18,7.9,,
INSERTABLE,5164,2008-02-19,7.8,,
INSERTABLE,5165,2008-02-20,6.6,,
INSERTABLE,5166,2008-02-21,5.2,,
INSERTABLE,5167,2008-02-22,7,,
INSERTABLE,5168,2008-02-23,7.2,,
INSERTABLE,5169,2008-02-24,7.2,,
INSERTABLE,5170,2008-02-25,7,,
INSERTABLE,5171,2008-02-26,5.8,,
INSERTABLE,5172,2008-02-27,5.3,,
INSERTABLE,5173,2008-02-28,6.2,,
INSERTABLE,5174,2008-02-29,5,,
INSERTABLE,5175,2008-03-01,8.4,,
INSERTABLE,5176,2008-03-02,8.4,,
INSERTABLE,5177,2008-03-03,7.6,,
INSERTABLE,5178,2008-03-04,7.2,,
INSERTABLE,5179,2008-03-05,6,,
INSERTABLE,5180,2008-03-06,3.6,,
INSERTABLE,5181,2008-03-07,0,,
INSERTABLE,5182,2008-03-08,5.4,,
INSERTABLE,5183,2008-03-09,5.4,,
INSERTABLE,5184,2008-03-10,3.4,,
INSERTABLE,5185,2008-03-11,4.6,,
INSERTABLE,5186,2008-03-12,4.7,,
INSERTABLE,5187,2008-03-13,4.4,,
INSERTABLE,5188,2008-03-14,3,,
INSERTABLE,5189,2008-03-15,5,,
INSERTABLE,5190,2008-03-16,5,,
INSERTABLE,5191,2008-03-17,5.6,,
INSERTABLE,5192,2008-03-18,4.6,,
INSERTABLE,5193,2008-03-19,6.4,,
INSERTABLE,5194,2008-03-20,4.3,,
INSERTABLE,5195,2008-03-21,4.3,,
INSERTABLE,5196,2008-03-22,4.3,,
INSERTABLE,5197,2008-03-23,4.1,,
INSERTABLE,5198,2008-03-24,4.8,,
INSERTABLE,5199,2008-03-25,4.9,,
INSERTABLE,5200,2008-03-26,4.7,,
INSERTABLE,5201,2008-03-27,5,,
INSERTABLE,5202,2008-03-28,4.5,,
INSERTABLE,5203,2008-03-29,4.2,,
INSERTABLE,5204,2008-03-30,4.5,,
INSERTABLE,5205,2008-03-31,4.3,,
INSERTABLE,5206,2008-04-01,4.5,,
INSERTABLE,5207,2008-04-02,3.8,,
INSERTABLE,5208,2008-04-03,3,,
INSERTABLE,5209,2008-04-04,3.3,,
INSERTABLE,5210,2008-04-05,3.9,,
INSERTABLE,5211,2008-04-06,3.9,,
INSERTABLE,5212,2008-04-07,4.2,,
INSERTABLE,5213,2008-04-08,6.4,,
INSERTABLE,5214,2008-04-09,3.5,,
INSERTABLE,5215,2008-04-10,3.6,,
INSERTABLE,5216,2008-04-11,4.3,,
INSERTABLE,5217,2008-04-12,3.7,,
INSERTABLE,5218,2008-04-13,3.7,,
INSERTABLE,5219,2008-04-14,3.1,,
INSERTABLE,5220,2008-04-15,2.8,,
INSERTABLE,5221,2008-04-16,3.2,,
INSERTABLE,5222,2008-04-17,4.2,,
INSERTABLE,5223,2008-04-18,4.1,,
INSERTABLE,5224,2008-04-19,3.6,,
INSERTABLE,5225,2008-04-20,3.6,,
INSERTABLE,5226,2008-04-21,1.6,,
INSERTABLE,5227,2008-04-22,2.1,,
INSERTABLE,5228,2008-04-23,2,,
INSERTABLE,5229,2008-04-24,2.4,,
INSERTABLE,5230,2008-04-25,1,,
INSERTABLE,5231,2008-04-26,1.5,,
INSERTABLE,5232,2008-04-27,0,,
INSERTABLE,5233,2008-04-28,0.4,,
INSERTABLE,5234,2008-04-29,0,,
INSERTABLE,5235,2008-04-30,1.1,,
INSERTABLE,5236,2008-05-01,1.1,,
INSERTABLE,5237,2008-05-02,2.4,,
INSERTABLE,5238,2008-05-03,2.1,,
INSERTABLE,5239,2008-05-04,2.1,,
INSERTABLE,5240,2008-05-05,2,,
INSERTABLE,5241,2008-05-06,1,,
INSERTABLE,5242,2008-05-07,1.1,,
INSERTABLE,5243,2008-05-08,1,,
INSERTABLE,5244,2008-05-09,2.2,,
INSERTABLE,5245,2008-05-10,1.2,,
INSERTABLE,5246,2008-05-11,1.1,,
INSERTABLE,5247,2008-05-12,2.2,,
INSERTABLE,5248,2008-05-13,1,,
INSERTABLE,5249,2008-05-14,1.1,,
INSERTABLE,5250,2008-05-15,1,,
INSERTABLE,5251,2008-05-16,1.1,,
INSERTABLE,5252,2008-05-17,1.2,,
INSERTABLE,5253,2008-05-18,0,,
INSERTABLE,5254,2008-05-19,1,,
INSERTABLE,5255,2008-05-20,1.2,,
INSERTABLE,5256,2008-05-21,0,,
INSERTABLE,5257,2008-05-22,0,,
INSERTABLE,5258,2008-05-23,3.1,,
INSERTABLE,5259,2008-05-24,1,,
INSERTABLE,5260,2008-05-25,1,,
INSERTABLE,5261,2008-05-26,0,,
INSERTABLE,5262,2008-05-27,0,,
INSERTABLE,5263,2008-05-28,1.1,,
INSERTABLE,5264,2008-05-29,1.2,,
INSERTABLE,5265,2008-05-30,0.3,,
INSERTABLE,5266,2008-05-31,0.5,,
INSERTABLE,5267,2008-06-01,0.5,,
INSERTABLE,5268,2008-06-02,0.6,,
INSERTABLE,5269,2008-06-03,0.2,,
INSERTABLE,5270,2008-06-04,0,,
INSERTABLE,5271,2008-06-05,0.7,,
INSERTABLE,5272,2008-06-06,1.1,,
INSERTABLE,5273,2008-06-07,1.2,,
INSERTABLE,5274,2008-06-08,1.2,,
INSERTABLE,5275,2008-06-09,1.3,,
INSERTABLE,5276,2008-06-10,1.5,,
INSERTABLE,5277,2008-06-11,1.3,,
INSERTABLE,5278,2008-06-12,1,,
INSERTABLE,5279,2008-06-13,1,,
INSERTABLE,5280,2008-06-14,1.5,,
INSERTABLE,5281,2008-06-15,1.5,,
INSERTABLE,5282,2008-06-16,0.7,,
INSERTABLE,5283,2008-06-17,0.6,,
INSERTABLE,5284,2008-06-18,0,,
INSERTABLE,5285,2008-06-19,0,,
INSERTABLE,5286,2008-06-20,0.4,,
INSERTABLE,5287,2008-06-21,0.6,,
INSERTABLE,5288,2008-06-22,0.6,,
INSERTABLE,5289,2008-06-23,0.4,,
INSERTABLE,5290,2008-06-24,0.5,,
INSERTABLE,5291,2008-06-25,0.6,,
INSERTABLE,5292,2008-06-26,0.7,,
INSERTABLE,5293,2008-06-27,0.9,,
INSERTABLE,5294,2008-06-28,0.8,,
INSERTABLE,5295,2008-06-29,0.8,,
INSERTABLE,5296,2008-06-30,0.9,,
INSERTABLE,5297,2008-07-01,1.1,,
INSERTABLE,5298,2008-07-02,1.1,,
INSERTABLE,5299,2008-07-03,0.8,,
INSERTABLE,5300,2008-07-04,0.8,,
INSERTABLE,5301,2008-07-05,1.1,,
INSERTABLE,5302,2008-07-06,1.1,,
INSERTABLE,5303,2008-07-07,1,,
INSERTABLE,5304,2008-07-08,1,,
INSERTABLE,5305,2008-07-09,1,,
INSERTABLE,5306,2008-07-10,1,,
INSERTABLE,5307,2008-07-11,1,,
INSERTABLE,5308,2008-07-12,1,,
INSERTABLE,5309,2008-07-13,1,,
INSERTABLE,5310,2008-07-14,1,,
INSERTABLE,5311,2008-07-15,1,,
INSERTABLE,5312,2008-07-16,1,,
INSERTABLE,5313,2008-07-17,1,,
INSERTABLE,5314,2008-07-18,1,,
INSERTABLE,5315,2008-07-19,1,,
INSERTABLE,5316,2008-07-20,1,,
INSERTABLE,5317,2008-07-21,1,,
INSERTABLE,5318,2008-07-22,1,,
INSERTABLE,5319,2008-07-23,1,,
INSERTABLE,5320,2008-07-24,1,,
INSERTABLE,5321,2008-07-25,1,,
INSERTABLE,5322,2008-07-26,1,,
INSERTABLE,5323,2008-07-27,1,,
INSERTABLE,5324,2008-07-28,1,,
INSERTABLE,5325,2008-07-29,1,,
INSERTABLE,5326,2008-07-30,1,,
INSERTABLE,5327,2008-07-31,1,,
INSERTABLE,5328,2008-08-01,0,,
INSERTABLE,5329,2008-08-02,0.5,,
INSERTABLE,5330,2008-08-03,0.5,,
INSERTABLE,5331,2008-08-04,0,,
INSERTABLE,5332,2008-08-05,1.9,,
INSERTABLE,5333,2008-08-06,1.7,,
INSERTABLE,5334,2008-08-07,1.8,,
INSERTABLE,5335,2008-08-08,2.2,,
INSERTABLE,5336,2008-08-09,1.3,,
INSERTABLE,5337,2008-08-10,1.3,,
INSERTABLE,5338,2008-08-11,1.5,,
INSERTABLE,5339,2008-08-12,1.8,,
INSERTABLE,5340,2008-08-13,0.8,,
INSERTABLE,5341,2008-08-14,0,,
INSERTABLE,5342,2008-08-15,0,,
INSERTABLE,5343,2008-08-16,0.8,,
INSERTABLE,5344,2008-08-17,0.8,,
INSERTABLE,5345,2008-08-18,0.6,,
INSERTABLE,5346,2008-08-19,2.3,,
INSERTABLE,5347,2008-08-20,2.1,,
INSERTABLE,5348,2008-08-21,2,,
INSERTABLE,5349,2008-08-22,1.9,,
INSERTABLE,5350,2008-08-23,2.3,,
INSERTABLE,5351,2008-08-24,2.3,,
INSERTABLE,5352,2008-08-25,1.8,,
INSERTABLE,5353,2008-08-26,0,,
INSERTABLE,5354,2008-08-27,0,,
INSERTABLE,5355,2008-08-28,2.3,,
INSERTABLE,5356,2008-08-29,2.8,,
INSERTABLE,5357,2008-08-30,2.6,,
INSERTABLE,5358,2008-08-31,2.6,,
INSERTABLE,5359,2008-09-01,1.8,,
INSERTABLE,5360,2008-09-02,0,,
INSERTABLE,5361,2008-09-03,0,,
INSERTABLE,5362,2008-09-04,0,,
INSERTABLE,5363,2008-09-05,1,,
INSERTABLE,5364,2008-09-06,1.6,,
INSERTABLE,5365,2008-09-07,1.6,,
INSERTABLE,5366,2008-09-08,2,,
INSERTABLE,5367,2008-09-09,1.6,,
INSERTABLE,5368,2008-09-10,2.2,,
INSERTABLE,5369,2008-09-11,2.6,,
INSERTABLE,5370,2008-09-12,2.9,,
INSERTABLE,5371,2008-09-13,3.1,,
INSERTABLE,5372,2008-09-14,3.1,,
INSERTABLE,5373,2008-09-15,3,,
INSERTABLE,5374,2008-09-16,2.2,,
INSERTABLE,5375,2008-09-17,3.4,,
INSERTABLE,5376,2008-09-18,3.4,,
INSERTABLE,5377,2008-09-19,3.4,,
INSERTABLE,5378,2008-09-20,3.4,,
INSERTABLE,5379,2008-09-21,3.4,,
INSERTABLE,5380,2008-09-22,0.6,,
INSERTABLE,5381,2008-09-23,2.8,,
INSERTABLE,5382,2008-09-24,3.5,,
INSERTABLE,5383,2008-09-25,1.1,,
INSERTABLE,5384,2008-09-26,2,,
INSERTABLE,5385,2008-09-27,4.6,,
INSERTABLE,5386,2008-09-28,4.6,,
INSERTABLE,5387,2008-09-29,3,,
INSERTABLE,5388,2008-09-30,1.4,,
INSERTABLE,5389,2008-10-01,3.6,,
INSERTABLE,5390,2008-10-02,2.4,,
INSERTABLE,5391,2008-10-03,2.8,,
INSERTABLE,5392,2008-10-04,4.2,,
INSERTABLE,5393,2008-10-05,4.2,,
INSERTABLE,5394,2008-10-06,3.2,,
INSERTABLE,5395,2008-10-07,2,,
INSERTABLE,5396,2008-10-08,1.5,,
INSERTABLE,5397,2008-10-09,2.3,,
INSERTABLE,5398,2008-10-10,1.4,,
INSERTABLE,5399,2008-10-11,2.1,,
INSERTABLE,5400,2008-10-12,2.1,,
INSERTABLE,5401,2008-10-13,3,,
INSERTABLE,5402,2008-10-14,4,,
INSERTABLE,5403,2008-10-15,4.7,,
INSERTABLE,5404,2008-10-16,4.5,,
INSERTABLE,5405,2008-10-17,5.8,,
INSERTABLE,5406,2008-10-18,6.4,,
INSERTABLE,5407,2008-10-19,6.4,,
INSERTABLE,5408,2008-10-20,4.7,,
INSERTABLE,5409,2008-10-21,5.4,,
INSERTABLE,5410,2008-10-22,5.9,,
INSERTABLE,5411,2008-10-23,5.8,,
INSERTABLE,5412,2008-10-24,4.9,,
INSERTABLE,5413,2008-10-25,4.8,,
INSERTABLE,5414,2008-10-26,4.8,,
INSERTABLE,5415,2008-10-27,1.7,,
INSERTABLE,5416,2008-10-28,4.9,,
INSERTABLE,5417,2008-10-29,5.8,,
INSERTABLE,5418,2008-10-30,4.1,,
INSERTABLE,5419,2008-10-31,4.1,,
INSERTABLE,5420,2008-11-01,4.1,,
INSERTABLE,5421,2008-11-02,4.1,,
INSERTABLE,5422,2008-11-03,1.9,,
INSERTABLE,5423,2008-11-04,4.7,,
INSERTABLE,5424,2008-11-05,3.9,,
INSERTABLE,5425,2008-11-06,3.7,,
INSERTABLE,5426,2008-11-07,4.4,,
INSERTABLE,5427,2008-11-08,6.7,,
INSERTABLE,5428,2008-11-09,6.7,,
INSERTABLE,5429,2008-11-10,7.6,,
INSERTABLE,5430,2008-11-11,8.2,,
INSERTABLE,5431,2008-11-12,5.9,,
INSERTABLE,5432,2008-11-13,2.4,,
INSERTABLE,5433,2008-11-14,2.3,,
INSERTABLE,5434,2008-11-15,5.5,,
INSERTABLE,5435,2008-11-16,5.5,,
INSERTABLE,5436,2008-11-17,5.6,,
INSERTABLE,5437,2008-11-18,5,,
INSERTABLE,5438,2008-11-19,5.3,,
INSERTABLE,5439,2008-11-20,5.7,,
INSERTABLE,5440,2008-11-21,6.2,,
INSERTABLE,5441,2008-11-22,7.5,,
INSERTABLE,5442,2008-11-23,7.5,,
INSERTABLE,5443,2008-11-24,7.4,,
INSERTABLE,5444,2008-11-25,6.4,,
INSERTABLE,5445,2008-11-26,3,,
INSERTABLE,5446,2008-11-27,5.1,,
INSERTABLE,5447,2008-11-28,7,,
INSERTABLE,5448,2008-11-29,7.5,,
INSERTABLE,5449,2008-11-30,7.5,,
INSERTABLE,5450,2008-12-01,3,,
INSERTABLE,5451,2008-12-02,2.8,,
INSERTABLE,5452,2008-12-03,3.9,,
INSERTABLE,5453,2008-12-04,5.8,,
INSERTABLE,5454,2008-12-05,6.2,,
INSERTABLE,5455,2008-12-06,6.8,,
INSERTABLE,5456,2008-12-07,6.8,,
INSERTABLE,5457,2008-12-08,6.8,,
INSERTABLE,5458,2008-12-09,6.8,,
INSERTABLE,5459,2008-12-10,7.2,,
INSERTABLE,5460,2008-12-11,5,,
INSERTABLE,5461,2008-12-12,6.1000000000000005,,
INSERTABLE,5462,2008-12-13,6.1,,
INSERTABLE,5463,2008-12-14,6.1,,
INSERTABLE,5464,2008-12-15,2,,
INSERTABLE,5465,2008-12-16,1.8,,
INSERTABLE,5466,2008-12-17,5.8,,
INSERTABLE,5467,2008-12-18,7.4,,
INSERTABLE,5468,2008-12-19,7.3,,
INSERTABLE,5469,2008-12-20,8.2,,
INSERTABLE,5470,2008-12-21,8.2,,
INSERTABLE,5471,2008-12-22,7.6,,
INSERTABLE,5472,2008-12-23,7.3,,
INSERTABLE,5473,2008-12-24,6.6,,
INSERTABLE,5474,2008-12-25,6.6,,
INSERTABLE,5475,2008-12-26,4.8,,
INSERTABLE,5476,2008-12-27,7,,
INSERTABLE,5477,2008-12-28,7,,
INSERTABLE,5478,2008-12-29,7.2,,
INSERTABLE,5479,2008-12-30,5.8,,
INSERTABLE,5480,2008-12-31,5.5,,
INSERTABLE,5481,2009-01-01,5.5,,
INSERTABLE,5482,2009-01-02,6.3,,
INSERTABLE,5483,2009-01-03,6.1,,
INSERTABLE,5484,2009-01-04,6.1,,
INSERTABLE,5485,2009-01-05,7.1,,
INSERTABLE,5486,2009-01-06,7.8,,
INSERTABLE,5487,2009-01-07,7.3,,
INSERTABLE,5488,2009-01-08,8,,
INSERTABLE,5489,2009-01-09,7.3,,
INSERTABLE,5490,2009-01-10,7.9,,
INSERTABLE,5491,2009-01-11,7.9,,
INSERTABLE,5492,2009-01-12,7.5,,
INSERTABLE,5493,2009-01-13,7.4,,
INSERTABLE,5494,2009-01-14,7.2,,
INSERTABLE,5495,2009-01-15,8.6,,
INSERTABLE,5496,2009-01-16,7.7,,
INSERTABLE,5497,2009-01-17,7.8,,
INSERTABLE,5498,2009-01-18,7.8,,
INSERTABLE,5499,2009-01-19,7.8,,
INSERTABLE,5500,2009-01-20,7,,
INSERTABLE,5501,2009-01-21,7.2,,
INSERTABLE,5502,2009-01-22,6.2,,
INSERTABLE,5503,2009-01-23,4.7,,
INSERTABLE,5504,2009-01-24,7,,
INSERTABLE,5505,2009-01-25,7,,
INSERTABLE,5506,2009-01-26,7.7,,
INSERTABLE,5507,2009-01-27,8.2,,
INSERTABLE,5508,2009-01-28,6.2,,
INSERTABLE,5509,2009-01-29,5.1,,
INSERTABLE,5510,2009-01-30,5.8,,
INSERTABLE,5511,2009-01-31,5.8,,
INSERTABLE,5512,2009-02-01,5.8,,
INSERTABLE,5513,2009-02-02,5.7,,
INSERTABLE,5514,2009-02-03,7.2,,
INSERTABLE,5515,2009-02-04,7.4,,
INSERTABLE,5516,2009-02-05,8.2,,
INSERTABLE,5517,2009-02-06,7.6,,
INSERTABLE,5518,2009-02-07,8.7,,
INSERTABLE,5519,2009-02-08,8.7,,
INSERTABLE,5520,2009-02-09,7,,
INSERTABLE,5521,2009-02-10,7.2,,
INSERTABLE,5522,2009-02-11,8.6,,
INSERTABLE,5523,2009-02-12,7.1,,
INSERTABLE,5524,2009-02-13,7.3,,
INSERTABLE,5525,2009-02-14,8.2,,
INSERTABLE,5526,2009-02-15,8.2,,
INSERTABLE,5527,2009-02-16,7.2,,
INSERTABLE,5528,2009-02-17,7,,
INSERTABLE,5529,2009-02-18,6,,
INSERTABLE,5530,2009-02-19,6.5,,
INSERTABLE,5531,2009-02-20,6.6,,
INSERTABLE,5532,2009-02-21,7.8,,
INSERTABLE,5533,2009-02-22,7.8,,
INSERTABLE,5534,2009-02-23,6.2,,
INSERTABLE,5535,2009-02-24,5.9,,
INSERTABLE,5536,2009-02-25,4.6,,
INSERTABLE,5537,2009-02-26,5.8,,
INSERTABLE,5538,2009-02-27,5.9,,
INSERTABLE,5539,2009-02-28,5.4,,
INSERTABLE,5540,2009-03-01,5.4,,
INSERTABLE,5541,2009-03-02,3,,
INSERTABLE,5542,2009-03-03,2,,
INSERTABLE,5543,2009-03-04,7,,
INSERTABLE,5544,2009-03-05,7,,
INSERTABLE,5545,2009-03-06,7.6,,
INSERTABLE,5546,2009-03-07,6.7,,
INSERTABLE,5547,2009-03-08,6.7,,
INSERTABLE,5548,2009-03-09,6,,
INSERTABLE,5549,2009-03-10,3,,
INSERTABLE,5550,2009-03-11,5,,
INSERTABLE,5551,2009-03-12,5.4,,
INSERTABLE,5552,2009-03-13,5.6,,
INSERTABLE,5553,2009-03-14,5.1,,
INSERTABLE,5554,2009-03-15,5.1,,
INSERTABLE,5555,2009-03-16,6,,
INSERTABLE,5556,2009-03-17,5.8,,
INSERTABLE,5557,2009-03-18,3,,
INSERTABLE,5558,2009-03-19,1.8,,
INSERTABLE,5559,2009-03-20,2.1,,
INSERTABLE,5560,2009-03-21,3.5,,
INSERTABLE,5561,2009-03-22,3.5,,
INSERTABLE,5562,2009-03-23,4,,
INSERTABLE,5563,2009-03-24,3,,
INSERTABLE,5564,2009-03-25,3,,
INSERTABLE,5565,2009-03-26,3,,
INSERTABLE,5566,2009-03-27,2.8,,
INSERTABLE,5567,2009-03-28,4.4,,
INSERTABLE,5568,2009-03-29,4.4,,
INSERTABLE,5569,2009-03-30,4.8,,
INSERTABLE,5570,2009-03-31,5.8,,
INSERTABLE,5571,2009-04-01,3.6,,
INSERTABLE,5572,2009-04-02,4.7,,
INSERTABLE,5573,2009-04-03,4.6,,
INSERTABLE,5574,2009-04-04,5.3,,
INSERTABLE,5575,2009-04-05,5.3,,
INSERTABLE,5576,2009-04-06,3.8,,
INSERTABLE,5577,2009-04-07,3,,
INSERTABLE,5578,2009-04-08,2,,
INSERTABLE,5579,2009-04-09,3.2,,
INSERTABLE,5580,2009-04-10,3.9,,
INSERTABLE,5581,2009-04-11,3.9,,
INSERTABLE,5582,2009-04-12,3.9,,
INSERTABLE,5583,2009-04-13,3,,
INSERTABLE,5584,2009-04-14,2.6,,
INSERTABLE,5585,2009-04-15,2.4,,
INSERTABLE,5586,2009-04-16,2.3,,
INSERTABLE,5587,2009-04-17,3.7,,
INSERTABLE,5588,2009-04-18,4.8,,
INSERTABLE,5589,2009-04-19,4.8,,
INSERTABLE,5590,2009-04-20,3.2,,
INSERTABLE,5591,2009-04-21,4.5,,
INSERTABLE,5592,2009-04-22,1.4,,
INSERTABLE,5593,2009-04-23,4.3,,
INSERTABLE,5594,2009-04-24,2.4,,
INSERTABLE,5595,2009-04-25,2.8,,
INSERTABLE,5596,2009-04-26,2.8,,
INSERTABLE,5597,2009-04-27,0.6,,
INSERTABLE,5598,2009-04-28,0.8,,
INSERTABLE,5599,2009-04-29,1.2,,
INSERTABLE,5600,2009-04-30,1.9,,
INSERTABLE,5601,2009-05-01,1.9,,
INSERTABLE,5602,2009-05-02,1.9,,
INSERTABLE,5603,2009-05-03,1.9,,
INSERTABLE,5604,2009-05-04,2.2,,
INSERTABLE,5605,2009-05-05,2,,
INSERTABLE,5606,2009-05-06,1.3,,
INSERTABLE,5607,2009-05-07,1.3,,
INSERTABLE,5608,2009-05-08,1.8,,
INSERTABLE,5609,2009-05-09,2.1,,
INSERTABLE,5610,2009-05-10,2.1,,
INSERTABLE,5611,2009-05-11,1.3,,
INSERTABLE,5612,2009-05-12,1.5,,
INSERTABLE,5613,2009-05-13,1.4,,
INSERTABLE,5614,2009-05-14,2.2,,
INSERTABLE,5615,2009-05-15,2.1,,
INSERTABLE,5616,2009-05-16,1.9,,
INSERTABLE,5617,2009-05-17,1.9,,
INSERTABLE,5618,2009-05-18,1.7,,
INSERTABLE,5619,2009-05-19,1.7,,
INSERTABLE,5620,2009-05-20,2.5,,
INSERTABLE,5621,2009-05-21,2.5,,
INSERTABLE,5622,2009-05-22,2.6,,
INSERTABLE,5623,2009-05-23,1.5,,
INSERTABLE,5624,2009-05-24,1.5,,
INSERTABLE,5625,2009-05-25,1.2,,
INSERTABLE,5626,2009-05-26,1.1,,
INSERTABLE,5627,2009-05-27,0.7,,
INSERTABLE,5628,2009-05-28,0.6,,
INSERTABLE,5629,2009-05-29,0.9,,
INSERTABLE,5630,2009-05-30,1.4,,
INSERTABLE,5631,2009-05-31,1.4,,
INSERTABLE,5632,2009-06-01,2.1,,
INSERTABLE,5633,2009-06-02,1.9,,
INSERTABLE,5634,2009-06-03,0.9,,
INSERTABLE,5635,2009-06-04,2.2,,
INSERTABLE,5636,2009-06-05,2,,
INSERTABLE,5637,2009-06-06,1.15,,
INSERTABLE,5638,2009-06-07,1.15,,
INSERTABLE,5639,2009-06-08,1.4,,
INSERTABLE,5640,2009-06-09,1.6,,
INSERTABLE,5641,2009-06-10,1.7,,
INSERTABLE,5642,2009-06-11,1.5,,
INSERTABLE,5643,2009-06-12,0.9,,
INSERTABLE,5644,2009-06-13,0,,
INSERTABLE,5645,2009-06-14,0,,
INSERTABLE,5646,2009-06-15,0.6,,
INSERTABLE,5647,2009-06-16,0.7,,
INSERTABLE,5648,2009-06-17,0.5,,
INSERTABLE,5649,2009-06-18,0.5,,
INSERTABLE,5650,2009-06-19,0,,
INSERTABLE,5651,2009-06-20,0.55,,
INSERTABLE,5652,2009-06-21,0.55,,
INSERTABLE,5653,2009-06-22,0.4,,
INSERTABLE,5654,2009-06-23,0.5,,
INSERTABLE,5655,2009-06-24,0.7,,
INSERTABLE,5656,2009-06-25,0.4,,
INSERTABLE,5657,2009-06-26,0.5,,
INSERTABLE,5658,2009-06-27,0,,
INSERTABLE,5659,2009-06-28,0,,
INSERTABLE,5660,2009-06-29,0,,
INSERTABLE,5661,2009-06-30,0,,
INSERTABLE,5662,2009-07-01,0.8,,
INSERTABLE,5663,2009-07-02,1.3,,
INSERTABLE,5664,2009-07-03,0.9,,
INSERTABLE,5665,2009-07-04,0.75,,
INSERTABLE,5666,2009-07-05,0.75,,
INSERTABLE,5667,2009-07-06,1.7,,
INSERTABLE,5668,2009-07-07,1.8,,
INSERTABLE,5669,2009-07-08,1.8,,
INSERTABLE,5670,2009-07-09,1.4,,
INSERTABLE,5671,2009-07-10,1.1,,
INSERTABLE,5672,2009-07-11,0.9,,
INSERTABLE,5673,2009-07-12,0.9,,
INSERTABLE,5674,2009-07-13,2.2,,
INSERTABLE,5675,2009-07-14,1,,
INSERTABLE,5676,2009-07-15,1.4,,
INSERTABLE,5677,2009-07-16,1.7,,
INSERTABLE,5678,2009-07-17,1.5,,
INSERTABLE,5679,2009-07-18,0.6,,
INSERTABLE,5680,2009-07-19,0.6,,
INSERTABLE,5681,2009-07-20,0.8,,
INSERTABLE,5682,2009-07-21,0,,
INSERTABLE,5683,2009-07-22,0,,
INSERTABLE,5684,2009-07-23,0.8,,
INSERTABLE,5685,2009-07-24,1.2,,
INSERTABLE,5686,2009-07-25,1.9,,
INSERTABLE,5687,2009-07-26,1.9,,
INSERTABLE,5688,2009-07-27,1.3,,
INSERTABLE,5689,2009-07-28,1.7,,
INSERTABLE,5690,2009-07-29,1.4,,
INSERTABLE,5691,2009-07-30,1.4,,
INSERTABLE,5692,2009-07-31,1.2,,
INSERTABLE,5693,2009-08-01,1.9,,
INSERTABLE,5694,2009-08-02,1.9,,
INSERTABLE,5695,2009-08-03,1.5,,
INSERTABLE,5696,2009-08-04,1,,
INSERTABLE,5697,2009-08-05,1.6,,
INSERTABLE,5698,2009-08-06,0.5,,
INSERTABLE,5699,2009-08-07,1.3,,
INSERTABLE,5700,2009-08-08,2.2,,
INSERTABLE,5701,2009-08-09,2.2,,
INSERTABLE,5702,2009-08-10,0.9,,
INSERTABLE,5703,2009-08-11,1.8,,
INSERTABLE,5704,2009-08-12,1.2,,
INSERTABLE,5705,2009-08-13,2,,
INSERTABLE,5706,2009-08-14,0,,
INSERTABLE,5707,2009-08-15,0,,
INSERTABLE,5708,2009-08-16,0,,
INSERTABLE,5709,2009-08-17,0,,
INSERTABLE,5710,2009-08-18,0,,
INSERTABLE,5711,2009-08-19,0,,
INSERTABLE,5712,2009-08-20,1.4,,
INSERTABLE,5713,2009-08-21,1.4,,
INSERTABLE,5714,2009-08-22,1.6,,
INSERTABLE,5715,2009-08-23,1.6,,
INSERTABLE,5716,2009-08-24,1.6,,
INSERTABLE,5717,2009-08-25,2.3,,
INSERTABLE,5718,2009-08-26,3.4,,
INSERTABLE,5719,2009-08-27,3.1,,
INSERTABLE,5720,2009-08-28,2.1,,
INSERTABLE,5721,2009-08-29,2.1,,
INSERTABLE,5722,2009-08-30,2.1,,
INSERTABLE,5723,2009-08-31,1.7,,
INSERTABLE,5724,2009-09-01,1.5,,
INSERTABLE,5725,2009-09-02,0.5,,
INSERTABLE,5726,2009-09-03,1.2,,
INSERTABLE,5727,2009-09-04,1.7,,
INSERTABLE,5728,2009-09-05,0,,
INSERTABLE,5729,2009-09-06,1.3,,
INSERTABLE,5730,2009-09-07,1,,
INSERTABLE,5731,2009-09-08,2.4,,
INSERTABLE,5732,2009-09-09,2.7,,
INSERTABLE,5733,2009-09-10,3,,
INSERTABLE,5734,2009-09-11,3.6,,
INSERTABLE,5735,2009-09-12,2.7,,
INSERTABLE,5736,2009-09-13,2.7,,
INSERTABLE,5737,2009-09-14,1.9,,
INSERTABLE,5738,2009-09-15,2.4,,
INSERTABLE,5739,2009-09-16,2.2,,
INSERTABLE,5740,2009-09-17,3.3,,
INSERTABLE,5741,2009-09-18,3.3,,
INSERTABLE,5742,2009-09-19,3.3,,
INSERTABLE,5743,2009-09-20,3.3,,
INSERTABLE,5744,2009-09-21,1.1,,
INSERTABLE,5745,2009-09-22,2.9,,
INSERTABLE,5746,2009-09-23,4.1,,
INSERTABLE,5747,2009-09-24,4,,
INSERTABLE,5748,2009-09-25,0.5,,
INSERTABLE,5749,2009-09-26,1.4,,
INSERTABLE,5750,2009-09-27,1.4,,
INSERTABLE,5751,2009-09-28,2.6,,
INSERTABLE,5752,2009-09-29,3.4,,
INSERTABLE,5753,2009-09-30,3.9,,
INSERTABLE,5754,2009-10-01,4.2,,
INSERTABLE,5755,2009-10-02,4.3,,
INSERTABLE,5756,2009-10-03,2.4,,
INSERTABLE,5757,2009-10-04,2.4,,
INSERTABLE,5758,2009-10-05,3.5,,
INSERTABLE,5759,2009-10-06,4.1,,
INSERTABLE,5760,2009-10-07,5.6,,
INSERTABLE,5761,2009-10-08,5.7,,
INSERTABLE,5762,2009-10-09,3.766666666666667,,
INSERTABLE,5763,2009-10-10,3.766666666666667,,
INSERTABLE,5764,2009-10-11,3.766666666666667,,
INSERTABLE,5765,2009-10-12,4.1,,
INSERTABLE,5766,2009-10-13,1,,
INSERTABLE,5767,2009-10-14,2,,
INSERTABLE,5768,2009-10-15,2.2,,
INSERTABLE,5769,2009-10-16,5.4,,
INSERTABLE,5770,2009-10-17,3.1,,
INSERTABLE,5771,2009-10-18,3.1,,
INSERTABLE,5772,2009-10-19,7.2,,
INSERTABLE,5773,2009-10-20,5.8,,
INSERTABLE,5774,2009-10-21,5.7,,
INSERTABLE,5775,2009-10-22,7.6,,
INSERTABLE,5776,2009-10-23,1,,
INSERTABLE,5777,2009-10-24,5.9,,
INSERTABLE,5778,2009-10-25,5.9,,
INSERTABLE,5779,2009-10-26,7.4,,
INSERTABLE,5780,2009-10-27,5.2,,
INSERTABLE,5781,2009-10-28,8.1,,
INSERTABLE,5782,2009-10-29,8.5,,
INSERTABLE,5783,2009-10-30,5.8,,
INSERTABLE,5784,2009-10-31,5.8,,
INSERTABLE,5785,2009-11-01,5.8,,
INSERTABLE,5786,2009-11-02,1.6,,
INSERTABLE,5787,2009-11-03,6,,
INSERTABLE,5788,2009-11-04,7.1,,
INSERTABLE,5789,2009-11-05,6.9,,
INSERTABLE,5790,2009-11-06,6.3,,
INSERTABLE,5791,2009-11-07,6.75,,
INSERTABLE,5792,2009-11-08,6.75,,
INSERTABLE,5793,2009-11-09,5.6,,
INSERTABLE,5794,2009-11-10,7.3,,
INSERTABLE,5795,2009-11-11,7.8,,
INSERTABLE,5796,2009-11-12,7.1,,
INSERTABLE,5797,2009-11-13,6.9,,
INSERTABLE,5798,2009-11-14,8.3,,
INSERTABLE,5799,2009-11-15,8.3,,
INSERTABLE,5800,2009-11-16,7.7,,
INSERTABLE,5801,2009-11-17,2.3,,
INSERTABLE,5802,2009-11-18,5.3,,
INSERTABLE,5803,2009-11-19,7,,
INSERTABLE,5804,2009-11-20,6.8,,
INSERTABLE,5805,2009-11-21,6.8,,
INSERTABLE,5806,2009-11-22,6.8,,
INSERTABLE,5807,2009-11-23,7.8,,
INSERTABLE,5808,2009-11-24,8.1,,
INSERTABLE,5809,2009-11-25,7,,
INSERTABLE,5810,2009-11-26,7.4,,
INSERTABLE,5811,2009-11-27,8.2,,
INSERTABLE,5812,2009-11-28,7.55,,
INSERTABLE,5813,2009-11-29,7.55,,
INSERTABLE,5814,2009-11-30,9,,
INSERTABLE,5815,2009-12-01,7.8,,
INSERTABLE,5816,2009-12-02,10.4,,
INSERTABLE,5817,2009-12-03,8.1,,
INSERTABLE,5818,2009-12-04,5.9,,
INSERTABLE,5819,2009-12-05,7.55,,
INSERTABLE,5820,2009-12-06,7.55,,
INSERTABLE,5821,2009-12-07,6.4,,
INSERTABLE,5822,2009-12-08,7.7,,
INSERTABLE,5823,2009-12-09,6.9,,
INSERTABLE,5824,2009-12-10,3.2,,
INSERTABLE,5825,2009-12-11,7,,
INSERTABLE,5826,2009-12-12,8.65,,
INSERTABLE,5827,2009-12-13,8.65,,
INSERTABLE,5828,2009-12-14,7.2,,
INSERTABLE,5829,2009-12-15,8.4,,
INSERTABLE,5830,2009-12-16,10.6,,
INSERTABLE,5831,2009-12-17,8.1,,
INSERTABLE,5832,2009-12-18,8.433333333333334,,
INSERTABLE,5833,2009-12-19,8.433333333333334,,
INSERTABLE,5834,2009-12-20,8.433333333333334,,
INSERTABLE,5835,2009-12-21,9.2,,
INSERTABLE,5836,2009-12-22,8.6,,
INSERTABLE,5837,2009-12-23,8.6,,
INSERTABLE,5838,2009-12-24,9.05,,
INSERTABLE,5839,2009-12-25,9.05,,
INSERTABLE,5840,2009-12-26,9.05,,
INSERTABLE,5841,2009-12-27,9.05,,
INSERTABLE,5842,2009-12-28,8.3,,
INSERTABLE,5843,2009-12-29,9.2,,
INSERTABLE,5844,2009-12-30,8.6,,
INSERTABLE,5845,2009-12-31,7.45,,
INSERTABLE,5846,2010-01-01,7.45,,
INSERTABLE,5847,2010-01-02,7.45,,
INSERTABLE,5848,2010-01-03,7.45,,
INSERTABLE,5849,2010-01-04,7.4,,
INSERTABLE,5850,2010-01-05,8,,
INSERTABLE,5851,2010-01-06,7.8,,
INSERTABLE,5852,2010-01-07,7.6,,
INSERTABLE,5853,2010-01-08,8.4,,
INSERTABLE,5854,2010-01-09,8.45,,
INSERTABLE,5855,2010-01-10,8.45,,
INSERTABLE,5856,2010-01-11,7.8,,
INSERTABLE,5857,2010-01-12,9.8,,
INSERTABLE,5858,2010-01-13,9.2,,
INSERTABLE,5859,2010-01-14,7.6,,
INSERTABLE,5860,2010-01-15,7.1,,
INSERTABLE,5861,2010-01-16,7.6,,
INSERTABLE,5862,2010-01-17,7.6,,
INSERTABLE,5863,2010-01-18,5.5,,
INSERTABLE,5864,2010-01-19,9.1,,
INSERTABLE,5865,2010-01-20,9.5,,
INSERTABLE,5866,2010-01-21,7.6,,
INSERTABLE,5867,2010-01-22,7,,
INSERTABLE,5868,2010-01-23,7.05,,
INSERTABLE,5869,2010-01-24,7.05,,
INSERTABLE,5874,2010-01-29,6,,
INSERTABLE,5875,2010-01-30,6,,
INSERTABLE,5876,2010-01-31,6,,
INSERTABLE,5877,2010-02-01,6.7,,
INSERTABLE,5878,2010-02-02,6.9,,
INSERTABLE,5879,2010-02-03,7.1,,
INSERTABLE,5880,2010-02-04,7.3,,
INSERTABLE,5881,2010-02-05,6.8,,
INSERTABLE,5882,2010-02-06,6.5,,
INSERTABLE,5883,2010-02-07,6.5,,
INSERTABLE,5884,2010-02-08,8.6,,
INSERTABLE,5885,2010-02-09,8,,
INSERTABLE,5886,2010-02-10,8.2,,
INSERTABLE,5887,2010-02-11,4.1,,
INSERTABLE,5888,2010-02-12,7.1,,
INSERTABLE,5889,2010-02-13,7.7,,
INSERTABLE,5890,2010-02-14,7.7,,
INSERTABLE,5891,2010-02-15,7.1,,
INSERTABLE,5892,2010-02-16,5.7,,
INSERTABLE,5893,2010-02-17,6.2,,
INSERTABLE,5894,2010-02-18,6.1,,
INSERTABLE,5895,2010-02-19,7.2,,
INSERTABLE,5896,2010-02-20,6.65,,
INSERTABLE,5897,2010-02-21,6.65,,
INSERTABLE,5898,2010-02-22,3,,
INSERTABLE,5899,2010-02-23,5.4,,
INSERTABLE,5900,2010-02-24,5.6,,
INSERTABLE,5901,2010-02-25,3.2,,
INSERTABLE,5903,2010-02-27,4.7,,
INSERTABLE,5904,2010-02-28,4.7,,
INSERTABLE,5905,2010-03-01,4.1,,
INSERTABLE,5906,2010-03-02,5.1,,
INSERTABLE,5907,2010-03-03,6,,
INSERTABLE,5908,2010-03-04,6.4,,
INSERTABLE,5909,2010-03-05,5.8,,
INSERTABLE,5910,2010-03-06,5.1,,
INSERTABLE,5911,2010-03-07,5.1,,
INSERTABLE,5912,2010-03-08,5.4,,
INSERTABLE,5913,2010-03-09,5.8,,
INSERTABLE,5914,2010-03-10,4.6,,
INSERTABLE,5915,2010-03-11,2.7,,
INSERTABLE,5916,2010-03-12,3.7,,
INSERTABLE,5917,2010-03-13,3.95,,
INSERTABLE,5918,2010-03-14,3.95,,
INSERTABLE,5919,2010-03-15,4.6,,
INSERTABLE,5920,2010-03-16,1.4,,
INSERTABLE,5921,2010-03-17,2.2,,
INSERTABLE,5922,2010-03-18,4.7,,
INSERTABLE,5923,2010-03-19,4.6,,
INSERTABLE,5924,2010-03-20,4.9,,
INSERTABLE,5925,2010-03-21,4.9,,
INSERTABLE,5926,2010-03-22,3.8,,
INSERTABLE,5927,2010-03-23,5.2,,
INSERTABLE,5928,2010-03-24,4.6,,
INSERTABLE,5929,2010-03-25,3.8,,
INSERTABLE,5930,2010-03-26,3.3,,
INSERTABLE,5931,2010-03-27,4.4,,
INSERTABLE,5932,2010-03-28,4.4,,
INSERTABLE,5933,2010-03-29,4,,
INSERTABLE,5934,2010-03-30,3.3,,
INSERTABLE,5935,2010-03-31,3.3200000000000003,,
INSERTABLE,5936,2010-04-01,3.3200000000000003,,
INSERTABLE,5937,2010-04-02,3.3200000000000003,,
INSERTABLE,5938,2010-04-03,3.3200000000000003,,
INSERTABLE,5939,2010-04-04,3.3200000000000003,,
INSERTABLE,5940,2010-04-05,1.9,,
INSERTABLE,5941,2010-04-06,1.7,,
INSERTABLE,5942,2010-04-07,3.3,,
INSERTABLE,5943,2010-04-08,3.3,,
INSERTABLE,5944,2010-04-09,2.6,,
INSERTABLE,5945,2010-04-10,3.65,,
INSERTABLE,5946,2010-04-11,3.65,,
INSERTABLE,5947,2010-04-12,3.2,,
INSERTABLE,5948,2010-04-13,2.7,,
INSERTABLE,5949,2010-04-14,2.3,,
INSERTABLE,5950,2010-04-15,2.2,,
INSERTABLE,5951,2010-04-16,3,,
INSERTABLE,5952,2010-04-17,3,,
INSERTABLE,5953,2010-04-18,3,,
INSERTABLE,5954,2010-04-19,3.2,,
INSERTABLE,5955,2010-04-20,1.4,,
INSERTABLE,5956,2010-04-21,2.6,,
INSERTABLE,5957,2010-04-22,3,,
INSERTABLE,5958,2010-04-23,2.9,,
INSERTABLE,5959,2010-04-24,2.1,,
INSERTABLE,5960,2010-04-25,2.1,,
INSERTABLE,5961,2010-04-26,2.2,,
INSERTABLE,5962,2010-04-27,2.6,,
INSERTABLE,5963,2010-04-28,2.2,,
INSERTABLE,5964,2010-04-29,2.5,,
INSERTABLE,5965,2010-04-30,2.066666666666667,,
INSERTABLE,5966,2010-05-01,2.066666666666667,,
INSERTABLE,5967,2010-05-02,2.066666666666667,,
INSERTABLE,5968,2010-05-03,3.1,,
INSERTABLE,5969,2010-05-04,1.7,,
INSERTABLE,5970,2010-05-05,0,,
INSERTABLE,5971,2010-05-06,2.3,,
INSERTABLE,5972,2010-05-07,2.5,,
INSERTABLE,5973,2010-05-08,2.55,,
INSERTABLE,5974,2010-05-09,2.55,,
INSERTABLE,5975,2010-05-10,1.7,,
INSERTABLE,5976,2010-05-11,1.6,,
INSERTABLE,5977,2010-05-12,1.3,,
INSERTABLE,5978,2010-05-13,1,,
INSERTABLE,5979,2010-05-14,0,,
INSERTABLE,5980,2010-05-15,0.7,,
INSERTABLE,5981,2010-05-16,0.7,,
INSERTABLE,5982,2010-05-17,1.3,,
INSERTABLE,5983,2010-05-18,1.3,,
INSERTABLE,5984,2010-05-19,1.6,,
INSERTABLE,5985,2010-05-20,1.125,,
INSERTABLE,5986,2010-05-21,1.125,,
INSERTABLE,5987,2010-05-22,1.125,,
INSERTABLE,5988,2010-05-23,1.125,,
INSERTABLE,5989,2010-05-24,1.7,,
INSERTABLE,5990,2010-05-25,0.9,,
INSERTABLE,5991,2010-05-26,0.8,,
INSERTABLE,5992,2010-05-27,1.1,,
INSERTABLE,5993,2010-05-28,0,,
INSERTABLE,5994,2010-05-29,0,,
INSERTABLE,5995,2010-05-30,0,,
INSERTABLE,5996,2010-05-31,1.1,,
INSERTABLE,5997,2010-06-01,0.4,,
INSERTABLE,5998,2010-06-02,0.5,,
INSERTABLE,5999,2010-06-03,0.9,,
INSERTABLE,6000,2010-06-04,1.1,,
INSERTABLE,6001,2010-06-05,1.2,,
INSERTABLE,6002,2010-06-06,1.2,,
INSERTABLE,6003,2010-06-07,1.1,,
INSERTABLE,6004,2010-06-08,1.1,,
INSERTABLE,6005,2010-06-09,0.8,,
INSERTABLE,6006,2010-06-10,0.7,,
INSERTABLE,6007,2010-06-11,0.4,,
INSERTABLE,6008,2010-06-12,0,,
INSERTABLE,6009,2010-06-13,0,,
INSERTABLE,6010,2010-06-14,0.4,,
INSERTABLE,6011,2010-06-15,0.4,,
INSERTABLE,6012,2010-06-16,0,,
INSERTABLE,6013,2010-06-17,0,,
INSERTABLE,6014,2010-06-18,0,,
INSERTABLE,6015,2010-06-19,0.5333333333333333,,
INSERTABLE,6016,2010-06-20,0.5333333333333333,,
INSERTABLE,6017,2010-06-21,0.5333333333333333,,
INSERTABLE,6018,2010-06-22,0.6,,
INSERTABLE,6019,2010-06-23,0,,
INSERTABLE,6020,2010-06-24,0.5,,
INSERTABLE,6021,2010-06-25,0.3,,
INSERTABLE,6022,2010-06-26,0.7999999999999999,,
INSERTABLE,6023,2010-06-27,0.7999999999999999,,
INSERTABLE,6024,2010-06-28,0.7999999999999999,,
INSERTABLE,6025,2010-06-29,1,,
INSERTABLE,6026,2010-06-30,1,,
INSERTABLE,6027,2010-07-01,0.5,,
INSERTABLE,6028,2010-07-02,0.8,,
INSERTABLE,6029,2010-07-03,1.05,,
INSERTABLE,6030,2010-07-04,1.05,,
INSERTABLE,6033,2010-07-07,0.6,,
INSERTABLE,6034,2010-07-08,0.9,,
INSERTABLE,6035,2010-07-09,1.1,,
INSERTABLE,6036,2010-07-10,0.9,,
INSERTABLE,6037,2010-07-11,0.9,,
INSERTABLE,6038,2010-07-12,2,,
INSERTABLE,6039,2010-07-13,0.9,,
INSERTABLE,6040,2010-07-14,0.9,,
INSERTABLE,6041,2010-07-15,0.8,,
INSERTABLE,6045,2010-07-19,1,,
INSERTABLE,6046,2010-07-20,1,,
INSERTABLE,6047,2010-07-21,0,,
INSERTABLE,6048,2010-07-22,1,,
INSERTABLE,6052,2010-07-26,1.2,,
INSERTABLE,6053,2010-07-27,0.7,,
INSERTABLE,6054,2010-07-28,0.9,,
INSERTABLE,6055,2010-07-29,1.3,,
INSERTABLE,6056,2010-07-30,0,,
INSERTABLE,6057,2010-07-31,0.8,,
INSERTABLE,6058,2010-08-01,0.8,,
INSERTABLE,6059,2010-08-02,1.1,,
INSERTABLE,6060,2010-08-03,1.1,,
INSERTABLE,6061,2010-08-04,1,,
INSERTABLE,6062,2010-08-05,1,,
INSERTABLE,6063,2010-08-06,1.4,,
INSERTABLE,6064,2010-08-07,1.9,,
INSERTABLE,6065,2010-08-08,1.9,,
INSERTABLE,6066,2010-08-09,1.6,,
INSERTABLE,6067,2010-08-10,0.7,,
INSERTABLE,6068,2010-08-11,0,,
INSERTABLE,6069,2010-08-12,1.1,,
INSERTABLE,6070,2010-08-13,1.6,,
INSERTABLE,6071,2010-08-14,1.8,,
INSERTABLE,6072,2010-08-15,1.8,,
INSERTABLE,6073,2010-08-16,1.6,,
INSERTABLE,6074,2010-08-17,1.7,,
INSERTABLE,6075,2010-08-18,2,,
INSERTABLE,6076,2010-08-19,3.9,,
INSERTABLE,6077,2010-08-20,2,,
INSERTABLE,6078,2010-08-21,0.8,,
INSERTABLE,6079,2010-08-22,0.8,,
INSERTABLE,6080,2010-08-23,1.1,,
INSERTABLE,6081,2010-08-24,1.5,,
INSERTABLE,6082,2010-08-25,1.5,,
INSERTABLE,6083,2010-08-26,1.9,,
INSERTABLE,6084,2010-08-27,2.1,,
INSERTABLE,6085,2010-08-28,2.9,,
INSERTABLE,6086,2010-08-29,2.9,,
INSERTABLE,6087,2010-08-30,1.8,,
INSERTABLE,6088,2010-08-31,0.7,,
INSERTABLE,6089,2010-09-01,1.92,,
INSERTABLE,6090,2010-09-02,1.92,,
INSERTABLE,6091,2010-09-03,1.92,,
INSERTABLE,6092,2010-09-04,1.92,,
INSERTABLE,6093,2010-09-05,1.92,,
INSERTABLE,6094,2010-09-06,1.5,,
INSERTABLE,6095,2010-09-07,2.3,,
INSERTABLE,6096,2010-09-08,2,,
INSERTABLE,6097,2010-09-09,1.6,,
INSERTABLE,6098,2010-09-10,1.7666666666666666,,
INSERTABLE,6099,2010-09-11,1.7666666666666666,,
INSERTABLE,6100,2010-09-12,1.7666666666666666,,
INSERTABLE,6101,2010-09-13,1.8,,
INSERTABLE,6102,2010-09-14,2.7,,
INSERTABLE,6103,2010-09-15,3.2,,
INSERTABLE,6104,2010-09-16,3.36,,
INSERTABLE,6105,2010-09-17,3.36,,
INSERTABLE,6106,2010-09-18,3.36,,
INSERTABLE,6107,2010-09-19,3.36,,
INSERTABLE,6108,2010-09-20,3.36,,
INSERTABLE,6109,2010-09-21,3,,
INSERTABLE,6110,2010-09-22,2.9,,
INSERTABLE,6111,2010-09-23,2.8,,
INSERTABLE,6112,2010-09-24,2.6,,
INSERTABLE,6113,2010-09-25,0,,
INSERTABLE,6114,2010-09-26,0,,
INSERTABLE,6115,2010-09-27,1.1,,
INSERTABLE,6116,2010-09-28,3.1,,
INSERTABLE,6117,2010-09-29,0.8,,
INSERTABLE,6118,2010-09-30,2.9,,
INSERTABLE,6119,2010-10-01,3.9,,
INSERTABLE,6120,2010-10-02,2.6,,
INSERTABLE,6121,2010-10-03,2.6,,
INSERTABLE,6122,2010-10-04,1,,
INSERTABLE,6123,2010-10-05,2,,
INSERTABLE,6124,2010-10-06,3.1,,
INSERTABLE,6125,2010-10-07,4.8,,
INSERTABLE,6126,2010-10-08,4.6,,
INSERTABLE,6127,2010-10-09,2.1333333333333333,,
INSERTABLE,6128,2010-10-10,2.1333333333333333,,
INSERTABLE,6129,2010-10-11,2.1333333333333333,,
INSERTABLE,6130,2010-10-12,1.6,,
INSERTABLE,6131,2010-10-13,2.8,,
INSERTABLE,6132,2010-10-14,2.2,,
INSERTABLE,6133,2010-10-15,3.4,,
INSERTABLE,6134,2010-10-16,4.7,,
INSERTABLE,6135,2010-10-17,4.7,,
INSERTABLE,6136,2010-10-18,5.8,,
INSERTABLE,6137,2010-10-19,6.3,,
INSERTABLE,6138,2010-10-20,5.1,,
INSERTABLE,6139,2010-10-21,5.6,,
INSERTABLE,6140,2010-10-22,1.7,,
INSERTABLE,6141,2010-10-23,5.5,,
INSERTABLE,6142,2010-10-24,5.5,,
INSERTABLE,6143,2010-10-25,5.5,,
INSERTABLE,6144,2010-10-26,2,,
INSERTABLE,6145,2010-10-27,4.6,,
INSERTABLE,6146,2010-10-28,0,,
INSERTABLE,6147,2010-10-29,2.3,,
INSERTABLE,6148,2010-10-30,6.066666666666666,,
INSERTABLE,6149,2010-10-31,6.066666666666666,,
INSERTABLE,6150,2010-11-01,6.066666666666666,,
INSERTABLE,6151,2010-11-02,3.4,,
INSERTABLE,6152,2010-11-03,3.8,,
INSERTABLE,6153,2010-11-04,4.7,,
INSERTABLE,6154,2010-11-05,5.1,,
INSERTABLE,6155,2010-11-06,5.5,,
INSERTABLE,6156,2010-11-07,5.5,,
INSERTABLE,6157,2010-11-08,4.6,,
INSERTABLE,6158,2010-11-09,6.4,,
INSERTABLE,6159,2010-11-10,6.6,,
INSERTABLE,6160,2010-11-11,4.8,,
INSERTABLE,6161,2010-11-12,4.2,,
INSERTABLE,6162,2010-11-13,6.6,,
INSERTABLE,6163,2010-11-14,6.6,,
INSERTABLE,6164,2010-11-15,6.6,,
INSERTABLE,6165,2010-11-16,6.2,,
INSERTABLE,6166,2010-11-17,5.2,,
INSERTABLE,6167,2010-11-18,2.6,,
INSERTABLE,6168,2010-11-19,5.8,,
INSERTABLE,6169,2010-11-20,6.3,,
INSERTABLE,6170,2010-11-21,6.3,,
INSERTABLE,6171,2010-11-22,6.1,,
INSERTABLE,6172,2010-11-23,6.1,,
INSERTABLE,6173,2010-11-24,5.8,,
INSERTABLE,6174,2010-11-25,5.9,,
INSERTABLE,6175,2010-11-26,6,,
INSERTABLE,6176,2010-11-27,5.3,,
INSERTABLE,6177,2010-11-28,5.3,,
INSERTABLE,6178,2010-11-29,6.1,,
INSERTABLE,6179,2010-11-30,6.8,,
INSERTABLE,6180,2010-12-01,6,,
INSERTABLE,6181,2010-12-02,6.2,,
INSERTABLE,6182,2010-12-03,6.4,,
INSERTABLE,6183,2010-12-04,7.3,,
INSERTABLE,6184,2010-12-05,7.3,,
INSERTABLE,6185,2010-12-06,5.1,,
INSERTABLE,6186,2010-12-07,6.8,,
INSERTABLE,6187,2010-12-08,6.8,,
INSERTABLE,6188,2010-12-09,6.7,,
INSERTABLE,6189,2010-12-10,6.7,,
INSERTABLE,6190,2010-12-11,6.85,,
INSERTABLE,6191,2010-12-12,6.85,,
INSERTABLE,6192,2010-12-13,6.8,,
INSERTABLE,6193,2010-12-14,6.1,,
INSERTABLE,6194,2010-12-15,6.2,,
INSERTABLE,6195,2010-12-16,6,,
INSERTABLE,6196,2010-12-17,6.6,,
INSERTABLE,6197,2010-12-18,8.05,,
INSERTABLE,6198,2010-12-19,8.05,,
INSERTABLE,6199,2010-12-20,8.2,,
INSERTABLE,6200,2010-12-21,7.1,,
INSERTABLE,6201,2010-12-22,2.8,,
INSERTABLE,6202,2010-12-23,4.1,,
INSERTABLE,6203,2010-12-24,7.1000000000000005,,
INSERTABLE,6204,2010-12-25,7.1000000000000005,,
INSERTABLE,6205,2010-12-26,7.1000000000000005,,
INSERTABLE,6206,2010-12-27,5.6,,
INSERTABLE,6207,2010-12-28,6,,
INSERTABLE,6208,2010-12-29,6.4,,
INSERTABLE,6209,2010-12-30,5.4,,
INSERTABLE,6210,2010-12-31,6.333333333333333,,
INSERTABLE,6211,2011-01-01,6.333333333333333,,
INSERTABLE,6212,2011-01-02,6.333333333333333,,
INSERTABLE,6213,2011-01-03,6.4,,
INSERTABLE,6214,2011-01-04,7,,
INSERTABLE,6215,2011-01-05,8.3,,
INSERTABLE,6216,2011-01-06,7.4,,
INSERTABLE,6217,2011-01-07,7.6,,
INSERTABLE,6218,2011-01-08,7.5,,
INSERTABLE,6219,2011-01-09,7.5,,
INSERTABLE,6220,2011-01-10,7,,
INSERTABLE,6221,2011-01-11,7.1,,
INSERTABLE,6222,2011-01-12,7.5,,
INSERTABLE,6223,2011-01-13,7.1,,
INSERTABLE,6224,2011-01-14,8.1,,
INSERTABLE,6225,2011-01-15,8,,
INSERTABLE,6226,2011-01-16,8,,
INSERTABLE,6227,2011-01-17,8.3,,
INSERTABLE,6228,2011-01-18,8.1,,
INSERTABLE,6229,2011-01-19,8,,
INSERTABLE,6230,2011-01-20,8.2,,
INSERTABLE,6231,2011-01-21,7.8,,
INSERTABLE,6232,2011-01-22,7.65,,
INSERTABLE,6233,2011-01-23,7.65,,
INSERTABLE,6234,2011-01-24,7.1,,
INSERTABLE,6235,2011-01-25,7.1,,
INSERTABLE,6236,2011-01-26,6.8,,
INSERTABLE,6237,2011-01-27,7.4,,
INSERTABLE,6238,2011-01-28,8.1,,
INSERTABLE,6239,2011-01-29,6.9,,
INSERTABLE,6240,2011-01-30,6.9,,
INSERTABLE,6241,2011-01-31,8.1,,
INSERTABLE,6242,2011-02-01,8.1,,
INSERTABLE,6243,2011-02-02,7.6,,
INSERTABLE,6244,2011-02-03,8,,
INSERTABLE,6245,2011-02-04,7.8,,
INSERTABLE,6246,2011-02-05,6.75,,
INSERTABLE,6247,2011-02-06,6.75,,
INSERTABLE,6248,2011-02-07,7.2,,
INSERTABLE,6249,2011-02-08,6.7,,
INSERTABLE,6250,2011-02-09,5.8,,
INSERTABLE,6251,2011-02-10,2.2,,
INSERTABLE,6252,2011-02-11,3.4,,
INSERTABLE,6253,2011-02-12,6.3,,
INSERTABLE,6254,2011-02-13,6.3,,
INSERTABLE,6255,2011-02-14,7,,
INSERTABLE,6256,2011-02-15,3.5,,
INSERTABLE,6257,2011-02-16,5.1,,
INSERTABLE,6258,2011-02-17,6.2,,
INSERTABLE,6259,2011-02-18,6,,
INSERTABLE,6260,2011-02-19,4.6,,
INSERTABLE,6261,2011-02-20,4.6,,
INSERTABLE,6262,2011-02-21,4.4,,
INSERTABLE,6263,2011-02-22,4.4,,
INSERTABLE,6264,2011-02-23,4.4,,
INSERTABLE,6265,2011-02-24,3.8,,
INSERTABLE,6266,2011-02-25,5.5,,
INSERTABLE,6267,2011-02-26,5.5,,
INSERTABLE,6268,2011-02-27,5.5,,
INSERTABLE,6269,2011-02-28,5.1,,
INSERTABLE,6270,2011-03-01,5,,
INSERTABLE,6271,2011-03-02,5.5,,
INSERTABLE,6272,2011-03-03,5.6,,
INSERTABLE,6273,2011-03-04,5.2,,
INSERTABLE,6274,2011-03-05,4.8,,
INSERTABLE,6275,2011-03-06,4.8,,
INSERTABLE,6276,2011-03-07,5.1,,
INSERTABLE,6277,2011-03-08,4.9,,
INSERTABLE,6278,2011-03-09,5,,
INSERTABLE,6279,2011-03-10,5,,
INSERTABLE,6280,2011-03-11,4.9,,
INSERTABLE,6281,2011-03-12,5.9,,
INSERTABLE,6282,2011-03-13,5.9,,
INSERTABLE,6283,2011-03-14,2.5,,
INSERTABLE,6284,2011-03-15,1.9,,
INSERTABLE,6285,2011-03-16,5.5,,
INSERTABLE,6286,2011-03-17,6.1,,
INSERTABLE,6287,2011-03-18,5.6,,
INSERTABLE,6288,2011-03-19,5.2,,
INSERTABLE,6289,2011-03-20,5.2,,
INSERTABLE,6290,2011-03-21,5.6,,
INSERTABLE,6291,2011-03-22,5.5,,
INSERTABLE,6292,2011-03-23,5.1,,
INSERTABLE,6293,2011-03-24,4.9,,
INSERTABLE,6294,2011-03-25,4.2,,
INSERTABLE,6295,2011-03-26,5.5,,
INSERTABLE,6296,2011-03-27,5.5,,
INSERTABLE,6297,2011-03-28,5.6,,
INSERTABLE,6298,2011-03-29,4.7,,
INSERTABLE,6299,2011-03-30,4.1,,
INSERTABLE,6300,2011-03-31,6,,
INSERTABLE,6301,2011-04-01,5.4,,
INSERTABLE,6302,2011-04-02,4.1,,
INSERTABLE,6303,2011-04-03,4.1,,
INSERTABLE,6304,2011-04-04,5.5,,
INSERTABLE,6305,2011-04-05,4,,
INSERTABLE,6306,2011-04-06,4,,
INSERTABLE,6307,2011-04-07,3.2,,
INSERTABLE,6308,2011-04-08,2.9,,
INSERTABLE,6309,2011-04-09,1.95,,
INSERTABLE,6310,2011-04-10,1.95,,
INSERTABLE,6311,2011-04-11,1.7,,
INSERTABLE,6312,2011-04-12,1,,
INSERTABLE,6313,2011-04-13,3.1,,
INSERTABLE,6314,2011-04-14,4,,
INSERTABLE,6315,2011-04-15,4.1,,
INSERTABLE,6316,2011-04-16,4.5,,
INSERTABLE,6317,2011-04-17,4.5,,
INSERTABLE,6318,2011-04-18,4,,
INSERTABLE,6319,2011-04-19,2.1,,
INSERTABLE,6320,2011-04-20,3.1,,
INSERTABLE,6321,2011-04-21,0.25,,
INSERTABLE,6322,2011-04-22,0.25,,
INSERTABLE,6323,2011-04-23,0.25,,
INSERTABLE,6324,2011-04-24,0.25,,
INSERTABLE,6325,2011-04-25,2.1,,
INSERTABLE,6326,2011-04-26,0.9,,
INSERTABLE,6327,2011-04-27,2,,
INSERTABLE,6328,2011-04-28,2.9,,
INSERTABLE,6329,2011-04-29,2.7,,
INSERTABLE,6330,2011-04-30,2.1,,
INSERTABLE,6331,2011-05-01,2.1,,
INSERTABLE,6332,2011-05-02,2.6,,
INSERTABLE,6333,2011-05-03,2.2,,
INSERTABLE,6334,2011-05-04,3.1,,
INSERTABLE,6335,2011-05-05,1.1,,
INSERTABLE,6336,2011-05-06,1.3,,
INSERTABLE,6337,2011-05-07,2.1,,
INSERTABLE,6338,2011-05-08,2.1,,
INSERTABLE,6339,2011-05-09,0.8,,
INSERTABLE,6340,2011-05-10,1,,
INSERTABLE,6341,2011-05-11,2.2,,
INSERTABLE,6342,2011-05-12,2.3,,
INSERTABLE,6343,2011-05-13,1.9,,
INSERTABLE,6344,2011-05-14,1.4,,
INSERTABLE,6345,2011-05-15,1.4,,
INSERTABLE,6346,2011-05-16,2,,
INSERTABLE,6347,2011-05-17,1.3,,
INSERTABLE,6348,2011-05-18,1.4,,
INSERTABLE,6349,2011-05-19,1.1,,
INSERTABLE,6350,2011-05-20,2.033333333333333,,
INSERTABLE,6351,2011-05-21,2.033333333333333,,
INSERTABLE,6352,2011-05-22,2.033333333333333,,
INSERTABLE,6353,2011-05-23,1.2,,
INSERTABLE,6354,2011-05-24,1.4,,
INSERTABLE,6355,2011-05-25,2.1,,
INSERTABLE,6356,2011-05-26,1.4,,
INSERTABLE,6357,2011-05-27,2,,
INSERTABLE,6358,2011-05-28,1.15,,
INSERTABLE,6359,2011-05-29,1.15,,
INSERTABLE,6360,2011-05-30,1,,
INSERTABLE,6361,2011-05-31,1.3,,
INSERTABLE,6362,2011-06-01,1.1,,
INSERTABLE,6363,2011-06-02,1,,
INSERTABLE,6364,2011-06-03,1.1,,
INSERTABLE,6365,2011-06-04,0,,
INSERTABLE,6366,2011-06-05,0,,
INSERTABLE,6367,2011-06-06,0.6,,
INSERTABLE,6368,2011-06-07,0.9,,
INSERTABLE,6369,2011-06-08,0.7,,
INSERTABLE,6370,2011-06-09,1.1,,
INSERTABLE,6371,2011-06-10,1.4,,
INSERTABLE,6372,2011-06-11,1.9,,
INSERTABLE,6373,2011-06-12,1.9,,
INSERTABLE,6374,2011-06-13,2,,
INSERTABLE,6375,2011-06-14,0.8,,
INSERTABLE,6376,2011-06-15,0.5,,
INSERTABLE,6377,2011-06-16,0.7,,
INSERTABLE,6378,2011-06-17,0.8,,
INSERTABLE,6379,2011-06-18,0,,
INSERTABLE,6380,2011-06-19,0,,
INSERTABLE,6381,2011-06-20,0,,
INSERTABLE,6382,2011-06-21,0.2,,
INSERTABLE,6383,2011-06-22,0.4,,
INSERTABLE,6384,2011-06-23,0.8,,
INSERTABLE,6385,2011-06-24,1,,
INSERTABLE,6386,2011-06-25,1.0333333333333334,,
INSERTABLE,6387,2011-06-26,1.0333333333333334,,
INSERTABLE,6388,2011-06-27,1.0333333333333334,,
INSERTABLE,6389,2011-06-28,0.3,,
INSERTABLE,6390,2011-06-29,0,,
INSERTABLE,6391,2011-06-30,0.6,,
INSERTABLE,6392,2011-07-01,0.8,,
INSERTABLE,6393,2011-07-02,0.6,,
INSERTABLE,6394,2011-07-03,0.7,,
INSERTABLE,6395,2011-07-04,0.7,,
INSERTABLE,6396,2011-07-05,0.5,,
INSERTABLE,6397,2011-07-06,0.9,,
INSERTABLE,6398,2011-07-07,1.2,,
INSERTABLE,6399,2011-07-08,1,,
INSERTABLE,6400,2011-07-09,0.6,,
INSERTABLE,6401,2011-07-10,0.6,,
INSERTABLE,6402,2011-07-11,1.3,,
INSERTABLE,6403,2011-07-12,1.4,,
INSERTABLE,6404,2011-07-13,0,,
INSERTABLE,6405,2011-07-14,0,,
INSERTABLE,6406,2011-07-15,0,,
INSERTABLE,6407,2011-07-16,0,,
INSERTABLE,6408,2011-07-17,0,,
INSERTABLE,6409,2011-07-18,0.7,,
INSERTABLE,6410,2011-07-19,1,,
INSERTABLE,6411,2011-07-20,1.3,,
INSERTABLE,6412,2011-07-21,1.2,,
INSERTABLE,6413,2011-07-22,0.9,,
INSERTABLE,6414,2011-07-23,0,,
INSERTABLE,6415,2011-07-24,0,,
INSERTABLE,6416,2011-07-25,0,,
INSERTABLE,6417,2011-07-26,1.2,,
INSERTABLE,6418,2011-07-27,1,,
INSERTABLE,6419,2011-07-28,1,,
INSERTABLE,6420,2011-07-29,0.5,,
INSERTABLE,6421,2011-07-30,0,,
INSERTABLE,6422,2011-07-31,0,,
INSERTABLE,6423,2011-08-01,1.45,,
INSERTABLE,6424,2011-08-02,1.45,,
INSERTABLE,6425,2011-08-03,1.9,,
INSERTABLE,6426,2011-08-04,0.5,,
INSERTABLE,6427,2011-08-05,0.7,,
INSERTABLE,6428,2011-08-06,0,,
INSERTABLE,6429,2011-08-07,0,,
INSERTABLE,6430,2011-08-08,0.8,,
INSERTABLE,6431,2011-08-09,1.3,,
INSERTABLE,6432,2011-08-10,1.8,,
INSERTABLE,6433,2011-08-11,1.7,,
INSERTABLE,6434,2011-08-12,2,,
INSERTABLE,6435,2011-08-13,0,,
INSERTABLE,6436,2011-08-14,0,,
INSERTABLE,6437,2011-08-15,0,,
INSERTABLE,6438,2011-08-16,0,,
INSERTABLE,6439,2011-08-17,0,,
INSERTABLE,6440,2011-08-18,1.2,,
INSERTABLE,6441,2011-08-19,1.1,,
INSERTABLE,6442,2011-08-20,1.05,,
INSERTABLE,6443,2011-08-21,1.05,,
INSERTABLE,6444,2011-08-22,1.1,,
INSERTABLE,6445,2011-08-23,1.8,,
INSERTABLE,6446,2011-08-24,0,,
INSERTABLE,6447,2011-08-25,1.1,,
INSERTABLE,6448,2011-08-26,0,,
INSERTABLE,6449,2011-08-27,0,,
INSERTABLE,6450,2011-08-28,0,,
INSERTABLE,6451,2011-08-29,1.3,,
INSERTABLE,6452,2011-08-30,2.6,,
INSERTABLE,6453,2011-08-31,3.1,,
INSERTABLE,6454,2011-09-01,2.1,,
INSERTABLE,6455,2011-09-02,2.3,,
INSERTABLE,6456,2011-09-03,3.1,,
INSERTABLE,6457,2011-09-04,3.1,,
INSERTABLE,6458,2011-09-05,3,,
INSERTABLE,6459,2011-09-06,2.9,,
INSERTABLE,6460,2011-09-07,2.2,,
INSERTABLE,6461,2011-09-08,2.4,,
INSERTABLE,6462,2011-09-09,1.1,,
INSERTABLE,6463,2011-09-10,4.1,,
INSERTABLE,6464,2011-09-11,4.1,,
INSERTABLE,6465,2011-09-12,4.4,,
INSERTABLE,6466,2011-09-13,3.5,,
INSERTABLE,6467,2011-09-14,1.4,,
INSERTABLE,6468,2011-09-15,2.6,,
INSERTABLE,6469,2011-09-16,2.8,,
INSERTABLE,6470,2011-09-17,2.8,,
INSERTABLE,6471,2011-09-18,2.8,,
INSERTABLE,6472,2011-09-19,2.8,,
INSERTABLE,6473,2011-09-20,2.6,,
INSERTABLE,6474,2011-09-21,1.1,,
INSERTABLE,6475,2011-09-22,3.2,,
INSERTABLE,6476,2011-09-23,3.1,,
INSERTABLE,6477,2011-09-24,4,,
INSERTABLE,6478,2011-09-25,4,,
INSERTABLE,6479,2011-09-26,5.2,,
INSERTABLE,6480,2011-09-27,4.3,,
INSERTABLE,6481,2011-09-28,4.5,,
INSERTABLE,6482,2011-09-29,4.2,,
INSERTABLE,6483,2011-09-30,5.1,,
INSERTABLE,6484,2011-10-01,5.5,,
INSERTABLE,6485,2011-10-02,5.5,,
INSERTABLE,6486,2011-10-03,1.6,,
INSERTABLE,6487,2011-10-04,2.2,,
INSERTABLE,6488,2011-10-05,3.6,,
INSERTABLE,6489,2011-10-06,3.6,,
INSERTABLE,6490,2011-10-07,3.9,,
INSERTABLE,6491,2011-10-08,4.6,,
INSERTABLE,6492,2011-10-09,4.6,,
INSERTABLE,6493,2011-10-10,4.6,,
INSERTABLE,6494,2011-10-11,2.2,,
INSERTABLE,6495,2011-10-12,3.3,,
INSERTABLE,6496,2011-10-13,3,,
INSERTABLE,6497,2011-10-14,2.6,,
INSERTABLE,6498,2011-10-15,5.7,,
INSERTABLE,6499,2011-10-16,5.7,,
INSERTABLE,6500,2011-10-17,5.2,,
INSERTABLE,6501,2011-10-18,5.1,,
INSERTABLE,6502,2011-10-19,7.1,,
INSERTABLE,6503,2011-10-20,5.2,,
INSERTABLE,6504,2011-10-21,5,,
INSERTABLE,6505,2011-10-22,4.5,,
INSERTABLE,6506,2011-10-23,4.5,,
INSERTABLE,6507,2011-10-24,4.7,,
INSERTABLE,6508,2011-10-25,5.3,,
INSERTABLE,6509,2011-10-26,6.1,,
INSERTABLE,6510,2011-10-27,5.1,,
INSERTABLE,6511,2011-10-28,6.3,,
INSERTABLE,6512,2011-10-29,5.2,,
INSERTABLE,6513,2011-10-30,5.2,,
INSERTABLE,6514,2011-10-31,5.2,,
INSERTABLE,6515,2011-11-01,5.5,,
INSERTABLE,6516,2011-11-02,5.2,,
INSERTABLE,6517,2011-11-03,5.7,,
INSERTABLE,6518,2011-11-04,6.2,,
INSERTABLE,6519,2011-11-05,5.1,,
INSERTABLE,6520,2011-11-06,7,,
INSERTABLE,6521,2011-11-07,7,,
INSERTABLE,6522,2011-11-08,5,,
INSERTABLE,6523,2011-11-09,2,,
INSERTABLE,6524,2011-11-10,5.5,,
INSERTABLE,6525,2011-11-11,7.3,,
INSERTABLE,6526,2011-11-12,7.1,,
INSERTABLE,6527,2011-11-13,7.1,,
INSERTABLE,6528,2011-11-14,7.2,,
INSERTABLE,6529,2011-11-15,4.5,,
INSERTABLE,6530,2011-11-16,4,,
INSERTABLE,6531,2011-11-17,5.2,,
INSERTABLE,6532,2011-11-18,5,,
INSERTABLE,6533,2011-11-19,5.8,,
INSERTABLE,6534,2011-11-20,5.8,,
INSERTABLE,6535,2011-11-21,6.2,,
INSERTABLE,6536,2011-11-22,7.2,,
INSERTABLE,6537,2011-11-23,6.1,,
INSERTABLE,6538,2011-11-24,7.3,,
INSERTABLE,6539,2011-11-25,6.6,,
INSERTABLE,6540,2011-11-26,5.5,,
INSERTABLE,6541,2011-11-27,5.5,,
INSERTABLE,6542,2011-11-28,6,,
INSERTABLE,6543,2011-11-29,7.2,,
INSERTABLE,6544,2011-11-30,6.4,,
INSERTABLE,6545,2011-12-01,5.5,,
INSERTABLE,6546,2011-12-02,5,,
INSERTABLE,6547,2011-12-03,6,,
INSERTABLE,6548,2011-12-04,6,,
INSERTABLE,6549,2011-12-05,6.3,,
INSERTABLE,6550,2011-12-06,4.1,,
INSERTABLE,6551,2011-12-07,6.3,,
INSERTABLE,6552,2011-12-08,6.3,,
INSERTABLE,6553,2011-12-09,4.1,,
INSERTABLE,6554,2011-12-10,7.05,,
INSERTABLE,6555,2011-12-11,7.05,,
INSERTABLE,6556,2011-12-12,8.2,,
INSERTABLE,6557,2011-12-13,6.3,,
INSERTABLE,6558,2011-12-14,4.3,,
INSERTABLE,6559,2011-12-15,2.1,,
INSERTABLE,6560,2011-12-16,2,,
INSERTABLE,6561,2011-12-17,5.8,,
INSERTABLE,6562,2011-12-18,5.8,,
INSERTABLE,6563,2011-12-19,8.4,,
INSERTABLE,6564,2011-12-20,9.2,,
INSERTABLE,6565,2011-12-21,9.1,,
INSERTABLE,6566,2011-12-22,8.6,,
INSERTABLE,6567,2011-12-23,8.4,,
INSERTABLE,6568,2011-12-24,8.4,,
INSERTABLE,6569,2011-12-25,8.4,,
INSERTABLE,6570,2011-12-26,5.5,,
INSERTABLE,6571,2011-12-27,7.2,,
INSERTABLE,6572,2011-12-28,7.3,,
INSERTABLE,6573,2011-12-29,7.5,,
INSERTABLE,6574,2011-12-30,7,,
INSERTABLE,6575,2011-12-31,6.1,,
INSERTABLE,6576,2012-01-01,6.1,,
INSERTABLE,6577,2012-01-02,6.1,,
INSERTABLE,6578,2012-01-03,6.6,,
INSERTABLE,6579,2012-01-04,7.1,,
INSERTABLE,6580,2012-01-05,6.6,,
INSERTABLE,6581,2012-01-06,6.1,,
INSERTABLE,6582,2012-01-07,8,,
INSERTABLE,6583,2012-01-08,8,,
INSERTABLE,6584,2012-01-09,7.1,,
INSERTABLE,6585,2012-01-10,7.9,,
INSERTABLE,6586,2012-01-11,7.6,,
INSERTABLE,6587,2012-01-12,7.3,,
INSERTABLE,6588,2012-01-13,6.5,,
INSERTABLE,6589,2012-01-14,7.2,,
INSERTABLE,6590,2012-01-15,7.2,,
INSERTABLE,6591,2012-01-16,7.6,,
INSERTABLE,6592,2012-01-17,7.1,,
INSERTABLE,6593,2012-01-18,7.4,,
INSERTABLE,6594,2012-01-19,5.1,,
INSERTABLE,6595,2012-01-20,4,,
INSERTABLE,6596,2012-01-21,6.1,,
INSERTABLE,6597,2012-01-22,6.1,,
INSERTABLE,6598,2012-01-23,7,,
INSERTABLE,6599,2012-01-24,7.4,,
INSERTABLE,6600,2012-01-25,8,,
INSERTABLE,6601,2012-01-26,6.2,,
INSERTABLE,6602,2012-01-27,7.7,,
INSERTABLE,6603,2012-01-28,8.2,,
INSERTABLE,6604,2012-01-29,8.2,,
INSERTABLE,6605,2012-01-30,8.3,,
INSERTABLE,6606,2012-01-31,8,,
INSERTABLE,6607,2012-02-01,8.3,,
INSERTABLE,6608,2012-02-02,8.1,,
INSERTABLE,6609,2012-02-03,7.9,,
INSERTABLE,6610,2012-02-04,8.3,,
INSERTABLE,6611,2012-02-05,8.3,,
INSERTABLE,6612,2012-02-06,7.9,,
INSERTABLE,6613,2012-02-07,7.6,,
INSERTABLE,6614,2012-02-08,8.1,,
INSERTABLE,6615,2012-02-09,7.9,,
INSERTABLE,6616,2012-02-10,6.3,,
INSERTABLE,6617,2012-02-11,7.6,,
INSERTABLE,6618,2012-02-12,7.6,,
INSERTABLE,6619,2012-02-13,6.6,,
INSERTABLE,6620,2012-02-14,6.7,,
INSERTABLE,6621,2012-02-15,7,,
INSERTABLE,6622,2012-02-16,6.8,,
INSERTABLE,6623,2012-02-17,7.13,,
INSERTABLE,6624,2012-02-18,7.13,,
INSERTABLE,6625,2012-02-19,7.13,,
INSERTABLE,6626,2012-02-20,6.8,,
INSERTABLE,6627,2012-02-21,6.1,,
INSERTABLE,6628,2012-02-22,7.2,,
INSERTABLE,6629,2012-02-23,4.2,,
INSERTABLE,6630,2012-02-24,5.6,,
INSERTABLE,6631,2012-02-25,7.6,,
INSERTABLE,6632,2012-02-26,7.6,,
INSERTABLE,6633,2012-02-27,7.2,,
INSERTABLE,6634,2012-02-28,6.5,,
INSERTABLE,6635,2012-02-29,7.1,,
INSERTABLE,6636,2012-03-01,8.6,,
INSERTABLE,6637,2012-03-02,7,,
INSERTABLE,6638,2012-03-03,8.1,,
INSERTABLE,6639,2012-03-04,8.1,,
INSERTABLE,6640,2012-03-05,8.2,,
INSERTABLE,6641,2012-03-06,7.8,,
INSERTABLE,6642,2012-03-07,8.3,,
INSERTABLE,6643,2012-03-08,6.8,,
INSERTABLE,6644,2012-03-09,5.6,,
INSERTABLE,6645,2012-03-10,5.15,,
INSERTABLE,6646,2012-03-11,5.15,,
INSERTABLE,6647,2012-03-12,6,,
INSERTABLE,6648,2012-03-13,6.4,,
INSERTABLE,6649,2012-03-14,6.2,,
INSERTABLE,6650,2012-03-15,5.1,,
INSERTABLE,6651,2012-03-16,5.2,,
INSERTABLE,6652,2012-03-17,5.2,,
INSERTABLE,6653,2012-03-18,5.2,,
INSERTABLE,6654,2012-03-19,4.1,,
INSERTABLE,6655,2012-03-20,3.4,,
INSERTABLE,6656,2012-03-21,4.5,,
INSERTABLE,6657,2012-03-22,5.3,,
INSERTABLE,6658,2012-03-23,5.066666666666666,,
INSERTABLE,6659,2012-03-24,5.066666666666666,,
INSERTABLE,6660,2012-03-25,5.066666666666666,,
INSERTABLE,6661,2012-03-26,4.2,,
INSERTABLE,6662,2012-03-27,4.5,,
INSERTABLE,6663,2012-03-28,3.6,,
INSERTABLE,6664,2012-03-29,3.8,,
INSERTABLE,6665,2012-03-30,6,,
INSERTABLE,6666,2012-03-31,6,,
INSERTABLE,6667,2012-04-01,6,,
INSERTABLE,6668,2012-04-02,1.6,,
INSERTABLE,6669,2012-04-03,3.1,,
INSERTABLE,6670,2012-04-04,4.04,,
INSERTABLE,6671,2012-04-05,4.04,,
INSERTABLE,6672,2012-04-06,4.04,,
INSERTABLE,6673,2012-04-07,4.04,,
INSERTABLE,6674,2012-04-08,4.04,,
INSERTABLE,6675,2012-04-09,2.7,,
INSERTABLE,6676,2012-04-10,2.3,,
INSERTABLE,6677,2012-04-11,3,,
INSERTABLE,6678,2012-04-12,3.3,,
INSERTABLE,6679,2012-04-13,3.3333333333333335,,
INSERTABLE,6680,2012-04-14,3.3333333333333335,,
INSERTABLE,6681,2012-04-15,3.3333333333333335,,
INSERTABLE,6682,2012-04-16,2.6,,
INSERTABLE,6683,2012-04-17,3.7,,
INSERTABLE,6684,2012-04-18,3.1,,
INSERTABLE,6685,2012-04-19,3,,
INSERTABLE,6686,2012-04-20,2.6999999999999997,,
INSERTABLE,6687,2012-04-21,2.6999999999999997,,
INSERTABLE,6688,2012-04-22,2.6999999999999997,,
INSERTABLE,6689,2012-04-23,1.8,,
INSERTABLE,6690,2012-04-24,2,,
INSERTABLE,6691,2012-04-25,1.8,,
INSERTABLE,6692,2012-04-26,0.9,,
INSERTABLE,6693,2012-04-27,1.3333333333333333,,
INSERTABLE,6694,2012-04-28,1.3333333333333333,,
INSERTABLE,6695,2012-04-29,1.3333333333333333,,
INSERTABLE,6696,2012-04-30,2.1,,
INSERTABLE,6697,2012-05-01,2.1,,
INSERTABLE,6698,2012-05-02,2.3,,
INSERTABLE,6699,2012-05-03,2,,
INSERTABLE,6700,2012-05-04,2.466666666666667,,
INSERTABLE,6701,2012-05-05,2.466666666666667,,
INSERTABLE,6702,2012-05-06,2.466666666666667,,
INSERTABLE,6703,2012-05-07,2.466666666666667,,
INSERTABLE,6704,2012-05-08,1.6,,
INSERTABLE,6705,2012-05-09,1.5,,
INSERTABLE,6706,2012-05-10,2.1,,
INSERTABLE,6707,2012-05-11,1.6666666666666667,,
INSERTABLE,6708,2012-05-12,1.6666666666666667,,
INSERTABLE,6709,2012-05-13,1.6666666666666667,,
INSERTABLE,6710,2012-05-14,1.5,,
INSERTABLE,6711,2012-05-15,1.4,,
INSERTABLE,6712,2012-05-16,1.2,,
INSERTABLE,6713,2012-05-17,1,,
INSERTABLE,6714,2012-05-18,2.025,,
INSERTABLE,6715,2012-05-19,2.025,,
INSERTABLE,6716,2012-05-20,2.025,,
INSERTABLE,6717,2012-05-21,2.025,,
INSERTABLE,6718,2012-05-22,2.2,,
INSERTABLE,6719,2012-05-23,2,,
INSERTABLE,6720,2012-05-24,1.8,,
INSERTABLE,6724,2012-05-28,0.9,,
INSERTABLE,6725,2012-05-29,1.3,,
INSERTABLE,6726,2012-05-30,1.9,,
INSERTABLE,6727,2012-05-31,1.7,,
INSERTABLE,6728,2012-06-01,2,,
INSERTABLE,6729,2012-06-02,1.9,,
INSERTABLE,6730,2012-06-03,1.9,,
INSERTABLE,6731,2012-06-04,1.1,,
INSERTABLE,6732,2012-06-05,1.3,,
INSERTABLE,6733,2012-06-06,1.2,,
INSERTABLE,6734,2012-06-07,1.7,,
INSERTABLE,6735,2012-06-08,1.3,,
INSERTABLE,6736,2012-06-09,1.1,,
INSERTABLE,6737,2012-06-10,1.1,,
INSERTABLE,6738,2012-06-11,0.1,,
INSERTABLE,6741,2012-06-14,0.5,,
INSERTABLE,6745,2012-06-18,0.6,,
INSERTABLE,6746,2012-06-19,0.3,,
INSERTABLE,6748,2012-06-21,0.6,,
INSERTABLE,6749,2012-06-22,0.9,,
INSERTABLE,6750,2012-06-23,1.2,,
INSERTABLE,6751,2012-06-24,1.2,,
INSERTABLE,6752,2012-06-25,1.7,,
INSERTABLE,6753,2012-06-26,0.5,,
INSERTABLE,6754,2012-06-27,0.4,,
INSERTABLE,6756,2012-06-29,1,,
INSERTABLE,6757,2012-06-30,2,,
INSERTABLE,6758,2012-07-01,1.2,,
INSERTABLE,6759,2012-07-02,0.6,,
INSERTABLE,6760,2012-07-03,1.2,,
INSERTABLE,6761,2012-07-04,0.8,,
INSERTABLE,6762,2012-07-05,1.1,,
INSERTABLE,6763,2012-07-06,1.3,,
INSERTABLE,6764,2012-07-07,1.15,,
INSERTABLE,6765,2012-07-08,1.15,,
INSERTABLE,6766,2012-07-09,0.6,,
INSERTABLE,6767,2012-07-10,0.9,,
INSERTABLE,6768,2012-07-11,0.7,,
INSERTABLE,6769,2012-07-12,1.4,,
INSERTABLE,6770,2012-07-13,1.2,,
INSERTABLE,6771,2012-07-14,1.3333333333333333,,
INSERTABLE,6772,2012-07-15,1.3333333333333333,,
INSERTABLE,6773,2012-07-16,1.3333333333333333,,
INSERTABLE,6774,2012-07-17,1.4,,
INSERTABLE,6775,2012-07-18,1.3,,
INSERTABLE,6776,2012-07-19,1.7,,
INSERTABLE,6777,2012-07-20,1.1,,
INSERTABLE,6778,2012-07-21,1.15,,
INSERTABLE,6779,2012-07-22,1.15,,
INSERTABLE,6780,2012-07-23,1.1,,
INSERTABLE,6781,2012-07-24,1.4,,
INSERTABLE,6782,2012-07-25,1,,
INSERTABLE,6783,2012-07-26,1.7,,
INSERTABLE,6784,2012-07-27,1.1666666666666667,,
INSERTABLE,6785,2012-07-28,1.1666666666666667,,
INSERTABLE,6786,2012-07-29,1.1666666666666667,,
INSERTABLE,6787,2012-07-30,1,,
INSERTABLE,6788,2012-07-31,1.2,,
INSERTABLE,6789,2012-08-01,1.6,,
INSERTABLE,6790,2012-08-02,1.1,,
INSERTABLE,6792,2012-08-04,1.8,,
INSERTABLE,6793,2012-08-05,1.8,,
INSERTABLE,6794,2012-08-06,1.4,,
INSERTABLE,6795,2012-08-07,1.9,,
INSERTABLE,6796,2012-08-08,1.6,,
INSERTABLE,6797,2012-08-09,1.1,,
INSERTABLE,6798,2012-08-10,1.6666666666666667,,
INSERTABLE,6799,2012-08-11,1.6666666666666667,,
INSERTABLE,6800,2012-08-12,1.6666666666666667,,
INSERTABLE,6801,2012-08-13,1,,
INSERTABLE,6805,2012-08-17,1.5999999999999999,,
INSERTABLE,6806,2012-08-18,1.5999999999999999,,
INSERTABLE,6807,2012-08-19,1.5999999999999999,,
INSERTABLE,6808,2012-08-20,1.9,,
INSERTABLE,6809,2012-08-21,1.2,,
INSERTABLE,6811,2012-08-23,1.1,,
INSERTABLE,6812,2012-08-24,2.033333333333333,,
INSERTABLE,6813,2012-08-25,2.033333333333333,,
INSERTABLE,6814,2012-08-26,2.033333333333333,,
INSERTABLE,6815,2012-08-27,2.1,,
INSERTABLE,6816,2012-08-28,2,,
INSERTABLE,6817,2012-08-29,2.2,,
INSERTABLE,6818,2012-08-30,1.3,,
INSERTABLE,6819,2012-08-31,2.4,,
INSERTABLE,6820,2012-09-01,1.9,,
INSERTABLE,6821,2012-09-02,1.9,,
INSERTABLE,6822,2012-09-03,1,,
INSERTABLE,6823,2012-09-04,1.8,,
INSERTABLE,6824,2012-09-05,1.1,,
INSERTABLE,6825,2012-09-06,1.9,,
INSERTABLE,6826,2012-09-07,0.8,,
INSERTABLE,6827,2012-09-08,1.65,,
INSERTABLE,6828,2012-09-09,1.65,,
INSERTABLE,6829,2012-09-10,1.1,,
INSERTABLE,6830,2012-09-11,1.1,,
INSERTABLE,6831,2012-09-12,3.2,,
INSERTABLE,6832,2012-09-13,1.4,,
INSERTABLE,6833,2012-09-14,2.066666666666667,,
INSERTABLE,6834,2012-09-15,2.066666666666667,,
INSERTABLE,6835,2012-09-16,2.066666666666667,,
INSERTABLE,6836,2012-09-17,2.066666666666667,,
INSERTABLE,6837,2012-09-18,2.066666666666667,,
INSERTABLE,6838,2012-09-19,2.066666666666667,,
INSERTABLE,6839,2012-09-20,3.6,,
INSERTABLE,6840,2012-09-21,4.5,,
INSERTABLE,6841,2012-09-22,3.35,,
INSERTABLE,6842,2012-09-23,3.35,,
INSERTABLE,6843,2012-09-24,3.3,,
INSERTABLE,6844,2012-09-25,3.8,,
INSERTABLE,6845,2012-09-26,0,,
INSERTABLE,6846,2012-09-27,0.1,,
INSERTABLE,6847,2012-09-28,3.6,,
INSERTABLE,6848,2012-09-29,3.8,,
INSERTABLE,6849,2012-09-30,3.8,,
INSERTABLE,6850,2012-10-01,1.8,,
INSERTABLE,6851,2012-10-02,3,,
INSERTABLE,6852,2012-10-03,3.3,,
INSERTABLE,6853,2012-10-04,4.4,,
INSERTABLE,6854,2012-10-05,0,,
INSERTABLE,6855,2012-10-06,0,,
INSERTABLE,6856,2012-10-07,0,,
INSERTABLE,6857,2012-10-08,1.6,,
INSERTABLE,6858,2012-10-09,3.2,,
INSERTABLE,6859,2012-10-10,3.6,,
INSERTABLE,6860,2012-10-11,0.8,,
INSERTABLE,6861,2012-10-12,1.1,,
INSERTABLE,6862,2012-10-13,3.233333333333333,,
INSERTABLE,6863,2012-10-14,3.233333333333333,,
INSERTABLE,6864,2012-10-15,3.233333333333333,,
INSERTABLE,6865,2012-10-16,4.8,,
INSERTABLE,6866,2012-10-17,1.6,,
INSERTABLE,6867,2012-10-18,4.3,,
INSERTABLE,6868,2012-10-19,0,,
INSERTABLE,6869,2012-10-20,0,,
INSERTABLE,6870,2012-10-21,0,,
INSERTABLE,6871,2012-10-22,0,,
INSERTABLE,6872,2012-10-23,0,,
INSERTABLE,6873,2012-10-24,0,,
INSERTABLE,6874,2012-10-25,0,,
INSERTABLE,6875,2012-10-26,0,,
INSERTABLE,6876,2012-10-27,0,,
INSERTABLE,6877,2012-10-28,0,,
INSERTABLE,6878,2012-10-29,0,,
INSERTABLE,6879,2012-10-30,0,,
INSERTABLE,6880,2012-10-31,0,,
INSERTABLE,6881,2012-11-01,0,,
INSERTABLE,6882,2012-11-02,0,,
INSERTABLE,6883,2012-11-03,0,,
INSERTABLE,6884,2012-11-04,0,,
INSERTABLE,6885,2012-11-05,0,,
INSERTABLE,6886,2012-11-06,0,,
INSERTABLE,6887,2012-11-07,0,,
INSERTABLE,6888,2012-11-08,0,,
INSERTABLE,6889,2012-11-09,0,,
INSERTABLE,6890,2012-11-10,0,,
INSERTABLE,6891,2012-11-11,0,,
INSERTABLE,6892,2012-11-12,0,,
INSERTABLE,6893,2012-11-13,0,,
INSERTABLE,6894,2012-11-14,0,,
INSERTABLE,6895,2012-11-15,0,,
INSERTABLE,6896,2012-11-16,4.233333333333333,,
INSERTABLE,6897,2012-11-17,4.233333333333333,,
INSERTABLE,6898,2012-11-18,4.233333333333333,,
INSERTABLE,6899,2012-11-19,4.2,,
INSERTABLE,6900,2012-11-20,2,,
INSERTABLE,6901,2012-11-21,1.2,,
INSERTABLE,6902,2012-11-22,5,,
INSERTABLE,6903,2012-11-23,6.533333333333334,,
INSERTABLE,6904,2012-11-24,6.533333333333334,,
INSERTABLE,6905,2012-11-25,6.533333333333334,,
INSERTABLE,6906,2012-11-26,7.7,,
INSERTABLE,6907,2012-11-27,6.7,,
INSERTABLE,6908,2012-11-28,2,,
INSERTABLE,6909,2012-11-29,5.1,,
INSERTABLE,6910,2012-11-30,6.066666666666666,,
INSERTABLE,6911,2012-12-01,6.066666666666666,,
INSERTABLE,6912,2012-12-02,6.066666666666666,,
INSERTABLE,6913,2012-12-03,7,,
INSERTABLE,6914,2012-12-04,7.7,,
INSERTABLE,6915,2012-12-05,6.2,,
INSERTABLE,6916,2012-12-06,4.1,,
INSERTABLE,6917,2012-12-07,6.533333333333334,,
INSERTABLE,6918,2012-12-08,6.533333333333334,,
INSERTABLE,6919,2012-12-09,6.533333333333334,,
INSERTABLE,6920,2012-12-10,6.3,,
INSERTABLE,6921,2012-12-11,5.9,,
INSERTABLE,6922,2012-12-12,6.8,,
INSERTABLE,6923,2012-12-13,7.3,,
INSERTABLE,6924,2012-12-14,6.933333333333334,,
INSERTABLE,6925,2012-12-15,6.933333333333334,,
INSERTABLE,6926,2012-12-16,6.933333333333334,,
INSERTABLE,6927,2012-12-17,5.1,,
INSERTABLE,6928,2012-12-18,3.8,,
INSERTABLE,6930,2012-12-20,2,,
INSERTABLE,6931,2012-12-21,6.68,,
INSERTABLE,6932,2012-12-22,6.68,,
INSERTABLE,6933,2012-12-23,6.68,,
INSERTABLE,6934,2012-12-24,6.68,,
INSERTABLE,6935,2012-12-25,6.68,,
INSERTABLE,6936,2012-12-26,5.3,,
INSERTABLE,6937,2012-12-27,6.7,,
INSERTABLE,6938,2012-12-28,6.76,,
INSERTABLE,6939,2012-12-29,6.76,,
INSERTABLE,6940,2012-12-30,6.76,,
INSERTABLE,6941,2012-12-31,6.76,,
INSERTABLE,6942,2013-01-01,6.76,,
INSERTABLE,6943,2013-01-02,3.1,,
INSERTABLE,6944,2013-01-03,2,,
INSERTABLE,6945,2013-01-04,6.3999999999999995,,
INSERTABLE,6946,2013-01-05,6.3999999999999995,,
INSERTABLE,6947,2013-01-06,6.3999999999999995,,
INSERTABLE,6948,2013-01-07,7.1,,
INSERTABLE,6949,2013-01-08,7.6,,
INSERTABLE,6950,2013-01-09,6.3,,
INSERTABLE,6951,2013-01-10,6,,
INSERTABLE,6952,2013-01-11,4.6000000000000005,,
INSERTABLE,6953,2013-01-12,4.6000000000000005,,
INSERTABLE,6954,2013-01-13,4.6000000000000005,,
INSERTABLE,6955,2013-01-14,4,,
INSERTABLE,6956,2013-01-15,6.4,,
INSERTABLE,6957,2013-01-16,5.9,,
INSERTABLE,6958,2013-01-17,4.7,,
INSERTABLE,6959,2013-01-18,4.866666666666666,,
INSERTABLE,6960,2013-01-19,4.866666666666666,,
INSERTABLE,6961,2013-01-20,4.866666666666666,,
INSERTABLE,6962,2013-01-21,2.5,,
INSERTABLE,6963,2013-01-22,3.1,,
INSERTABLE,6964,2013-01-23,3.5,,
INSERTABLE,6965,2013-01-24,4.4,,
INSERTABLE,6966,2013-01-25,5.7,,
INSERTABLE,6967,2013-01-26,5.7,,
INSERTABLE,6968,2013-01-27,5.7,,
INSERTABLE,6969,2013-01-28,4.1,,
INSERTABLE,6970,2013-01-29,7.6,,
INSERTABLE,6971,2013-01-30,4.6,,
INSERTABLE,6972,2013-01-31,3.7,,
INSERTABLE,6973,2013-02-01,6.2,,
INSERTABLE,6974,2013-02-02,6.2,,
INSERTABLE,6975,2013-02-03,6.2,,
INSERTABLE,6976,2013-02-04,4.2,,
INSERTABLE,6977,2013-02-05,4.1,,
INSERTABLE,6978,2013-02-06,6.8,,
INSERTABLE,6979,2013-02-07,6.9,,
INSERTABLE,6980,2013-02-08,5.333333333333333,,
INSERTABLE,6981,2013-02-09,5.333333333333333,,
INSERTABLE,6982,2013-02-10,5.333333333333333,,
INSERTABLE,6983,2013-02-11,5.3,,
INSERTABLE,6984,2013-02-12,6.1,,
INSERTABLE,6985,2013-02-13,6.8,,
INSERTABLE,6986,2013-02-14,7.4,,
INSERTABLE,6987,2013-02-15,6.3999999999999995,,
INSERTABLE,6988,2013-02-16,6.3999999999999995,,
INSERTABLE,6989,2013-02-17,6.3999999999999995,,
INSERTABLE,6990,2013-02-18,6.2,,
INSERTABLE,6991,2013-02-19,5.6,,
INSERTABLE,6992,2013-02-20,6.3,,
INSERTABLE,6993,2013-02-21,6.9,,
INSERTABLE,6994,2013-02-22,6.733333333333333,,
INSERTABLE,6995,2013-02-23,6.733333333333333,,
INSERTABLE,6996,2013-02-24,6.733333333333333,,
INSERTABLE,6997,2013-02-25,5.8,,
INSERTABLE,6998,2013-02-26,4.4,,
INSERTABLE,6999,2013-02-27,3.5,,
INSERTABLE,7000,2013-02-28,4.8,,
INSERTABLE,7001,2013-03-01,5.7,,
INSERTABLE,7002,2013-03-02,5.7,,
INSERTABLE,7003,2013-03-03,5.7,,
INSERTABLE,7004,2013-03-04,4,,
INSERTABLE,7005,2013-03-05,2.1,,
INSERTABLE,7006,2013-03-06,4.4,,
INSERTABLE,7007,2013-03-07,2.2,,
INSERTABLE,7008,2013-03-08,5.533333333333334,,
INSERTABLE,7009,2013-03-09,5.533333333333334,,
INSERTABLE,7010,2013-03-10,5.533333333333334,,
INSERTABLE,7011,2013-03-11,4.6,,
INSERTABLE,7012,2013-03-12,4,,
INSERTABLE,7013,2013-03-13,3.6,,
INSERTABLE,7014,2013-03-14,4.8,,
INSERTABLE,7015,2013-03-15,4.266666666666667,,
INSERTABLE,7016,2013-03-16,4.266666666666667,,
INSERTABLE,7017,2013-03-17,4.266666666666667,,
INSERTABLE,7018,2013-03-18,2.8,,
INSERTABLE,7019,2013-03-19,3,,
INSERTABLE,7020,2013-03-20,3,,
INSERTABLE,7021,2013-03-21,4.1,,
INSERTABLE,7022,2013-03-22,4.2,,
INSERTABLE,7023,2013-03-23,4.2,,
INSERTABLE,7024,2013-03-24,4.2,,
INSERTABLE,7025,2013-03-25,4.7,,
INSERTABLE,7026,2013-03-26,4.1,,
INSERTABLE,7027,2013-03-27,2.1,,
INSERTABLE,7028,2013-03-28,2.55,,
INSERTABLE,7029,2013-03-29,2.55,,
INSERTABLE,7030,2013-03-30,2.55,,
INSERTABLE,7031,2013-03-31,2.55,,
INSERTABLE,7032,2013-04-01,2.1,,
INSERTABLE,7033,2013-04-02,3.5,,
INSERTABLE,7034,2013-04-03,3.2,,
INSERTABLE,7035,2013-04-04,3.4,,
INSERTABLE,7036,2013-04-05,4.1000000000000005,,
INSERTABLE,7037,2013-04-06,4.1000000000000005,,
INSERTABLE,7038,2013-04-07,4.1000000000000005,,
INSERTABLE,7039,2013-04-08,3.2,,
INSERTABLE,7040,2013-04-09,0.8,,
INSERTABLE,7041,2013-04-10,2.2,,
INSERTABLE,7042,2013-04-11,2,,
INSERTABLE,7043,2013-04-12,3.0666666666666664,,
INSERTABLE,7044,2013-04-13,3.0666666666666664,,
INSERTABLE,7045,2013-04-14,3.0666666666666664,,
INSERTABLE,7046,2013-04-15,3.4,,
INSERTABLE,7047,2013-04-16,0.9,,
INSERTABLE,7048,2013-04-17,1.6,,
INSERTABLE,7049,2013-04-18,1.1,,
INSERTABLE,7050,2013-04-19,2.466666666666667,,
INSERTABLE,7051,2013-04-20,2.466666666666667,,
INSERTABLE,7052,2013-04-21,2.466666666666667,,
INSERTABLE,7053,2013-04-22,1.4,,
INSERTABLE,7054,2013-04-23,1.6,,
INSERTABLE,7055,2013-04-24,2.1,,
INSERTABLE,7056,2013-04-25,2.4,,
INSERTABLE,7057,2013-04-26,2.2666666666666666,,
INSERTABLE,7058,2013-04-27,2.2666666666666666,,
INSERTABLE,7059,2013-04-28,2.2666666666666666,,
INSERTABLE,7060,2013-04-29,1.3,,
INSERTABLE,7061,2013-04-30,1.7,,
INSERTABLE,7062,2013-05-01,1.7,,
INSERTABLE,7063,2013-05-02,0,,
INSERTABLE,7064,2013-05-03,1.9333333333333333,,
INSERTABLE,7065,2013-05-04,1.9333333333333333,,
INSERTABLE,7066,2013-05-05,1.9333333333333333,,
INSERTABLE,7067,2013-05-06,2,,
INSERTABLE,7068,2013-05-07,1.3,,
INSERTABLE,7069,2013-05-08,0.8,,
INSERTABLE,7070,2013-05-09,0.7,,
INSERTABLE,7071,2013-05-10,1.9333333333333333,,
INSERTABLE,7072,2013-05-11,1.9333333333333333,,
INSERTABLE,7073,2013-05-12,1.9333333333333333,,
INSERTABLE,7074,2013-05-13,1.2,,
INSERTABLE,7075,2013-05-14,1.4,,
INSERTABLE,7076,2013-05-15,1.2,,
INSERTABLE,7077,2013-05-16,1.1,,
INSERTABLE,7078,2013-05-17,0,,
INSERTABLE,7079,2013-05-18,0,,
INSERTABLE,7080,2013-05-19,0,,
INSERTABLE,7081,2013-05-20,0.5,,
INSERTABLE,7082,2013-05-21,0.5,,
INSERTABLE,7083,2013-05-22,0.8,,
INSERTABLE,7084,2013-05-23,0.7,,
INSERTABLE,7085,2013-05-24,0.7999999999999999,,
INSERTABLE,7086,2013-05-25,0.7999999999999999,,
INSERTABLE,7087,2013-05-26,0.7999999999999999,,
INSERTABLE,7088,2013-05-27,0,,
INSERTABLE,7089,2013-05-28,0,,
INSERTABLE,7090,2013-05-29,0.6,,
INSERTABLE,7091,2013-05-30,0.8,,
INSERTABLE,7092,2013-05-31,0,,
INSERTABLE,7093,2013-06-01,0,,
INSERTABLE,7094,2013-06-02,0.9,,
INSERTABLE,7095,2013-06-03,0.7,,
INSERTABLE,7096,2013-06-04,0.6,,
INSERTABLE,7097,2013-06-05,0.9,,
INSERTABLE,7098,2013-06-06,0.7000000000000001,,
INSERTABLE,7099,2013-06-07,0.7000000000000001,,
INSERTABLE,7100,2013-06-08,0.7000000000000001,,
INSERTABLE,7101,2013-06-09,0.7,,
INSERTABLE,7102,2013-06-10,0.5,,
INSERTABLE,7103,2013-06-11,0.4,,
INSERTABLE,7104,2013-06-12,1,,
INSERTABLE,7105,2013-06-13,0.6666666666666666,,
INSERTABLE,7106,2013-06-14,0.6666666666666666,,
INSERTABLE,7107,2013-06-15,0.6666666666666666,,
INSERTABLE,7108,2013-06-16,0.6,,
INSERTABLE,7109,2013-06-17,1,,
INSERTABLE,7110,2013-06-18,0.7,,
INSERTABLE,7111,2013-06-19,0.9,,
INSERTABLE,7112,2013-06-20,0.5333333333333333,,
INSERTABLE,7113,2013-06-21,0.5333333333333333,,
INSERTABLE,7114,2013-06-22,0.5333333333333333,,
INSERTABLE,7115,2013-06-23,0.4,,
INSERTABLE,7116,2013-06-24,0.6,,
INSERTABLE,7117,2013-06-25,0.3,,
INSERTABLE,7118,2013-06-26,0,,
INSERTABLE,7119,2013-06-27,0,,
INSERTABLE,7120,2013-06-28,0.25,,
INSERTABLE,7121,2013-06-29,0.25,,
INSERTABLE,7123,2013-07-01,0.7,,
INSERTABLE,7124,2013-07-02,0.3,,
INSERTABLE,7125,2013-07-03,0.4,,
INSERTABLE,7126,2013-07-04,0.5,,
INSERTABLE,7130,2013-07-08,0.6,,
INSERTABLE,7131,2013-07-09,0.9,,
INSERTABLE,7132,2013-07-10,0.5,,
INSERTABLE,7133,2013-07-11,0.8,,
INSERTABLE,7134,2013-07-12,0.7000000000000001,,
INSERTABLE,7135,2013-07-13,0.7000000000000001,,
INSERTABLE,7136,2013-07-14,0.7000000000000001,,
INSERTABLE,7137,2013-07-15,0.65,,
INSERTABLE,7138,2013-07-16,0.65,,
INSERTABLE,7139,2013-07-17,0.3,,
INSERTABLE,7140,2013-07-18,0.5,,
INSERTABLE,7141,2013-07-19,1,,
INSERTABLE,7142,2013-07-20,1,,
INSERTABLE,7143,2013-07-21,1,,
INSERTABLE,7144,2013-07-22,1.3,,
INSERTABLE,7145,2013-07-23,1.3,,
INSERTABLE,7146,2013-07-24,1.1,,
INSERTABLE,7147,2013-07-25,0.7,,
INSERTABLE,7148,2013-07-26,0.8666666666666667,,
INSERTABLE,7149,2013-07-27,0.8666666666666667,,
INSERTABLE,7150,2013-07-28,0.8666666666666667,,
INSERTABLE,7151,2013-07-29,0.3,,
INSERTABLE,7152,2013-07-30,1.1,,
INSERTABLE,7153,2013-07-31,1.2,,
INSERTABLE,7154,2013-08-01,0.9,,
INSERTABLE,7155,2013-08-02,1.2333333333333334,,
INSERTABLE,7156,2013-08-03,1.2333333333333334,,
INSERTABLE,7157,2013-08-04,1.2333333333333334,,
INSERTABLE,7158,2013-08-05,1.6,,
INSERTABLE,7159,2013-08-06,0,,
INSERTABLE,7160,2013-08-07,0,,
INSERTABLE,7161,2013-08-08,0.4,,
INSERTABLE,7162,2013-08-09,0.9,,
INSERTABLE,7163,2013-08-10,1.2,,
INSERTABLE,7164,2013-08-11,1.2,,
INSERTABLE,7165,2013-08-12,1,,
INSERTABLE,7166,2013-08-13,2.1,,
INSERTABLE,7167,2013-08-14,1.55,,
INSERTABLE,7168,2013-08-15,1.55,,
INSERTABLE,7169,2013-08-16,1.3,,
INSERTABLE,7170,2013-08-17,1.3,,
INSERTABLE,7171,2013-08-18,1.3,,
INSERTABLE,7172,2013-08-19,1.2,,
INSERTABLE,7173,2013-08-20,1,,
INSERTABLE,7174,2013-08-21,1.7,,
INSERTABLE,7175,2013-08-22,1.1,,
INSERTABLE,7176,2013-08-23,1.3,,
INSERTABLE,7177,2013-08-24,1,,
INSERTABLE,7178,2013-08-25,1,,
INSERTABLE,7179,2013-08-26,1.8,,
INSERTABLE,7180,2013-08-27,3.1,,
INSERTABLE,7181,2013-08-28,4,,
INSERTABLE,7182,2013-08-29,1,,
INSERTABLE,7184,2013-08-31,1.6,,
INSERTABLE,7185,2013-09-01,1.6,,
INSERTABLE,7186,2013-09-02,1,,
INSERTABLE,7187,2013-09-03,2.6,,
INSERTABLE,7188,2013-09-04,1.3,,
INSERTABLE,7189,2013-09-05,2.2,,
INSERTABLE,7190,2013-09-06,0.5,,
INSERTABLE,7191,2013-09-07,3.4,,
INSERTABLE,7192,2013-09-08,3.4,,
INSERTABLE,7193,2013-09-09,1.2,,
INSERTABLE,7194,2013-09-10,2.8,,
INSERTABLE,7195,2013-09-11,2.9,,
INSERTABLE,7196,2013-09-12,3.2,,
INSERTABLE,7197,2013-09-13,1.95,,
INSERTABLE,7198,2013-09-14,1.95,,
INSERTABLE,7199,2013-09-15,1.95,,
INSERTABLE,7200,2013-09-16,1.95,,
INSERTABLE,7201,2013-09-17,1.95,,
INSERTABLE,7202,2013-09-18,1.95,,
INSERTABLE,7203,2013-09-19,1.95,,
INSERTABLE,7204,2013-09-20,1.95,,
INSERTABLE,7205,2013-09-21,1.95,,
INSERTABLE,7206,2013-09-22,1.95,,
INSERTABLE,7207,2013-09-23,5.3,,
INSERTABLE,7208,2013-09-24,4,,
INSERTABLE,7209,2013-09-25,3.3,,
INSERTABLE,7210,2013-09-26,0.8,,
INSERTABLE,7211,2013-09-27,4.733333333333333,,
INSERTABLE,7212,2013-09-28,4.733333333333333,,
INSERTABLE,7213,2013-09-29,4.733333333333333,,
INSERTABLE,7214,2013-09-30,3,,
INSERTABLE,7215,2013-10-01,4.3,,
INSERTABLE,7216,2013-10-02,2.6,,
INSERTABLE,7217,2013-10-03,4.3,,
INSERTABLE,7218,2013-10-04,5.2,,
INSERTABLE,7219,2013-10-05,5.2,,
INSERTABLE,7220,2013-10-06,5.2,,
INSERTABLE,7221,2013-10-07,4.6,,
INSERTABLE,7222,2013-10-08,3.3,,
INSERTABLE,7223,2013-10-09,4.9,,
INSERTABLE,7224,2013-10-10,5.4,,
INSERTABLE,7225,2013-10-11,4.833333333333333,,
INSERTABLE,7226,2013-10-12,4.833333333333333,,
INSERTABLE,7227,2013-10-13,4.833333333333333,,
INSERTABLE,7228,2013-10-14,4.3,,
INSERTABLE,7229,2013-10-15,4.45,,
INSERTABLE,7230,2013-10-16,4.45,,
INSERTABLE,7231,2013-10-17,4.4,,
INSERTABLE,7232,2013-10-18,3.3333333333333335,,
INSERTABLE,7233,2013-10-19,3.3333333333333335,,
INSERTABLE,7234,2013-10-20,3.3333333333333335,,
INSERTABLE,7235,2013-10-21,5,,
INSERTABLE,7236,2013-10-22,4.9,,
INSERTABLE,7237,2013-10-23,5.3,,
INSERTABLE,7238,2013-10-24,3.8,,
INSERTABLE,7239,2013-10-25,5.066666666666666,,
INSERTABLE,7240,2013-10-26,5.066666666666666,,
INSERTABLE,7241,2013-10-27,5.066666666666666,,
INSERTABLE,7242,2013-10-28,1.7,,
INSERTABLE,7243,2013-10-29,3.1,,
INSERTABLE,7244,2013-10-30,4.0600000000000005,,
INSERTABLE,7245,2013-10-31,4.0600000000000005,,
INSERTABLE,7246,2013-11-01,4.0600000000000005,,
INSERTABLE,7247,2013-11-02,4.0600000000000005,,
INSERTABLE,7248,2013-11-03,4.0600000000000005,,
INSERTABLE,7249,2013-11-04,4.6,,
INSERTABLE,7250,2013-11-05,3.3,,
INSERTABLE,7251,2013-11-06,5.1,,
INSERTABLE,7252,2013-11-07,5.7,,
INSERTABLE,7253,2013-11-08,5.8,,
INSERTABLE,7254,2013-11-09,5.8,,
INSERTABLE,7255,2013-11-10,5.8,,
INSERTABLE,7256,2013-11-11,6.9,,
INSERTABLE,7257,2013-11-12,8.1,,
INSERTABLE,7258,2013-11-13,9.2,,
INSERTABLE,7259,2013-11-14,6.7,,
INSERTABLE,7260,2013-11-15,5.7,,
INSERTABLE,7261,2013-11-16,5.7,,
INSERTABLE,7262,2013-11-17,5.7,,
INSERTABLE,7263,2013-11-18,4,,
INSERTABLE,7264,2013-11-19,3.6,,
INSERTABLE,7265,2013-11-20,5.9,,
INSERTABLE,7266,2013-11-21,6.9,,
INSERTABLE,7267,2013-11-22,5.3999999999999995,,
INSERTABLE,7268,2013-11-23,5.3999999999999995,,
INSERTABLE,7269,2013-11-24,5.3999999999999995,,
INSERTABLE,7270,2013-11-25,6.1,,
INSERTABLE,7271,2013-11-26,4.1,,
INSERTABLE,7272,2013-11-27,6.9,,
INSERTABLE,7273,2013-11-28,6.4,,
INSERTABLE,7274,2013-11-29,3.4,,
INSERTABLE,7275,2013-11-30,3.4,,
INSERTABLE,7276,2013-12-01,3.4,,
INSERTABLE,7277,2013-12-02,7.1,,
INSERTABLE,7278,2013-12-03,7.4,,
INSERTABLE,7279,2013-12-04,7.1,,
INSERTABLE,7280,2013-12-05,6.4,,
INSERTABLE,7281,2013-12-06,5.2,,
INSERTABLE,7282,2013-12-07,5.2,,
INSERTABLE,7283,2013-12-08,5.2,,
INSERTABLE,7284,2013-12-09,6,,
INSERTABLE,7285,2013-12-10,7.6,,
INSERTABLE,7286,2013-12-11,6.1,,
INSERTABLE,7287,2013-12-12,5.7,,
INSERTABLE,7288,2013-12-13,4.933333333333334,,
INSERTABLE,7289,2013-12-14,4.933333333333334,,
INSERTABLE,7290,2013-12-15,4.933333333333334,,
INSERTABLE,7291,2013-12-16,5.8,,
INSERTABLE,7292,2013-12-17,5.3,,
INSERTABLE,7293,2013-12-18,4.9,,
INSERTABLE,7294,2013-12-19,4.5,,
INSERTABLE,7295,2013-12-20,3.6,,
INSERTABLE,7296,2013-12-21,3.6,,
INSERTABLE,7297,2013-12-22,3.6,,
INSERTABLE,7298,2013-12-23,4.1,,
INSERTABLE,7299,2013-12-24,2.7,,
INSERTABLE,7300,2013-12-25,2.7,,
INSERTABLE,7301,2013-12-26,6.6,,
INSERTABLE,7302,2013-12-27,8.866666666666667,,
INSERTABLE,7303,2013-12-28,8.866666666666667,,
INSERTABLE,7304,2013-12-29,8.866666666666667,,
INSERTABLE,7305,2013-12-30,7.4,,
INSERTABLE,7306,2013-12-31,7.55,,
INSERTABLE,7307,2014-01-01,7.55,,
INSERTABLE,7308,2014-01-02,7.3,,
INSERTABLE,7309,2014-01-03,7.4,,
INSERTABLE,7310,2014-01-04,7.4,,
INSERTABLE,7311,2014-01-05,7.4,,
INSERTABLE,7312,2014-01-06,6.8,,
INSERTABLE,7313,2014-01-07,7.6,,
INSERTABLE,7314,2014-01-08,6.1,,
INSERTABLE,7315,2014-01-09,8,,
INSERTABLE,7316,2014-01-10,7.866666666666667,,
INSERTABLE,7317,2014-01-11,7.866666666666667,,
INSERTABLE,7318,2014-01-12,7.866666666666667,,
INSERTABLE,7319,2014-01-13,4.6,,
INSERTABLE,7320,2014-01-14,6,,
INSERTABLE,7321,2014-01-15,6.3,,
INSERTABLE,7322,2014-01-16,7.1,,
INSERTABLE,7323,2014-01-17,7.8,,
INSERTABLE,7324,2014-01-18,7.8,,
INSERTABLE,7325,2014-01-19,7.8,,
INSERTABLE,7326,2014-01-20,7.5,,
INSERTABLE,7327,2014-01-21,7.2,,
INSERTABLE,7328,2014-01-22,6.6,,
INSERTABLE,7329,2014-01-23,7.7,,
INSERTABLE,7330,2014-01-24,7.266666666666667,,
INSERTABLE,7331,2014-01-25,7.266666666666667,,
INSERTABLE,7332,2014-01-26,7.266666666666667,,
INSERTABLE,7333,2014-01-27,4.2,,
INSERTABLE,7334,2014-01-28,6.6,,
INSERTABLE,7335,2014-01-29,7.6,,
INSERTABLE,7336,2014-01-30,5.7,,
INSERTABLE,7337,2014-01-31,7.933333333333334,,
INSERTABLE,7338,2014-02-01,7.933333333333334,,
INSERTABLE,7339,2014-02-02,7.933333333333334,,
INSERTABLE,7340,2014-02-03,7.3,,
INSERTABLE,7341,2014-02-04,7.5,,
INSERTABLE,7342,2014-02-05,7.8,,
INSERTABLE,7343,2014-02-06,7.2,,
INSERTABLE,7344,2014-02-07,7.2,,
INSERTABLE,7345,2014-02-08,7.2,,
INSERTABLE,7346,2014-02-09,7.2,,
INSERTABLE,7347,2014-02-10,5.6,,
INSERTABLE,7348,2014-02-11,5.9,,
INSERTABLE,7349,2014-02-12,6.2,,
INSERTABLE,7350,2014-02-13,5.1,,
INSERTABLE,7351,2014-02-14,5.633333333333333,,
INSERTABLE,7352,2014-02-15,5.633333333333333,,
INSERTABLE,7353,2014-02-16,5.633333333333333,,
INSERTABLE,7354,2014-02-17,4.1,,
INSERTABLE,7355,2014-02-18,4.7,,
INSERTABLE,7356,2014-02-19,5,,
INSERTABLE,7357,2014-02-20,4.6,,
INSERTABLE,7358,2014-02-21,6.433333333333334,,
INSERTABLE,7359,2014-02-22,6.433333333333334,,
INSERTABLE,7360,2014-02-23,6.433333333333334,,
INSERTABLE,7361,2014-02-24,2.2,,
INSERTABLE,7362,2014-02-25,5.4,,
INSERTABLE,7363,2014-02-26,6.8,,
INSERTABLE,7364,2014-02-27,4.1,,
INSERTABLE,7365,2014-02-28,4.2,,
INSERTABLE,7366,2014-03-01,4.2,,
INSERTABLE,7367,2014-03-02,4.233333333333333,,
INSERTABLE,7368,2014-03-03,4.4,,
INSERTABLE,7369,2014-03-04,4.2,,
INSERTABLE,7370,2014-03-05,6.5,,
INSERTABLE,7371,2014-03-06,6.1,,
INSERTABLE,7372,2014-03-07,6.933333333333334,,
INSERTABLE,7373,2014-03-08,6.933333333333334,,
INSERTABLE,7374,2014-03-09,6.933333333333334,,
INSERTABLE,7375,2014-03-10,7.5,,
INSERTABLE,7376,2014-03-11,6,,
INSERTABLE,7377,2014-03-12,5,,
INSERTABLE,7378,2014-03-13,5.5,,
INSERTABLE,7379,2014-03-14,4.1000000000000005,,
INSERTABLE,7380,2014-03-15,4.1000000000000005,,
INSERTABLE,7381,2014-03-16,4.1000000000000005,,
INSERTABLE,7382,2014-03-17,5.5,,
INSERTABLE,7383,2014-03-18,3.2,,
INSERTABLE,7384,2014-03-19,3.9,,
INSERTABLE,7385,2014-03-20,4.4,,
INSERTABLE,7386,2014-03-21,4.566666666666666,,
INSERTABLE,7387,2014-03-22,4.566666666666666,,
INSERTABLE,7388,2014-03-23,4.566666666666666,,
INSERTABLE,7389,2014-03-24,2.8,,
INSERTABLE,7390,2014-03-25,3.5,,
INSERTABLE,7391,2014-03-26,2.5,,
INSERTABLE,7392,2014-03-27,3,,
INSERTABLE,7393,2014-03-28,3.1666666666666665,,
INSERTABLE,7394,2014-03-29,3.1666666666666665,,
INSERTABLE,7395,2014-03-30,3.1666666666666665,,
INSERTABLE,7396,2014-03-31,3.4,,
INSERTABLE,7397,2014-04-01,3.6,,
INSERTABLE,7398,2014-04-02,3.7,,
INSERTABLE,7399,2014-04-03,2.8,,
INSERTABLE,7400,2014-04-04,2.6,,
INSERTABLE,7401,2014-04-05,2.6,,
INSERTABLE,7402,2014-04-06,2.6,,
INSERTABLE,7403,2014-04-07,3.2,,
INSERTABLE,7404,2014-04-08,3.4,,
INSERTABLE,7405,2014-04-09,4.2,,
INSERTABLE,7406,2014-04-10,4.1,,
INSERTABLE,7407,2014-04-11,4.466666666666667,,
INSERTABLE,7408,2014-04-12,4.466666666666667,,
INSERTABLE,7409,2014-04-13,4.466666666666667,,
INSERTABLE,7410,2014-04-14,3.8,,
INSERTABLE,7411,2014-04-15,3.4,,
INSERTABLE,7412,2014-04-16,2.7,,
INSERTABLE,7413,2014-04-17,3.85,,
INSERTABLE,7414,2014-04-18,3.85,,
INSERTABLE,7415,2014-04-19,3.85,,
INSERTABLE,7416,2014-04-20,3.85,,
INSERTABLE,7417,2014-04-21,3.6,,
INSERTABLE,7418,2014-04-22,2.6,,
INSERTABLE,7419,2014-04-23,1.6,,
INSERTABLE,7420,2014-04-24,2,,
INSERTABLE,7421,2014-04-25,1.7,,
INSERTABLE,7422,2014-04-26,1.7,,
INSERTABLE,7423,2014-04-27,1.7,,
INSERTABLE,7424,2014-04-28,1.5,,
INSERTABLE,7425,2014-04-29,2.3,,
INSERTABLE,7426,2014-04-30,1.3,,
INSERTABLE,7427,2014-05-01,1.3,,
INSERTABLE,7428,2014-05-02,2.1333333333333333,,
INSERTABLE,7429,2014-05-03,2.1333333333333333,,
INSERTABLE,7430,2014-05-04,2.1333333333333333,,
INSERTABLE,7431,2014-05-05,1.4,,
INSERTABLE,7432,2014-05-06,2.2,,
INSERTABLE,7433,2014-05-07,2.9,,
INSERTABLE,7434,2014-05-08,2.1,,
INSERTABLE,7435,2014-05-09,0.8666666666666667,,
INSERTABLE,7436,2014-05-10,0.8666666666666667,,
INSERTABLE,7437,2014-05-11,0.8666666666666667,,
INSERTABLE,7438,2014-05-12,1,,
INSERTABLE,7439,2014-05-13,1.5,,
INSERTABLE,7440,2014-05-14,2,,
INSERTABLE,7441,2014-05-15,2.2,,
INSERTABLE,7442,2014-05-16,2.3666666666666667,,
INSERTABLE,7443,2014-05-17,2.3666666666666667,,
INSERTABLE,7444,2014-05-18,2.3666666666666667,,
INSERTABLE,7445,2014-05-19,1,,
INSERTABLE,7446,2014-05-20,0,,
INSERTABLE,7447,2014-05-21,0,,
INSERTABLE,7448,2014-05-22,1.1,,
INSERTABLE,7449,2014-05-23,1.3333333333333333,,
INSERTABLE,7450,2014-05-24,1.3333333333333333,,
INSERTABLE,7451,2014-05-25,1.3333333333333333,,
INSERTABLE,7452,2014-05-26,1.6,,
INSERTABLE,7453,2014-05-27,2.1,,
INSERTABLE,7454,2014-05-28,1.2,,
INSERTABLE,7455,2014-05-29,0.7,,
INSERTABLE,7456,2014-05-30,1.1333333333333333,,
INSERTABLE,7457,2014-05-31,1.1333333333333333,,
INSERTABLE,7458,2014-06-01,1.1333333333333333,,
INSERTABLE,7459,2014-06-02,0.7,,
INSERTABLE,7460,2014-06-03,0,,
INSERTABLE,7461,2014-06-04,0.7,,
INSERTABLE,7462,2014-06-05,0.8,,
INSERTABLE,7463,2014-06-06,0,,
INSERTABLE,7464,2014-06-07,0,,
INSERTABLE,7465,2014-06-08,0,,
INSERTABLE,7466,2014-06-09,0,,
INSERTABLE,7467,2014-06-10,0.6,,
INSERTABLE,7468,2014-06-11,0,,
INSERTABLE,7469,2014-06-12,0,,
INSERTABLE,7470,2014-06-13,0.4666666666666666,,
INSERTABLE,7471,2014-06-14,0.4666666666666666,,
INSERTABLE,7472,2014-06-15,0.4666666666666666,,
INSERTABLE,7473,2014-06-16,0.8,,
INSERTABLE,7474,2014-06-17,1.3,,
INSERTABLE,7475,2014-06-18,0.5,,
INSERTABLE,7476,2014-06-19,0.4,,
INSERTABLE,7477,2014-06-20,0.5333333333333333,,
INSERTABLE,7478,2014-06-21,0.5333333333333333,,
INSERTABLE,7479,2014-06-22,0.5333333333333333,,
INSERTABLE,7480,2014-06-23,0.8,,
INSERTABLE,7481,2014-06-24,0.5,,
INSERTABLE,7482,2014-06-25,0.3,,
INSERTABLE,7483,2014-06-26,0.8,,
INSERTABLE,7484,2014-06-27,0.5333333333333333,,
INSERTABLE,7485,2014-06-28,0.5333333333333333,,
INSERTABLE,7486,2014-06-29,0.5333333333333333,,
INSERTABLE,7487,2014-06-30,0.4,,
INSERTABLE,7488,2014-07-01,0,,
INSERTABLE,7489,2014-07-02,0,,
INSERTABLE,7490,2014-07-03,0.6,,
INSERTABLE,7491,2014-07-04,0.5333333333333333,,
INSERTABLE,7492,2014-07-05,0.5333333333333333,,
INSERTABLE,7493,2014-07-06,0.5333333333333333,,
INSERTABLE,7494,2014-07-07,0.8,,
INSERTABLE,7495,2014-07-08,1,,
INSERTABLE,7496,2014-07-09,0.4,,
INSERTABLE,7497,2014-07-10,0.3,,
INSERTABLE,7498,2014-07-11,0.6666666666666666,,
INSERTABLE,7499,2014-07-12,0.6666666666666666,,
INSERTABLE,7500,2014-07-13,0.6666666666666666,,
INSERTABLE,7501,2014-07-14,0,,
INSERTABLE,7502,2014-07-15,0.4,,
INSERTABLE,7503,2014-07-16,0.4,,
INSERTABLE,7504,2014-07-17,0.9,,
INSERTABLE,7505,2014-07-18,0.7666666666666666,,
INSERTABLE,7506,2014-07-19,0.7666666666666666,,
INSERTABLE,7507,2014-07-20,0.7666666666666666,,
INSERTABLE,7508,2014-07-21,0.7,,
INSERTABLE,7509,2014-07-22,1.1,,
INSERTABLE,7510,2014-07-23,1.3,,
INSERTABLE,7511,2014-07-24,1.2,,
INSERTABLE,7512,2014-07-25,1.0333333333333334,,
INSERTABLE,7513,2014-07-26,1.0333333333333334,,
INSERTABLE,7514,2014-07-27,1.0333333333333334,,
INSERTABLE,7515,2014-07-28,1,,
INSERTABLE,7516,2014-07-29,1.2,,
INSERTABLE,7517,2014-07-30,0.8,,
INSERTABLE,7518,2014-07-31,1.2,,
INSERTABLE,7519,2014-08-01,1.6666666666666667,,
INSERTABLE,7520,2014-08-02,1.6666666666666667,,
INSERTABLE,7521,2014-08-03,1.6666666666666667,,
INSERTABLE,7522,2014-08-04,1.3,,
INSERTABLE,7523,2014-08-05,0,,
INSERTABLE,7524,2014-08-06,0,,
INSERTABLE,7525,2014-08-07,1.4,,
INSERTABLE,7526,2014-08-08,1.0999999999999999,,
INSERTABLE,7527,2014-08-09,1.0999999999999999,,
INSERTABLE,7528,2014-08-10,1.0999999999999999,,
INSERTABLE,7529,2014-08-11,2.2,,
INSERTABLE,7530,2014-08-12,2.3,,
INSERTABLE,7531,2014-08-13,3.2,,
INSERTABLE,7532,2014-08-14,2,,
INSERTABLE,7533,2014-08-15,3,,
INSERTABLE,7534,2014-08-16,3,,
INSERTABLE,7535,2014-08-17,3,,
INSERTABLE,7536,2014-08-18,2.5,,
INSERTABLE,7537,2014-08-19,0.5,,
INSERTABLE,7538,2014-08-20,0.8,,
INSERTABLE,7539,2014-08-21,1.3,,
INSERTABLE,7540,2014-08-22,0,,
INSERTABLE,7541,2014-08-23,0,,
INSERTABLE,7542,2014-08-24,0,,
INSERTABLE,7543,2014-08-25,1.1,,
INSERTABLE,7544,2014-08-26,1.2,,
INSERTABLE,7545,2014-08-27,1,,
INSERTABLE,7546,2014-08-28,1.4,,
INSERTABLE,7547,2014-08-29,0,,
INSERTABLE,7548,2014-08-30,0,,
INSERTABLE,7549,2014-08-31,0,,
INSERTABLE,7550,2014-09-01,0,,
INSERTABLE,7551,2014-09-02,0,,
INSERTABLE,7552,2014-09-03,0.2,,
INSERTABLE,7553,2014-09-04,0,,
INSERTABLE,7554,2014-09-05,0.7999999999999999,,
INSERTABLE,7555,2014-09-06,0.7999999999999999,,
INSERTABLE,7556,2014-09-07,0.7999999999999999,,
INSERTABLE,7557,2014-09-08,1.2,,
INSERTABLE,7558,2014-09-09,0.8,,
INSERTABLE,7559,2014-09-10,2.1,,
INSERTABLE,7560,2014-09-11,2.3,,
INSERTABLE,7561,2014-09-12,0,,
INSERTABLE,7562,2014-09-13,0,,
INSERTABLE,7563,2014-09-14,0,,
INSERTABLE,7564,2014-09-15,3,,
INSERTABLE,7565,2014-09-16,0.4,,
INSERTABLE,7566,2014-09-17,1.92,,
INSERTABLE,7567,2014-09-18,1.92,,
INSERTABLE,7568,2014-09-19,1.92,,
INSERTABLE,7569,2014-09-20,1.92,,
INSERTABLE,7570,2014-09-21,1.92,,
INSERTABLE,7571,2014-09-22,2,,
INSERTABLE,7572,2014-09-23,1.9,,
INSERTABLE,7573,2014-09-24,2.2,,
INSERTABLE,7574,2014-09-25,2.4,,
INSERTABLE,7575,2014-09-26,2.533333333333333,,
INSERTABLE,7576,2014-09-27,2.533333333333333,,
INSERTABLE,7577,2014-09-28,2.533333333333333,,
INSERTABLE,7578,2014-09-29,2.9,,
INSERTABLE,7579,2014-09-30,4,,
INSERTABLE,7580,2014-10-01,2.6,,
INSERTABLE,7581,2014-10-02,2.4,,
INSERTABLE,7582,2014-10-03,3.033333333333333,,
INSERTABLE,7583,2014-10-04,3.033333333333333,,
INSERTABLE,7584,2014-10-05,3.033333333333333,,
INSERTABLE,7585,2014-10-06,3.4,,
INSERTABLE,7586,2014-10-07,2.4,,
INSERTABLE,7587,2014-10-08,2,,
INSERTABLE,7588,2014-10-09,4.4,,
INSERTABLE,7589,2014-10-10,4.866666666666666,,
INSERTABLE,7590,2014-10-11,4.866666666666666,,
INSERTABLE,7591,2014-10-12,4.866666666666666,,
INSERTABLE,7592,2014-10-13,5,,
INSERTABLE,7593,2014-10-14,3.4,,
INSERTABLE,7594,2014-10-15,3.6,,
INSERTABLE,7595,2014-10-16,4.3,,
INSERTABLE,7596,2014-10-17,4.533333333333333,,
INSERTABLE,7597,2014-10-18,4.533333333333333,,
INSERTABLE,7598,2014-10-19,4.533333333333333,,
INSERTABLE,7599,2014-10-20,6.1,,
INSERTABLE,7600,2014-10-21,5.7,,
INSERTABLE,7601,2014-10-22,4.6,,
INSERTABLE,7602,2014-10-23,5.6,,
INSERTABLE,7603,2014-10-24,5.533333333333334,,
INSERTABLE,7604,2014-10-25,5.533333333333334,,
INSERTABLE,7605,2014-10-26,5.533333333333334,,
INSERTABLE,7606,2014-10-27,5,,
INSERTABLE,7607,2014-10-28,4.1,,
INSERTABLE,7608,2014-10-29,5.8,,
INSERTABLE,7609,2014-10-30,5.475,,
INSERTABLE,7610,2014-10-31,5.475,,
INSERTABLE,7611,2014-11-01,5.475,,
INSERTABLE,7612,2014-11-02,5.475,,
INSERTABLE,7613,2014-11-03,6.1,,
INSERTABLE,7614,2014-11-04,6.3,,
INSERTABLE,7615,2014-11-05,5.6,,
INSERTABLE,7616,2014-11-06,6.2,,
INSERTABLE,7617,2014-11-07,6.633333333333333,,
INSERTABLE,7618,2014-11-08,6.633333333333333,,
INSERTABLE,7619,2014-11-09,6.633333333333333,,
INSERTABLE,7620,2014-11-10,5.7,,
INSERTABLE,7621,2014-11-11,6.2,,
INSERTABLE,7622,2014-11-12,7.2,,
INSERTABLE,7623,2014-11-13,7.1,,
INSERTABLE,7624,2014-11-14,6.666666666666667,,
INSERTABLE,7625,2014-11-15,6.666666666666667,,
INSERTABLE,7626,2014-11-16,6.666666666666667,,
INSERTABLE,7627,2014-11-17,4.2,,
INSERTABLE,7628,2014-11-18,3.1,,
INSERTABLE,7629,2014-11-19,4.7,,
INSERTABLE,7630,2014-11-20,5.8,,
INSERTABLE,7631,2014-11-21,4.1000000000000005,,
INSERTABLE,7632,2014-11-22,4.1000000000000005,,
INSERTABLE,7633,2014-11-23,4.1000000000000005,,
INSERTABLE,7634,2014-11-24,3.2,,
INSERTABLE,7635,2014-11-25,6.3,,
INSERTABLE,7636,2014-11-26,7.2,,
INSERTABLE,7637,2014-11-27,5.2,,
INSERTABLE,7638,2014-11-28,4.3,,
INSERTABLE,7639,2014-11-29,4.3,,
INSERTABLE,7640,2014-11-30,4.3,,
INSERTABLE,7641,2014-12-01,7.7,,
INSERTABLE,7642,2014-12-02,6.8,,
INSERTABLE,7643,2014-12-03,7.1,,
INSERTABLE,7644,2014-12-04,4.2,,
INSERTABLE,7645,2014-12-05,6.7,,
INSERTABLE,7646,2014-12-06,6.7,,
INSERTABLE,7647,2014-12-07,6.7,,
INSERTABLE,7648,2014-12-08,6.7,,
INSERTABLE,7649,2014-12-09,4.2,,
INSERTABLE,7650,2014-12-10,4,,
INSERTABLE,7651,2014-12-11,7.1,,
INSERTABLE,7652,2014-12-12,5.1000000000000005,,
INSERTABLE,7653,2014-12-13,5.1000000000000005,,
INSERTABLE,7654,2014-12-14,5.1000000000000005,,
INSERTABLE,7655,2014-12-15,4.4,,
INSERTABLE,7656,2014-12-16,6.1,,
INSERTABLE,7657,2014-12-17,7.4,,
INSERTABLE,7658,2014-12-18,6.7,,
INSERTABLE,7659,2014-12-19,4.933333333333334,,
INSERTABLE,7660,2014-12-20,4.933333333333334,,
INSERTABLE,7661,2014-12-21,4.933333333333334,,
INSERTABLE,7662,2014-12-22,7.9,,
INSERTABLE,7663,2014-12-23,7.3,,
INSERTABLE,7664,2014-12-24,6.85,,
INSERTABLE,7665,2014-12-25,6.85,,
INSERTABLE,7666,2014-12-26,7.433333333333334,,
INSERTABLE,7667,2014-12-27,7.433333333333334,,
INSERTABLE,7668,2014-12-28,7.433333333333334,,
INSERTABLE,7669,2014-12-29,7,,
INSERTABLE,7670,2014-12-30,6.9,,
INSERTABLE,7671,2014-12-31,7.459999999999999,,
INSERTABLE,7672,2015-01-01,7.459999999999999,,
INSERTABLE,7673,2015-01-02,7.459999999999999,,
INSERTABLE,7674,2015-01-03,7.459999999999999,,
INSERTABLE,7675,2015-01-04,7.459999999999999,,
INSERTABLE,7676,2015-01-05,6.3,,
INSERTABLE,7677,2015-01-06,6.6,,
INSERTABLE,7678,2015-01-07,6.4,,
INSERTABLE,7679,2015-01-08,8.3,,
INSERTABLE,7680,2015-01-09,7.7,,
INSERTABLE,7681,2015-01-10,7.7,,
INSERTABLE,7682,2015-01-11,7.7,,
INSERTABLE,7683,2015-01-12,5.8,,
INSERTABLE,7684,2015-01-13,6.2,,
INSERTABLE,7685,2015-01-14,7.1,,
INSERTABLE,7686,2015-01-15,6.4,,
INSERTABLE,7687,2015-01-16,3.6666666666666665,,
INSERTABLE,7688,2015-01-17,3.6666666666666665,,
INSERTABLE,7689,2015-01-18,3.6666666666666665,,
INSERTABLE,7690,2015-01-19,2.8,,
INSERTABLE,7691,2015-01-20,3.4,,
INSERTABLE,7692,2015-01-21,4.7,,
INSERTABLE,7693,2015-01-22,5.1,,
INSERTABLE,7694,2015-01-23,6.8,,
INSERTABLE,7695,2015-01-24,6.8,,
INSERTABLE,7696,2015-01-25,6.8,,
INSERTABLE,7697,2015-01-26,8.1,,
INSERTABLE,7698,2015-01-27,7.1,,
INSERTABLE,7699,2015-01-28,7,,
INSERTABLE,7700,2015-01-29,7.2,,
INSERTABLE,7701,2015-01-30,6.7,,
INSERTABLE,7702,2015-01-31,6.7,,
INSERTABLE,7703,2015-02-01,6.7,,
INSERTABLE,7704,2015-02-02,5.7,,
INSERTABLE,7705,2015-02-03,7.4,,
INSERTABLE,7706,2015-02-04,6.6,,
INSERTABLE,7707,2015-02-05,6.1,,
INSERTABLE,7708,2015-02-06,6.566666666666666,,
INSERTABLE,7709,2015-02-07,6.566666666666666,,
INSERTABLE,7710,2015-02-08,6.566666666666666,,
INSERTABLE,7711,2015-02-09,5.8,,
INSERTABLE,7712,2015-02-10,7.9,,
INSERTABLE,7713,2015-02-11,7.6,,
INSERTABLE,7714,2015-02-12,8.9,,
INSERTABLE,7715,2015-02-13,6.566666666666666,,
INSERTABLE,7716,2015-02-14,6.566666666666666,,
INSERTABLE,7717,2015-02-15,6.566666666666666,,
INSERTABLE,7718,2015-02-16,4.1,,
INSERTABLE,7719,2015-02-17,5.2,,
INSERTABLE,7720,2015-02-18,6,,
INSERTABLE,7721,2015-02-19,5.3,,
INSERTABLE,7722,2015-02-20,6.066666666666666,,
INSERTABLE,7723,2015-02-21,6.066666666666666,,
INSERTABLE,7724,2015-02-22,6.066666666666666,,
INSERTABLE,7725,2015-02-23,4.1,,
INSERTABLE,7726,2015-02-24,2.1,,
INSERTABLE,7727,2015-02-25,4.6,,
INSERTABLE,7728,2015-02-26,5,,
INSERTABLE,7729,2015-02-27,5.7,,
INSERTABLE,7730,2015-02-28,5.7,,
INSERTABLE,7731,2015-03-01,5.7,,
INSERTABLE,7732,2015-03-02,4.6,,
INSERTABLE,7733,2015-03-03,5.6,,
INSERTABLE,7734,2015-03-04,5.5,,
INSERTABLE,7735,2015-03-05,5.3,,
INSERTABLE,7736,2015-03-06,5.933333333333334,,
INSERTABLE,7737,2015-03-07,5.933333333333334,,
INSERTABLE,7738,2015-03-08,5.933333333333334,,
INSERTABLE,7739,2015-03-09,5.6,,
INSERTABLE,7740,2015-03-10,6.3,,
INSERTABLE,7741,2015-03-11,4.4,,
INSERTABLE,7742,2015-03-12,4.1,,
INSERTABLE,7743,2015-03-13,6.2,,
INSERTABLE,7744,2015-03-14,6.2,,
INSERTABLE,7745,2015-03-15,6.2,,
INSERTABLE,7746,2015-03-16,4.9,,
INSERTABLE,7747,2015-03-17,4.6,,
INSERTABLE,7748,2015-03-18,3.9,,
INSERTABLE,7749,2015-03-19,5.1,,
INSERTABLE,7750,2015-03-20,3.533333333333333,,
INSERTABLE,7751,2015-03-21,3.533333333333333,,
INSERTABLE,7752,2015-03-22,3.533333333333333,,
INSERTABLE,7753,2015-03-23,1,,
INSERTABLE,7754,2015-03-24,0,,
INSERTABLE,7755,2015-03-25,1.6,,
INSERTABLE,7756,2015-03-26,4.9,,
INSERTABLE,7757,2015-03-27,4.466666666666667,,
INSERTABLE,7758,2015-03-28,4.466666666666667,,
INSERTABLE,7759,2015-03-29,4.466666666666667,,
INSERTABLE,7760,2015-03-30,4.9,,
INSERTABLE,7761,2015-03-31,4.7,,
INSERTABLE,7762,2015-04-01,4.6,,
INSERTABLE,7763,2015-04-02,3.975,,
INSERTABLE,7764,2015-04-03,3.975,,
INSERTABLE,7765,2015-04-04,3.975,,
INSERTABLE,7766,2015-04-05,3.975,,
INSERTABLE,7767,2015-04-06,2.1,,
INSERTABLE,7768,2015-04-07,2.2,,
INSERTABLE,7769,2015-04-08,3.9,,
INSERTABLE,7770,2015-04-09,4.9,,
INSERTABLE,7771,2015-04-10,3.8333333333333335,,
INSERTABLE,7772,2015-04-11,3.8333333333333335,,
INSERTABLE,7773,2015-04-12,3.8333333333333335,,
INSERTABLE,7774,2015-04-13,3.4,,
INSERTABLE,7775,2015-04-14,2.9,,
INSERTABLE,7776,2015-04-15,3.4,,
INSERTABLE,7777,2015-04-16,2.9,,
INSERTABLE,7778,2015-04-17,3.1999999999999997,,
INSERTABLE,7779,2015-04-18,3.1999999999999997,,
INSERTABLE,7780,2015-04-19,3.1999999999999997,,
INSERTABLE,7781,2015-04-20,2,,
INSERTABLE,7782,2015-04-21,2.2,,
INSERTABLE,7783,2015-04-22,3.5,,
INSERTABLE,7784,2015-04-23,2.6,,
INSERTABLE,7785,2015-04-24,2.3333333333333335,,
INSERTABLE,7786,2015-04-25,2.3333333333333335,,
INSERTABLE,7787,2015-04-26,2.3333333333333335,,
INSERTABLE,7788,2015-04-27,1.8,,
INSERTABLE,7789,2015-04-28,2.3,,
INSERTABLE,7790,2015-04-29,2.8,,
INSERTABLE,7791,2015-04-30,2.5,,
INSERTABLE,7792,2015-05-01,3.033333333333333,,
INSERTABLE,7793,2015-05-02,3.033333333333333,,
INSERTABLE,7794,2015-05-03,3.033333333333333,,
INSERTABLE,7795,2015-05-04,2.1,,
INSERTABLE,7796,2015-05-05,2.7,,
INSERTABLE,7797,2015-05-06,2.6,,
INSERTABLE,7798,2015-05-07,2.4,,
INSERTABLE,7799,2015-05-08,1.9000000000000001,,
INSERTABLE,7800,2015-05-09,1.9000000000000001,,
INSERTABLE,7801,2015-05-10,1.9000000000000001,,
INSERTABLE,7802,2015-05-11,2.1,,
INSERTABLE,7803,2015-05-12,2.1,,
INSERTABLE,7804,2015-05-13,2.1,,
INSERTABLE,7805,2015-05-14,1.6,,
INSERTABLE,7806,2015-05-15,1.4333333333333333,,
INSERTABLE,7807,2015-05-16,1.4333333333333333,,
INSERTABLE,7808,2015-05-17,1.4333333333333333,,
INSERTABLE,7809,2015-05-18,1.2,,
INSERTABLE,7810,2015-05-19,1.1,,
INSERTABLE,7811,2015-05-20,1.6,,
INSERTABLE,7812,2015-05-21,1.6,,
INSERTABLE,7813,2015-05-22,1.6666666666666667,,
INSERTABLE,7814,2015-05-23,1.6666666666666667,,
INSERTABLE,7815,2015-05-24,1.6666666666666667,,
INSERTABLE,7816,2015-05-25,1.1,,
INSERTABLE,7817,2015-05-26,1,,
INSERTABLE,7818,2015-05-27,2.3,,
INSERTABLE,7819,2015-05-28,1.6,,
INSERTABLE,7820,2015-05-29,1.2333333333333334,,
INSERTABLE,7821,2015-05-30,1.2333333333333334,,
INSERTABLE,7822,2015-05-31,1.2333333333333334,,
INSERTABLE,7823,2015-06-01,1,,
INSERTABLE,7824,2015-06-02,1.2,,
INSERTABLE,7825,2015-06-03,1.4,,
INSERTABLE,7826,2015-06-04,1.8,,
INSERTABLE,7827,2015-06-05,1.5666666666666667,,
INSERTABLE,7828,2015-06-06,1.5666666666666667,,
INSERTABLE,7829,2015-06-07,1.5666666666666667,,
INSERTABLE,7830,2015-06-08,1.4,,
INSERTABLE,7831,2015-06-09,1.5,,
INSERTABLE,7832,2015-06-10,2.1,,
INSERTABLE,7833,2015-06-11,2,,
INSERTABLE,7834,2015-06-12,1.4333333333333333,,
INSERTABLE,7835,2015-06-13,1.4333333333333333,,
INSERTABLE,7836,2015-06-14,1.4333333333333333,,
INSERTABLE,7837,2015-06-15,1.3,,
INSERTABLE,7838,2015-06-16,1.7,,
INSERTABLE,7839,2015-06-17,2.1,,
INSERTABLE,7840,2015-06-18,1.4,,
INSERTABLE,7841,2015-06-19,2.2333333333333334,,
INSERTABLE,7842,2015-06-20,2.2333333333333334,,
INSERTABLE,7843,2015-06-21,2.2333333333333334,,
INSERTABLE,7844,2015-06-22,1.3,,
INSERTABLE,7845,2015-06-23,0.8,,
INSERTABLE,7846,2015-06-24,1.3,,
INSERTABLE,7847,2015-06-25,1.4,,
INSERTABLE,7848,2015-06-26,1.275,,
INSERTABLE,7849,2015-06-27,1.275,,
INSERTABLE,7850,2015-06-28,1.275,,
INSERTABLE,7851,2015-06-29,1.275,,
INSERTABLE,7852,2015-06-30,0.8,,
INSERTABLE,7853,2015-07-01,1.3,,
INSERTABLE,7854,2015-07-02,1.2,,
INSERTABLE,7855,2015-07-03,0,,
INSERTABLE,7856,2015-07-04,0,,
INSERTABLE,7857,2015-07-05,0,,
INSERTABLE,7858,2015-07-06,0.4,,
INSERTABLE,7859,2015-07-07,0.7,,
INSERTABLE,7860,2015-07-08,0.8,,
INSERTABLE,7861,2015-07-09,1,,
INSERTABLE,7862,2015-07-10,0,,
INSERTABLE,7863,2015-07-11,0,,
INSERTABLE,7864,2015-07-12,0,,
INSERTABLE,7865,2015-07-13,0.8,,
INSERTABLE,7866,2015-07-14,1.2,,
INSERTABLE,7867,2015-07-15,0.85,,
INSERTABLE,7868,2015-07-16,0.85,,
INSERTABLE,7869,2015-07-17,1,,
INSERTABLE,7870,2015-07-18,1,,
INSERTABLE,7871,2015-07-19,1,,
INSERTABLE,7872,2015-07-20,1.2,,
INSERTABLE,7873,2015-07-21,1.1,,
INSERTABLE,7874,2015-07-22,1,,
INSERTABLE,7875,2015-07-23,1.2,,
INSERTABLE,7876,2015-07-24,0.9666666666666667,,
INSERTABLE,7877,2015-07-25,0.9666666666666667,,
INSERTABLE,7878,2015-07-26,0.9666666666666667,,
INSERTABLE,7879,2015-07-27,1.2,,
INSERTABLE,7880,2015-07-28,1.6,,
INSERTABLE,7881,2015-07-29,1.4,,
INSERTABLE,7882,2015-07-30,2.1,,
INSERTABLE,7883,2015-07-31,0,,
INSERTABLE,7884,2015-08-01,0.8333333333333334,,
INSERTABLE,7885,2015-08-02,0.8333333333333334,,
INSERTABLE,7886,2015-08-03,2.5,,
INSERTABLE,7887,2015-08-04,1.8,,
INSERTABLE,7893,2015-08-10,0.4,,
INSERTABLE,7894,2015-08-11,0.15,,
INSERTABLE,7895,2015-08-12,0.15,,
INSERTABLE,7896,2015-08-13,0.7,,
INSERTABLE,7897,2015-08-14,1.0999999999999999,,
INSERTABLE,7898,2015-08-15,1.0999999999999999,,
INSERTABLE,7899,2015-08-16,1.0999999999999999,,
INSERTABLE,7900,2015-08-17,1.9,,
INSERTABLE,7901,2015-08-18,2.1,,
INSERTABLE,7902,2015-08-19,1.9,,
INSERTABLE,7903,2015-08-20,1.2,,
INSERTABLE,7904,2015-08-21,1.2,,
INSERTABLE,7905,2015-08-22,1.2,,
INSERTABLE,7906,2015-08-23,1.2,,
INSERTABLE,7907,2015-08-24,1.6,,
INSERTABLE,7908,2015-08-25,1.2,,
INSERTABLE,7909,2015-08-26,1.05,,
INSERTABLE,7910,2015-08-27,1.05,,
INSERTABLE,7911,2015-08-28,3.4,,
INSERTABLE,7912,2015-08-29,3.4,,
INSERTABLE,7913,2015-08-30,3.4,,
INSERTABLE,7914,2015-08-31,3.4,,
INSERTABLE,7915,2015-09-01,3.4,,
INSERTABLE,7916,2015-09-02,3.5,,
INSERTABLE,7917,2015-09-03,2.5,,
INSERTABLE,7918,2015-09-04,2.5,,
INSERTABLE,7919,2015-09-05,1.9,,
INSERTABLE,7923,2015-09-09,0.8,,
INSERTABLE,7924,2015-09-10,1.5,,
INSERTABLE,7925,2015-09-11,1.5,,
INSERTABLE,7926,2015-09-12,1.5,,
INSERTABLE,7927,2015-09-13,1.5,,
INSERTABLE,7928,2015-09-14,2.2,,
INSERTABLE,7929,2015-09-15,1.1,,
INSERTABLE,7930,2015-09-16,1.3,,
INSERTABLE,7931,2015-09-17,2.55,,
INSERTABLE,7932,2015-09-18,2.55,,
INSERTABLE,7933,2015-09-19,2.55,,
INSERTABLE,7934,2015-09-20,2.55,,
INSERTABLE,7935,2015-09-21,1.7,,
INSERTABLE,7936,2015-09-22,2.1,,
INSERTABLE,7937,2015-09-23,2.4,,
INSERTABLE,7938,2015-09-24,0,,
INSERTABLE,7939,2015-09-25,2.3666666666666667,,
INSERTABLE,7940,2015-09-26,2.3666666666666667,,
INSERTABLE,7941,2015-09-27,2.3666666666666667,,
INSERTABLE,7942,2015-09-28,3.3,,
INSERTABLE,7943,2015-09-29,3.6,,
INSERTABLE,7944,2015-09-30,4,,
INSERTABLE,7945,2015-10-01,0,,
INSERTABLE,7946,2015-10-02,1.7666666666666666,,
INSERTABLE,7947,2015-10-03,1.7666666666666666,,
INSERTABLE,7948,2015-10-04,1.7666666666666666,,
INSERTABLE,7949,2015-10-05,1.4,,
INSERTABLE,7950,2015-10-06,2.3,,
INSERTABLE,7951,2015-10-07,3.8,,
INSERTABLE,7952,2015-10-08,3.2,,
INSERTABLE,7953,2015-10-09,4.1,,
INSERTABLE,7954,2015-10-10,4.1,,
INSERTABLE,7955,2015-10-11,4.1,,
INSERTABLE,7956,2015-10-12,4.1,,
INSERTABLE,7959,2015-10-15,2.2,,
INSERTABLE,7960,2015-10-16,2.8666666666666667,,
INSERTABLE,7961,2015-10-17,2.8666666666666667,,
INSERTABLE,7962,2015-10-18,2.8666666666666667,,
INSERTABLE,7964,2015-10-20,2.4,,
INSERTABLE,7965,2015-10-21,3.4,,
INSERTABLE,7966,2015-10-22,4.2,,
INSERTABLE,7967,2015-10-23,4.3999999999999995,,
INSERTABLE,7968,2015-10-24,4.3999999999999995,,
INSERTABLE,7969,2015-10-25,4.3999999999999995,,
INSERTABLE,7970,2015-10-26,4.3,,
INSERTABLE,7971,2015-10-27,3,,
INSERTABLE,7972,2015-10-28,1.4,,
INSERTABLE,7973,2015-10-29,3.2,,
INSERTABLE,7974,2015-10-30,3.1,,
INSERTABLE,7975,2015-10-31,4.8999999999999995,,
INSERTABLE,7976,2015-11-01,4.8999999999999995,,
INSERTABLE,7977,2015-11-02,1.6,,
INSERTABLE,7978,2015-11-03,2.1,,
INSERTABLE,7979,2015-11-04,4,,
INSERTABLE,7980,2015-11-05,5.2,,
INSERTABLE,7981,2015-11-06,2.033333333333333,,
INSERTABLE,7982,2015-11-07,2.033333333333333,,
INSERTABLE,7983,2015-11-08,2.033333333333333,,
INSERTABLE,7984,2015-11-09,4.3,,
INSERTABLE,7985,2015-11-10,6.9,,
INSERTABLE,7986,2015-11-11,5.8,,
INSERTABLE,7987,2015-11-12,6.2,,
INSERTABLE,7988,2015-11-13,6.633333333333333,,
INSERTABLE,7989,2015-11-14,6.633333333333333,,
INSERTABLE,7990,2015-11-15,6.633333333333333,,
INSERTABLE,7991,2015-11-16,3.6,,
INSERTABLE,7992,2015-11-17,5.9,,
INSERTABLE,7993,2015-11-18,5.6,,
INSERTABLE,7994,2015-11-19,6,,
INSERTABLE,7995,2015-11-20,6.3999999999999995,,
INSERTABLE,7996,2015-11-21,6.3999999999999995,,
INSERTABLE,7997,2015-11-22,6.3999999999999995,,
INSERTABLE,7998,2015-11-23,7,,
INSERTABLE,7999,2015-11-24,6.1,,
INSERTABLE,8000,2015-11-25,7.1,,
INSERTABLE,8001,2015-11-26,7.3,,
INSERTABLE,8002,2015-11-27,7.133333333333333,,
INSERTABLE,8003,2015-11-28,7,,
INSERTABLE,8004,2015-11-29,7.133333333333333,,
INSERTABLE,8005,2015-11-30,4.5,,
INSERTABLE,8006,2015-12-01,4.6,,
INSERTABLE,8007,2015-12-02,3.4,,
INSERTABLE,8008,2015-12-03,5.2,,
INSERTABLE,8009,2015-12-04,6.233333333333333,,
INSERTABLE,8010,2015-12-05,6.233333333333333,,
INSERTABLE,8011,2015-12-06,6.233333333333333,,
INSERTABLE,8012,2015-12-07,6.6,,
INSERTABLE,8013,2015-12-08,6.6,,
INSERTABLE,8014,2015-12-09,6.2,,
INSERTABLE,8015,2015-12-10,7,,
INSERTABLE,8016,2015-12-11,5.033333333333333,,
INSERTABLE,8017,2015-12-12,5.033333333333333,,
INSERTABLE,8018,2015-12-13,5.033333333333333,,
INSERTABLE,8019,2015-12-14,6.3,,
INSERTABLE,8020,2015-12-15,6.1,,
INSERTABLE,8021,2015-12-16,5.6,,
INSERTABLE,8022,2015-12-17,7.14,,
INSERTABLE,8023,2015-12-18,6.866666666666667,,
INSERTABLE,8024,2015-12-19,6.866666666666667,,
INSERTABLE,8025,2015-12-20,6.866666666666667,,
INSERTABLE,8026,2015-12-21,5.2,,
INSERTABLE,8027,2015-12-22,6.4,,
INSERTABLE,8028,2015-12-23,6.640000000000001,,
INSERTABLE,8029,2015-12-24,6.640000000000001,,
INSERTABLE,8030,2015-12-25,6.640000000000001,,
INSERTABLE,8031,2015-12-26,6.640000000000001,,
INSERTABLE,8032,2015-12-27,6.640000000000001,,
INSERTABLE,8033,2015-12-28,7.4,,
INSERTABLE,8034,2015-12-29,5.2,,
INSERTABLE,8035,2015-12-30,5.6,,
INSERTABLE,8036,2015-12-31,6.95,,
INSERTABLE,8037,2016-01-01,6.95,,
INSERTABLE,8038,2016-01-02,6.95,,
INSERTABLE,8039,2016-01-03,6.95,,
INSERTABLE,8040,2016-01-04,3.2,,
INSERTABLE,8041,2016-01-05,3,,
INSERTABLE,8042,2016-01-06,3.2,,
INSERTABLE,8043,2016-01-07,3.6,,
INSERTABLE,8044,2016-01-08,7.1000000000000005,,
INSERTABLE,8045,2016-01-09,7.1000000000000005,,
INSERTABLE,8046,2016-01-10,7.1000000000000005,,
INSERTABLE,8047,2016-01-11,7.2,,
INSERTABLE,8048,2016-01-12,5.8,,
INSERTABLE,8049,2016-01-13,6.2,,
INSERTABLE,8050,2016-01-14,6.6,,
INSERTABLE,8051,2016-01-15,8.700000000000001,,
INSERTABLE,8052,2016-01-16,8.700000000000001,,
INSERTABLE,8053,2016-01-17,8.700000000000001,,
INSERTABLE,8054,2016-01-18,7.3,,
INSERTABLE,8055,2016-01-19,6.8,,
INSERTABLE,8056,2016-01-20,6.4,,
INSERTABLE,8057,2016-01-21,5.3,,
INSERTABLE,8058,2016-01-22,4.933333333333334,,
INSERTABLE,8059,2016-01-23,4.933333333333334,,
INSERTABLE,8060,2016-01-24,7.4,,
INSERTABLE,8061,2016-01-25,3.2,,
INSERTABLE,8062,2016-01-26,6.1,,
INSERTABLE,8063,2016-01-27,5.4,,
INSERTABLE,8064,2016-01-28,5.2,,
INSERTABLE,8065,2016-01-29,6.333333333333333,,
INSERTABLE,8066,2016-01-30,6.333333333333333,,
INSERTABLE,8067,2016-01-31,6.333333333333333,,
INSERTABLE,8068,2016-02-01,6.1,,
INSERTABLE,8069,2016-02-02,3.7,,
INSERTABLE,8070,2016-02-03,4.8,,
INSERTABLE,8071,2016-02-04,4.2,,
INSERTABLE,8072,2016-02-05,5.8,,
INSERTABLE,8073,2016-02-06,5.8,,
INSERTABLE,8074,2016-02-07,5.8,,
INSERTABLE,8075,2016-02-08,6.4,,
INSERTABLE,8076,2016-02-09,6.8,,
INSERTABLE,8077,2016-02-10,4.6,,
INSERTABLE,8078,2016-02-11,6,,
INSERTABLE,8079,2016-02-12,6.666666666666667,,
INSERTABLE,8080,2016-02-13,6.666666666666667,,
INSERTABLE,8081,2016-02-14,6.666666666666667,,
INSERTABLE,8082,2016-02-15,6.5,,
INSERTABLE,8083,2016-02-16,6.3,,
INSERTABLE,8084,2016-02-17,6.8,,
INSERTABLE,8085,2016-02-18,7,,
INSERTABLE,8086,2016-02-19,7.333333333333333,,
INSERTABLE,8087,2016-02-20,7.333333333333333,,
INSERTABLE,8088,2016-02-21,7.333333333333333,,
INSERTABLE,8089,2016-02-22,6.6,,
INSERTABLE,8090,2016-02-23,6,,
INSERTABLE,8091,2016-02-24,6.4,,
INSERTABLE,8092,2016-02-25,7.1,,
INSERTABLE,8093,2016-02-26,5.325,,
INSERTABLE,8094,2016-02-27,5.325,,
INSERTABLE,8095,2016-02-28,5.325,,
INSERTABLE,8096,2016-02-29,5.325,,
INSERTABLE,8097,2016-03-01,5.6,,
INSERTABLE,8098,2016-03-02,5.3,,
INSERTABLE,8099,2016-03-03,5.3,,
INSERTABLE,8100,2016-03-04,4.3,,
INSERTABLE,8101,2016-03-05,6.1,,
INSERTABLE,8102,2016-03-06,6.1,,
INSERTABLE,8103,2016-03-07,6.1,,
INSERTABLE,8104,2016-03-08,5.7,,
INSERTABLE,8105,2016-03-09,5.1,,
INSERTABLE,8106,2016-03-10,5.2,,
INSERTABLE,8107,2016-03-11,4.7,,
INSERTABLE,8108,2016-03-12,4.7,,
INSERTABLE,8109,2016-03-13,4.7,,
INSERTABLE,8110,2016-03-14,3.8,,
INSERTABLE,8111,2016-03-15,3.2,,
INSERTABLE,8112,2016-03-16,2.6,,
INSERTABLE,8113,2016-03-17,2.3,,
INSERTABLE,8114,2016-03-18,4.733333333333333,,
INSERTABLE,8115,2016-03-19,4.733333333333333,,
INSERTABLE,8116,2016-03-20,4.733333333333333,,
INSERTABLE,8117,2016-03-21,3.7,,
INSERTABLE,8118,2016-03-22,3.2,,
INSERTABLE,8119,2016-03-23,2.5,,
INSERTABLE,8120,2016-03-24,3.8,,
INSERTABLE,8121,2016-03-25,3.8,,
INSERTABLE,8122,2016-03-26,3.8,,
INSERTABLE,8123,2016-03-27,3.8,,
INSERTABLE,8124,2016-03-28,2.4,,
INSERTABLE,8125,2016-03-29,1.1,,
INSERTABLE,8126,2016-03-30,2.3,,
INSERTABLE,8127,2016-03-31,3.5,,
INSERTABLE,8128,2016-04-01,2.3333333333333335,,
INSERTABLE,8129,2016-04-02,2.3333333333333335,,
INSERTABLE,8130,2016-04-03,2.3333333333333335,,
INSERTABLE,8131,2016-04-04,1.7,,
INSERTABLE,8132,2016-04-05,0.8,,
INSERTABLE,8133,2016-04-06,3,,
INSERTABLE,8134,2016-04-07,2.7,,
INSERTABLE,8135,2016-04-08,3.1333333333333333,,
INSERTABLE,8136,2016-04-09,3.1333333333333333,,
INSERTABLE,8137,2016-04-10,3.1333333333333333,,
INSERTABLE,8138,2016-04-11,2.6,,
INSERTABLE,8139,2016-04-12,1.4,,
INSERTABLE,8140,2016-04-13,1.2,,
INSERTABLE,8145,2016-04-18,0.5,,
INSERTABLE,8146,2016-04-19,0.6,,
INSERTABLE,8147,2016-04-20,0.4,,
INSERTABLE,8148,2016-04-21,0.7,,
INSERTABLE,8152,2016-04-25,2.3,,
INSERTABLE,8153,2016-04-26,2.1,,
INSERTABLE,8154,2016-04-27,1.8,,
INSERTABLE,8155,2016-04-28,2,,
INSERTABLE,8156,2016-04-29,1.3666666666666665,,
INSERTABLE,8157,2016-04-30,1.3666666666666665,,
INSERTABLE,8158,2016-05-01,1.3666666666666665,,
INSERTABLE,8159,2016-05-02,0.7,,
INSERTABLE,8160,2016-05-03,2,,
INSERTABLE,8161,2016-05-04,1.1,,
INSERTABLE,8162,2016-05-05,1,,
INSERTABLE,8163,2016-05-06,1.0666666666666667,,
INSERTABLE,8164,2016-05-07,1.0666666666666667,,
INSERTABLE,8165,2016-05-08,1.0666666666666667,,
INSERTABLE,8166,2016-05-09,0.5,,
INSERTABLE,8167,2016-05-10,0.8,,
INSERTABLE,8169,2016-05-12,1.2,,
INSERTABLE,8173,2016-05-16,1,,
INSERTABLE,8174,2016-05-17,1.3,,
INSERTABLE,8175,2016-05-18,1,,
INSERTABLE,8176,2016-05-19,1.2,,
INSERTABLE,8180,2016-05-23,1.8,,
INSERTABLE,8181,2016-05-24,1.3,,
INSERTABLE,8182,2016-05-25,1,,
INSERTABLE,8183,2016-05-26,0.6,,
INSERTABLE,8187,2016-05-30,0.6,,
INSERTABLE,8188,2016-05-31,1,,
INSERTABLE,8189,2016-06-01,1.1,,
INSERTABLE,8194,2016-06-06,0.7,,
INSERTABLE,8195,2016-06-07,1,,
INSERTABLE,8196,2016-06-08,1.2,,
INSERTABLE,8197,2016-06-09,0.6,,
INSERTABLE,8198,2016-06-10,0.6666666666666666,,
INSERTABLE,8199,2016-06-11,0.6666666666666666,,
INSERTABLE,8200,2016-06-12,0.6666666666666666,,
INSERTABLE,8201,2016-06-13,0.6,,
INSERTABLE,8202,2016-06-14,0.8,,
INSERTABLE,8203,2016-06-15,0.9,,
INSERTABLE,8204,2016-06-16,1,,
INSERTABLE,8205,2016-06-17,0.7666666666666666,,
INSERTABLE,8206,2016-06-18,0.7666666666666666,,
INSERTABLE,8207,2016-06-19,0.7666666666666666,,
INSERTABLE,8208,2016-06-20,0.8,,
INSERTABLE,8209,2016-06-21,0.4,,
INSERTABLE,8210,2016-06-22,0.3,,
INSERTABLE,8211,2016-06-23,0.6,,
INSERTABLE,8212,2016-06-24,0.775,,
INSERTABLE,8213,2016-06-25,0.775,,
INSERTABLE,8214,2016-06-26,0.775,,
INSERTABLE,8215,2016-06-27,0.775,,
INSERTABLE,8216,2016-06-28,1,,
INSERTABLE,8217,2016-06-29,0.8,,
INSERTABLE,8218,2016-06-30,0.6,,
INSERTABLE,8219,2016-07-01,0.8,,
INSERTABLE,8220,2016-07-02,0.7,,
INSERTABLE,8221,2016-07-03,0,,
INSERTABLE,8222,2016-07-04,0,,
INSERTABLE,8223,2016-07-05,0,,
INSERTABLE,8224,2016-07-06,0.9,,
INSERTABLE,8225,2016-07-07,0.6,,
INSERTABLE,8232,2016-07-14,0.4,,
INSERTABLE,8233,2016-07-15,0.9333333333333332,,
INSERTABLE,8234,2016-07-16,0.9333333333333332,,
INSERTABLE,8235,2016-07-17,0.9333333333333332,,
INSERTABLE,8236,2016-07-18,1.1,,
INSERTABLE,8237,2016-07-19,0.6,,
INSERTABLE,8238,2016-07-20,1,,
INSERTABLE,8239,2016-07-21,1.3,,
INSERTABLE,8244,2016-07-26,0.5,,
INSERTABLE,8245,2016-07-27,1.1,,
INSERTABLE,8246,2016-07-28,1.6,,
INSERTABLE,8247,2016-07-29,1.3666666666666665,,
INSERTABLE,8248,2016-07-30,1.3666666666666665,,
INSERTABLE,8249,2016-07-31,1.3666666666666665,,
INSERTABLE,8250,2016-08-01,1.3,,
INSERTABLE,8251,2016-08-02,0.8,,
INSERTABLE,8252,2016-08-03,0.7,,
INSERTABLE,8253,2016-08-04,1,,
INSERTABLE,8254,2016-08-05,1.3333333333333333,,
INSERTABLE,8255,2016-08-06,1.3333333333333333,,
INSERTABLE,8256,2016-08-07,1.3333333333333333,,
INSERTABLE,8257,2016-08-08,2,,
INSERTABLE,8258,2016-08-09,2.3,,
INSERTABLE,8259,2016-08-10,0.7,,
INSERTABLE,8260,2016-08-11,1.3,,
INSERTABLE,8261,2016-08-12,1.85,,
INSERTABLE,8262,2016-08-13,1.85,,
INSERTABLE,8263,2016-08-14,1.85,,
INSERTABLE,8264,2016-08-15,1.85,,
INSERTABLE,8265,2016-08-16,2.3,,
INSERTABLE,8266,2016-08-17,2.4,,
INSERTABLE,8267,2016-08-18,2.6,,
INSERTABLE,8268,2016-08-19,2.3666666666666667,,
INSERTABLE,8269,2016-08-20,2.3666666666666667,,
INSERTABLE,8270,2016-08-21,2.3666666666666667,,
INSERTABLE,8271,2016-08-22,1.7,,
INSERTABLE,8272,2016-08-23,0.9,,
INSERTABLE,8273,2016-08-24,1.1,,
INSERTABLE,8274,2016-08-25,2.3,,
INSERTABLE,8275,2016-08-26,1.6666666666666667,,
INSERTABLE,8276,2016-08-27,1.6666666666666667,,
INSERTABLE,8277,2016-08-28,1.6666666666666667,,
INSERTABLE,8278,2016-08-29,2.2,,
INSERTABLE,8279,2016-08-30,2.8,,
INSERTABLE,8280,2016-08-31,2.1,,
INSERTABLE,8281,2016-09-01,2.6,,
INSERTABLE,8282,2016-09-02,2.6999999999999997,,
INSERTABLE,8283,2016-09-03,2.6666666666666665,,
INSERTABLE,8284,2016-09-04,2.6666666666666665,,
INSERTABLE,8285,2016-09-05,2.6,,
INSERTABLE,8286,2016-09-06,3,,
INSERTABLE,8287,2016-09-07,4,,
INSERTABLE,8288,2016-09-08,3.1,,
INSERTABLE,8289,2016-09-09,3.1999999999999997,,
INSERTABLE,8290,2016-09-10,3.1999999999999997,,
INSERTABLE,8291,2016-09-11,3.1999999999999997,,
INSERTABLE,8292,2016-09-12,1.4,,
INSERTABLE,8293,2016-09-13,3.3,,
INSERTABLE,8294,2016-09-14,1.3,,
INSERTABLE,8295,2016-09-15,2.2,,
INSERTABLE,8296,2016-09-16,4.15,,
INSERTABLE,8297,2016-09-17,4.15,,
INSERTABLE,8298,2016-09-18,4.15,,
INSERTABLE,8299,2016-09-19,4.15,,
INSERTABLE,8300,2016-09-20,2.9,,
INSERTABLE,8301,2016-09-21,2.3,,
INSERTABLE,8302,2016-09-22,4.1,,
INSERTABLE,8303,2016-09-23,3.8666666666666667,,
INSERTABLE,8304,2016-09-24,3.8666666666666667,,
INSERTABLE,8305,2016-09-25,3.8666666666666667,,
INSERTABLE,8306,2016-09-26,2.6,,
INSERTABLE,8307,2016-09-27,2.7,,
INSERTABLE,8308,2016-09-28,1.2,,
INSERTABLE,8309,2016-09-29,2.1,,
INSERTABLE,8310,2016-09-30,4.333333333333333,,
INSERTABLE,8311,2016-10-01,4.333333333333333,,
INSERTABLE,8312,2016-10-02,4.333333333333333,,
INSERTABLE,8313,2016-10-03,6.2,,
INSERTABLE,8314,2016-10-04,5.9,,
INSERTABLE,8315,2016-10-05,5.3,,
INSERTABLE,8316,2016-10-06,5.2,,
INSERTABLE,8317,2016-10-07,5.625,,
INSERTABLE,8318,2016-10-08,5.625,,
INSERTABLE,8319,2016-10-09,5.625,,
INSERTABLE,8320,2016-10-10,5.625,,
INSERTABLE,8321,2016-10-11,4.3,,
INSERTABLE,8322,2016-10-12,2,,
INSERTABLE,8323,2016-10-13,5,,
INSERTABLE,8324,2016-10-14,0,,
INSERTABLE,8325,2016-10-15,0,,
INSERTABLE,8326,2016-10-16,0,,
INSERTABLE,8327,2016-10-17,0.8,,
INSERTABLE,8328,2016-10-18,3.2,,
INSERTABLE,8329,2016-10-19,4.4,,
INSERTABLE,8330,2016-10-20,5.6,,
INSERTABLE,8331,2016-10-21,4.366666666666666,,
INSERTABLE,8332,2016-10-22,4.366666666666666,,
INSERTABLE,8333,2016-10-23,4.366666666666666,,
INSERTABLE,8334,2016-10-24,4.4,,
INSERTABLE,8335,2016-10-25,5.6,,
INSERTABLE,8336,2016-10-26,7.4,,
INSERTABLE,8337,2016-10-27,6,,
INSERTABLE,8338,2016-10-28,3.2600000000000002,,
INSERTABLE,8339,2016-10-29,3.2600000000000002,,
INSERTABLE,8340,2016-10-30,3.2600000000000002,,
INSERTABLE,8341,2016-10-31,3.2600000000000002,,
INSERTABLE,8342,2016-11-01,3.2600000000000002,,
INSERTABLE,8343,2016-11-02,6.716666666666666,,
INSERTABLE,8344,2016-11-03,6.716666666666666,,
INSERTABLE,8345,2016-11-04,6.716666666666666,,
INSERTABLE,8346,2016-11-05,6.716666666666666,,
INSERTABLE,8347,2016-11-06,6.716666666666666,,
INSERTABLE,8348,2016-11-07,6.716666666666666,,
INSERTABLE,8349,2016-11-08,6,,
INSERTABLE,8350,2016-11-09,7.5,,
INSERTABLE,8351,2016-11-10,7.5,,
INSERTABLE,8352,2016-11-11,5.666666666666667,,
INSERTABLE,8353,2016-11-12,5.666666666666667,,
INSERTABLE,8354,2016-11-13,5.666666666666667,,
INSERTABLE,8355,2016-11-14,7,,
INSERTABLE,8356,2016-11-15,7,,
INSERTABLE,8357,2016-11-16,7,,
INSERTABLE,8358,2016-11-17,7,,
INSERTABLE,8359,2016-11-18,8.9,,
INSERTABLE,8360,2016-11-19,9.35,,
INSERTABLE,8361,2016-11-20,9.35,,
INSERTABLE,8362,2016-11-21,4.8,,
INSERTABLE,8363,2016-11-22,4.9,,
INSERTABLE,8364,2016-11-23,6.6,,
INSERTABLE,8365,2016-11-24,6.1,,
INSERTABLE,8366,2016-11-25,6.766666666666667,,
INSERTABLE,8367,2016-11-26,6.766666666666667,,
INSERTABLE,8368,2016-11-27,6.766666666666667,,
INSERTABLE,8369,2016-11-28,8.1,,
INSERTABLE,8370,2016-11-29,7.6,,
INSERTABLE,8371,2016-11-30,3.6,,
INSERTABLE,8372,2016-12-01,5.8,,
INSERTABLE,8373,2016-12-02,4.2,,
INSERTABLE,8374,2016-12-03,4.2,,
INSERTABLE,8375,2016-12-04,4.2,,
INSERTABLE,8376,2016-12-05,5.8,,
INSERTABLE,8377,2016-12-06,7.6,,
INSERTABLE,8378,2016-12-07,6,,
INSERTABLE,8380,2016-12-09,6.366666666666667,,
INSERTABLE,8381,2016-12-10,6.366666666666667,,
INSERTABLE,8382,2016-12-11,6.366666666666667,,
INSERTABLE,8383,2016-12-12,8.3,,
INSERTABLE,8384,2016-12-13,9.9,,
INSERTABLE,8385,2016-12-14,8.4,,
INSERTABLE,8386,2016-12-15,7.1,,
INSERTABLE,8387,2016-12-16,6.8999999999999995,,
INSERTABLE,8388,2016-12-17,6.8999999999999995,,
INSERTABLE,8389,2016-12-18,6.8999999999999995,,
INSERTABLE,8390,2016-12-19,7,,
INSERTABLE,8391,2016-12-20,7.3,,
INSERTABLE,8392,2016-12-21,8.1,,
INSERTABLE,8393,2016-12-22,8.8,,
INSERTABLE,8394,2016-12-23,6.233333333333333,,
INSERTABLE,8395,2016-12-24,6.233333333333333,,
INSERTABLE,8396,2016-12-25,6.233333333333333,,
INSERTABLE,8397,2016-12-26,0,,
INSERTABLE,8398,2016-12-27,7.7,,
INSERTABLE,8399,2016-12-28,7.1,,
INSERTABLE,8400,2016-12-29,5.7,,
INSERTABLE,8401,2016-12-30,7.35,,
INSERTABLE,8402,2016-12-31,7.35,,
INSERTABLE,8403,2017-01-01,7.35,,
INSERTABLE,8404,2017-01-02,7.35,,
INSERTABLE,8405,2017-01-03,7.9,,
INSERTABLE,8406,2017-01-04,9.1,,
INSERTABLE,8407,2017-01-05,8.9,,
INSERTABLE,8408,2017-01-06,8.200000000000001,,
INSERTABLE,8409,2017-01-07,8.200000000000001,,
INSERTABLE,8410,2017-01-08,8.200000000000001,,
INSERTABLE,8411,2017-01-09,7.6,,
INSERTABLE,8412,2017-01-10,7.2,,
INSERTABLE,8413,2017-01-11,9,,
INSERTABLE,8414,2017-01-12,8.2,,
INSERTABLE,8415,2017-01-13,8.433333333333334,,
INSERTABLE,8416,2017-01-14,8.433333333333334,,
INSERTABLE,8417,2017-01-15,8.433333333333334,,
INSERTABLE,8418,2017-01-16,8.1,,
INSERTABLE,8419,2017-01-17,9.9,,
INSERTABLE,8420,2017-01-18,8.6,,
INSERTABLE,8421,2017-01-19,7.9,,
INSERTABLE,8422,2017-01-20,6.333333333333333,,
INSERTABLE,8423,2017-01-21,6.333333333333333,,
INSERTABLE,8424,2017-01-22,6.333333333333333,,
INSERTABLE,8425,2017-01-23,7,,
INSERTABLE,8426,2017-01-24,8.1,,
INSERTABLE,8427,2017-01-25,7.7,,
INSERTABLE,8428,2017-01-26,7.4,,
INSERTABLE,8429,2017-01-27,7.133333333333333,,
INSERTABLE,8430,2017-01-28,7.133333333333333,,
INSERTABLE,8431,2017-01-29,7.133333333333333,,
INSERTABLE,8432,2017-01-30,6.8,,
INSERTABLE,8433,2017-01-31,7.2,,
INSERTABLE,8434,2017-02-01,7,,
INSERTABLE,8435,2017-02-02,6.2,,
INSERTABLE,8436,2017-02-03,6.533333333333334,,
INSERTABLE,8437,2017-02-04,6.533333333333334,,
INSERTABLE,8438,2017-02-05,6.533333333333334,,
INSERTABLE,8439,2017-02-06,7.1,,
INSERTABLE,8440,2017-02-07,6.9,,
INSERTABLE,8441,2017-02-08,6.4,,
INSERTABLE,8442,2017-02-09,6.7,,
INSERTABLE,8443,2017-02-10,6.533333333333334,,
INSERTABLE,8444,2017-02-11,6.533333333333334,,
INSERTABLE,8445,2017-02-12,6.533333333333334,,
INSERTABLE,8446,2017-02-13,5.6,,
INSERTABLE,8447,2017-02-14,6.1,,
INSERTABLE,8448,2017-02-15,7,,
INSERTABLE,8449,2017-02-16,6.2,,
INSERTABLE,8450,2017-02-17,6.366666666666667,,
INSERTABLE,8451,2017-02-18,6.366666666666667,,
INSERTABLE,8452,2017-02-19,6.366666666666667,,
INSERTABLE,8453,2017-02-20,7.8,,
INSERTABLE,8454,2017-02-21,6.9,,
INSERTABLE,8455,2017-02-22,5.9,,
INSERTABLE,8456,2017-02-23,7.1,,
INSERTABLE,8460,2017-02-27,17.6,,
INSERTABLE,8461,2017-02-28,7.6,,
INSERTABLE,8462,2017-03-01,7.6,,
INSERTABLE,8463,2017-03-02,7.2,,
INSERTABLE,8464,2017-03-03,7.3,,
INSERTABLE,8465,2017-03-04,6.6000000000000005,,
INSERTABLE,8466,2017-03-05,6.6000000000000005,,
INSERTABLE,8467,2017-03-06,6.6000000000000005,,
INSERTABLE,8468,2017-03-07,6.8,,
INSERTABLE,8469,2017-03-08,4.4,,
INSERTABLE,8470,2017-03-09,5.9,,
INSERTABLE,8471,2017-03-10,7.066666666666666,,
INSERTABLE,8472,2017-03-11,7.066666666666666,,
INSERTABLE,8473,2017-03-12,7.066666666666666,,
INSERTABLE,8474,2017-03-13,5.1,,
INSERTABLE,8475,2017-03-14,3.8,,
INSERTABLE,8476,2017-03-15,4.6,,
INSERTABLE,8477,2017-03-16,4.3,,
INSERTABLE,8478,2017-03-17,4.566666666666666,,
INSERTABLE,8479,2017-03-18,4.566666666666666,,
INSERTABLE,8480,2017-03-19,4.566666666666666,,
INSERTABLE,8481,2017-03-20,3.4,,
INSERTABLE,8482,2017-03-21,4.7,,
INSERTABLE,8483,2017-03-22,2.8,,
INSERTABLE,8484,2017-03-23,3,,
INSERTABLE,8485,2017-03-24,4.133333333333334,,
INSERTABLE,8486,2017-03-25,4.133333333333334,,
INSERTABLE,8487,2017-03-26,4.133333333333334,,
INSERTABLE,8488,2017-03-27,3.1,,
INSERTABLE,8489,2017-03-28,3.3,,
INSERTABLE,8490,2017-03-29,3.7,,
INSERTABLE,8491,2017-03-30,3.2,,
INSERTABLE,8492,2017-03-31,4.233333333333333,,
INSERTABLE,8493,2017-04-01,4.233333333333333,,
INSERTABLE,8494,2017-04-02,4.233333333333333,,
INSERTABLE,8495,2017-04-03,3.8,,
INSERTABLE,8496,2017-04-04,3.8,,
INSERTABLE,8497,2017-04-05,3.1,,
INSERTABLE,8498,2017-04-06,3,,
INSERTABLE,8499,2017-04-07,3.1333333333333333,,
INSERTABLE,8500,2017-04-08,3.1333333333333333,,
INSERTABLE,8501,2017-04-09,3.1333333333333333,,
INSERTABLE,8502,2017-04-10,3.2,,
INSERTABLE,8503,2017-04-11,3.8,,
INSERTABLE,8504,2017-04-12,2.8,,
INSERTABLE,8505,2017-04-13,2.575,,
INSERTABLE,8506,2017-04-14,2.575,,
INSERTABLE,8507,2017-04-15,2.575,,
INSERTABLE,8508,2017-04-16,2.575,,
INSERTABLE,8509,2017-04-17,2.1,,
INSERTABLE,8510,2017-04-18,1.85,,
INSERTABLE,8511,2017-04-19,1.85,,
INSERTABLE,8512,2017-04-20,3,,
INSERTABLE,8513,2017-04-21,3.6999999999999997,,
INSERTABLE,8514,2017-04-22,3.6999999999999997,,
INSERTABLE,8515,2017-04-23,5.55,,
INSERTABLE,8516,2017-04-24,3.3,,
INSERTABLE,8517,2017-04-25,3.1,,
INSERTABLE,8518,2017-04-26,3.5,,
INSERTABLE,8519,2017-04-27,4.1,,
INSERTABLE,8520,2017-04-28,3.2,,
INSERTABLE,8521,2017-04-29,3.2,,
INSERTABLE,8522,2017-04-30,3.2,,
INSERTABLE,8523,2017-05-01,3.2,,
INSERTABLE,8524,2017-05-02,1,,
INSERTABLE,8525,2017-05-03,2.8,,
INSERTABLE,8526,2017-05-04,2.1,,
INSERTABLE,8530,2017-05-08,1.2,,
INSERTABLE,8531,2017-05-09,0.7,,
INSERTABLE,8534,2017-05-12,1.2333333333333334,,
INSERTABLE,8535,2017-05-13,1.2333333333333334,,
INSERTABLE,8536,2017-05-14,1.2333333333333334,,
INSERTABLE,8537,2017-05-15,0.6,,
INSERTABLE,8538,2017-05-16,0.4,,
INSERTABLE,8541,2017-05-19,0.9333333333333332,,
INSERTABLE,8542,2017-05-20,0.9333333333333332,,
INSERTABLE,8543,2017-05-21,0.9333333333333332,,
INSERTABLE,8544,2017-05-22,1.1,,
INSERTABLE,8545,2017-05-23,0.9,,
INSERTABLE,8547,2017-05-25,0.4,,
INSERTABLE,8548,2017-05-26,0.8666666666666667,,
INSERTABLE,8549,2017-05-27,0.8666666666666667,,
INSERTABLE,8550,2017-05-28,0.8666666666666667,,
INSERTABLE,8551,2017-05-29,0.7,,
INSERTABLE,8552,2017-05-30,1,,
INSERTABLE,8553,2017-05-31,1.2,,
INSERTABLE,8554,2017-06-01,1.7,,
INSERTABLE,8555,2017-06-02,0.9333333333333332,,
INSERTABLE,8556,2017-06-03,0.9333333333333332,,
INSERTABLE,8557,2017-06-04,0.9333333333333332,,
INSERTABLE,8558,2017-06-05,1,,
INSERTABLE,8559,2017-06-06,0.9,,
INSERTABLE,8561,2017-06-08,0.9,,
INSERTABLE,8562,2017-06-09,1.1333333333333333,,
INSERTABLE,8563,2017-06-10,1.1333333333333333,,
INSERTABLE,8564,2017-06-11,1.1333333333333333,,
INSERTABLE,8565,2017-06-12,0.6,,
INSERTABLE,8566,2017-06-13,0.8,,
INSERTABLE,8567,2017-06-14,1.2,,
INSERTABLE,8572,2017-06-19,0.6,,
INSERTABLE,8573,2017-06-20,0.4,,
INSERTABLE,8574,2017-06-21,0.9,,
INSERTABLE,8576,2017-06-23,0.6,,
INSERTABLE,8577,2017-06-24,0.6,,
INSERTABLE,8578,2017-06-25,0.8,,
INSERTABLE,8580,2017-06-27,0.9,,
INSERTABLE,8581,2017-06-28,0.3,,
INSERTABLE,8582,2017-06-29,0.85,,
INSERTABLE,8583,2017-06-30,0.85,,
INSERTABLE,8584,2017-07-01,0.85,,
INSERTABLE,8585,2017-07-02,0.85,,
INSERTABLE,8588,2017-07-05,0.5,,
INSERTABLE,8589,2017-07-06,0.8,,
INSERTABLE,8590,2017-07-07,0.9666666666666667,,
INSERTABLE,8591,2017-07-08,0.9666666666666667,,
INSERTABLE,8592,2017-07-09,0.9666666666666667,,
INSERTABLE,8593,2017-07-10,0.8,,
INSERTABLE,8595,2017-07-12,0.8,,
INSERTABLE,8596,2017-07-13,0.5,,
INSERTABLE,8598,2017-07-15,1.0333333333333334,,
INSERTABLE,8599,2017-07-16,1.0333333333333334,,
INSERTABLE,8600,2017-07-17,1.0333333333333334,,
INSERTABLE,8601,2017-07-18,1.5,,
INSERTABLE,8602,2017-07-19,1.3,,
INSERTABLE,8603,2017-07-20,1.6,,
INSERTABLE,8604,2017-07-21,0.7000000000000001,,
INSERTABLE,8605,2017-07-22,0.7000000000000001,,
INSERTABLE,8606,2017-07-23,0.7000000000000001,,
INSERTABLE,8607,2017-07-24,0.8,,
INSERTABLE,8608,2017-07-25,0.6,,
INSERTABLE,8609,2017-07-26,1,,
INSERTABLE,8610,2017-07-27,0.9,,
INSERTABLE,8611,2017-07-28,0.8666666666666667,,
INSERTABLE,8612,2017-07-29,0.8666666666666667,,
INSERTABLE,8613,2017-07-30,0.8666666666666667,,
INSERTABLE,8614,2017-07-31,0.6,,
INSERTABLE,8615,2017-08-01,1,,
INSERTABLE,8616,2017-08-02,1.3,,
INSERTABLE,8617,2017-08-03,1.5,,
INSERTABLE,8618,2017-08-04,1.0333333333333334,,
INSERTABLE,8619,2017-08-05,1.0333333333333334,,
INSERTABLE,8620,2017-08-06,1.0333333333333334,,
INSERTABLE,8621,2017-08-07,1.2,,
INSERTABLE,8622,2017-08-08,1.6,,
INSERTABLE,8626,2017-08-12,0.85,,
INSERTABLE,8627,2017-08-13,0.85,,
INSERTABLE,8628,2017-08-14,1.35,,
INSERTABLE,8629,2017-08-15,1.35,,
INSERTABLE,8630,2017-08-16,1.8,,
INSERTABLE,8631,2017-08-17,1.3,,
INSERTABLE,8635,2017-08-21,1.1,,
INSERTABLE,8636,2017-08-22,1,,
INSERTABLE,8637,2017-08-23,0.9,,
INSERTABLE,8638,2017-08-24,1.3,,
INSERTABLE,8639,2017-08-25,1.7666666666666666,,
INSERTABLE,8640,2017-08-26,1.7666666666666666,,
INSERTABLE,8641,2017-08-27,1.7666666666666666,,
INSERTABLE,8643,2017-08-29,2.6,,
INSERTABLE,8644,2017-08-30,2.5,,
INSERTABLE,8645,2017-08-31,2,,
INSERTABLE,8646,2017-09-01,2.2333333333333334,,
INSERTABLE,8647,2017-09-02,2.2333333333333334,,
INSERTABLE,8648,2017-09-03,2.2333333333333334,,
INSERTABLE,8649,2017-09-04,2.9,,
INSERTABLE,8650,2017-09-05,2,,
INSERTABLE,8651,2017-09-06,2.1,,
INSERTABLE,8652,2017-09-07,1.5,,
INSERTABLE,8653,2017-09-08,1.0333333333333334,,
INSERTABLE,8654,2017-09-09,1.0333333333333334,,
INSERTABLE,8655,2017-09-10,1.0333333333333334,,
INSERTABLE,8656,2017-09-11,2.1,,
INSERTABLE,8657,2017-09-12,1.3,,
INSERTABLE,8658,2017-09-13,1.8,,
INSERTABLE,8659,2017-09-14,2.1,,
INSERTABLE,8660,2017-09-15,2.7600000000000002,,
INSERTABLE,8661,2017-09-16,2.7600000000000002,,
INSERTABLE,8662,2017-09-17,2.7600000000000002,,
INSERTABLE,8663,2017-09-18,2.7600000000000002,,
INSERTABLE,8664,2017-09-19,2.7600000000000002,,
INSERTABLE,8665,2017-09-20,2.8,,
INSERTABLE,8666,2017-09-21,3.1,,
INSERTABLE,8667,2017-09-22,4.6000000000000005,,
INSERTABLE,8668,2017-09-23,4.6000000000000005,,
INSERTABLE,8669,2017-09-24,4.6000000000000005,,
INSERTABLE,8670,2017-09-25,4.2,,
INSERTABLE,8671,2017-09-26,3.9,,
INSERTABLE,8672,2017-09-27,3.1,,
INSERTABLE,8673,2017-09-28,2.8,,
INSERTABLE,8677,2017-10-02,3.4,,
INSERTABLE,8678,2017-10-03,3.7,,
INSERTABLE,8680,2017-10-05,1.9,,
INSERTABLE,8681,2017-10-06,4.066666666666666,,
INSERTABLE,8682,2017-10-07,4.066666666666666,,
INSERTABLE,8683,2017-10-08,4.066666666666666,,
INSERTABLE,8684,2017-10-09,3.05,,
INSERTABLE,8685,2017-10-10,4.1,,
INSERTABLE,8686,2017-10-11,2.2,,
INSERTABLE,8687,2017-10-12,3.8,,
INSERTABLE,8688,2017-10-13,4.166666666666667,,
INSERTABLE,8689,2017-10-14,4.166666666666667,,
INSERTABLE,8690,2017-10-15,4.166666666666667,,
INSERTABLE,8691,2017-10-16,2.8,,
INSERTABLE,8692,2017-10-17,3.7,,
INSERTABLE,8693,2017-10-18,4.4,,
INSERTABLE,8694,2017-10-19,5.9,,
INSERTABLE,8695,2017-10-20,5.6000000000000005,,
INSERTABLE,8696,2017-10-21,5.6000000000000005,,
INSERTABLE,8697,2017-10-22,5.6000000000000005,,
INSERTABLE,8698,2017-10-23,6.1,,
INSERTABLE,8699,2017-10-24,5.8,,
INSERTABLE,8700,2017-10-25,5.2,,
INSERTABLE,8701,2017-10-26,4.275,,
INSERTABLE,8702,2017-10-27,4.275,,
INSERTABLE,8703,2017-10-28,4.275,,
INSERTABLE,8704,2017-10-29,4.275,,
INSERTABLE,8705,2017-10-30,4.4,,
INSERTABLE,8706,2017-10-31,3.6,,
INSERTABLE,8707,2017-11-01,3.6,,
INSERTABLE,8708,2017-11-02,1.2,,
INSERTABLE,8709,2017-11-03,4.233333333333333,,
INSERTABLE,8710,2017-11-04,4.233333333333333,,
INSERTABLE,8711,2017-11-05,4.233333333333333,,
INSERTABLE,8712,2017-11-06,2.2,,
INSERTABLE,8713,2017-11-07,4.2,,
INSERTABLE,8714,2017-11-08,6.4,,
INSERTABLE,8715,2017-11-09,7.6,,
INSERTABLE,8716,2017-11-10,6.933333333333334,,
INSERTABLE,8717,2017-11-11,6.933333333333334,,
INSERTABLE,8718,2017-11-12,6.933333333333334,,
INSERTABLE,8719,2017-11-13,5.1,,
INSERTABLE,8720,2017-11-14,4.1,,
INSERTABLE,8721,2017-11-15,6.9,,
INSERTABLE,8722,2017-11-16,7.2,,
INSERTABLE,8723,2017-11-17,6.766666666666667,,
INSERTABLE,8724,2017-11-18,6.766666666666667,,
INSERTABLE,8725,2017-11-19,6.766666666666667,,
INSERTABLE,8726,2017-11-20,6.9,,
INSERTABLE,8727,2017-11-21,8.1,,
INSERTABLE,8728,2017-11-22,8.6,,
INSERTABLE,8729,2017-11-23,7.1,,
INSERTABLE,8730,2017-11-24,6.066666666666666,,
INSERTABLE,8731,2017-11-25,6.066666666666666,,
INSERTABLE,8732,2017-11-26,6.066666666666666,,
INSERTABLE,8733,2017-11-27,5.2,,
INSERTABLE,8734,2017-11-28,2.2,,
INSERTABLE,8735,2017-11-29,3.7,,
INSERTABLE,8736,2017-11-30,6.3,,
INSERTABLE,8737,2017-12-01,3.6999999999999997,,
INSERTABLE,8738,2017-12-02,3.6999999999999997,,
INSERTABLE,8739,2017-12-03,3.6999999999999997,,
INSERTABLE,8740,2017-12-04,5.1,,
INSERTABLE,8741,2017-12-05,5.4,,
INSERTABLE,8742,2017-12-06,5.6,,
INSERTABLE,8743,2017-12-07,6.6,,
INSERTABLE,8744,2017-12-08,6.6,,
INSERTABLE,8745,2017-12-09,6.6,,
INSERTABLE,8746,2017-12-10,6.6,,
INSERTABLE,8747,2017-12-11,2.2,,
INSERTABLE,8748,2017-12-12,3.1,,
INSERTABLE,8749,2017-12-13,7.1,,
INSERTABLE,8750,2017-12-14,8.7,,
INSERTABLE,8751,2017-12-15,8.233333333333333,,
INSERTABLE,8752,2017-12-16,8.233333333333333,,
INSERTABLE,8753,2017-12-17,8.233333333333333,,
INSERTABLE,8754,2017-12-18,5.4,,
INSERTABLE,8755,2017-12-19,7.1,,
INSERTABLE,8756,2017-12-20,4.15,,
INSERTABLE,8757,2017-12-21,4.15,,
INSERTABLE,8758,2017-12-22,8.575,,
INSERTABLE,8759,2017-12-23,8.575,,
INSERTABLE,8760,2017-12-24,8.575,,
INSERTABLE,8761,2017-12-25,8.575,,
INSERTABLE,8762,2017-12-26,8.5,,
INSERTABLE,8763,2017-12-27,8.2,,
INSERTABLE,8764,2017-12-28,8.4,,
INSERTABLE,8765,2017-12-29,7.6,,
INSERTABLE,8766,2017-12-30,7.6,,
INSERTABLE,8767,2017-12-31,7.6,,
INSERTABLE,8768,2018-01-01,7.6,,
INSERTABLE,8769,2018-01-02,7.4,,
INSERTABLE,8770,2018-01-03,8.5,,
INSERTABLE,8771,2018-01-04,9.2,,
INSERTABLE,8772,2018-01-05,9.233333333333333,,
INSERTABLE,8773,2018-01-06,9.233333333333333,,
INSERTABLE,8774,2018-01-07,9.233333333333333,,
INSERTABLE,8775,2018-01-08,7.1,,
INSERTABLE,8776,2018-01-09,7.8,,
INSERTABLE,8777,2018-01-10,7.1,,
INSERTABLE,8778,2018-01-11,5.8,,
INSERTABLE,8779,2018-01-12,4.3999999999999995,,
INSERTABLE,8780,2018-01-13,4.3999999999999995,,
INSERTABLE,8781,2018-01-14,4.3999999999999995,,
INSERTABLE,8782,2018-01-15,4.1,,
INSERTABLE,8783,2018-01-16,6.2,,
INSERTABLE,8784,2018-01-17,8.2,,
INSERTABLE,8785,2018-01-18,8.6,,
INSERTABLE,8786,2018-01-19,4.366666666666666,,
INSERTABLE,8787,2018-01-20,4.366666666666666,,
INSERTABLE,8788,2018-01-21,4.366666666666666,,
INSERTABLE,8789,2018-01-22,5.6,,
INSERTABLE,8790,2018-01-23,6,,
INSERTABLE,8791,2018-01-24,6.2,,
INSERTABLE,8792,2018-01-25,5.9,,
INSERTABLE,8793,2018-01-26,8.466666666666667,,
INSERTABLE,8794,2018-01-27,8.466666666666667,,
INSERTABLE,8795,2018-01-28,8.466666666666667,,
INSERTABLE,8796,2018-01-29,5.9,,
INSERTABLE,8797,2018-01-30,5.8,,
INSERTABLE,8798,2018-01-31,8.1,,
INSERTABLE,8799,2018-02-01,7.1,,
INSERTABLE,8800,2018-02-02,6.7,,
INSERTABLE,8801,2018-02-03,6.7,,
INSERTABLE,8802,2018-02-04,6.7,,
INSERTABLE,8803,2018-02-05,5.8,,
INSERTABLE,8804,2018-02-06,5.3,,
INSERTABLE,8805,2018-02-07,6.2,,
INSERTABLE,8806,2018-02-08,6.4,,
INSERTABLE,8807,2018-02-09,6.933333333333334,,
INSERTABLE,8808,2018-02-10,6.933333333333334,,
INSERTABLE,8809,2018-02-11,6.933333333333334,,
INSERTABLE,8810,2018-02-12,7,,
INSERTABLE,8811,2018-02-13,6.4,,
INSERTABLE,8812,2018-02-14,6.2,,
INSERTABLE,8813,2018-02-15,6,,
INSERTABLE,8814,2018-02-16,6.7,,
INSERTABLE,8815,2018-02-17,6.7,,
INSERTABLE,8816,2018-02-18,6.7,,
INSERTABLE,8817,2018-02-19,6,,
INSERTABLE,8818,2018-02-20,6.675,,
INSERTABLE,8819,2018-02-21,6.675,,
INSERTABLE,8820,2018-02-22,6.675,,
INSERTABLE,8821,2018-02-23,6.675,,
INSERTABLE,8822,2018-02-24,6.75,,
INSERTABLE,8823,2018-02-25,6.75,,
INSERTABLE,8824,2018-02-26,5.6,,
INSERTABLE,8825,2018-02-27,3.1,,
INSERTABLE,8826,2018-02-28,3.9,,
INSERTABLE,8827,2018-03-01,3.9,,
INSERTABLE,8828,2018-03-02,3.9,,
INSERTABLE,8829,2018-03-03,3.9,,
INSERTABLE,8830,2018-03-04,3.9,,
INSERTABLE,8831,2018-03-05,3.9,,
INSERTABLE,8832,2018-03-06,6.3,,
INSERTABLE,8833,2018-03-07,5.3,,
INSERTABLE,8834,2018-03-08,4.2,,
INSERTABLE,8835,2018-03-09,6.075,,
INSERTABLE,8836,2018-03-10,6.075,,
INSERTABLE,8837,2018-03-11,6.075,,
INSERTABLE,8838,2018-03-12,6.075,,
INSERTABLE,8839,2018-03-13,5.4,,
INSERTABLE,8840,2018-03-14,5.1,,
INSERTABLE,8841,2018-03-15,6.5,,
INSERTABLE,8842,2018-03-16,5.6000000000000005,,
INSERTABLE,8843,2018-03-17,5.6000000000000005,,
INSERTABLE,8844,2018-03-18,5.6000000000000005,,
INSERTABLE,8845,2018-03-19,5.6,,
INSERTABLE,8846,2018-03-20,5.6,,
INSERTABLE,8847,2018-03-21,4.8,,
INSERTABLE,8848,2018-03-22,5.4,,
INSERTABLE,8849,2018-03-23,6.133333333333333,,
INSERTABLE,8850,2018-03-24,6.133333333333333,,
INSERTABLE,8851,2018-03-25,6.133333333333333,,
INSERTABLE,8852,2018-03-26,4.3,,
INSERTABLE,8853,2018-03-27,4.8,,
INSERTABLE,8854,2018-03-28,5.1,,
INSERTABLE,8855,2018-03-29,5.8,,
INSERTABLE,8856,2018-03-30,5.8,,
INSERTABLE,8857,2018-03-31,5.8,,
INSERTABLE,8858,2018-04-01,5.8,,
INSERTABLE,8859,2018-04-02,3,,
INSERTABLE,8860,2018-04-03,2.7,,
INSERTABLE,8861,2018-04-04,2.9,,
INSERTABLE,8862,2018-04-05,2.4,,
INSERTABLE,8863,2018-04-06,3.6999999999999997,,
INSERTABLE,8864,2018-04-07,3.6999999999999997,,
INSERTABLE,8865,2018-04-08,3.6999999999999997,,
INSERTABLE,8866,2018-04-09,2.3,,
INSERTABLE,8867,2018-04-10,2.1,,
INSERTABLE,8868,2018-04-11,2.7,,
INSERTABLE,8869,2018-04-12,3.2,,
INSERTABLE,8870,2018-04-13,3.466666666666667,,
INSERTABLE,8871,2018-04-14,3.466666666666667,,
INSERTABLE,8872,2018-04-15,3.466666666666667,,
INSERTABLE,8873,2018-04-16,2.8,,
INSERTABLE,8874,2018-04-17,3.1,,
INSERTABLE,8875,2018-04-18,3.3,,
INSERTABLE,8876,2018-04-19,3.6,,
INSERTABLE,8877,2018-04-20,3.3666666666666667,,
INSERTABLE,8878,2018-04-21,3.3666666666666667,,
INSERTABLE,8879,2018-04-22,3.3666666666666667,,
INSERTABLE,8880,2018-04-23,1.6,,
INSERTABLE,8881,2018-04-24,1.9,,
INSERTABLE,8882,2018-04-25,2.6,,
INSERTABLE,8883,2018-04-26,3.2,,
INSERTABLE,8884,2018-04-27,2.9,,
INSERTABLE,8885,2018-04-28,2.9,,
INSERTABLE,8886,2018-04-29,2.9,,
INSERTABLE,8887,2018-04-30,1.85,,
INSERTABLE,8888,2018-05-01,1.85,,
INSERTABLE,8889,2018-05-02,1.1,,
INSERTABLE,8890,2018-05-03,1.7,,
INSERTABLE,8891,2018-05-04,2.9333333333333336,,
INSERTABLE,8892,2018-05-05,2.9333333333333336,,
INSERTABLE,8893,2018-05-06,2.9333333333333336,,
INSERTABLE,8894,2018-05-07,2,,
INSERTABLE,8895,2018-05-08,1.8,,
INSERTABLE,8896,2018-05-09,1.9,,
INSERTABLE,8897,2018-05-10,2.2,,
INSERTABLE,8898,2018-05-11,2.3000000000000003,,
INSERTABLE,8899,2018-05-12,2.3000000000000003,,
INSERTABLE,8900,2018-05-13,2.3000000000000003,,
INSERTABLE,8901,2018-05-14,1.4,,
INSERTABLE,8902,2018-05-15,1.1,,
INSERTABLE,8903,2018-05-16,1.7,,
INSERTABLE,8904,2018-05-17,1.9,,
INSERTABLE,8905,2018-05-18,2.95,,
INSERTABLE,8906,2018-05-19,2.95,,
INSERTABLE,8907,2018-05-20,2.95,,
INSERTABLE,8908,2018-05-21,2.95,,
INSERTABLE,8909,2018-05-22,1.7,,
INSERTABLE,8910,2018-05-23,2,,
INSERTABLE,8911,2018-05-24,2.2,,
INSERTABLE,8912,2018-05-25,1.5999999999999999,,
INSERTABLE,8913,2018-05-26,1.5999999999999999,,
INSERTABLE,8914,2018-05-27,1.5999999999999999,,
INSERTABLE,8915,2018-05-28,1,,
INSERTABLE,8916,2018-05-29,0.6,,
INSERTABLE,8918,2018-05-31,1.1,,
INSERTABLE,8919,2018-06-01,1.8,,
INSERTABLE,8920,2018-06-02,1.8,,
INSERTABLE,8921,2018-06-03,1.8,,
INSERTABLE,8922,2018-06-04,0.6,,
INSERTABLE,8923,2018-06-05,0.2,,
INSERTABLE,8924,2018-06-06,1,,
INSERTABLE,8925,2018-06-07,1.6,,
INSERTABLE,8930,2018-06-12,0.8,,
INSERTABLE,8931,2018-06-13,1,,
INSERTABLE,8932,2018-06-14,0.9,,
INSERTABLE,8933,2018-06-15,0.9333333333333332,,
INSERTABLE,8934,2018-06-16,0.9333333333333332,,
INSERTABLE,8935,2018-06-17,0.9333333333333332,,
INSERTABLE,8936,2018-06-18,1.1,,
INSERTABLE,8937,2018-06-19,0.9,,
INSERTABLE,8938,2018-06-20,0.7,,
INSERTABLE,8939,2018-06-21,0.5,,
INSERTABLE,8943,2018-06-25,0.9,,
INSERTABLE,8944,2018-06-26,1,,
INSERTABLE,8945,2018-06-27,0.8,,
INSERTABLE,8946,2018-06-28,1.1,,
INSERTABLE,8952,2018-07-04,0.6,,
INSERTABLE,8957,2018-07-09,0.6,,
INSERTABLE,8958,2018-07-10,0.5,,
INSERTABLE,8959,2018-07-11,1.1,,
INSERTABLE,8960,2018-07-12,1,,
INSERTABLE,8961,2018-07-13,0.95,,
INSERTABLE,8962,2018-07-14,0.95,,
INSERTABLE,8963,2018-07-15,0.95,,
INSERTABLE,8964,2018-07-16,0.95,,
INSERTABLE,8965,2018-07-17,0.8,,
INSERTABLE,8999,2018-08-20,6.3,,
INSERTABLE,9000,2018-08-21,1.8,,
INSERTABLE,9001,2018-08-22,3.3,,
INSERTABLE,9002,2018-08-23,0.4,,
INSERTABLE,9003,2018-08-24,2.9333333333333336,,
INSERTABLE,9004,2018-08-25,2.9333333333333336,,
INSERTABLE,9005,2018-08-26,2.9333333333333336,,
INSERTABLE,9006,2018-08-27,0.8,,
INSERTABLE,9007,2018-08-28,1.9,,
INSERTABLE,9008,2018-08-29,2.8,,
INSERTABLE,9009,2018-08-30,1.425,,
INSERTABLE,9010,2018-08-31,1.425,,
INSERTABLE,9011,2018-09-01,1.425,,
INSERTABLE,9012,2018-09-02,1.425,,
INSERTABLE,9013,2018-09-03,3.1,,
INSERTABLE,9014,2018-09-04,3.8,,
INSERTABLE,9015,2018-09-05,2.1,,
INSERTABLE,9016,2018-09-06,3,,
INSERTABLE,9017,2018-09-07,3.2,,
INSERTABLE,9018,2018-09-08,2.6,,
INSERTABLE,9020,2018-09-10,2.63,,
INSERTABLE,9021,2018-09-11,2.3,,
INSERTABLE,9022,2018-09-12,1.74,,
INSERTABLE,9023,2018-09-13,1.34,,
INSERTABLE,9024,2018-09-14,0.84,,
INSERTABLE,9025,2018-09-15,0.87,,
INSERTABLE,9026,2018-09-16,2.33,,
INSERTABLE,9027,2018-09-17,1.97,,
INSERTABLE,9030,2018-09-20,2.6,,
INSERTABLE,9031,2018-09-21,3.766666666666667,,
INSERTABLE,9032,2018-09-22,3.766666666666667,,
INSERTABLE,9033,2018-09-23,3.766666666666667,,
INSERTABLE,9034,2018-09-24,0,,
INSERTABLE,9035,2018-09-25,4.2,,
INSERTABLE,9036,2018-09-26,2.3,,
INSERTABLE,9037,2018-09-27,1.4,,
INSERTABLE,9038,2018-09-28,1.6666666666666667,,
INSERTABLE,9039,2018-09-29,1.6666666666666667,,
INSERTABLE,9040,2018-09-30,1.6666666666666667,,
INSERTABLE,9041,2018-10-01,3.3,,
INSERTABLE,9042,2018-10-02,5.4,,
INSERTABLE,9043,2018-10-03,6.1,,
INSERTABLE,9044,2018-10-04,4.2,,
INSERTABLE,9045,2018-10-05,2.9333333333333336,,
INSERTABLE,9046,2018-10-06,2.9333333333333336,,
INSERTABLE,9047,2018-10-07,2.9333333333333336,,
INSERTABLE,9048,2018-10-08,2.4,,
INSERTABLE,9049,2018-10-09,3,,
INSERTABLE,9050,2018-10-10,3.1,,
INSERTABLE,9051,2018-10-11,3.6,,
INSERTABLE,9052,2018-10-12,4.3,,
INSERTABLE,9053,2018-10-13,4.3,,
INSERTABLE,9054,2018-10-14,4.3,,
INSERTABLE,9055,2018-10-15,4.3,,
INSERTABLE,9056,2018-10-16,1.5,,
INSERTABLE,9057,2018-10-17,2.3,,
INSERTABLE,9058,2018-10-18,5.2,,
INSERTABLE,9059,2018-10-19,5.266666666666667,,
INSERTABLE,9060,2018-10-20,5.266666666666667,,
INSERTABLE,9061,2018-10-21,5.266666666666667,,
INSERTABLE,9062,2018-10-22,5.8,,
INSERTABLE,9063,2018-10-23,5,,
INSERTABLE,9064,2018-10-24,4.3,,
INSERTABLE,9065,2018-10-25,4.8,,
INSERTABLE,9066,2018-10-26,5.7,,
INSERTABLE,9067,2018-10-27,5.7,,
INSERTABLE,9068,2018-10-28,5.7,,
INSERTABLE,9069,2018-10-29,4.1,,
INSERTABLE,9070,2018-10-30,4.7,,
INSERTABLE,9071,2018-10-31,5.54,,
INSERTABLE,9072,2018-11-01,5.54,,
INSERTABLE,9073,2018-11-02,5.54,,
INSERTABLE,9074,2018-11-03,5.54,,
INSERTABLE,9075,2018-11-04,5.54,,
INSERTABLE,9076,2018-11-05,7.1,,
INSERTABLE,9077,2018-11-06,8.2,,
INSERTABLE,9078,2018-11-07,8,,
INSERTABLE,9079,2018-11-08,7.3,,
INSERTABLE,9080,2018-11-09,6.133333333333333,,
INSERTABLE,9081,2018-11-10,6.133333333333333,,
INSERTABLE,9082,2018-11-11,6.133333333333333,,
INSERTABLE,9083,2018-11-12,5.1,,
INSERTABLE,9084,2018-11-13,6.3,,
INSERTABLE,9085,2018-11-14,7.2,,
INSERTABLE,9086,2018-11-15,6.9,,
INSERTABLE,9087,2018-11-16,8.4,,
INSERTABLE,9088,2018-11-17,8.4,,
INSERTABLE,9089,2018-11-18,8.4,,
INSERTABLE,9090,2018-11-19,7.8,,
INSERTABLE,9091,2018-11-20,8.9,,
INSERTABLE,9092,2018-11-21,8.1,,
INSERTABLE,9093,2018-11-22,8,,
INSERTABLE,9094,2018-11-23,8.566666666666666,,
INSERTABLE,9095,2018-11-24,8.566666666666666,,
INSERTABLE,9096,2018-11-25,8.566666666666666,,
INSERTABLE,9097,2018-11-26,8.4,,
INSERTABLE,9098,2018-11-27,7.9,,
INSERTABLE,9099,2018-11-28,7.6,,
INSERTABLE,9100,2018-11-29,5.2,,
INSERTABLE,9101,2018-11-30,6.533333333333334,,
INSERTABLE,9102,2018-12-01,6.533333333333334,,
INSERTABLE,9103,2018-12-02,6.533333333333334,,
INSERTABLE,9104,2018-12-03,5.6,,
INSERTABLE,9105,2018-12-04,5.1,,
INSERTABLE,9106,2018-12-05,6.3,,
INSERTABLE,9107,2018-12-06,7.3,,
INSERTABLE,9108,2018-12-07,7.3,,
INSERTABLE,9109,2018-12-08,7.3,,
INSERTABLE,9110,2018-12-09,7.3,,
INSERTABLE,9111,2018-12-10,8.1,,
INSERTABLE,9112,2018-12-11,8.4,,
INSERTABLE,9113,2018-12-12,8.3,,
INSERTABLE,9114,2018-12-13,8.2,,
INSERTABLE,9115,2018-12-14,8.4,,
INSERTABLE,9116,2018-12-15,8.4,,
INSERTABLE,9117,2018-12-16,8.4,,
INSERTABLE,9118,2018-12-17,7.3,,
INSERTABLE,9119,2018-12-18,7.1,,
INSERTABLE,9120,2018-12-19,7.9,,
INSERTABLE,9121,2018-12-20,7.4,,
INSERTABLE,9122,2018-12-21,7.633333333333333,,
INSERTABLE,9123,2018-12-22,7.633333333333333,,
INSERTABLE,9124,2018-12-23,7.633333333333333,,
INSERTABLE,9125,2018-12-24,7.05,,
INSERTABLE,9126,2018-12-25,7.05,,
INSERTABLE,9127,2018-12-26,6.3,,
INSERTABLE,9128,2018-12-27,7.1,,
INSERTABLE,9129,2018-12-28,7.966666666666666,,
INSERTABLE,9130,2018-12-29,7.966666666666666,,
INSERTABLE,9131,2018-12-30,7.966666666666666,,
INSERTABLE,9132,2018-12-31,5.8999999999999995,,
INSERTABLE,9133,2019-01-01,8.85,,
INSERTABLE,9134,2019-01-02,9.9,,
INSERTABLE,9135,2019-01-03,8.3,,
INSERTABLE,9136,2019-01-04,7.266666666666667,,
INSERTABLE,9137,2019-01-05,7.266666666666667,,
INSERTABLE,9138,2019-01-06,7.266666666666667,,
INSERTABLE,9139,2019-01-07,5.8,,
INSERTABLE,9140,2019-01-08,7.9,,
INSERTABLE,9141,2019-01-09,5.7,,
INSERTABLE,9142,2019-01-10,7.3,,
INSERTABLE,9143,2019-01-11,7.8,,
INSERTABLE,9144,2019-01-12,7.8,,
INSERTABLE,9145,2019-01-13,7.8,,
INSERTABLE,9146,2019-01-14,8,,
INSERTABLE,9147,2019-01-15,8.3,,
INSERTABLE,9148,2019-01-16,7.8,,
INSERTABLE,9149,2019-01-17,7.3,,
INSERTABLE,9150,2019-01-18,6.933333333333334,,
INSERTABLE,9151,2019-01-19,6.933333333333334,,
INSERTABLE,9152,2019-01-20,6.933333333333334,,
INSERTABLE,9153,2019-01-21,7,,
INSERTABLE,9154,2019-01-22,7.1,,
INSERTABLE,9155,2019-01-23,7.6,,
INSERTABLE,9156,2019-01-24,6.2,,
INSERTABLE,9157,2019-01-25,7.266666666666667,,
INSERTABLE,9158,2019-01-26,7.266666666666667,,
INSERTABLE,9159,2019-01-27,7.266666666666667,,
INSERTABLE,9160,2019-01-28,5.4,,
INSERTABLE,9161,2019-01-29,6.3,,
INSERTABLE,9162,2019-01-30,7.1,,
INSERTABLE,9163,2019-01-31,6.8,,
INSERTABLE,9164,2019-02-01,7.133333333333333,,
INSERTABLE,9165,2019-02-02,7.133333333333333,,
INSERTABLE,9166,2019-02-03,7.133333333333333,,
INSERTABLE,9167,2019-02-04,6.1,,
INSERTABLE,9168,2019-02-05,5.8,,
INSERTABLE,9169,2019-02-06,3.9,,
INSERTABLE,9170,2019-02-07,5.6,,
INSERTABLE,9171,2019-02-08,6.7,,
INSERTABLE,9172,2019-02-09,6.7,,
INSERTABLE,9173,2019-02-10,6.7,,
INSERTABLE,9174,2019-02-11,4.7,,
INSERTABLE,9175,2019-02-12,4.9,,
INSERTABLE,9176,2019-02-13,6.6,,
INSERTABLE,9177,2019-02-14,8.9,,
INSERTABLE,9178,2019-02-15,5.566666666666666,,
INSERTABLE,9179,2019-02-16,5.566666666666666,,
INSERTABLE,9180,2019-02-17,5.566666666666666,,
INSERTABLE,9181,2019-02-18,5.6,,
INSERTABLE,9182,2019-02-19,5.3,,
INSERTABLE,9183,2019-02-20,6.6,,
INSERTABLE,9184,2019-02-21,4.3,,
INSERTABLE,9185,2019-02-22,5.766666666666667,,
INSERTABLE,9186,2019-02-23,5.766666666666667,,
INSERTABLE,9187,2019-02-24,5.766666666666667,,
INSERTABLE,9188,2019-02-25,5.6,,
INSERTABLE,9189,2019-02-26,6.1,,
INSERTABLE,9190,2019-02-27,5.2,,
INSERTABLE,9191,2019-02-28,5.6,,
INSERTABLE,9192,2019-03-01,4.733333333333333,,
INSERTABLE,9193,2019-03-02,4.733333333333333,,
INSERTABLE,9194,2019-03-03,4.666666666666667,,
INSERTABLE,9195,2019-03-04,5,,
INSERTABLE,9196,2019-03-05,6.3,,
INSERTABLE,9197,2019-03-06,7.1,,
INSERTABLE,9198,2019-03-07,6.6,,
INSERTABLE,9199,2019-03-08,5.033333333333333,,
INSERTABLE,9200,2019-03-09,5.033333333333333,,
INSERTABLE,9201,2019-03-10,5.033333333333333,,
INSERTABLE,9202,2019-03-11,5.3,,
INSERTABLE,9203,2019-03-12,4.7,,
INSERTABLE,9204,2019-03-13,3.2,,
INSERTABLE,9205,2019-03-14,3.525,,
INSERTABLE,9206,2019-03-15,3.525,,
INSERTABLE,9207,2019-03-16,3.525,,
INSERTABLE,9208,2019-03-17,3.525,,
INSERTABLE,9209,2019-03-18,4.2,,
INSERTABLE,9210,2019-03-19,5.3,,
INSERTABLE,9211,2019-03-20,5.5,,
INSERTABLE,9212,2019-03-21,6,,
INSERTABLE,9213,2019-03-22,4.866666666666666,,
INSERTABLE,9214,2019-03-23,4.866666666666666,,
INSERTABLE,9215,2019-03-24,4.866666666666666,,
INSERTABLE,9216,2019-03-25,3.6,,
INSERTABLE,9217,2019-03-26,3.2,,
INSERTABLE,9218,2019-03-27,3,,
INSERTABLE,9219,2019-03-28,4,,
INSERTABLE,9220,2019-03-29,2.8,,
INSERTABLE,9222,2019-03-31,2.8,,
INSERTABLE,9223,2019-04-01,3,,
INSERTABLE,9224,2019-04-02,2,,
INSERTABLE,9225,2019-04-03,2.1,,
INSERTABLE,9226,2019-04-04,3.1,,
INSERTABLE,9227,2019-04-05,4.066666666666666,,
INSERTABLE,9228,2019-04-06,4.066666666666666,,
INSERTABLE,9229,2019-04-07,4.066666666666666,,
INSERTABLE,9230,2019-04-08,3.2,,
INSERTABLE,9231,2019-04-09,1.2,,
INSERTABLE,9232,2019-04-10,3.3,,
INSERTABLE,9233,2019-04-11,2,,
INSERTABLE,9234,2019-04-12,2.4,,
INSERTABLE,9235,2019-04-13,2.4,,
INSERTABLE,9236,2019-04-14,2.4,,
INSERTABLE,9237,2019-04-15,3.8,,
INSERTABLE,9238,2019-04-16,3.8,,
INSERTABLE,9239,2019-04-17,3,,
INSERTABLE,9240,2019-04-18,1.625,,
INSERTABLE,9241,2019-04-19,1.625,,
INSERTABLE,9242,2019-04-20,1.625,,
INSERTABLE,9243,2019-04-21,1.625,,
INSERTABLE,9244,2019-04-22,3,,
INSERTABLE,9245,2019-04-23,1.4,,
INSERTABLE,9246,2019-04-24,0.6,,
INSERTABLE,9247,2019-04-25,2.2,,
INSERTABLE,9248,2019-04-26,2.3000000000000003,,
INSERTABLE,9249,2019-04-27,2.3000000000000003,,
INSERTABLE,9250,2019-04-28,2.3000000000000003,,
INSERTABLE,9251,2019-04-29,1.35,,
INSERTABLE,9252,2019-04-30,1.35,,
INSERTABLE,9253,2019-05-01,2.2,,
INSERTABLE,9254,2019-05-02,2.1,,
INSERTABLE,9255,2019-05-03,1.3666666666666665,,
INSERTABLE,9256,2019-05-04,1.3666666666666665,,
INSERTABLE,9257,2019-05-05,1.3666666666666665,,
INSERTABLE,9258,2019-05-06,1.7,,
INSERTABLE,9259,2019-05-07,1.3,,
INSERTABLE,9260,2019-05-08,0.7,,
INSERTABLE,9261,2019-05-09,2.1,,
INSERTABLE,9262,2019-05-10,0.7000000000000001,,
INSERTABLE,9263,2019-05-11,0.7000000000000001,,
INSERTABLE,9264,2019-05-12,0.7000000000000001,,
INSERTABLE,9265,2019-05-13,5.9,,
INSERTABLE,9266,2019-05-14,2.4,,
INSERTABLE,9267,2019-05-15,2.1,,
INSERTABLE,9268,2019-05-16,1.6,,
INSERTABLE,9269,2019-05-17,1.0333333333333334,,
INSERTABLE,9270,2019-05-18,1.0333333333333334,,
INSERTABLE,9271,2019-05-19,1.0333333333333334,,
INSERTABLE,9272,2019-05-20,1.15,,
INSERTABLE,9273,2019-05-21,1.15,,
INSERTABLE,9274,2019-05-22,1.1,,
INSERTABLE,9275,2019-05-23,1.5,,
INSERTABLE,9276,2019-05-24,1.4333333333333333,,
INSERTABLE,9277,2019-05-25,1.4333333333333333,,
INSERTABLE,9278,2019-05-26,1.4333333333333333,,
INSERTABLE,9279,2019-05-27,4.4,,
INSERTABLE,9280,2019-05-28,1.1,,
INSERTABLE,9282,2019-05-30,3.5,,
INSERTABLE,9283,2019-05-31,1.2,,
INSERTABLE,9284,2019-06-01,1.2,,
INSERTABLE,9285,2019-06-02,1.2,,
INSERTABLE,9286,2019-06-03,1.4,,
INSERTABLE,9287,2019-06-04,0.9,,
INSERTABLE,9288,2019-06-05,1,,
INSERTABLE,9289,2019-06-06,1.3,,
INSERTABLE,9290,2019-06-07,1.2666666666666666,,
INSERTABLE,9291,2019-06-08,1.2666666666666666,,
INSERTABLE,9292,2019-06-09,1.2666666666666666,,
INSERTABLE,9293,2019-06-10,0.9,,
INSERTABLE,9294,2019-06-11,0.6,,
INSERTABLE,9297,2019-06-14,0.4666666666666666,,
INSERTABLE,9298,2019-06-15,0.4666666666666666,,
INSERTABLE,9299,2019-06-16,0.4666666666666666,,
INSERTABLE,9301,2019-06-18,1.1,,
INSERTABLE,9302,2019-06-19,1.3,,
INSERTABLE,9303,2019-06-20,1.2,,
INSERTABLE,9304,2019-06-21,1.0666666666666667,,
INSERTABLE,9305,2019-06-22,1.0666666666666667,,
INSERTABLE,9306,2019-06-23,1.0666666666666667,,
INSERTABLE,9308,2019-06-25,0.9,,
INSERTABLE,9309,2019-06-26,0.4,,
INSERTABLE,9310,2019-06-27,1,,
INSERTABLE,9314,2019-07-01,0.4,,
INSERTABLE,9315,2019-07-02,0.6,,
INSERTABLE,9316,2019-07-03,1,,
INSERTABLE,9317,2019-07-04,1.2,,
INSERTABLE,9318,2019-07-05,0.8666666666666667,,
INSERTABLE,9319,2019-07-06,0.8666666666666667,,
INSERTABLE,9320,2019-07-07,0.8666666666666667,,
INSERTABLE,9321,2019-07-08,0.7,,
INSERTABLE,9322,2019-07-09,0.9,,
INSERTABLE,9323,2019-07-10,1,,
INSERTABLE,9324,2019-07-11,1.1,,
INSERTABLE,9325,2019-07-12,1.0666666666666667,,
INSERTABLE,9326,2019-07-13,1.0666666666666667,,
INSERTABLE,9327,2019-07-14,1.0666666666666667,,
INSERTABLE,9328,2019-07-15,1.9,,
INSERTABLE,9329,2019-07-16,0.4,,
INSERTABLE,9330,2019-07-17,0.4,,
INSERTABLE,9331,2019-07-18,1,,
INSERTABLE,9335,2019-07-22,0.6,,
INSERTABLE,9336,2019-07-23,0.8,,
INSERTABLE,9337,2019-07-24,1.1,,
INSERTABLE,9338,2019-07-25,0.9,,
INSERTABLE,9339,2019-07-26,1.2666666666666666,,
INSERTABLE,9340,2019-07-27,1.2666666666666666,,
INSERTABLE,9341,2019-07-28,1.2666666666666666,,
INSERTABLE,9342,2019-07-29,1.825,,
INSERTABLE,9343,2019-07-30,1.825,,
INSERTABLE,9344,2019-07-31,1.825,,
INSERTABLE,9345,2019-08-01,1.825,,
INSERTABLE,9346,2019-08-02,2.1,,
INSERTABLE,9347,2019-08-03,2.1,,
INSERTABLE,9348,2019-08-04,2.1,,
INSERTABLE,9349,2019-08-05,2.2,,
INSERTABLE,9350,2019-08-06,2,,
INSERTABLE,9351,2019-08-07,1.7,,
INSERTABLE,9352,2019-08-08,2,,
INSERTABLE,9353,2019-08-09,1.8666666666666665,,
INSERTABLE,9354,2019-08-10,1.8666666666666665,,
INSERTABLE,9355,2019-08-11,1.8666666666666665,,
INSERTABLE,9356,2019-08-12,1.7,,
INSERTABLE,9357,2019-08-13,2.3,,
INSERTABLE,9358,2019-08-14,2.1,,
INSERTABLE,9359,2019-08-15,2.1,,
INSERTABLE,9360,2019-08-16,1.5999999999999999,,
INSERTABLE,9361,2019-08-17,1.5999999999999999,,
INSERTABLE,9362,2019-08-18,1.5999999999999999,,
INSERTABLE,9363,2019-08-19,1.8,,
INSERTABLE,9364,2019-08-20,2.8,,
INSERTABLE,9365,2019-08-21,2.2,,
INSERTABLE,9366,2019-08-22,2.1,,
INSERTABLE,9367,2019-08-23,3.033333333333333,,
INSERTABLE,9368,2019-08-24,3.033333333333333,,
INSERTABLE,9369,2019-08-25,3.033333333333333,,
INSERTABLE,9370,2019-08-26,4,,
INSERTABLE,9371,2019-08-27,3.9,,
INSERTABLE,9372,2019-08-28,3.7,,
INSERTABLE,9373,2019-08-29,3.1,,
INSERTABLE,9374,2019-08-30,3.6,,
INSERTABLE,9375,2019-08-31,3.6,,
INSERTABLE,9376,2019-09-01,3.6,,
INSERTABLE,9377,2019-09-02,3.4,,
INSERTABLE,9378,2019-09-03,2.9,,
INSERTABLE,9379,2019-09-04,2.2,,
INSERTABLE,9380,2019-09-05,2.4,,
INSERTABLE,9381,2019-09-06,2.8333333333333335,,
INSERTABLE,9382,2019-09-07,2.8333333333333335,,
INSERTABLE,9383,2019-09-08,2.8333333333333335,,
INSERTABLE,9384,2019-09-09,2.6,,
INSERTABLE,9385,2019-09-10,3.6,,
INSERTABLE,9386,2019-09-11,4.1,,
INSERTABLE,9387,2019-09-12,4,,
INSERTABLE,9388,2019-09-13,3.4333333333333336,,
INSERTABLE,9389,2019-09-14,3.4333333333333336,,
INSERTABLE,9390,2019-09-15,3.4333333333333336,,
INSERTABLE,9391,2019-09-16,2.9,,
INSERTABLE,9392,2019-09-17,3.35,,
INSERTABLE,9393,2019-09-18,3.35,,
INSERTABLE,9394,2019-09-19,3.35,,
INSERTABLE,9395,2019-09-20,3.35,,
INSERTABLE,9396,2019-09-21,3.35,,
INSERTABLE,9397,2019-09-22,3.35,,
INSERTABLE,9398,2019-09-23,3.4,,
INSERTABLE,9399,2019-09-24,3,,
INSERTABLE,9400,2019-09-25,2.8,,
INSERTABLE,9401,2019-09-26,3.2,,
INSERTABLE,9402,2019-09-27,3.3666666666666667,,
INSERTABLE,9403,2019-09-28,3.3666666666666667,,
INSERTABLE,9404,2019-09-29,3.4,,
INSERTABLE,9405,2019-09-30,2.8,,
INSERTABLE,9406,2019-10-01,2.6,,
INSERTABLE,9407,2019-10-02,3.2,,
INSERTABLE,9408,2019-10-03,3.6,,
INSERTABLE,9409,2019-10-04,5.3999999999999995,,
INSERTABLE,9410,2019-10-05,5.3999999999999995,,
INSERTABLE,9411,2019-10-06,5.3999999999999995,,
INSERTABLE,9412,2019-10-07,5.1,,
INSERTABLE,9413,2019-10-08,8.7,,
INSERTABLE,9414,2019-10-09,5.4,,
INSERTABLE,9415,2019-10-10,4.4,,
INSERTABLE,9416,2019-10-11,5.1000000000000005,,
INSERTABLE,9417,2019-10-12,5.1000000000000005,,
INSERTABLE,9418,2019-10-13,5.1000000000000005,,
INSERTABLE,9419,2019-10-14,0.9,,
INSERTABLE,9420,2019-10-15,4.8,,
INSERTABLE,9421,2019-10-16,4.3,,
INSERTABLE,9422,2019-10-17,5.1,,
INSERTABLE,9423,2019-10-18,4.7,,
INSERTABLE,9424,2019-10-19,4.7,,
INSERTABLE,9425,2019-10-20,4.7,,
INSERTABLE,9426,2019-10-21,5.3,,
INSERTABLE,9427,2019-10-22,4.4,,
INSERTABLE,9428,2019-10-23,4.9,,
INSERTABLE,9429,2019-10-24,5.5,,
INSERTABLE,9430,2019-10-25,6.033333333333334,,
INSERTABLE,9431,2019-10-26,6.033333333333334,,
INSERTABLE,9432,2019-10-27,6.033333333333334,,
INSERTABLE,9433,2019-10-28,5.52,,
INSERTABLE,9434,2019-10-29,6.733333333333333,,
INSERTABLE,9435,2019-10-30,6.733333333333333,,
INSERTABLE,9436,2019-10-31,6.733333333333333,,
INSERTABLE,9437,2019-11-01,6.733333333333333,,
INSERTABLE,9438,2019-11-02,6.733333333333333,,
INSERTABLE,9439,2019-11-03,6.733333333333333,,
INSERTABLE,9440,2019-11-04,6,,
INSERTABLE,9441,2019-11-05,6.1,,
INSERTABLE,9442,2019-11-06,8.3,,
INSERTABLE,9443,2019-11-07,8.2,,
INSERTABLE,9444,2019-11-08,6.733333333333333,,
INSERTABLE,9445,2019-11-09,6.733333333333333,,
INSERTABLE,9446,2019-11-10,6.733333333333333,,
INSERTABLE,9447,2019-11-11,7.1,,
INSERTABLE,9448,2019-11-12,8.1,,
INSERTABLE,9449,2019-11-13,5.2,,
INSERTABLE,9450,2019-11-14,8.4,,
INSERTABLE,9451,2019-11-15,9.366666666666667,,
INSERTABLE,9452,2019-11-16,9.366666666666667,,
INSERTABLE,9453,2019-11-17,9.366666666666667,,
INSERTABLE,9454,2019-11-18,10.2,,
INSERTABLE,9455,2019-11-19,8.1,,
INSERTABLE,9456,2019-11-20,7.4,,
INSERTABLE,9457,2019-11-21,8,,
INSERTABLE,9458,2019-11-22,6.833333333333333,,
INSERTABLE,9459,2019-11-23,6.833333333333333,,
INSERTABLE,9460,2019-11-24,6.833333333333333,,
INSERTABLE,9461,2019-11-25,5.9,,
INSERTABLE,9462,2019-11-26,7,,
INSERTABLE,9463,2019-11-27,8.2,,
INSERTABLE,9464,2019-11-28,8.4,,
INSERTABLE,9465,2019-11-29,8.700000000000001,,
INSERTABLE,9466,2019-11-30,8.700000000000001,,
INSERTABLE,9467,2019-12-01,8.700000000000001,,
INSERTABLE,9468,2019-12-02,6.1,,
INSERTABLE,9469,2019-12-03,6.9,,
INSERTABLE,9470,2019-12-04,8.2,,
INSERTABLE,9471,2019-12-05,7.9,,
INSERTABLE,9472,2019-12-06,7.7,,
INSERTABLE,9473,2019-12-07,7.7,,
INSERTABLE,9474,2019-12-08,7.7,,
INSERTABLE,9475,2019-12-09,7,,
INSERTABLE,9476,2019-12-10,6.8,,
INSERTABLE,9477,2019-12-11,7.7,,
INSERTABLE,9478,2019-12-12,8.4,,
INSERTABLE,9479,2019-12-13,8.366666666666667,,
INSERTABLE,9480,2019-12-14,8.366666666666667,,
INSERTABLE,9481,2019-12-15,8.366666666666667,,
INSERTABLE,9482,2019-12-16,7.5,,
INSERTABLE,9483,2019-12-17,8.8,,
INSERTABLE,9484,2019-12-18,8.1,,
INSERTABLE,9485,2019-12-19,7.6,,
INSERTABLE,9486,2019-12-20,9.700000000000001,,
INSERTABLE,9487,2019-12-21,9.700000000000001,,
INSERTABLE,9488,2019-12-22,9.700000000000001,,
INSERTABLE,9489,2019-12-23,7.9,,
INSERTABLE,9490,2019-12-24,7.95,,
INSERTABLE,9491,2019-12-25,7.95,,
INSERTABLE,9492,2019-12-26,7.8,,
INSERTABLE,9493,2019-12-27,9.066666666666666,,
INSERTABLE,9494,2019-12-28,9.066666666666666,,
INSERTABLE,9495,2019-12-29,9.066666666666666,,
INSERTABLE,9496,2019-12-30,7.9,,
INSERTABLE,9497,2019-12-31,8.05,,
INSERTABLE,9498,2020-01-01,8.05,,
INSERTABLE,9499,2020-01-02,7.7,,
INSERTABLE,9500,2020-01-03,6.033333333333334,,
INSERTABLE,9501,2020-01-04,6.033333333333334,,
INSERTABLE,9502,2020-01-05,6.033333333333334,,
INSERTABLE,9503,2020-01-06,5.8,,
INSERTABLE,9504,2020-01-07,6.2,,
INSERTABLE,9505,2020-01-08,5.4,,
INSERTABLE,9506,2020-01-09,6.9,,
INSERTABLE,9507,2020-01-10,9.066666666666666,,
INSERTABLE,9508,2020-01-11,9.066666666666666,,
INSERTABLE,9509,2020-01-12,9.066666666666666,,
INSERTABLE,9510,2020-01-13,8.1,,
INSERTABLE,9511,2020-01-14,7.2,,
INSERTABLE,9512,2020-01-15,8.8,,
INSERTABLE,9513,2020-01-16,7.4,,
INSERTABLE,9514,2020-01-17,7.766666666666667,,
INSERTABLE,9515,2020-01-18,7.766666666666667,,
INSERTABLE,9516,2020-01-19,7.766666666666667,,
INSERTABLE,9517,2020-01-20,7.1,,
INSERTABLE,9518,2020-01-21,6.4,,
INSERTABLE,9519,2020-01-22,6.7,,
INSERTABLE,9520,2020-01-23,7.2,,
INSERTABLE,9521,2020-01-24,8.433333333333334,,
INSERTABLE,9522,2020-01-25,8.433333333333334,,
INSERTABLE,9523,2020-01-26,8.433333333333334,,
INSERTABLE,9524,2020-01-27,7.6,,
INSERTABLE,9525,2020-01-28,7.2,,
INSERTABLE,9526,2020-01-29,7.1,,
INSERTABLE,9527,2020-01-30,7.4,,
INSERTABLE,9528,2020-01-31,7.8,,
INSERTABLE,9529,2020-02-01,7.8,,
INSERTABLE,9530,2020-02-02,7.8,,
INSERTABLE,9531,2020-02-03,7.8,,
INSERTABLE,9532,2020-02-04,8,,
INSERTABLE,9533,2020-02-05,7.1,,
INSERTABLE,9534,2020-02-06,7.6,,
INSERTABLE,9535,2020-02-07,7.8,,
INSERTABLE,9536,2020-02-08,7.8,,
INSERTABLE,9537,2020-02-09,7.8,,
INSERTABLE,9538,2020-02-10,7,,
INSERTABLE,9539,2020-02-11,5.9,,
INSERTABLE,9540,2020-02-12,6.3,,
INSERTABLE,9541,2020-02-13,6.6,,
INSERTABLE,9542,2020-02-14,7.933333333333334,,
INSERTABLE,9543,2020-02-15,7.933333333333334,,
INSERTABLE,9544,2020-02-16,7.933333333333334,,
INSERTABLE,9545,2020-02-17,7.4,,
INSERTABLE,9546,2020-02-18,8.1,,
INSERTABLE,9547,2020-02-19,7.6,,
INSERTABLE,9548,2020-02-20,7.4,,
INSERTABLE,9549,2020-02-21,5.033333333333333,,
INSERTABLE,9550,2020-02-22,5,,
INSERTABLE,9551,2020-02-23,5,,
INSERTABLE,9552,2020-02-24,5.3,,
INSERTABLE,9553,2020-02-25,6,,
INSERTABLE,9554,2020-02-26,7.6,,
INSERTABLE,9555,2020-02-27,6.4,,
INSERTABLE,9556,2020-02-28,5.233333333333333,,
INSERTABLE,9557,2020-02-29,5.23,,
INSERTABLE,9558,2020-03-01,5.2,,
INSERTABLE,9559,2020-03-02,3.8,,
INSERTABLE,9560,2020-03-03,4.2,,
INSERTABLE,9561,2020-03-04,5.6,,
INSERTABLE,9562,2020-03-05,6.6,,
INSERTABLE,9563,2020-03-06,5.266666666666667,,
INSERTABLE,9564,2020-03-07,5.3,,
INSERTABLE,9565,2020-03-08,5.3,,
INSERTABLE,9566,2020-03-09,5.8,,
INSERTABLE,9567,2020-03-10,4.9,,
INSERTABLE,9568,2020-03-11,5.1,,
INSERTABLE,9569,2020-03-12,4.2,,
INSERTABLE,9570,2020-03-13,5.533333333333334,,
INSERTABLE,9571,2020-03-14,5.533333333333334,,
INSERTABLE,9572,2020-03-15,5.533333333333334,,
INSERTABLE,9573,2020-03-16,5.2,,
INSERTABLE,9574,2020-03-17,4.3,,
INSERTABLE,9575,2020-03-18,5,,
INSERTABLE,9576,2020-03-19,4.1,,
INSERTABLE,9577,2020-03-20,4.1000000000000005,,
INSERTABLE,9578,2020-03-21,4.1000000000000005,,
INSERTABLE,9579,2020-03-22,4.1000000000000005,,
INSERTABLE,9580,2020-03-23,3.9,,
INSERTABLE,9581,2020-03-24,5,,
INSERTABLE,9582,2020-03-25,4.6,,
INSERTABLE,9583,2020-03-26,4.1,,
INSERTABLE,9584,2020-03-27,3.233333333333333,,
INSERTABLE,9585,2020-03-28,3.233333333333333,,
INSERTABLE,9586,2020-03-29,3.233333333333333,,
INSERTABLE,9587,2020-03-30,3.8,,
INSERTABLE,9588,2020-03-31,4.3,,
INSERTABLE,9589,2020-04-01,5.1,,
INSERTABLE,9590,2020-04-02,4.3,,
INSERTABLE,9591,2020-04-03,2.6999999999999997,,
INSERTABLE,9592,2020-04-04,2.6999999999999997,,
INSERTABLE,9593,2020-04-05,2.6999999999999997,,
INSERTABLE,9594,2020-04-06,3.9,,
INSERTABLE,9595,2020-04-07,3.3,,
INSERTABLE,9596,2020-04-08,2.4,,
INSERTABLE,9597,2020-04-09,2.675,,
INSERTABLE,9598,2020-04-10,2.675,,
INSERTABLE,9599,2020-04-11,2.675,,
INSERTABLE,9600,2020-04-12,2.675,,
INSERTABLE,9601,2020-04-13,3.6,,
INSERTABLE,9602,2020-04-14,3.3,,
INSERTABLE,9603,2020-04-15,2.7,,
INSERTABLE,9604,2020-04-16,2.3,,
INSERTABLE,9605,2020-04-17,2.466666666666667,,
INSERTABLE,9606,2020-04-18,2.466666666666667,,
INSERTABLE,9607,2020-04-19,2.466666666666667,,
INSERTABLE,9608,2020-04-20,3.8,,
INSERTABLE,9609,2020-04-21,3.3,,
INSERTABLE,9610,2020-04-22,3.1,,
INSERTABLE,9611,2020-04-23,2,,
INSERTABLE,9615,2020-04-27,2.2,,
INSERTABLE,9616,2020-04-28,3.1,,
INSERTABLE,9617,2020-04-29,2.4,,
INSERTABLE,9618,2020-04-30,2.875,,
INSERTABLE,9619,2020-05-01,2.875,,
INSERTABLE,9620,2020-05-02,2.875,,
INSERTABLE,9621,2020-05-03,2.875,,
INSERTABLE,9622,2020-05-04,2.4,,
INSERTABLE,9623,2020-05-05,2.9,,
INSERTABLE,9624,2020-05-06,2.4,,
INSERTABLE,9625,2020-05-07,2.1,,
INSERTABLE,9626,2020-05-08,2.433333333333333,,
INSERTABLE,9627,2020-05-09,2.433333333333333,,
INSERTABLE,9628,2020-05-10,2.433333333333333,,
INSERTABLE,9629,2020-05-11,2,,
INSERTABLE,9630,2020-05-12,1.4,,
INSERTABLE,9631,2020-05-13,1.6,,
INSERTABLE,9632,2020-05-14,2.1,,
INSERTABLE,9633,2020-05-15,2.9333333333333336,,
INSERTABLE,9634,2020-05-16,2.9333333333333336,,
INSERTABLE,9635,2020-05-17,2.9333333333333336,,
INSERTABLE,9636,2020-05-18,1.6,,
INSERTABLE,9637,2020-05-19,1,,
INSERTABLE,9638,2020-05-20,0.65,,
INSERTABLE,9639,2020-05-21,0.65,,
INSERTABLE,9640,2020-05-22,2.9,,
INSERTABLE,9641,2020-05-23,2.9,,
INSERTABLE,9642,2020-05-24,2.9,,
INSERTABLE,9643,2020-05-25,3.7,,
INSERTABLE,9644,2020-05-26,0.8,,
INSERTABLE,9645,2020-05-27,1.1,,
INSERTABLE,9646,2020-05-28,1.7,,
INSERTABLE,9647,2020-05-29,1.7,,
INSERTABLE,9648,2020-05-30,1.7,,
INSERTABLE,9649,2020-05-31,1.7,,
INSERTABLE,9650,2020-06-01,1.1,,
INSERTABLE,9652,2020-06-03,0.4,,
INSERTABLE,9653,2020-06-04,0.9,,
INSERTABLE,9654,2020-06-05,1.2,,
INSERTABLE,9655,2020-06-06,1.2,,
INSERTABLE,9656,2020-06-07,1.2,,
INSERTABLE,9657,2020-06-08,0.3,,
INSERTABLE,9658,2020-06-09,0.5,,
INSERTABLE,9659,2020-06-10,0.9,,
INSERTABLE,9680,2020-07-01,0.4,,
INSERTABLE,9681,2020-07-02,0.6,,
INSERTABLE,9682,2020-07-03,1,,
INSERTABLE,9684,2020-07-05,0.8666666666666667,,
INSERTABLE,9685,2020-07-06,0.8666666666666667,,
INSERTABLE,9686,2020-07-07,0.8666666666666667,,
INSERTABLE,9687,2020-07-08,0.7,,
INSERTABLE,9688,2020-07-09,0.9,,
INSERTABLE,9689,2020-07-10,1,0,
INSERTABLE,9690,2020-07-11,1.1,0,
INSERTABLE,9691,2020-07-12,1.0666666666666667,0,
INSERTABLE,9692,2020-07-13,1.0666666666666667,0,
INSERTABLE,9693,2020-07-14,1.0666666666666667,0,
INSERTABLE,9694,2020-07-15,1.9,0,
INSERTABLE,9695,2020-07-16,0.4,0,
INSERTABLE,9696,2020-07-17,0.4,0,
INSERTABLE,9697,2020-07-18,1,0,
INSERTABLE,9700,2020-07-21,0.3,0,
INSERTABLE,9701,2020-07-22,0.5,0,
INSERTABLE,9702,2020-07-23,0.6,0.18,
INSERTABLE,9703,2020-07-24,1.7333333333333334,1.8600000000000003,
INSERTABLE,9704,2020-07-25,1.7333333333333334,1.3199999999999998,
INSERTABLE,9705,2020-07-26,1.7333333333333334,1.51,
INSERTABLE,9706,2020-07-27,1.2,1.85,
INSERTABLE,9707,2020-07-28,1.5,2.33,
INSERTABLE,9708,2020-07-29,1.1,2.48,
INSERTABLE,9709,2020-07-30,1.3,1.75,
INSERTABLE,9710,2020-07-31,1.3666666666666665,2.0599999999999996,
INSERTABLE,9711,2020-08-01,1.3666666666666665,1.54,
INSERTABLE,9712,2020-08-02,1.3666666666666665,2.39,
INSERTABLE,9713,2020-08-03,1.4,1.72,
INSERTABLE,9714,2020-08-04,1.9,2.4899999999999998,
INSERTABLE,9715,2020-08-05,1.5,1.86,
INSERTABLE,9716,2020-08-06,1.3,0.03,
INSERTABLE,9717,2020-08-07,1.1333333333333333,,
INSERTABLE,9718,2020-08-08,1.1333333333333333,,
INSERTABLE,9719,2020-08-09,1.1333333333333333,,
INSERTABLE,9720,2020-08-10,1.3,,
INSERTABLE,9721,2020-08-11,1.5,,
INSERTABLE,9722,2020-08-12,1.8,,
INSERTABLE,9723,2020-08-13,1.6,,
INSERTABLE,9724,2020-08-14,1.5666666666666667,,
INSERTABLE,9725,2020-08-15,1.5666666666666667,,
INSERTABLE,9726,2020-08-16,1.5666666666666667,,
INSERTABLE,9727,2020-08-17,0.8,,
INSERTABLE,9728,2020-08-18,0.5,,
INSERTABLE,9729,2020-08-19,1.7,,
INSERTABLE,9730,2020-08-20,2,,
INSERTABLE,9731,2020-08-21,1.9000000000000001,,
INSERTABLE,9732,2020-08-22,1.9000000000000001,,
INSERTABLE,9733,2020-08-23,1.9000000000000001,,
INSERTABLE,9734,2020-08-24,0.5,,
INSERTABLE,9735,2020-08-25,1.1,0,
INSERTABLE,9736,2020-08-26,0.9,2.8899999999999997,
INSERTABLE,9737,2020-08-27,1.7,2.61,
INSERTABLE,9738,2020-08-28,1.6333333333333335,1.06,
INSERTABLE,9739,2020-08-29,1.6333333333333335,3.2699999999999996,
INSERTABLE,9740,2020-08-30,1.6333333333333335,3.339999999999999,
INSERTABLE,9741,2020-08-31,2.1,0.9700000000000001,
INSERTABLE,9742,2020-09-01,1.7,1.09,
INSERTABLE,9743,2020-09-02,2.1,3.1499999999999995,
INSERTABLE,9744,2020-09-03,2.3,3.2699999999999996,
INSERTABLE,9745,2020-09-04,1.8333333333333333,2.9999999999999996,
INSERTABLE,9746,2020-09-05,1.8333333333333333,2.7599999999999993,
INSERTABLE,9747,2020-09-06,1.8333333333333333,3.31,
INSERTABLE,9748,2020-09-07,0.8,2.63,
INSERTABLE,9749,2020-09-08,1,1.1500000000000001,
INSERTABLE,9750,2020-09-09,2.7,3.6499999999999995,
INSERTABLE,9751,2020-09-10,3.3,3.9099999999999993,
INSERTABLE,9752,2020-09-11,2.9333333333333336,4.29,
INSERTABLE,9753,2020-09-12,2.9333333333333336,3.9999999999999996,
INSERTABLE,9754,2020-09-13,2.9333333333333336,4.04,
INSERTABLE,9755,2020-09-14,2.4,4.03,
INSERTABLE,9756,2020-09-15,1.6,0.9,
INSERTABLE,9757,2020-09-16,2.1,3.629999999999999,
INSERTABLE,9758,2020-09-17,2.75,4.44,
INSERTABLE,9759,2020-09-18,2.75,4.82,
INSERTABLE,9760,2020-09-19,2.75,4.130000000000001,
INSERTABLE,9761,2020-09-20,2.75,2.6599999999999997,
INSERTABLE,9762,2020-09-21,2.9,3.7399999999999998,
INSERTABLE,9763,2020-09-22,3.2,4.28,
INSERTABLE,9764,2020-09-23,3.5,4.24,
INSERTABLE,9765,2020-09-24,2.2,2.2799999999999994,
INSERTABLE,9766,2020-09-25,3.033333333333333,0.99,
INSERTABLE,9767,2020-09-26,3.033333333333333,4.1000000000000005,
INSERTABLE,9768,2020-09-27,3.033333333333333,4.51,
INSERTABLE,9769,2020-09-28,2.6,4.02,
INSERTABLE,9770,2020-09-29,2.6,2.5499999999999994,
INSERTABLE,9771,2020-09-30,2.4,4.090000000000001,
INSERTABLE,9772,2020-10-01,2.9,4.21,
INSERTABLE,9773,2020-10-02,3.1,3.429999999999999,
INSERTABLE,9774,2020-10-03,2,4.240000000000001,
INSERTABLE,9775,2020-10-04,2,4.590000000000002,
INSERTABLE,9776,2020-10-05,2,4.49,
INSERTABLE,9777,2020-10-06,3.3,4.380000000000001,
INSERTABLE,9778,2020-10-07,4.5,4.95,
INSERTABLE,9779,2020-10-08,2.4,5.289999999999999,
INSERTABLE,9780,2020-10-09,6.275,5.55,
INSERTABLE,9781,2020-10-10,6.275,5.4399999999999995,
INSERTABLE,9782,2020-10-11,6.275,5.8500000000000005,
INSERTABLE,9783,2020-10-12,6.275,4.86,
INSERTABLE,9784,2020-10-13,3.2,2.2299999999999995,
INSERTABLE,9785,2020-10-14,3.3,3.4499999999999997,
INSERTABLE,9786,2020-10-15,3.5,4.05,
INSERTABLE,9787,2020-10-16,4.366666666666666,3.1399999999999997,
INSERTABLE,9788,2020-10-17,4.366666666666666,3.5599999999999996,
INSERTABLE,9789,2020-10-18,4.366666666666666,4.34,
INSERTABLE,9790,2020-10-19,4.7,5.56,
INSERTABLE,9791,2020-10-20,5.2,5.91,
INSERTABLE,9792,2020-10-21,4.2,4.65,
INSERTABLE,9793,2020-10-22,4.8,4.319999999999999,
INSERTABLE,9794,2020-10-23,4.5,4.050000000000001,
INSERTABLE,9795,2020-10-24,4.5,5.030000000000001,
INSERTABLE,9796,2020-10-25,4.5,4.5,
INSERTABLE,9797,2020-10-26,5.7,5.82,
INSERTABLE,9798,2020-10-27,2,2.06,
INSERTABLE,9799,2020-10-28,4.4,5.670000000000001,
INSERTABLE,9800,2020-10-29,5.4,5.690000000000001,
INSERTABLE,9801,2020-10-30,1.525,5.490000000000001,
INSERTABLE,9802,2020-10-31,1.525,4.470000000000001,
INSERTABLE,9803,2020-11-01,1.525,3.92,
INSERTABLE,9804,2020-11-02,1.525,0.22999999999999998,
INSERTABLE,9805,2020-11-03,5.2,,
INSERTABLE,9806,2020-11-04,5.1,,
INSERTABLE,9807,2020-11-05,5.6,,
INSERTABLE,9808,2020-11-06,5.375,,
INSERTABLE,9809,2020-11-07,5.375,,
INSERTABLE,9810,2020-11-08,5.375,,
INSERTABLE,9811,2020-11-09,5.375,,
INSERTABLE,9812,2020-11-10,4,,
INSERTABLE,9813,2020-11-11,3.1,,
INSERTABLE,9814,2020-11-12,3.7,,
INSERTABLE,9815,2020-11-13,4.566666666666666,,
INSERTABLE,9816,2020-11-14,4.566666666666666,,
INSERTABLE,9817,2020-11-15,4.566666666666666,,
INSERTABLE,9818,2020-11-16,5.1,,
INSERTABLE,9819,2020-11-17,3.7,,
INSERTABLE,9820,2020-11-18,4.9,,
INSERTABLE,9821,2020-11-19,3.2,,
INSERTABLE,9822,2020-11-20,5.3999999999999995,,
INSERTABLE,9823,2020-11-21,5.3999999999999995,,
INSERTABLE,9824,2020-11-22,5.3999999999999995,,
INSERTABLE,9825,2020-11-23,5.3,,
INSERTABLE,9826,2020-11-24,6.4,,
INSERTABLE,9827,2020-11-25,7.8,,
INSERTABLE,9828,2020-11-26,8.4,,
INSERTABLE,9829,2020-11-27,7.533333333333334,,
INSERTABLE,9830,2020-11-28,7.533333333333334,,
INSERTABLE,9831,2020-11-29,7.533333333333334,,
INSERTABLE,9832,2020-11-30,7.3,,
INSERTABLE,9833,2020-12-01,7.1,,
INSERTABLE,9834,2020-12-02,6.9,,
INSERTABLE,9835,2020-12-03,7.9,,
INSERTABLE,9836,2020-12-04,6.733333333333333,,
INSERTABLE,9837,2020-12-05,6.733333333333333,,
INSERTABLE,9838,2020-12-06,6.733333333333333,,
INSERTABLE,9839,2020-12-07,6.55,,
INSERTABLE,9840,2020-12-08,6.55,,
INSERTABLE,9841,2020-12-09,7.3,,
INSERTABLE,9842,2020-12-10,7.5,,
INSERTABLE,9843,2020-12-11,8.133333333333333,,
INSERTABLE,9844,2020-12-12,8.133333333333333,,
INSERTABLE,9845,2020-12-13,8.133333333333333,,
INSERTABLE,9846,2020-12-14,7.6,,
INSERTABLE,9847,2020-12-15,7.4,,
INSERTABLE,9848,2020-12-16,7.1,,
INSERTABLE,9849,2020-12-17,6.2,,
INSERTABLE,9850,2020-12-18,7.233333333333333,,
INSERTABLE,9851,2020-12-19,7.233333333333333,,
INSERTABLE,9852,2020-12-20,7.233333333333333,,
INSERTABLE,9853,2020-12-21,6.7,,
INSERTABLE,9854,2020-12-22,7.1,,
INSERTABLE,9855,2020-12-23,5.9,,
INSERTABLE,9856,2020-12-24,5.775,,
INSERTABLE,9857,2020-12-25,5.775,,
INSERTABLE,9858,2020-12-26,5.775,,
INSERTABLE,9859,2020-12-27,5.775,,
INSERTABLE,9860,2020-12-28,5.2,,
INSERTABLE,9861,2020-12-29,4.3,,
INSERTABLE,9862,2020-12-30,7.8,,
INSERTABLE,9863,2020-12-31,6.2,,
INSERTABLE,9864,2021-01-01,6.2,,
INSERTABLE,9865,2021-01-02,6.2,4.8999999999999995,
INSERTABLE,9866,2021-01-03,6.2,5.64,
INSERTABLE,9867,2021-01-04,5.2,6.010000000000001,
INSERTABLE,9868,2021-01-05,5.8,5.669999999999999,
INSERTABLE,9869,2021-01-06,5.1,5.88,
INSERTABLE,9870,2021-01-07,5.7,5.960000000000001,
INSERTABLE,9871,2021-01-08,6.533333333333334,5.2200000000000015,
INSERTABLE,9872,2021-01-09,6.533333333333334,5.630000000000001,
INSERTABLE,9873,2021-01-10,6.533333333333334,6.410000000000001,
INSERTABLE,9874,2021-01-11,7.2,6.79,
INSERTABLE,9875,2021-01-12,7.5,6.700000000000001,
INSERTABLE,9876,2021-01-13,7.6,6.8100000000000005,
INSERTABLE,9877,2021-01-14,7.2,6.5200000000000005,
INSERTABLE,9878,2021-01-15,5.933333333333334,5.679999999999999,
INSERTABLE,9879,2021-01-16,5.933333333333334,5.65,
INSERTABLE,9880,2021-01-17,5.933333333333334,6.510000000000001,
INSERTABLE,9881,2021-01-18,5.1,5.700000000000001,
INSERTABLE,9882,2021-01-19,4.9,5.1000000000000005,
INSERTABLE,9883,2021-01-20,4.1,5.11,
INSERTABLE,9884,2021-01-21,3.8,4.96,
INSERTABLE,9885,2021-01-22,4.933333333333334,4.59,
INSERTABLE,9886,2021-01-23,4.933333333333334,5.3999999999999995,
INSERTABLE,9887,2021-01-24,4.933333333333334,5.68,
INSERTABLE,9888,2021-01-25,4.6,0.03,
INSERTABLE,9889,2021-01-26,5.1,,
INSERTABLE,9890,2021-01-27,5.5,,
INSERTABLE,9891,2021-01-28,6.1,6.569999999999999,
INSERTABLE,9893,2021-01-30,4.9,3.299999999999999,
INSERTABLE,9895,2021-02-01,4.9,4.2700000000000005,
INSERTABLE,9896,2021-02-02,4.4,3.729999999999999,
INSERTABLE,9897,2021-02-03,5.1,5.470000000000001,
INSERTABLE,9898,2021-02-04,5.4,4.76,
INSERTABLE,9899,2021-02-05,5.4,3.4899999999999998,
INSERTABLE,9900,2021-02-06,4.2,2.1599999999999997,
INSERTABLE,9901,2021-02-07,4.2,4.54,
INSERTABLE,9902,2021-02-08,6.3,5.55,
INSERTABLE,9903,2021-02-09,4.9,5.920000000000001,
INSERTABLE,9904,2021-02-10,4.1,4.11,
INSERTABLE,9905,2021-02-11,2.3,1.2800000000000002,
INSERTABLE,9906,2021-02-12,3.6,5.1000000000000005,
INSERTABLE,9907,2021-02-13,3.6,4.04,
INSERTABLE,9908,2021-02-14,3.6,3.5999999999999996,
INSERTABLE,9909,2021-02-15,3.8,4.420000000000001,
INSERTABLE,9910,2021-02-16,2.6,2.25,
INSERTABLE,9911,2021-02-17,4.4,5.42,
INSERTABLE,9912,2021-02-18,5.2,5.55,
INSERTABLE,9913,2021-02-19,5.3999999999999995,6.07,
INSERTABLE,9914,2021-02-20,5.3999999999999995,5.800000000000001,
INSERTABLE,9915,2021-02-21,5.3999999999999995,5.1899999999999995,
INSERTABLE,9916,2021-02-22,6.2,5.699999999999998,
INSERTABLE,9917,2021-02-23,6,3.55,
INSERTABLE,9918,2021-02-24,4.1,,
INSERTABLE,9919,2021-02-25,4.3,0.16,
INSERTABLE,9920,2021-02-26,3.533333333333333,3.6299999999999994,
INSERTABLE,9921,2021-02-27,3.533333333333333,4.180000000000001,
INSERTABLE,9922,2021-02-28,3.533333333333333,5.24,
INSERTABLE,9923,2021-03-01,2.6,2.4499999999999997,
INSERTABLE,9924,2021-03-02,3.6,4.01,
INSERTABLE,9925,2021-03-03,3.6,4.960000000000001,
INSERTABLE,9926,2021-03-04,5.1,4.2700000000000005,
INSERTABLE,9927,2021-03-05,3.766666666666667,2.8099999999999996,
INSERTABLE,9928,2021-03-06,3.766666666666667,4.220000000000001,
INSERTABLE,9929,2021-03-07,3.766666666666667,4.59,
INSERTABLE,9930,2021-03-08,5.2,5.29,
INSERTABLE,9931,2021-03-09,4.8,3.6300000000000003,
INSERTABLE,9932,2021-03-10,5,3.8,
INSERTABLE,9933,2021-03-11,4.225,4.89,
INSERTABLE,9934,2021-03-12,4.225,4.920000000000001,
INSERTABLE,9935,2021-03-13,4.225,3.3,
INSERTABLE,9936,2021-03-14,4.225,3.6099999999999985,
INSERTABLE,9937,2021-03-15,2.3,1.57,
INSERTABLE,9938,2021-03-16,4.3,4.2299999999999995,
INSERTABLE,9939,2021-03-17,4.1,4.4,
INSERTABLE,9940,2021-03-18,3,2.0899999999999994,
INSERTABLE,9941,2021-03-19,3.1333333333333333,4.320000000000001,
INSERTABLE,9942,2021-03-20,3.1333333333333333,4.720000000000001,
INSERTABLE,9943,2021-03-21,3.1333333333333333,4.590000000000001,
INSERTABLE,9944,2021-03-22,3.4,4.94,
INSERTABLE,9945,2021-03-23,2.1,4.24,
INSERTABLE,9946,2021-03-24,3,3.3899999999999992,
INSERTABLE,9947,2021-03-25,2.9,3.3899999999999992,
INSERTABLE,9948,2021-03-26,2.9333333333333336,4.68,
INSERTABLE,9949,2021-03-27,2.9333333333333336,4.960000000000001,
INSERTABLE,9950,2021-03-28,2.9333333333333336,3.559999999999999,
INSERTABLE,9951,2021-03-29,2.5,1.7,
INSERTABLE,9952,2021-03-30,3.1,2.92,
INSERTABLE,9953,2021-03-31,2.1,2.6899999999999995,
INSERTABLE,9954,2021-04-01,2.2,1.7800000000000002,
INSERTABLE,9955,2021-04-02,2.2,3.0399999999999996,
INSERTABLE,9956,2021-04-03,2.2,3.5199999999999996,
INSERTABLE,9957,2021-04-04,2.2,1.2600000000000002,
INSERTABLE,9958,2021-04-05,1.8,3.7399999999999998,
INSERTABLE,9959,2021-04-06,2.9,3.769999999999999,
INSERTABLE,9960,2021-04-07,3.3,3.829999999999999,
INSERTABLE,9961,2021-04-08,3.3,3.7999999999999994,
INSERTABLE,9962,2021-04-09,3.733333333333333,3.719999999999999,
INSERTABLE,9963,2021-04-10,3.733333333333333,3.6799999999999993,
INSERTABLE,9964,2021-04-11,3.733333333333333,4.300000000000001,
INSERTABLE,9965,2021-04-12,4.3,3.84,
INSERTABLE,9966,2021-04-13,3.8,3.64,
INSERTABLE,9967,2021-04-14,2.1,1.96,
INSERTABLE,9968,2021-04-15,2.4,2.8399999999999994,
INSERTABLE,9969,2021-04-16,2.3666666666666667,2.6299999999999994,
INSERTABLE,9970,2021-04-17,2.3666666666666667,1.2600000000000002,
INSERTABLE,9971,2021-04-18,2.3666666666666667,2.6299999999999994,
INSERTABLE,9972,2021-04-19,1.3,1.06,
INSERTABLE,9974,2021-04-21,2.4,3.46,
INSERTABLE,9975,2021-04-22,1.2,2.439999999999999,
INSERTABLE,9976,2021-04-23,1.5999999999999999,0.81,
INSERTABLE,9977,2021-04-24,1.5999999999999999,2.9099999999999997,
INSERTABLE,9978,2021-04-25,1.5999999999999999,2.7499999999999996,
INSERTABLE,9979,2021-04-26,1.1,0.08,
INSERTABLE,9980,2021-04-27,1,,
INSERTABLE,9981,2021-04-28,1.2,,
INSERTABLE,9982,2021-04-29,1.3,,
INSERTABLE,9983,2021-04-30,1.6333333333333335,,
INSERTABLE,9984,2021-05-01,1.6333333333333335,2.12,
INSERTABLE,9985,2021-05-02,1.6333333333333335,2.3099999999999996,
INSERTABLE,9986,2021-05-03,1.1,2.529999999999999,
INSERTABLE,9987,2021-05-04,1.1333333333333333,1.8800000000000001,
INSERTABLE,9988,2021-05-05,1.1333333333333333,2.6799999999999993,
INSERTABLE,9989,2021-05-06,1.1333333333333333,2.959999999999999,
INSERTABLE,9990,2021-05-07,2.033333333333333,1.1099999999999999,
INSERTABLE,9991,2021-05-08,2.033333333333333,1.4600000000000002,
INSERTABLE,9992,2021-05-09,2.033333333333333,2.4699999999999998,
INSERTABLE,9993,2021-05-10,2,2.4499999999999997,
INSERTABLE,9994,2021-05-11,1.8,2.6799999999999993,
INSERTABLE,9995,2021-05-12,1.6,2.3899999999999992,
INSERTABLE,9996,2021-05-13,1.2,1.4600000000000002,
INSERTABLE,9997,2021-05-14,1.2333333333333334,2.04,
INSERTABLE,9998,2021-05-15,1.2333333333333334,0.9500000000000001,
INSERTABLE,9999,2021-05-16,1.2333333333333334,2.139999999999999,
INSERTABLE,10000,2021-05-17,1,2.2399999999999998,
INSERTABLE,10001,2021-05-18,0.6,0.6300000000000001,
INSERTABLE,10002,2021-05-19,1,2.1399999999999992,
INSERTABLE,10003,2021-05-20,1.3,0.9500000000000001,
INSERTABLE,10004,2021-05-21,1.3,1.1500000000000001,
INSERTABLE,10005,2021-05-22,1.3,2.279999999999999,
INSERTABLE,10006,2021-05-23,1.3,2.2099999999999986,
INSERTABLE,10007,2021-05-24,1.3,2.5099999999999985,
INSERTABLE,10008,2021-05-25,0.9,2.5399999999999987,
INSERTABLE,10009,2021-05-26,0.9,2.439999999999999,
INSERTABLE,10010,2021-05-27,1.7,2.1699999999999995,
INSERTABLE,10011,2021-05-28,1.3,2.02,
INSERTABLE,10012,2021-05-29,1.4000000000000001,1.58,
INSERTABLE,10013,2021-05-30,1.4000000000000001,2.3499999999999988,
INSERTABLE,10014,2021-05-31,1.4000000000000001,2.6499999999999995,
INSERTABLE,10015,2021-06-01,1.6,2.1099999999999994,
INSERTABLE,10016,2021-06-02,1.9,2.379999999999999,
INSERTABLE,10017,2021-06-03,1.6,2.4499999999999984,
INSERTABLE,10018,2021-06-04,1.1666666666666667,1.1800000000000002,
INSERTABLE,10019,2021-06-05,1.1666666666666667,1.8100000000000003,
INSERTABLE,10020,2021-06-06,1.1666666666666667,0.62,
INSERTABLE,10021,2021-06-07,1.1,1.9400000000000004,
INSERTABLE,10022,2021-06-08,1.8,2.0799999999999996,
INSERTABLE,10023,2021-06-09,2,1.8400000000000003,
INSERTABLE,10024,2021-06-10,1.9,2.1199999999999997,
INSERTABLE,10025,2021-06-11,1.4333333333333333,2.3699999999999983,
INSERTABLE,10026,2021-06-12,1.4333333333333333,2.34,
INSERTABLE,10027,2021-06-13,1.4333333333333333,1.56,
INSERTABLE,10028,2021-06-14,0.6,0.7,
INSERTABLE,10029,2021-06-15,1,0.9700000000000001,
INSERTABLE,10030,2021-06-16,0.9,1.5800000000000003,
INSERTABLE,10031,2021-06-17,0.7,1.62,
INSERTABLE,10032,2021-06-18,1.025,1.06,
INSERTABLE,10033,2021-06-19,1.025,1.7300000000000002,
INSERTABLE,10034,2021-06-20,1.025,1.02,
INSERTABLE,10035,2021-06-21,1.025,1.8700000000000003,
INSERTABLE,10036,2021-06-22,0.5,1.8500000000000003,
INSERTABLE,10038,2021-06-24,0.4,1.55,
INSERTABLE,10043,2021-06-29,0.6,1.9400000000000002,
INSERTABLE,10044,2021-06-30,0.8,1.4100000000000001,
INSERTABLE,10045,2021-07-01,0.7,1.66,
INSERTABLE,10046,2021-07-02,0.7666666666666666,1.8800000000000001,
INSERTABLE,10047,2021-07-03,0.7666666666666666,1.4500000000000002,
INSERTABLE,10048,2021-07-04,0.7666666666666666,1.8300000000000003,
INSERTABLE,10049,2021-07-05,0.4,1.46,
INSERTABLE,10051,2021-07-07,1,2.0500000000000003,
INSERTABLE,10052,2021-07-08,1.2,1.9300000000000004,
INSERTABLE,10053,2021-07-09,0.875,1.8100000000000003,
INSERTABLE,10054,2021-07-10,0.875,2.2499999999999996,
INSERTABLE,10055,2021-07-11,0.875,1.9400000000000002,
INSERTABLE,10056,2021-07-12,1.2,0.8000000000000002,
INSERTABLE,10057,2021-07-13,1.1,1.76,
INSERTABLE,10058,2021-07-14,1.3,1.6600000000000001,
INSERTABLE,10059,2021-07-15,1.55,1.9600000000000002,
INSERTABLE,10060,2021-07-16,1.55,2.0999999999999996,
INSERTABLE,10061,2021-07-17,1.55,2.4299999999999993,
INSERTABLE,10062,2021-07-18,1.55,2.9899999999999998,
INSERTABLE,10063,2021-07-19,1.4,2.3799999999999994,
INSERTABLE,10064,2021-07-20,2.1,2.6999999999999997,
INSERTABLE,10065,2021-07-21,1.3,1.59,
INSERTABLE,10066,2021-07-22,1.2,2.08,
INSERTABLE,10067,2021-07-23,1.55,1.02,
INSERTABLE,10068,2021-07-24,1.55,0.92,
INSERTABLE,10070,2021-07-26,1.1,1.85,
INSERTABLE,10071,2021-07-27,1.7,2.4099999999999993,
INSERTABLE,10072,2021-07-28,1.425,2.6899999999999995,
INSERTABLE,10073,2021-07-29,1.425,1.86,
INSERTABLE,10074,2021-07-30,1.425,1.9000000000000001,
INSERTABLE,10075,2021-07-31,1.425,2.27,
INSERTABLE,10076,2021-08-01,1.1,2.919999999999999,
INSERTABLE,10077,2021-08-02,1.6,2.82,
INSERTABLE,10078,2021-08-03,0.8,1.3100000000000003,
INSERTABLE,10079,2021-08-04,1,1.6500000000000001,
INSERTABLE,10080,2021-08-05,1.2,0.03,
INSERTABLE,10081,2021-08-06,0.5666666666666667,,
INSERTABLE,10082,2021-08-07,0.5666666666666667,,
INSERTABLE,10083,2021-08-08,0.5666666666666667,,
INSERTABLE,10084,2021-08-09,1,,
INSERTABLE,10085,2021-08-10,1,0.03,
INSERTABLE,10086,2021-08-11,1.4,2.33,
INSERTABLE,10087,2021-08-12,2.1,1.1500000000000001,
INSERTABLE,10088,2021-08-13,1.1,2.3499999999999996,
INSERTABLE,10089,2021-08-14,1.0333333333333334,1.9100000000000001,
INSERTABLE,10090,2021-08-15,1.0333333333333334,0.7800000000000001,
INSERTABLE,10091,2021-08-16,1.0333333333333334,2.2399999999999993,
INSERTABLE,10092,2021-08-17,2.4,2.6699999999999995,
INSERTABLE,10093,2021-08-18,2,1.05,
INSERTABLE,10098,2021-08-23,0.2,0.47,
INSERTABLE,10099,2021-08-24,1.8,2.6399999999999997,
INSERTABLE,10100,2021-08-25,1,1.28,
INSERTABLE,10101,2021-08-26,1.8,2.9199999999999995,
INSERTABLE,10102,2021-08-27,1.9000000000000001,1.79,
INSERTABLE,10103,2021-08-28,1.9000000000000001,2.8799999999999994,
INSERTABLE,10104,2021-08-29,1.9000000000000001,3.229999999999999,
INSERTABLE,10105,2021-08-30,1.3,0.85,
INSERTABLE,10107,2021-09-01,1.6,2.1899999999999995,
INSERTABLE,10108,2021-09-02,2.7,3.2999999999999994,
INSERTABLE,10109,2021-09-03,2.1333333333333333,1.5200000000000002,
INSERTABLE,10110,2021-09-04,2.1333333333333333,3.579999999999999,
INSERTABLE,10111,2021-09-05,2.1333333333333333,3.3999999999999995,
INSERTABLE,10112,2021-09-06,2.5,2.619999999999999,
INSERTABLE,10113,2021-09-07,2.6,2.82,
INSERTABLE,10114,2021-09-08,3.1,3.8299999999999996,
INSERTABLE,10115,2021-09-09,3.375,3.8399999999999994,
INSERTABLE,10117,2021-09-11,3.375,1.2500000000000002,
INSERTABLE,10118,2021-09-12,3.375,1.4700000000000004,
INSERTABLE,10119,2021-09-13,2.5,0.08,
INSERTABLE,10120,2021-09-14,3.1,,
INSERTABLE,10121,2021-09-15,2.4,,
INSERTABLE,10122,2021-09-16,3.025,,
INSERTABLE,10123,2021-09-17,3.025,,
INSERTABLE,10124,2021-09-18,3.025,,
INSERTABLE,10125,2021-09-19,3.025,,
INSERTABLE,10126,2021-09-20,3.2,,
INSERTABLE,10127,2021-09-21,1.9,,
INSERTABLE,10128,2021-09-22,2.9,,
INSERTABLE,10129,2021-09-23,4.1,,
INSERTABLE,10130,2021-09-24,3.9333333333333336,,
INSERTABLE,10131,2021-09-25,3.9333333333333336,3.7699999999999996,
INSERTABLE,10132,2021-09-26,3.9333333333333336,4.53,
INSERTABLE,10133,2021-09-27,3.7,4.800000000000002,
INSERTABLE,10134,2021-09-28,4.1,5.230000000000001,
INSERTABLE,10135,2021-09-29,2.4,2.9999999999999996,
INSERTABLE,10136,2021-09-30,3.8,4.430000000000001,
INSERTABLE,10137,2021-10-01,4.07,4.93,
INSERTABLE,10138,2021-10-02,4.07,4.6,
INSERTABLE,10139,2021-10-03,4.07,4.740000000000001,
INSERTABLE,10140,2021-10-04,4.3,5.000000000000001,
INSERTABLE,10141,2021-10-05,4.9,4.580000000000001,
INSERTABLE,10142,2021-10-06,5.3,5.150000000000001,
INSERTABLE,10143,2021-10-07,4.2,4.33,
INSERTABLE,10144,2021-10-08,5.6,2.8199999999999994,
INSERTABLE,10145,2021-10-09,5.6,4.680000000000001,
INSERTABLE,10146,2021-10-10,5.6,4.880000000000001,
INSERTABLE,10147,2021-10-11,1.6,5.1000000000000005,
INSERTABLE,10148,2021-10-12,3.3,2.189999999999999,
INSERTABLE,10149,2021-10-13,4.1,5.08,
INSERTABLE,10150,2021-10-14,3.95,4.06,
INSERTABLE,10151,2021-10-15,3.95,5.28,
INSERTABLE,10152,2021-10-16,3.95,5.33,
INSERTABLE,10153,2021-10-17,3.95,5.5,
INSERTABLE,10154,2021-10-18,6.6,6.25,
INSERTABLE,10155,2021-10-19,4.6,4.950000000000001,
INSERTABLE,10156,2021-10-20,2.4,1.2300000000000002,
INSERTABLE,10157,2021-10-21,4.3,4.73,
INSERTABLE,10158,2021-10-22,5.7,4.3100000000000005,
INSERTABLE,10159,2021-10-23,5.7,5.37,
INSERTABLE,10160,2021-10-24,5.7,6.42,
INSERTABLE,10161,2021-10-25,6.2,6.459999999999999,
INSERTABLE,10162,2021-10-26,5.3,4.73,
INSERTABLE,10163,2021-10-27,4.4,4.740000000000001,
INSERTABLE,10164,2021-10-28,6.2,6.52,
INSERTABLE,10165,2021-10-29,4.8,5.740000000000001,
INSERTABLE,10166,2021-10-30,4.8,5.930000000000001,
INSERTABLE,10167,2021-10-31,4.8,3.859999999999999,
INSERTABLE,10168,2021-11-01,4.8,3.929999999999999,
INSERTABLE,10169,2021-11-02,4.2,0.6699999999999999,
INSERTABLE,10170,2021-11-03,4.6,,
INSERTABLE,10171,2021-11-04,4.2,,
INSERTABLE,10172,2021-11-05,5,,
INSERTABLE,10173,2021-11-06,8.65,,
INSERTABLE,10174,2021-11-07,8.65,,
INSERTABLE,10175,2021-11-08,6.2,,
INSERTABLE,10176,2021-11-09,5.6,,
INSERTABLE,10177,2021-11-10,5.4,,
INSERTABLE,10178,2021-11-11,4.6,,
INSERTABLE,10179,2021-11-12,6.266666666666667,,
INSERTABLE,10180,2021-11-13,6.266666666666667,,
INSERTABLE,10181,2021-11-14,6.266666666666667,,
INSERTABLE,10182,2021-11-15,6.8,,
INSERTABLE,10183,2021-11-16,5.776543209876543,,
INSERTABLE,10184,2021-11-17,5.428395061728395,,
INSERTABLE,10185,2021-11-18,5.61851851851852,,
INSERTABLE,10186,2021-11-19,5.3,,
INSERTABLE,10187,2021-11-20,4.8999999999999995,,
INSERTABLE,10188,2021-11-21,4.8999999999999995,,
INSERTABLE,10189,2021-11-22,4.8999999999999995,,
INSERTABLE,10190,2021-11-23,6.4,,
INSERTABLE,10191,2021-11-24,5.2,,
INSERTABLE,10192,2021-11-25,6.3,,
INSERTABLE,10193,2021-11-26,5.733333333333333,,
INSERTABLE,10194,2021-11-27,5.733333333333333,0.64,
INSERTABLE,10195,2021-11-28,5.733333333333333,7.000000000000001,
INSERTABLE,10196,2021-11-29,5.3,6.350000000000001,
INSERTABLE,10197,2021-11-30,5.1,5.830000000000001,
INSERTABLE,10198,2021-12-01,5.3,5.55,
INSERTABLE,10199,2021-12-02,6.2,6.230000000000001,
INSERTABLE,10200,2021-12-03,6.6000000000000005,5.870000000000001,
INSERTABLE,10201,2021-12-04,6.6000000000000005,7.180000000000001,
INSERTABLE,10202,2021-12-05,6.6000000000000005,6.45,
INSERTABLE,10203,2021-12-06,6.3,5.299999999999999,
INSERTABLE,10204,2021-12-07,6.4,5.38,
INSERTABLE,10205,2021-12-08,6.4,6.300000000000001,
INSERTABLE,10206,2021-12-09,6.2,5.739999999999999,
INSERTABLE,10207,2021-12-10,4.933333333333334,1.1400000000000001,
INSERTABLE,10208,2021-12-11,4.933333333333334,3.2399999999999998,
INSERTABLE,10209,2021-12-12,4.933333333333334,5.569999999999999,
INSERTABLE,10210,2021-12-13,6.1,6.24,
INSERTABLE,10211,2021-12-14,6.8,6.550000000000001,
INSERTABLE,10212,2021-12-15,7,6.58,
INSERTABLE,10213,2021-12-16,6.1,5.659999999999999,
INSERTABLE,10214,2021-12-17,7.366666666666667,6.52,
INSERTABLE,10215,2021-12-18,7.366666666666667,6.670000000000002,
INSERTABLE,10216,2021-12-19,7.366666666666667,6.45,
INSERTABLE,10217,2021-12-20,6.3,5.7,
INSERTABLE,10218,2021-12-21,6.12,5.540000000000001,
INSERTABLE,10219,2021-12-22,6.5,5.5600000000000005,
INSERTABLE,10220,2021-12-23,6.2,5.84,
INSERTABLE,10221,2021-12-24,6.766666666666667,6.6499999999999995,
INSERTABLE,10222,2021-12-25,6.766666666666667,6.1000000000000005,
INSERTABLE,10223,2021-12-26,6.766666666666667,5.46,
INSERTABLE,10224,2021-12-27,4.7,4.55,
INSERTABLE,10225,2021-12-28,5,5.240000000000001,
INSERTABLE,10226,2021-12-29,3.4,2.099999999999999,
INSERTABLE,10227,2021-12-30,6.6,6.590000000000001,
INSERTABLE,10228,2021-12-31,7.366666666666667,6.73,
INSERTABLE,10229,2022-01-01,7.366666666666667,6.949999999999999,
INSERTABLE,10230,2022-01-02,7.366666666666667,6.8100000000000005,
INSERTABLE,10231,2022-01-03,7.4,6.940000000000001,
INSERTABLE,10232,2022-01-04,8.2,6.840000000000001,
INSERTABLE,10233,2022-01-05,7.4,6.49,
INSERTABLE,10234,2022-01-06,7.2,5.68,
INSERTABLE,10235,2022-01-07,6.033333333333334,6.49,
INSERTABLE,10236,2022-01-08,6.033333333333334,4.240000000000001,
INSERTABLE,10237,2022-01-09,6.033333333333334,4.470000000000001,
INSERTABLE,10238,2022-01-10,6.6,6.13,
INSERTABLE,10239,2022-01-11,7.1,6.21,
INSERTABLE,10240,2022-01-12,6.4,5.760000000000001,
INSERTABLE,10241,2022-01-13,6.2,4.2299999999999995,
INSERTABLE,10242,2022-01-14,5.2,6.45,
INSERTABLE,10243,2022-01-15,5.2,5.280000000000001,
INSERTABLE,10244,2022-01-16,5.2,1.6,
INSERTABLE,10245,2022-01-17,6.9,5.8100000000000005,
INSERTABLE,10246,2022-01-18,7.2,6.640000000000001,
INSERTABLE,10247,2022-01-19,7.6,0.5800000000000001,
INSERTABLE,10248,2022-01-20,7.7,,
INSERTABLE,10249,2022-01-21,6.866666666666667,,
INSERTABLE,10250,2022-01-22,6.866666666666667,,
INSERTABLE,10251,2022-01-23,6.866666666666667,,
INSERTABLE,10252,2022-01-24,7.7,,
INSERTABLE,10253,2022-01-25,7.2,,
INSERTABLE,10254,2022-01-26,6.9,,
INSERTABLE,10255,2022-01-27,6.3,,
INSERTABLE,10256,2022-01-28,6.633333333333333,,
INSERTABLE,10257,2022-01-29,6.633333333333333,,
INSERTABLE,10258,2022-01-30,6.633333333333333,,
INSERTABLE,10259,2022-01-31,6.1,,
INSERTABLE,10260,2022-02-01,6,,
INSERTABLE,10261,2022-02-02,6.2,,
INSERTABLE,10262,2022-02-03,6.4,,
INSERTABLE,10263,2022-02-04,6.3999999999999995,,
INSERTABLE,10264,2022-02-05,6.3999999999999995,,
INSERTABLE,10265,2022-02-06,6.3999999999999995,,
INSERTABLE,10266,2022-02-07,6.1,,
INSERTABLE,10267,2022-02-08,6.9,,
INSERTABLE,10268,2022-02-09,6,,
INSERTABLE,10269,2022-02-10,2.6,,
INSERTABLE,10270,2022-02-11,5.766666666666667,,
INSERTABLE,10271,2022-02-12,5.766666666666667,,
INSERTABLE,10272,2022-02-13,5.766666666666667,,
INSERTABLE,10273,2022-02-14,6.4,,
INSERTABLE,10274,2022-02-15,5.2,0,
INSERTABLE,10275,2022-02-16,5,5.340000000000001,
INSERTABLE,10276,2022-02-17,6.2,5.700000000000001,
INSERTABLE,10277,2022-02-18,5.366666666666667,5.11,
INSERTABLE,10278,2022-02-19,5.366666666666667,5.63,
INSERTABLE,10279,2022-02-20,5.366666666666667,5.35,
INSERTABLE,10280,2022-02-21,5.6,5.12,
INSERTABLE,10281,2022-02-22,5.1,4.89,
INSERTABLE,10282,2022-02-23,5.6,4.330000000000002,
INSERTABLE,10283,2022-02-24,6.1,5.549999999999999,
INSERTABLE,10284,2022-02-25,6.466666666666666,5.46,
INSERTABLE,10285,2022-02-26,6.466666666666666,5.82,
INSERTABLE,10286,2022-02-27,6.466666666666666,5.72,
INSERTABLE,10287,2022-02-28,7.3,5.84,
INSERTABLE,10288,2022-03-01,7,5.72,
INSERTABLE,10289,2022-03-02,6.1,5.26,
INSERTABLE,10290,2022-03-03,5.6,4.66,
INSERTABLE,10291,2022-03-04,5.733333333333333,4.09,
INSERTABLE,10292,2022-03-05,5.733333333333333,4.76,
INSERTABLE,10293,2022-03-06,5.733333333333333,4.989999999999999,
INSERTABLE,10294,2022-03-07,6.9,5.51,
INSERTABLE,10295,2022-03-08,6.1,4.77,
INSERTABLE,10296,2022-03-09,6,4.83,
INSERTABLE,10297,2022-03-10,6.7,5.250000000000001,
INSERTABLE,10298,2022-03-11,4.833333333333333,4.650000000000001,
INSERTABLE,10299,2022-03-12,4.833333333333333,3.6999999999999997,
INSERTABLE,10300,2022-03-13,4.833333333333333,4.31,
INSERTABLE,10301,2022-03-14,4.2,3.48,
INSERTABLE,10302,2022-03-15,3.9,3.9599999999999995,
INSERTABLE,10303,2022-03-16,4.1,3.38,
INSERTABLE,10304,2022-03-17,4.3,3.1799999999999993,
INSERTABLE,10305,2022-03-18,4.533333333333333,0.16,
INSERTABLE,10306,2022-03-19,4.533333333333333,,
INSERTABLE,10307,2022-03-20,4.533333333333333,,
INSERTABLE,10308,2022-03-21,4.7,,
INSERTABLE,10309,2022-03-22,4.5,,
INSERTABLE,10310,2022-03-23,4.3,,
INSERTABLE,10311,2022-03-24,5,,
INSERTABLE,10312,2022-03-25,4.733333333333333,,
INSERTABLE,10313,2022-03-26,4.733333333333333,,
INSERTABLE,10314,2022-03-27,4.733333333333333,,
INSERTABLE,10315,2022-03-28,4,,
INSERTABLE,10316,2022-03-29,4.3,,
INSERTABLE,10317,2022-03-30,5.6,,
INSERTABLE,10318,2022-03-31,5.4,,
INSERTABLE,10319,2022-04-01,4.433333333333334,3.5799999999999996,
INSERTABLE,10320,2022-04-02,4.433333333333334,2.4399999999999995,
INSERTABLE,10321,2022-04-03,4.433333333333334,3.299999999999999,
INSERTABLE,10322,2022-04-04,4.1,3.5999999999999988,
INSERTABLE,10323,2022-04-05,4.2,3.4399999999999995,
INSERTABLE,10324,2022-04-06,4,2.8599999999999994,
INSERTABLE,10325,2022-04-07,4.2,3.1499999999999995,
INSERTABLE,10326,2022-04-08,3.766666666666667,2.9099999999999993,
INSERTABLE,10327,2022-04-09,3.766666666666667,2.199999999999999,
INSERTABLE,10328,2022-04-10,3.766666666666667,2.8599999999999994,
INSERTABLE,10329,2022-04-11,3,3.1099999999999994,
INSERTABLE,10330,2022-04-12,3.4,3.0599999999999996,
INSERTABLE,10331,2022-04-13,3.3,3.539999999999999,
INSERTABLE,10332,2022-04-14,2.575,2.689999999999999,
INSERTABLE,10333,2022-04-15,2.575,1.49,
INSERTABLE,10334,2022-04-16,2.575,2.519999999999999,
INSERTABLE,10335,2022-04-17,2.575,1.7,
INSERTABLE,10336,2022-04-18,2,1.7100000000000002,
INSERTABLE,10337,2022-04-19,1.4,1.9100000000000001,
INSERTABLE,10338,2022-04-20,2.3,2.6099999999999985,
INSERTABLE,10339,2022-04-21,2.1,1.9800000000000002,
INSERTABLE,10340,2022-04-22,3.0666666666666664,2.799999999999999,
INSERTABLE,10341,2022-04-23,3.0666666666666664,2.779999999999999,
INSERTABLE,10342,2022-04-24,3.0666666666666664,2.04,
INSERTABLE,10343,2022-04-25,2.6,2.4299999999999993,
INSERTABLE,10345,2022-04-27,0.3,,
INSERTABLE,10346,2022-04-28,1.1,,
INSERTABLE,10347,2022-04-29,1.7,,
INSERTABLE,10348,2022-04-30,1.7,,
INSERTABLE,10349,2022-05-01,1.7,,
INSERTABLE,10350,2022-05-02,2.1,,
INSERTABLE,10351,2022-05-03,2.3,,
INSERTABLE,10352,2022-05-04,2,,
INSERTABLE,10353,2022-05-05,1.6,,
INSERTABLE,10354,2022-05-06,1.4333333333333333,,
INSERTABLE,10355,2022-05-07,1.4333333333333333,,
INSERTABLE,10356,2022-05-08,1.4333333333333333,,
INSERTABLE,10357,2022-05-09,1,,
INSERTABLE,10358,2022-05-10,1.4,,
INSERTABLE,10359,2022-05-11,1.1,,
INSERTABLE,10360,2022-05-12,1,,
INSERTABLE,10361,2022-05-13,1.5666666666666667,,
INSERTABLE,10362,2022-05-14,1.5666666666666667,,
INSERTABLE,10363,2022-05-15,1.5666666666666667,,
INSERTABLE,10364,2022-05-16,1.2,,
INSERTABLE,10365,2022-05-17,1,,
INSERTABLE,10366,2022-05-18,1.3,,
INSERTABLE,10367,2022-05-19,1.1,,
INSERTABLE,10368,2022-05-20,1.5999999999999999,,
INSERTABLE,10369,2022-05-21,1.5999999999999999,2.3299999999999983,
INSERTABLE,10370,2022-05-22,1.5999999999999999,1.9100000000000001,
INSERTABLE,10371,2022-05-23,1.2,1.7100000000000002,
INSERTABLE,10372,2022-05-24,1.5,1.9500000000000002,
INSERTABLE,10373,2022-05-25,1.6,2.1199999999999997,
INSERTABLE,10374,2022-05-26,1.2,1.2300000000000002,
INSERTABLE,10375,2022-05-27,1.5333333333333332,0.93,
INSERTABLE,10376,2022-05-28,1.5333333333333332,0.81,
INSERTABLE,10377,2022-05-29,1.5333333333333332,1.6,
INSERTABLE,10378,2022-05-30,0.6,1.8000000000000003,
INSERTABLE,10379,2022-05-31,1.2,1.6900000000000002,
INSERTABLE,10380,2022-06-01,1.3,1.61,
INSERTABLE,10383,2022-06-04,0.6,0.7600000000000001,
INSERTABLE,10385,2022-06-06,1,1.8500000000000003,
INSERTABLE,10386,2022-06-07,0.8,1.4200000000000002,
INSERTABLE,10387,2022-06-08,1.1,1.1700000000000002,
INSERTABLE,10388,2022-06-09,1,1.6500000000000001,
INSERTABLE,10389,2022-06-10,1.0333333333333334,1.8800000000000003,
INSERTABLE,10390,2022-06-11,1.0333333333333334,1.29,
INSERTABLE,10391,2022-06-12,1.0333333333333334,1.4600000000000002,
INSERTABLE,10392,2022-06-13,0.8,0.9500000000000002,
INSERTABLE,10393,2022-06-14,1.2,1.4700000000000002,
INSERTABLE,10394,2022-06-15,1.1,1.39,
INSERTABLE,10395,2022-06-16,1,0.7500000000000002,
INSERTABLE,10396,2022-06-17,1,0,
INSERTABLE,10397,2022-06-18,1,,
INSERTABLE,10398,2022-06-19,1,,
INSERTABLE,10399,2022-06-20,1.05,,
INSERTABLE,10400,2022-06-21,1.05,,
INSERTABLE,10403,2022-06-24,0.8666666666666667,,
INSERTABLE,10404,2022-06-25,0.8666666666666667,,
INSERTABLE,10411,2022-07-02,0.9,,
INSERTABLE,10412,2022-07-03,0.9,,
INSERTABLE,10413,2022-07-04,0.8,,
INSERTABLE,10414,2022-07-05,1,,
INSERTABLE,10415,2022-07-06,0.3,,
INSERTABLE,10420,2022-07-11,0.2,,
INSERTABLE,10421,2022-07-12,0.6,,
INSERTABLE,10427,2022-07-18,0.8,,
INSERTABLE,10428,2022-07-19,1,,
INSERTABLE,10429,2022-07-20,0.9,,
INSERTABLE,10430,2022-07-21,0.8,,
INSERTABLE,10431,2022-07-22,1.2333333333333334,,
INSERTABLE,10432,2022-07-23,1.2333333333333334,,
INSERTABLE,10433,2022-07-24,1.2333333333333334,,
INSERTABLE,10434,2022-07-25,1.3,,
INSERTABLE,10435,2022-07-26,1.5,,
INSERTABLE,10436,2022-07-27,1.4,,
INSERTABLE,10437,2022-07-28,1.7,,
INSERTABLE,10438,2022-07-29,1.4666666666666668,,
INSERTABLE,10439,2022-07-30,1.4666666666666668,0,
INSERTABLE,10440,2022-07-31,1.4666666666666668,1.8500000000000003,
INSERTABLE,10441,2022-08-01,0.6,0.44999999999999996,
INSERTABLE,10442,2022-08-02,0.9,1.64,
INSERTABLE,10443,2022-08-03,0.7,0.8900000000000001,
INSERTABLE,10448,2022-08-08,0.5,2.4699999999999993,
INSERTABLE,10449,2022-08-09,1.2,2.73,
INSERTABLE,10450,2022-08-10,1.5,2.2499999999999996,
INSERTABLE,10451,2022-08-11,1.1,1.8800000000000001,
INSERTABLE,10456,2022-08-16,0.4,1.3000000000000003,
INSERTABLE,10457,2022-08-17,1.1,2.7899999999999996,
INSERTABLE,10458,2022-08-18,1.9,2.9099999999999993,
INSERTABLE,10459,2022-08-19,1.9333333333333333,3.1999999999999993,
INSERTABLE,10460,2022-08-20,1.9333333333333333,2.79,
INSERTABLE,10461,2022-08-21,1.9333333333333333,0.7000000000000001,
INSERTABLE,10462,2022-08-22,0.4,0.6500000000000001,
INSERTABLE,10463,2022-08-23,0.9,2.16,
INSERTABLE,10464,2022-08-24,1.2,1.8800000000000001,
INSERTABLE,10465,2022-08-25,1,2.86,
INSERTABLE,10466,2022-08-26,2.9333333333333336,1.2300000000000002,
INSERTABLE,10467,2022-08-27,2.9333333333333336,2.53,
INSERTABLE,10468,2022-08-28,2.9333333333333336,,
INSERTABLE,10469,2022-08-29,0.9,,
INSERTABLE,10470,2022-08-30,1.1,,
INSERTABLE,10471,2022-08-31,1.3,,
INSERTABLE,10472,2022-09-01,1.1,,
INSERTABLE,10473,2022-09-02,2.733333333333333,,
INSERTABLE,10474,2022-09-03,2.733333333333333,,
INSERTABLE,10475,2022-09-04,2.733333333333333,,
INSERTABLE,10477,2022-09-06,3.23,,
INSERTABLE,10478,2022-09-07,1.8,,
INSERTABLE,10480,2022-09-09,2.08,,
INSERTABLE,10481,2022-09-10,3.45,,
INSERTABLE,10482,2022-09-11,2.52,,
INSERTABLE,10483,2022-09-12,2.52,,
INSERTABLE,10484,2022-09-13,2.52,,
INSERTABLE,10485,2022-09-14,2.52,,
INSERTABLE,10486,2022-09-15,2.52,,
INSERTABLE,10487,2022-09-16,2.3,,
INSERTABLE,10488,2022-09-17,2.3,,
INSERTABLE,10489,2022-09-18,2.3,,
INSERTABLE,10490,2022-09-19,2.3,,
INSERTABLE,10491,2022-09-20,9.2,,
INSERTABLE,10492,2022-09-21,3.1,,
INSERTABLE,10493,2022-09-22,3.5,,
INSERTABLE,10494,2022-09-23,4.8,,
INSERTABLE,10495,2022-09-24,3.35,,
INSERTABLE,10496,2022-09-25,3.35,,
INSERTABLE,10497,2022-09-26,3.1,,
INSERTABLE,10498,2022-09-27,3.3,,
INSERTABLE,10499,2022-09-28,1.3,,
INSERTABLE,10500,2022-09-29,0.7,,
INSERTABLE,10501,2022-09-30,3.1999999999999997,,
INSERTABLE,10502,2022-10-01,3.1999999999999997,,
INSERTABLE,10503,2022-10-02,3.1999999999999997,,
INSERTABLE,10504,2022-10-03,3.2,,
INSERTABLE,10505,2022-10-04,2.4,,
INSERTABLE,10506,2022-10-05,2.4,,
INSERTABLE,10507,2022-10-06,3.4,,
INSERTABLE,10508,2022-10-07,3.4,,
INSERTABLE,10509,2022-10-08,5.9,,
INSERTABLE,10510,2022-10-09,5.9,,
INSERTABLE,10511,2022-10-10,5.9,,
INSERTABLE,10512,2022-10-11,4.5,,
INSERTABLE,10513,2022-10-12,3.7,,
INSERTABLE,10514,2022-10-13,4.6,5.140000000000001,
INSERTABLE,10515,2022-10-14,5.1,5.820000000000001,
INSERTABLE,10516,2022-10-15,7.65,4.8100000000000005,
INSERTABLE,10517,2022-10-16,7.65,4.370000000000001,
INSERTABLE,10518,2022-10-17,3.1,2.569999999999999,
INSERTABLE,10519,2022-10-18,4.1,4.780000000000001,
INSERTABLE,10520,2022-10-19,4.3,4.380000000000001,
INSERTABLE,10521,2022-10-20,5.9,6.03,
INSERTABLE,10522,2022-10-21,5.366666666666667,5.660000000000001,
INSERTABLE,10523,2022-10-22,5.366666666666667,5.09,
INSERTABLE,10524,2022-10-23,5.366666666666667,3.26,
INSERTABLE,10525,2022-10-24,5.2,5.5,
INSERTABLE,10526,2022-10-25,5.1,4.029999999999999,
INSERTABLE,10527,2022-10-26,5.4,5.33,
INSERTABLE,10528,2022-10-27,5.9,5.39,
INSERTABLE,10529,2022-10-28,6.459999999999999,5.180000000000001,
INSERTABLE,10530,2022-10-29,6.459999999999999,5.7700000000000005,
INSERTABLE,10531,2022-10-30,6.459999999999999,4.82,
INSERTABLE,10532,2022-10-31,6.459999999999999,5.7700000000000005,
INSERTABLE,10533,2022-11-01,6.459999999999999,6.23,
INSERTABLE,10534,2022-11-02,6.2,5.4300000000000015,
INSERTABLE,10535,2022-11-03,6.5,5.19,
INSERTABLE,10536,2022-11-04,5.7,3.919999999999999,
INSERTABLE,10537,2022-11-05,5.7,4.730000000000001,
INSERTABLE,10538,2022-11-06,5.7,4.940000000000001,
INSERTABLE,10539,2022-11-07,3.6,4.69,
INSERTABLE,10540,2022-11-08,1.8,0.9400000000000001,
INSERTABLE,10541,2022-11-09,2.1,2.2199999999999993,
INSERTABLE,10542,2022-11-10,3.9,4.09,
INSERTABLE,10543,2022-11-11,7.4,2.949999999999999,
INSERTABLE,10544,2022-11-12,7.4,3.809999999999999,
INSERTABLE,10545,2022-11-13,7.4,5.27,
INSERTABLE,10546,2022-11-14,6.3,6.26,
INSERTABLE,10547,2022-11-15,7.1,6.0200000000000005,
INSERTABLE,10548,2022-11-16,6.3,5.25,
INSERTABLE,10549,2022-11-17,7,5.010000000000001,
INSERTABLE,10550,2022-11-18,7.366666666666667,6.2299999999999995,
INSERTABLE,10551,2022-11-19,7.366666666666667,5.51,
INSERTABLE,10552,2022-11-20,7.366666666666667,6.460000000000001,
INSERTABLE,10553,2022-11-21,8.3,6.599999999999999,
INSERTABLE,10554,2022-11-22,7.2,5.920000000000001,
INSERTABLE,10555,2022-11-23,7,5.3500000000000005,
INSERTABLE,10556,2022-11-24,6.7,5.090000000000001,
INSERTABLE,10557,2022-11-25,5.8,5.1000000000000005,
INSERTABLE,10558,2022-11-26,5.8,5.1,
INSERTABLE,10559,2022-11-27,5.8,4.33,
INSERTABLE,10560,2022-11-28,6.4,4.1899999999999995,
INSERTABLE,10561,2022-11-29,1.8,1.4800000000000004,
INSERTABLE,10562,2022-11-30,3,2.4299999999999993,
INSERTABLE,10563,2022-12-01,6.1,5.450000000000001,
INSERTABLE,10564,2022-12-02,6.866666666666667,5.790000000000001,
INSERTABLE,10565,2022-12-03,6.866666666666667,5.67,
INSERTABLE,10566,2022-12-04,6.866666666666667,6.58,
INSERTABLE,10567,2022-12-05,6.9,6.17,
INSERTABLE,10568,2022-12-06,7.4,6.7,
INSERTABLE,10569,2022-12-07,7.8,6.66,
INSERTABLE,10570,2022-12-08,7.8,6.460000000000001,
INSERTABLE,10571,2022-12-09,9.933333333333334,6.289999999999999,
INSERTABLE,10572,2022-12-10,9.933333333333334,6.74,
INSERTABLE,10573,2022-12-11,9.933333333333334,7.28,
INSERTABLE,10574,2022-12-12,8.4,6.360000000000002,
INSERTABLE,10575,2022-12-13,8.1,6.8,
INSERTABLE,10576,2022-12-14,8.6,6.5,
INSERTABLE,10577,2022-12-15,8.8,6.8500000000000005,
INSERTABLE,10578,2022-12-16,6.666666666666667,5.760000000000001,
INSERTABLE,10579,2022-12-17,6.666666666666667,3.2899999999999996,
INSERTABLE,10580,2022-12-18,6.666666666666667,6.15,
INSERTABLE,10581,2022-12-19,6.3,6.050000000000001,
INSERTABLE,10582,2022-12-20,7.4,6.75,
INSERTABLE,10583,2022-12-21,7.3,6.96,
INSERTABLE,10584,2022-12-22,7.1,6.92,
INSERTABLE,10585,2022-12-23,8.1,6.59,
INSERTABLE,10586,2022-12-24,8.1,6.790000000000001,
INSERTABLE,10587,2022-12-25,8.1,6.08,
INSERTABLE,10588,2022-12-26,7.6,5.52,
INSERTABLE,10589,2022-12-27,6.7,6.44,
INSERTABLE,10590,2022-12-28,7.9,6.590000000000002,
INSERTABLE,10591,2022-12-29,8.2,6.43,
INSERTABLE,10592,2022-12-30,6.05,0.14,
INSERTABLE,10593,2022-12-31,6.05,,
INSERTABLE,10594,2023-01-01,6.05,,
INSERTABLE,10595,2023-01-02,6.05,,
INSERTABLE,10596,2023-01-03,7.4,0.1,
INSERTABLE,10597,2023-01-04,6.3,6.55,
INSERTABLE,10598,2023-01-05,7.3,4.370000000000001,
INSERTABLE,10599,2023-01-06,7.3,5.950000000000001,
INSERTABLE,10600,2023-01-07,7.3,6.3,
INSERTABLE,10601,2023-01-08,7.3,6.3100000000000005,
INSERTABLE,10602,2023-01-09,6.8,5.42,
INSERTABLE,10603,2023-01-10,6.1,4.920000000000001,
INSERTABLE,10604,2023-01-11,7.2,5.710000000000001,
INSERTABLE,10605,2023-01-12,7.4,6.6000000000000005,
INSERTABLE,10606,2023-01-13,7.4,6.45,
INSERTABLE,10607,2023-01-14,7.4,5.970000000000001,
INSERTABLE,10608,2023-01-15,7.4,6.320000000000001,
INSERTABLE,10609,2023-01-16,7,5.740000000000001,
INSERTABLE,10610,2023-01-17,6.4,5.61,
INSERTABLE,10611,2023-01-18,7.1,6.12,
INSERTABLE,10612,2023-01-19,4.6,1.84,
INSERTABLE,10613,2023-01-20,6.6,4.989999999999999,
INSERTABLE,10614,2023-01-21,6.6,6.260000000000001,
INSERTABLE,10615,2023-01-22,6.6,6.190000000000001,
INSERTABLE,10616,2023-01-23,5.2,5.41,
INSERTABLE,10617,2023-01-24,6.9,6.199999999999999,
INSERTABLE,10618,2023-01-25,7.8,6.349999999999999,
INSERTABLE,10619,2023-01-26,7.6,6.180000000000001,
INSERTABLE,10620,2023-01-27,8.06,6.82,
INSERTABLE,10621,2023-01-28,8.06,6.79,
INSERTABLE,10622,2023-01-29,8.06,6.000000000000001,
INSERTABLE,10623,2023-01-30,6.5,4.6000000000000005,
INSERTABLE,10624,2023-01-31,5.7,4.800000000000001,
INSERTABLE,10625,2023-02-01,6.8,0.55,
INSERTABLE,10626,2023-02-02,7.1,,
INSERTABLE,10627,2023-02-03,7.03,,
INSERTABLE,10628,2023-02-04,7.03,,
INSERTABLE,10629,2023-02-05,7.03,,
INSERTABLE,10630,2023-02-06,6.6,,
INSERTABLE,10631,2023-02-07,6,,
INSERTABLE,10632,2023-02-08,5.7,,
INSERTABLE,10633,2023-02-09,4.3,,
INSERTABLE,10634,2023-02-10,6.13,,
INSERTABLE,10635,2023-02-11,6.13,,
INSERTABLE,10636,2023-02-12,6.13,,
INSERTABLE,10637,2023-02-13,7.2,,
INSERTABLE,10638,2023-02-14,8.4,,
INSERTABLE,10639,2023-02-15,7.7,,
INSERTABLE,10640,2023-02-16,6.3,,
INSERTABLE,10641,2023-02-17,6.73,,
INSERTABLE,10642,2023-02-18,6.73,,
INSERTABLE,10643,2023-02-19,6.73,,
INSERTABLE,10644,2023-02-20,6.8,,
INSERTABLE,10645,2023-02-21,6.1,,
INSERTABLE,10646,2023-02-22,5.3,,
INSERTABLE,10647,2023-02-23,5.7,,
INSERTABLE,10648,2023-02-24,5.93,,
INSERTABLE,10649,2023-02-25,5.93,,
INSERTABLE,10650,2023-02-26,5.93,,
INSERTABLE,10651,2023-02-27,5.6,,
INSERTABLE,10652,2023-02-28,5.1,,
INSERTABLE,10653,2023-03-01,6.8,,
INSERTABLE,10654,2023-03-02,6.1,,
INSERTABLE,10655,2023-03-03,4.43,,
INSERTABLE,10656,2023-03-04,4.43,,
INSERTABLE,10657,2023-03-05,4.43,,
INSERTABLE,10658,2023-03-06,5.1,,
INSERTABLE,10659,2023-03-07,4.9,,
INSERTABLE,10660,2023-03-08,4.8,,
INSERTABLE,10661,2023-03-09,5.6,,
INSERTABLE,10662,2023-03-10,5.06,,
INSERTABLE,10663,2023-03-11,5.06,,
INSERTABLE,10664,2023-03-12,5.06,,
INSERTABLE,10665,2023-03-13,4.6,,
INSERTABLE,10666,2023-03-14,4.7,,
INSERTABLE,10667,2023-03-15,3.8,,
INSERTABLE,10668,2023-03-16,4.2,,
INSERTABLE,10669,2023-03-17,5.36,,
INSERTABLE,10670,2023-03-18,5.36,,
INSERTABLE,10671,2023-03-19,5.36,,
INSERTABLE,10672,2023-03-20,3.8,,
INSERTABLE,10673,2023-03-21,3.1,,
INSERTABLE,10674,2023-03-22,3.8,,
INSERTABLE,10675,2023-03-23,4.8,,
INSERTABLE,10676,2023-03-24,5.1,,
INSERTABLE,10677,2023-03-25,5.1,,
INSERTABLE,10678,2023-03-26,5.1,,
INSERTABLE,10679,2023-03-27,4,,
INSERTABLE,10680,2023-03-28,3.9,,
INSERTABLE,10681,2023-03-29,3.5,,
INSERTABLE,10682,2023-03-30,4.2,,
INSERTABLE,10683,2023-03-31,5.3,,
INSERTABLE,10684,2023-04-01,5.3,,
INSERTABLE,10685,2023-04-02,5.3,,
INSERTABLE,10686,2023-04-03,3.8,,
INSERTABLE,10687,2023-04-04,4,,
INSERTABLE,10688,2023-04-05,3.7,,
INSERTABLE,10689,2023-04-06,3.3,,
INSERTABLE,10690,2023-04-07,3.3,,
INSERTABLE,10691,2023-04-08,3.3,,
INSERTABLE,10692,2023-04-09,3.3,,
INSERTABLE,10693,2023-04-10,3.2,1.01,
INSERTABLE,10694,2023-04-11,3.5,3.739999999999999,
INSERTABLE,10695,2023-04-12,3.3,2.9699999999999993,
INSERTABLE,10696,2023-04-13,3.1,3.129999999999999,
INSERTABLE,10697,2023-04-14,3.1,1.7900000000000003,
INSERTABLE,10698,2023-04-15,3.1,2.619999999999999,
INSERTABLE,10699,2023-04-16,3.1,3.3099999999999996,
INSERTABLE,10700,2023-04-17,2.9,3.289999999999999,
INSERTABLE,10701,2023-04-18,2.6,3.2799999999999994,
INSERTABLE,10702,2023-04-19,3.6,3.959999999999999,
INSERTABLE,10703,2023-04-20,2.7,2.729999999999999,
INSERTABLE,10704,2023-04-21,2.4,2.9799999999999995,
INSERTABLE,10705,2023-04-22,2.4,2.82,
INSERTABLE,10706,2023-04-23,2.4,1.2,
INSERTABLE,10707,2023-04-24,1.9,2.5899999999999994,
INSERTABLE,10708,2023-04-25,1.1,1.83,
INSERTABLE,10709,2023-04-26,1.9,2.7199999999999993,
INSERTABLE,10710,2023-04-27,0.9,0.8600000000000001,
INSERTABLE,10715,2023-05-02,1,2.619999999999999,
INSERTABLE,10716,2023-05-03,1.3,2.4699999999999993,
INSERTABLE,10717,2023-05-04,1.2,1.2100000000000002,
INSERTABLE,10718,2023-05-05,1.5,1.8800000000000001,
INSERTABLE,10719,2023-05-06,1.5,1.46,
INSERTABLE,10720,2023-05-07,1.5,2.4499999999999997,
INSERTABLE,10721,2023-05-08,1.1,2.5899999999999994,
INSERTABLE,10722,2023-05-09,2.4,2.789999999999999,
INSERTABLE,10723,2023-05-10,2.1,2.539999999999999,
INSERTABLE,10724,2023-05-11,3.2,2.929999999999999,
INSERTABLE,10725,2023-05-12,2.63,3.339999999999999,
INSERTABLE,10726,2023-05-13,2.63,1.75,
INSERTABLE,10727,2023-05-14,2.63,1.2800000000000002,
INSERTABLE,10728,2023-05-15,1.6,1.1900000000000002,
INSERTABLE,10729,2023-05-16,1.1,1.5300000000000002,
INSERTABLE,10730,2023-05-17,1.8,1.1300000000000001,
INSERTABLE,10731,2023-05-18,1.7,2.1599999999999993,
INSERTABLE,10735,2023-05-22,0.5,1.4200000000000002,
INSERTABLE,10736,2023-05-23,0.4,1.02,
INSERTABLE,10737,2023-05-24,0.6,0.8500000000000001,
INSERTABLE,10738,2023-05-25,0.8,0.5100000000000001,
INSERTABLE,10739,2023-05-26,0.76,2.179999999999999,
INSERTABLE,10740,2023-05-27,0.76,2.28,
INSERTABLE,10741,2023-05-28,0.76,1.07,
INSERTABLE,10742,2023-05-29,1.7,2.099999999999999,
INSERTABLE,10743,2023-05-30,1.3,1.2200000000000002,
INSERTABLE,10744,2023-05-31,2.3,2.3099999999999987,
INSERTABLE,10745,2023-06-01,3.4,1.62,
INSERTABLE,10746,2023-06-02,2.13,1.61,
INSERTABLE,10747,2023-06-03,2.13,0.9800000000000001,
INSERTABLE,10748,2023-06-04,2.13,1.9900000000000002,
INSERTABLE,10749,2023-06-05,1.4,2.1099999999999994,
INSERTABLE,10750,2023-06-06,1.1,1.55,
INSERTABLE,10751,2023-06-07,0.8,1.9700000000000002,
INSERTABLE,10754,2023-06-10,0.33,1.7400000000000002,
INSERTABLE,10755,2023-06-11,0.33,1.54,
INSERTABLE,10756,2023-06-12,0.4,1.54,
INSERTABLE,10757,2023-06-13,0.3,1.6700000000000002,
INSERTABLE,10758,2023-06-14,0.5,1.9000000000000004,
INSERTABLE,10759,2023-06-15,0.9,2.0899999999999994,
INSERTABLE,10760,2023-06-16,1.3,2.209999999999999,
INSERTABLE,10761,2023-06-17,1.3,2.13,
INSERTABLE,10762,2023-06-18,1.3,0.9900000000000002,
INSERTABLE,10763,2023-06-19,1.5,1.9000000000000004,
INSERTABLE,10770,2023-06-26,2,1.0899999999999999,
INSERTABLE,10771,2023-06-27,1,0.89,
INSERTABLE,10772,2023-06-28,1.2,1.47,
INSERTABLE,10773,2023-06-29,1.3,1.9400000000000002,
INSERTABLE,10774,2023-06-30,1.46,2.209999999999999,
INSERTABLE,10775,2023-07-01,1.46,1.9300000000000004,
INSERTABLE,10776,2023-07-02,1.46,1.26,
INSERTABLE,10777,2023-07-03,1.7,1.7700000000000002,
INSERTABLE,10778,2023-07-04,1.4,1.8900000000000003,
INSERTABLE,10779,2023-07-05,1.1,1.7300000000000002,
INSERTABLE,10780,2023-07-06,1.3,1.7200000000000002,
INSERTABLE,10781,2023-07-07,1.23,1.5100000000000002,
INSERTABLE,10782,2023-07-08,1.23,1.52,
INSERTABLE,10783,2023-07-09,1.23,1.8,
INSERTABLE,10784,2023-07-10,1.1,1.9500000000000002,
INSERTABLE,10787,2023-07-13,1,1.8300000000000003,
INSERTABLE,10788,2023-07-14,1.26,1.4500000000000002,
INSERTABLE,10789,2023-07-15,1.26,1.78,
INSERTABLE,10790,2023-07-16,1.26,1.8300000000000003,
INSERTABLE,10791,2023-07-17,0.7,0.8500000000000001,
INSERTABLE,10792,2023-07-18,1,1.7000000000000002,
INSERTABLE,10793,2023-07-19,1.3,1.7800000000000002,
INSERTABLE,10794,2023-07-20,0.6,1.24,
INSERTABLE,10799,2023-07-25,3.5,1.9900000000000002,
INSERTABLE,10800,2023-07-26,1.4,1.78,
INSERTABLE,10801,2023-07-27,1.1,1.8500000000000003,
INSERTABLE,10802,2023-07-28,1,1.32,
INSERTABLE,10803,2023-07-29,1.13,2.4499999999999997,
INSERTABLE,10804,2023-07-30,1.13,2.1299999999999994,
INSERTABLE,10805,2023-07-31,1.13,1.43,
INSERTABLE,10806,2023-08-01,1.1,2.749999999999999,
INSERTABLE,10807,2023-08-02,2.4,2.67,
INSERTABLE,10808,2023-08-03,2.2,1.93,
INSERTABLE,10809,2023-08-04,1.4,2.4299999999999997,
INSERTABLE,10810,2023-08-05,1.3,0.6100000000000001,
INSERTABLE,10811,2023-08-06,1.3,1.83,
INSERTABLE,10812,2023-08-07,1.3,1.6099999999999999,
INSERTABLE,10813,2023-08-08,1.1,1.13,
INSERTABLE,10814,2023-08-09,0.9,0.8500000000000001,
INSERTABLE,10816,2023-08-11,0.6,2.4699999999999993,
INSERTABLE,10817,2023-08-12,2.5,2.8899999999999992,
INSERTABLE,10818,2023-08-13,2.5,3.4799999999999986,
INSERTABLE,10819,2023-08-14,2.5,2.1299999999999994,
INSERTABLE,10820,2023-08-15,1.1,1.09,
INSERTABLE,10821,2023-08-16,1.1,1.09,
INSERTABLE,10822,2023-08-17,1.2,1.1,
INSERTABLE,10823,2023-08-18,0.9,1.8100000000000003,
INSERTABLE,10829,2023-08-24,1.4,2.2299999999999995,
INSERTABLE,10830,2023-08-25,1.9,2.9899999999999993,
INSERTABLE,10831,2023-08-26,1.9,2.9599999999999995,
INSERTABLE,10832,2023-08-27,1.9,3.429999999999999,
INSERTABLE,10833,2023-08-28,2.2,2.849999999999999,
INSERTABLE,10834,2023-08-29,2.7,3.5499999999999994,
INSERTABLE,10835,2023-08-30,2.2,3.1599999999999993,
INSERTABLE,10836,2023-08-31,1.9,2.989999999999999,
INSERTABLE,10837,2023-09-01,1.6,1.1500000000000001,
INSERTABLE,10838,2023-09-02,1.6,1.02,
INSERTABLE,10839,2023-09-03,1.6,2.2399999999999998,
INSERTABLE,10840,2023-09-04,1.4,1.5400000000000003,
INSERTABLE,10841,2023-09-05,1,1.1700000000000002,
INSERTABLE,10843,2023-09-07,1.3,2.6599999999999984,
INSERTABLE,10847,2023-09-11,1.4,3.109999999999999,
INSERTABLE,10848,2023-09-12,1.3,3.25,
INSERTABLE,10849,2023-09-13,2.1,2.17,
INSERTABLE,10850,2023-09-14,3.3,4.05,
INSERTABLE,10851,2023-09-15,2.84,4.360000000000001,
INSERTABLE,10852,2023-09-16,2.84,3.78,
INSERTABLE,10853,2023-09-17,2.84,1.1700000000000002,
INSERTABLE,10854,2023-09-18,2.84,2.249999999999999,
INSERTABLE,10855,2023-09-19,2.84,3.209999999999999,
INSERTABLE,10856,2023-09-20,1.3,2.339999999999999,
INSERTABLE,10857,2023-09-21,2.2,3.019999999999999,
INSERTABLE,10858,2023-09-22,3.03,1.62,
INSERTABLE,10859,2023-09-23,3.03,2.86,
INSERTABLE,10860,2023-09-24,3.03,4.3100000000000005,
INSERTABLE,10861,2023-09-25,3.1,3.789999999999999,
INSERTABLE,10862,2023-09-26,3.9,4.180000000000001,
INSERTABLE,10863,2023-09-27,4.2,4.300000000000002,
INSERTABLE,10864,2023-09-28,4,4.15,
INSERTABLE,10865,2023-09-29,2.46,4.210000000000001,
INSERTABLE,10866,2023-09-30,2.46,3.0799999999999987,
INSERTABLE,10867,2023-10-01,2.46,0.7700000000000001,
INSERTABLE,10868,2023-10-02,1.3,2.3399999999999994,
INSERTABLE,10869,2023-10-03,2.1,2.8899999999999992,
INSERTABLE,10870,2023-10-04,3.2,4.4300000000000015,
INSERTABLE,10871,2023-10-05,3.4,4.1800000000000015,
INSERTABLE,10872,2023-10-06,4.05,4.009999999999999,
INSERTABLE,10873,2023-10-07,4.05,4.61,
INSERTABLE,10874,2023-10-08,4.05,4.810000000000001,
INSERTABLE,10875,2023-10-09,4.05,4.6899999999999995,
INSERTABLE,10876,2023-10-10,1.3,1.2800000000000002,
INSERTABLE,10877,2023-10-11,4,3.82,
INSERTABLE,10878,2023-10-12,4.4,5.100000000000001,
INSERTABLE,10879,2023-10-13,4.4,5.1800000000000015,
INSERTABLE,10880,2023-10-14,4.4,5.090000000000002,
INSERTABLE,10881,2023-10-15,4.4,4.69,
INSERTABLE,10882,2023-10-16,5.2,5.070000000000001,
INSERTABLE,10883,2023-10-17,4.6,5.090000000000001,
INSERTABLE,10884,2023-10-18,3.6,3.8499999999999996,
INSERTABLE,10885,2023-10-19,3.9,4.490000000000001,
INSERTABLE,10886,2023-10-20,2.96,1.9100000000000001,
INSERTABLE,10887,2023-10-21,2.96,1.9900000000000002,
INSERTABLE,10888,2023-10-22,2.96,3.039999999999999,
INSERTABLE,10889,2023-10-23,2,2.3499999999999996,
INSERTABLE,10890,2023-10-24,3.1,4.550000000000001,
INSERTABLE,10891,2023-10-25,4.56,4.470000000000001,
INSERTABLE,10892,2023-10-26,2.02,2.6699999999999995,
INSERTABLE,10893,2023-10-27,2.02,1.77,
INSERTABLE,10894,2023-10-28,2.025,1.77,
INSERTABLE,10895,2023-10-29,2.1,2.5299999999999994,
INSERTABLE,10896,2023-10-30,3.8,3.4099999999999993,
INSERTABLE,10898,2023-11-01,3.8,2.0999999999999996,
INSERTABLE,10899,2023-11-02,2.6,3.9199999999999995,
INSERTABLE,10900,2023-11-03,6.13,6.29,
INSERTABLE,10901,2023-11-04,6.13,4.890000000000001,
INSERTABLE,10902,2023-11-05,6.136,5.460000000000001,
INSERTABLE,10903,2023-11-06,5.9,5.070000000000001,
INSERTABLE,10904,2023-11-07,6.6,5.919999999999999,
INSERTABLE,10905,2023-11-08,7.2,6.180000000000001,
INSERTABLE,10906,2023-11-09,4.1,4.48,
INSERTABLE,10910,2023-11-13,4.3,5.700000000000001,
INSERTABLE,10911,2023-11-14,5.2,4.76,
INSERTABLE,10912,2023-11-15,5.9,4.900000000000001,
INSERTABLE,10913,2023-11-16,5.2,5.480000000000001,
INSERTABLE,10914,2023-11-17,5.3,2.5499999999999994,
INSERTABLE,10915,2023-11-18,5.3,5.739999999999999,
INSERTABLE,10916,2023-11-19,5.3,5.98,
INSERTABLE,10917,2023-11-20,6.1,5.109999999999999,
INSERTABLE,10918,2023-11-21,6.4,5.660000000000001,
INSERTABLE,10919,2023-11-22,6.3,5.879999999999999,
INSERTABLE,10920,2023-11-23,7.2,6.370000000000001,
INSERTABLE,10921,2023-11-24,5.03,7.329999999999999,
INSERTABLE,10922,2023-11-25,5.03,3.1899999999999986,
INSERTABLE,10923,2023-11-26,5.03,5.02,
INSERTABLE,10924,2023-11-27,2.6,6.499999999999998,
INSERTABLE,10925,2023-11-28,1.7,6.239999999999998,
INSERTABLE,10926,2023-11-29,6.3,6.109999999999999,
INSERTABLE,10927,2023-11-30,7.1,6.329999999999998,
INSERTABLE,10928,2023-12-01,5.73,5.929999999999999,
INSERTABLE,10929,2023-12-02,5.73,5.919999999999999,
INSERTABLE,10930,2023-12-03,5.73,4.739999999999998,
INSERTABLE,10931,2023-12-04,5.7,6.27,
INSERTABLE,10932,2023-12-05,5.2,4.179999999999999,
INSERTABLE,10933,2023-12-06,6.3,5.120000000000001,
INSERTABLE,10934,2023-12-07,6.8,2.37,
INSERTABLE,10935,2023-12-08,6.8,4.359999999999999,
INSERTABLE,10936,2023-12-09,6.8,4.469999999999999,
INSERTABLE,10937,2023-12-10,6.8,5.760000000000001,
INSERTABLE,10938,2023-12-11,6.1,6.179999999999999,
INSERTABLE,10939,2023-12-12,6.4,6.179999999999999,
INSERTABLE,10940,2023-12-13,7.3,4.269999999999999,
INSERTABLE,10941,2023-12-14,6.1,4.229999999999999,
INSERTABLE,10942,2023-12-15,5.9,3.3299999999999983,
INSERTABLE,10943,2023-12-16,5.9,3.6699999999999995,
INSERTABLE,10944,2023-12-17,5.9,5.889999999999999,
INSERTABLE,10945,2023-12-18,6.1,6.869999999999999,
INSERTABLE,10946,2023-12-19,6.7,6.629999999999998,
INSERTABLE,10947,2023-12-20,7,6.249999999999998,
INSERTABLE,10948,2023-12-21,6.6,6.469999999999998,
INSERTABLE,10949,2023-12-22,6.5,5.339999999999999,
INSERTABLE,10950,2023-12-23,6.5,4.889999999999999,
INSERTABLE,10951,2023-12-24,6.5,6.409999999999998,
INSERTABLE,10952,2023-12-25,6.5,3.1799999999999993,
INSERTABLE,10953,2023-12-26,3.4,,
INSERTABLE,10954,2023-12-27,4.5,,
INSERTABLE,10955,2023-12-28,3.3,,
INSERTABLE,10956,2023-12-29,6.25,,
INSERTABLE,10957,2023-12-30,6.25,,
INSERTABLE,10958,2023-12-31,6.25,,
INSERTABLE,10959,2024-01-01,6.25,,
INSERTABLE,10960,2024-01-02,5.6,,
INSERTABLE,10961,2024-01-03,5.1,,
INSERTABLE,10962,2024-01-04,4.2,,
INSERTABLE,10963,2024-01-05,5.7,,
INSERTABLE,10964,2024-01-06,5.7,,
INSERTABLE,10965,2024-01-07,5.7,,
INSERTABLE,10966,2024-01-08,7.1,,
INSERTABLE,10967,2024-01-09,7.6,,
INSERTABLE,10968,2024-01-10,7.2,,
INSERTABLE,10969,2024-01-11,6.3,,
INSERTABLE,10970,2024-01-12,6.9,,
INSERTABLE,10971,2024-01-13,6.9,,
INSERTABLE,10972,2024-01-14,6.9,,
INSERTABLE,10973,2024-01-15,7.1,6.540000000000002,
INSERTABLE,10974,2024-01-16,7.3,6.76,
INSERTABLE,10975,2024-01-17,7.7,6.21,
INSERTABLE,10976,2024-01-18,8.1,6.37,
INSERTABLE,10977,2024-01-19,6.36,6.480000000000001,
INSERTABLE,10978,2024-01-20,6.36,6.080000000000001,
INSERTABLE,10979,2024-01-21,6.36,5.580000000000002,
INSERTABLE,10980,2024-01-22,5.9,5.41,
INSERTABLE,10981,2024-01-23,5.3,4.95,
INSERTABLE,10982,2024-01-24,5.9,5.91,
INSERTABLE,10983,2024-01-25,5.8,4.7700000000000005,
INSERTABLE,10984,2024-01-26,5.3,4.32,
INSERTABLE,10985,2024-01-27,5.3,5.520000000000001,
INSERTABLE,10986,2024-01-28,5.3,3.9599999999999986,
INSERTABLE,10987,2024-01-29,5.6,5.1000000000000005,
INSERTABLE,10988,2024-01-30,6,5.090000000000001,
INSERTABLE,10989,2024-01-31,7.7,6.170000000000001,
INSERTABLE,10990,2024-02-01,7.3,5.7700000000000005,
INSERTABLE,10991,2024-02-02,8.2,6.47,
INSERTABLE,10992,2024-02-03,8.2,6.44,
INSERTABLE,10993,2024-02-04,8.2,4.779999999999999,
INSERTABLE,10994,2024-02-05,6,5.65,
INSERTABLE,10995,2024-02-06,5.8,5.3500000000000005,
INSERTABLE,10996,2024-02-07,6,5.780000000000001,
INSERTABLE,10997,2024-02-08,5.6,5.050000000000001,
INSERTABLE,10998,2024-02-09,6.26,5.53,
INSERTABLE,10999,2024-02-10,6.26,5.88,
INSERTABLE,11000,2024-02-11,6.26,5.4,
INSERTABLE,11001,2024-02-12,6.2,5.96,
INSERTABLE,11002,2024-02-13,6,5.03,
INSERTABLE,11003,2024-02-14,5.7,4.860000000000001,
INSERTABLE,11004,2024-02-15,6.3,5.0200000000000005,
INSERTABLE,11005,2024-02-16,5.9,4.06,
INSERTABLE,11006,2024-02-17,5.9,5.62,
INSERTABLE,11007,2024-02-18,5.9,5.4700000000000015,
INSERTABLE,11008,2024-02-19,7,3.059999999999999,
INSERTABLE,11009,2024-02-20,4.7,5.220000000000001,
INSERTABLE,11010,2024-02-21,5.7,5.210000000000001,
INSERTABLE,11012,2024-02-23,4.8,4.690000000000001,
INSERTABLE,11013,2024-02-24,4.8,5.050000000000001,
INSERTABLE,11014,2024-02-25,4.8,4.53,
INSERTABLE,11015,2024-02-26,5.1,4.98,
INSERTABLE,11016,2024-02-27,5.5,5.040000000000001,
INSERTABLE,11017,2024-02-28,5.1,4.920000000000001,
INSERTABLE,11018,2024-02-29,5.2,5.470000000000001,
INSERTABLE,11019,2024-03-01,4.3,5.180000000000001,
INSERTABLE,11020,2024-03-02,4.3,4.760000000000001,
INSERTABLE,11021,2024-03-03,4.3,5.260000000000001,
INSERTABLE,11022,2024-03-04,4.3,5.32,
INSERTABLE,11023,2024-03-05,5.1,4.9700000000000015,
INSERTABLE,11024,2024-03-06,4.3,4.140000000000001,
INSERTABLE,11025,2024-03-07,3.2,4.490000000000001,
INSERTABLE,11026,2024-03-08,5.166666666666667,5.3500000000000005,
INSERTABLE,11027,2024-03-09,5.166666666666667,5.35,
INSERTABLE,11028,2024-03-10,5.166666666666667,4.890000000000001,
INSERTABLE,11029,2024-03-11,4.1,4.220000000000001,
INSERTABLE,11030,2024-03-12,4.9,5.1000000000000005,
INSERTABLE,11031,2024-03-13,5.3,5.110000000000001,
INSERTABLE,11032,2024-03-14,6.2,5.28,
INSERTABLE,11033,2024-03-15,5.9,4.93,
INSERTABLE,11034,2024-03-16,5.9,4.91,
INSERTABLE,11035,2024-03-17,5.9,4.930000000000001,
INSERTABLE,11036,2024-03-18,5.4,5.03,
INSERTABLE,11037,2024-03-19,4.6,4.3500000000000005,
INSERTABLE,11038,2024-03-20,2.3,1.6300000000000003,
INSERTABLE,11039,2024-03-21,4.1,4.87,
INSERTABLE,11040,2024-03-22,4.7,4.9700000000000015,
INSERTABLE,11041,2024-03-23,4.7,4.73,
INSERTABLE,11042,2024-03-24,4.7,4.650000000000001,
INSERTABLE,11043,2024-03-25,4.1,3.19,
INSERTABLE,11044,2024-03-26,4.4,4.08,
INSERTABLE,11045,2024-03-27,4,3.7199999999999998,
INSERTABLE,11046,2024-03-28,3.65,3.2199999999999993,
INSERTABLE,11047,2024-03-29,3.65,3.1599999999999993,
INSERTABLE,11048,2024-03-30,3.65,4.320000000000001,
INSERTABLE,11049,2024-03-31,3.65,4.6000000000000005,
INSERTABLE,11050,2024-04-01,3.9,3.979999999999999,
INSERTABLE,11051,2024-04-02,3.2,4.05,
INSERTABLE,11052,2024-04-03,4.1,3.609999999999999,
INSERTABLE,11053,2024-04-04,4.8,3.9399999999999995,
INSERTABLE,11054,2024-04-05,3.8,3.8899999999999992,
INSERTABLE,11055,2024-04-06,3.8,3.6399999999999992,
INSERTABLE,11056,2024-04-07,3.8,3.84,
INSERTABLE,11057,2024-04-08,2.9,3.0799999999999996,
INSERTABLE,11058,2024-04-09,2.1,2.84,
INSERTABLE,11059,2024-04-10,2.1,3.2199999999999998,
INSERTABLE,11060,2024-04-11,3.1,1.9000000000000004,
INSERTABLE,11061,2024-04-12,2.7,1.32,
INSERTABLE,11062,2024-04-13,2.7,2.7999999999999994,
INSERTABLE,11063,2024-04-14,2.7,3.299999999999999,
INSERTABLE,11064,2024-04-15,2.1,2.2699999999999987,
INSERTABLE,11065,2024-04-16,1.9,3.3199999999999985,
INSERTABLE,11066,2024-04-17,3.9,3.8099999999999987,
INSERTABLE,11067,2024-04-18,4.3,3.849999999999999,
INSERTABLE,11068,2024-04-19,2.3,3.2799999999999994,
INSERTABLE,11069,2024-04-20,2.3,2.04,
INSERTABLE,11070,2024-04-21,2.3,1.5000000000000002,
INSERTABLE,11071,2024-04-22,2.2,2.2299999999999995,
INSERTABLE,11072,2024-04-23,2.5,3.0699999999999994,
INSERTABLE,11073,2024-04-24,2.3,2.819999999999999,
INSERTABLE,11074,2024-04-25,2.4,2.999999999999998,
INSERTABLE,11075,2024-04-26,2.8,2.9799999999999986,
INSERTABLE,11076,2024-04-27,2.8,2.789999999999999,
INSERTABLE,11077,2024-04-28,2.8,2.1599999999999993,
INSERTABLE,11078,2024-04-29,2.5,2.8899999999999983,
INSERTABLE,11079,2024-04-30,2.5,2.0799999999999996,
INSERTABLE,11080,2024-05-01,2.5,1.63,
INSERTABLE,11081,2024-05-02,2.5,1.77,
INSERTABLE,11082,2024-05-03,1.2,2.3599999999999994,
INSERTABLE,11083,2024-05-04,1.7,2.459999999999999,
INSERTABLE,11084,2024-05-05,1.7,1.5600000000000003,
INSERTABLE,11085,2024-05-06,1.7,2.2599999999999993,
INSERTABLE,11087,2024-05-08,0.4,2.3599999999999994,
INSERTABLE,11088,2024-05-09,0.4,2.3799999999999994,
INSERTABLE,11089,2024-05-10,0.46,1.2800000000000002,
INSERTABLE,11090,2024-05-11,0.46,2.0100000000000002,
INSERTABLE,11091,2024-05-12,0.46,2.2399999999999993,
INSERTABLE,11092,2024-05-13,0.8,2.2599999999999993,
INSERTABLE,11093,2024-05-14,0.8,2.04,
INSERTABLE,11094,2024-05-15,1.1,0.9400000000000001,
INSERTABLE,11095,2024-05-16,1.4,1.9700000000000002,
INSERTABLE,11096,2024-05-17,0.7,1.7,
INSERTABLE,11097,2024-05-18,0.7,2.07,
INSERTABLE,11098,2024-05-19,0.7,2.0599999999999996,
INSERTABLE,11103,2024-05-24,0.56,0.9500000000000002,
INSERTABLE,11104,2024-05-25,0.56,1.36,
INSERTABLE,11105,2024-05-26,0.56,1.5299999999999998,
INSERTABLE,11107,2024-05-28,0.9,1.7,
INSERTABLE,11108,2024-05-29,1,1.7400000000000002,
INSERTABLE,11109,2024-05-30,1.1,2.04,
INSERTABLE,11110,2024-05-31,0.9,1.03,
INSERTABLE,11111,2024-06-01,0.9,1.72,
INSERTABLE,11112,2024-06-02,0.9,1.3300000000000003,
INSERTABLE,11113,2024-06-03,0.7,0.6800000000000002,
INSERTABLE,11114,2024-06-04,0.6,0.4700000000000001,
INSERTABLE,11115,2024-06-05,0.6,0.53,
INSERTABLE,11116,2024-06-06,0.5,0.51,
INSERTABLE,11117,2024-06-07,0.5,1.57,
INSERTABLE,11134,2024-06-24,0.2,0.37,
INSERTABLE,11135,2024-06-25,0.3,1.6500000000000001,
INSERTABLE,11136,2024-06-26,0.5,1.8900000000000003,
INSERTABLE,11137,2024-06-27,0.1,1.7600000000000002,
INSERTABLE,11138,2024-06-28,1.06,1.6900000000000002,
INSERTABLE,11139,2024-06-29,1.06,1.51,
INSERTABLE,11140,2024-06-30,1.06,1.9600000000000004,
INSERTABLE,11141,2024-07-01,1.3,1.9900000000000002,
INSERTABLE,11142,2024-07-02,1.6,2.02,
INSERTABLE,11143,2024-07-03,1.8,1.8600000000000003,
INSERTABLE,11144,2024-07-04,1.7,1.5500000000000003,
INSERTABLE,11145,2024-07-05,1.43,1.51,
INSERTABLE,11146,2024-07-06,1.43,1.6,
INSERTABLE,11147,2024-07-07,1.43,1.58,
INSERTABLE,11148,2024-07-08,1,1.6300000000000001,
INSERTABLE,11149,2024-07-09,0.6,1.53,
INSERTABLE,11150,2024-07-10,0.5,1.4000000000000001,
INSERTABLE,11151,2024-07-11,0.6,1.52,
INSERTABLE,11152,2024-07-12,0.76,1.62,
INSERTABLE,11153,2024-07-13,0.76,1.6300000000000001,
INSERTABLE,11154,2024-07-14,0.76,1.4000000000000001,
INSERTABLE,11156,2024-07-16,1.9,2.04,
INSERTABLE,11157,2024-07-17,1.1,1.34,
INSERTABLE,11158,2024-07-18,0.9,0.9000000000000001,
INSERTABLE,11159,2024-07-19,1.06,0.9700000000000001,
INSERTABLE,11160,2024-07-20,1.06,0.73,
INSERTABLE,11161,2024-07-21,1.06,1.75,
INSERTABLE,11162,2024-07-22,0.6,1.06,
INSERTABLE,11163,2024-07-23,0.4,0.7300000000000001,
INSERTABLE,11164,2024-07-24,1.1,1.9600000000000002,
INSERTABLE,11165,2024-07-25,1.8,1.9400000000000002,
INSERTABLE,11166,2024-07-26,1.36,1.53,
INSERTABLE,11167,2024-07-27,1.36,2.0599999999999996,
INSERTABLE,11168,2024-07-28,1.36,2,
INSERTABLE,11169,2024-07-29,1.1,2.319999999999999,
INSERTABLE,11170,2024-07-30,1,0.93,
INSERTABLE,11171,2024-07-31,0.9,0.51,
INSERTABLE,11178,2024-08-07,1.1,1.2100000000000002,
INSERTABLE,11179,2024-08-08,1.3,2.439999999999999,
INSERTABLE,11180,2024-08-09,2.16,2.699999999999999,
INSERTABLE,11181,2024-08-10,2.16,2.8399999999999994,
INSERTABLE,11182,2024-08-11,2.16,2.6599999999999997,
INSERTABLE,11183,2024-08-12,1.6,2.67,
INSERTABLE,11184,2024-08-13,0.4,0.63,
INSERTABLE,11185,2024-08-14,0.75,1.29,
INSERTABLE,11186,2024-08-15,0.75,1.08,
INSERTABLE,11187,2024-08-16,1.2,1.25,
INSERTABLE,11188,2024-08-17,1.2,1.9400000000000002,
INSERTABLE,11189,2024-08-18,1.2,0.78,
INSERTABLE,11190,2024-08-19,1.6,2.0100000000000002,
INSERTABLE,11191,2024-08-20,1.3,1.06,
INSERTABLE,11193,2024-08-22,0.8,2.45,
INSERTABLE,11195,2024-08-24,0.8,3.0699999999999994,
INSERTABLE,11196,2024-08-25,0.8,3.01,
INSERTABLE,11197,2024-08-26,2.6,3.0699999999999994,
INSERTABLE,11198,2024-08-27,2.3,2.9699999999999998,
INSERTABLE,11199,2024-08-28,1,0.53,
INSERTABLE,11200,2024-08-29,1.3,0.6400000000000001,
INSERTABLE,11201,2024-08-30,2.6999999999999997,1.9100000000000001,
INSERTABLE,11202,2024-08-31,2.7,3.2899999999999996,
INSERTABLE,11203,2024-09-01,2.6999999999999997,3.499999999999999,
INSERTABLE,11204,2024-09-02,2.1,2.8899999999999997,
INSERTABLE,11205,2024-09-03,2.3,2.769999999999999,
INSERTABLE,11206,2024-09-04,2.9,0.9500000000000001,
INSERTABLE,11207,2024-09-05,3.37,3.439999999999999,
INSERTABLE,11208,2024-09-06,3.37,3.059999999999999,
INSERTABLE,11209,2024-09-07,3.37,2.8799999999999994,
INSERTABLE,11210,2024-09-08,3.37,3.0899999999999994,
INSERTABLE,11211,2024-09-09,2.8,3.449999999999999,
INSERTABLE,11212,2024-09-10,2.8,3.239999999999999,
INSERTABLE,11213,2024-09-11,2.7,3.5899999999999994,
INSERTABLE,11214,2024-09-12,2.7,0.9800000000000001,
INSERTABLE,11220,2024-09-18,1.1,2.199999999999999,
INSERTABLE,11221,2024-09-19,1.1,2.92,
INSERTABLE,11222,2024-09-20,1.1,2.4199999999999995,
INSERTABLE,11223,2024-09-21,1.12,2.3399999999999994,
INSERTABLE,11224,2024-09-22,1.1,0.8700000000000001,
INSERTABLE,11225,2024-09-23,1.1,1.7300000000000002,
INSERTABLE,11226,2024-09-24,2.8,3.9299999999999997,
INSERTABLE,11227,2024-09-25,3.1,4.04,
INSERTABLE,11228,2024-09-26,4.2,4.750000000000002,
INSERTABLE,11229,2024-09-27,3.13,3.899999999999999,
INSERTABLE,11230,2024-09-28,3.13,4.150000000000001,
INSERTABLE,11231,2024-09-29,3.13,2.379999999999998,
INSERTABLE,11232,2024-09-30,3.4,2.709999999999999,
INSERTABLE,11233,2024-10-01,4.3,4.240000000000001,
INSERTABLE,11234,2024-10-02,4.8,4.2700000000000005,
INSERTABLE,11235,2024-10-03,4.2,4.730000000000001,
INSERTABLE,11236,2024-10-04,3.8,4.590000000000001,
INSERTABLE,11237,2024-10-05,3.8,4.330000000000001,
INSERTABLE,11238,2024-10-06,3.8,1.83,
INSERTABLE,11239,2024-10-07,2.9,3.669999999999999,
INSERTABLE,11240,2024-10-08,2.1,1.3900000000000003,
INSERTABLE,11241,2024-10-09,1.4,2.5699999999999994,
INSERTABLE,11242,2024-10-10,1.1,0.89,
INSERTABLE,11243,2024-10-11,2.86,1.3399999999999999,
INSERTABLE,11244,2024-10-12,2.86,2.3199999999999994,
INSERTABLE,11245,2024-10-13,2.86,4.07,
INSERTABLE,11246,2024-10-14,2.6,3.51,
INSERTABLE,11247,2024-10-15,4.7,5.29,
INSERTABLE,11248,2024-10-16,4.9,3.6499999999999995,
INSERTABLE,11249,2024-10-17,4.4,5.180000000000001,
INSERTABLE,11250,2024-10-18,3.033333333333333,4.91,
INSERTABLE,11251,2024-10-19,3.033333333333333,0.86,
INSERTABLE,11252,2024-10-20,3.033333333333333,2.59,
INSERTABLE,11253,2024-10-21,4.1,4.920000000000001,
INSERTABLE,11254,2024-10-22,1.2,1.2000000000000002,
INSERTABLE,11255,2024-10-23,2.7,2.4299999999999993,
INSERTABLE,11256,2024-10-24,4.5,5.44,
INSERTABLE,11257,2024-10-25,5.7,5.250000000000001,
INSERTABLE,11258,2024-10-26,5.7,5.440000000000001,
INSERTABLE,11259,2024-10-27,5.7,4.790000000000001,
INSERTABLE,11260,2024-10-28,5.2,5.15,
INSERTABLE,11261,2024-10-29,4.1,1.9000000000000001,
INSERTABLE,11262,2024-10-30,4.82,4.680000000000001,
INSERTABLE,11263,2024-10-31,4.82,4.15,
INSERTABLE,11264,2024-11-01,4.82,3.58,
INSERTABLE,11265,2024-11-02,4.82,5.55,
INSERTABLE,11266,2024-11-03,4.82,3.499999999999999,
INSERTABLE,11267,2024-11-04,5.6,5.580000000000001,
INSERTABLE,11268,2024-11-05,7.1,6.239999999999999,
INSERTABLE,11269,2024-11-06,7.2,5.97,
INSERTABLE,11270,2024-11-07,5.9,4.329999999999999,
INSERTABLE,11271,2024-11-08,6.8,6.27,
INSERTABLE,11272,2024-11-09,6.8,5.520000000000001,
INSERTABLE,11273,2024-11-10,6.8,5.2299999999999995,
INSERTABLE,11274,2024-11-11,7.4,6.39,
INSERTABLE,11275,2024-11-12,8.9,7.0200000000000005,
INSERTABLE,11276,2024-11-13,7,5.48,
INSERTABLE,11277,2024-11-14,6.1,4.99,
INSERTABLE,11278,2024-11-15,6.033333333333334,4.61,
INSERTABLE,11279,2024-11-16,6.033333333333334,3.339999999999999,
INSERTABLE,11280,2024-11-17,6.033333333333334,5.6,
INSERTABLE,11281,2024-11-18,5.9,5.490000000000001,
INSERTABLE,11282,2024-11-19,6,5.089999999999999,
INSERTABLE,11283,2024-11-20,4.1,4.130000000000001,
INSERTABLE,11284,2024-11-21,5.9,5.640000000000001,
INSERTABLE,11285,2024-11-22,7.3999999999999995,5.769999999999999,
INSERTABLE,11286,2024-11-23,7.3999999999999995,6.34,
INSERTABLE,11287,2024-11-24,7.3999999999999995,6.180000000000001,
INSERTABLE,11288,2024-11-25,7.1,6.430000000000001,
INSERTABLE,11289,2024-11-26,7.7,6.25,
INSERTABLE,11290,2024-11-27,7.8,5.79,
INSERTABLE,11291,2024-11-28,8,5.6899999999999995,
INSERTABLE,11292,2024-11-29,7.066666666666666,6.03,
INSERTABLE,11293,2024-11-30,7.066666666666666,5.94,
INSERTABLE,11294,2024-12-01,7.066666666666666,5.530000000000001,
INSERTABLE,11295,2024-12-02,7.3,5.94,
INSERTABLE,11296,2024-12-03,6.3,5.54,
INSERTABLE,11297,2024-12-04,6,4.82,
INSERTABLE,11298,2024-12-05,5.4,5.08,
INSERTABLE,11299,2024-12-06,6.8,5.890000000000001,
INSERTABLE,11300,2024-12-07,6.8,5.81,
INSERTABLE,11301,2024-12-08,6.8,5.76,
INSERTABLE,11302,2024-12-09,6.9,6.230000000000001,
INSERTABLE,11303,2024-12-10,7.3,5.65,
INSERTABLE,11304,2024-12-11,7.6,5.9300000000000015,
INSERTABLE,11305,2024-12-12,7.1,5.45,
INSERTABLE,11306,2024-12-13,6.8,6.210000000000001,
INSERTABLE,11307,2024-12-14,6.8,5.93,
INSERTABLE,11308,2024-12-15,6.8,5.06,
INSERTABLE,11309,2024-12-16,6.8,5.61,
INSERTABLE,11310,2024-12-17,6.2,4.69,
INSERTABLE,11311,2024-12-18,6.4,5.62,
INSERTABLE,11312,2024-12-19,8.1,6.83,
INSERTABLE,11313,2024-12-20,7.4,6.180000000000001,
INSERTABLE,11314,2024-12-21,7.4,6.539999999999999,
INSERTABLE,11315,2024-12-22,7.4,6.1899999999999995,
INSERTABLE,11316,2024-12-23,6.4,4.86,
INSERTABLE,11317,2024-12-24,5.8,5.120000000000001,
INSERTABLE,11318,2024-12-25,5.8,4.790000000000001,
INSERTABLE,11319,2024-12-26,5.9,4.390000000000001,
INSERTABLE,11320,2024-12-27,6.1,5.4300000000000015,
INSERTABLE,11321,2024-12-28,6.1,5.620000000000001,
INSERTABLE,11322,2024-12-29,6.1,5.67,
INSERTABLE,11323,2024-12-30,6,4.990000000000001,
INSERTABLE,11324,2024-12-31,6.6,5.89,
INSERTABLE,11325,2025-01-01,6.6,5.750000000000002,
INSERTABLE,11326,2025-01-02,6.7,5.65,
INSERTABLE,11327,2025-01-03,6.2,5.19,
INSERTABLE,11328,2025-01-04,6.2,5.170000000000001,
INSERTABLE,11329,2025-01-05,6.2,4.930000000000001,
INSERTABLE,11330,2025-01-06,6.2,5.010000000000001,
INSERTABLE,11331,2025-01-07,3.5,1.5200000000000002,
INSERTABLE,11332,2025-01-08,5.8,4.8,
INSERTABLE,11333,2025-01-09,6.4,5.61,
INSERTABLE,11334,2025-01-10,6,5.630000000000001,
INSERTABLE,11335,2025-01-11,6,6.19,
INSERTABLE,11336,2025-01-12,6,3.28,
INSERTABLE,11337,2025-01-13,7,4.8500000000000005,
INSERTABLE,11338,2025-01-14,7.1,5.44,
INSERTABLE,11339,2025-01-15,7.9,6.059999999999999,
INSERTABLE,11340,2025-01-16,8.2,6.28,
INSERTABLE,11341,2025-01-17,7.7,6.2,
INSERTABLE,11342,2025-01-18,7.7,5.6800000000000015,
INSERTABLE,11343,2025-01-19,7.7,6.020000000000001,
INSERTABLE,11344,2025-01-20,6.4,5.07,
INSERTABLE,11345,2025-01-21,6.8,5.3500000000000005,
INSERTABLE,11346,2025-01-22,5.7,3.9699999999999998,
INSERTABLE,11347,2025-01-23,6.9,5.81,
INSERTABLE,11348,2025-01-24,6.7,6.080000000000001,
INSERTABLE,11349,2025-01-25,6.7,5.870000000000001,
INSERTABLE,11350,2025-01-26,6.7,5.250000000000001,
INSERTABLE,11351,2025-01-27,6.9,6.000000000000001,
INSERTABLE,11352,2025-01-28,7.1,5.660000000000001,
INSERTABLE,11353,2025-01-29,6.4,5.17,
INSERTABLE,11354,2025-01-30,6.6,5.04,
INSERTABLE,11355,2025-01-31,6.4,5.239999999999999,
INSERTABLE,11356,2025-02-01,6.4,5.34,
INSERTABLE,11357,2025-02-02,6.4,5.4399999999999995,
INSERTABLE,11358,2025-02-03,6.4,5.88,
INSERTABLE,11359,2025-02-04,6.9,5.5200000000000005,
INSERTABLE,11360,2025-02-05,8.9,6.250000000000001,
INSERTABLE,11361,2025-02-06,8.4,5.75,
INSERTABLE,11362,2025-02-07,6,4.88,
INSERTABLE,11363,2025-02-08,6,5.1499999999999995,
INSERTABLE,11364,2025-02-09,6,4.280000000000001,
INSERTABLE,11365,2025-02-10,5.1,4.8100000000000005,
INSERTABLE,11366,2025-02-11,5.8,5.06,
INSERTABLE,11367,2025-02-12,6.1,5.19,
INSERTABLE,11368,2025-02-13,6.4,5.3500000000000005,
INSERTABLE,11369,2025-02-14,5.4,4.949999999999999,
INSERTABLE,11370,2025-02-15,5.4,4.539999999999999,
INSERTABLE,11371,2025-02-16,5.4,4.85,
INSERTABLE,11372,2025-02-17,5.4,4.99,
INSERTABLE,11373,2025-02-18,5.2,4.790000000000001,
INSERTABLE,11374,2025-02-19,5.1,3.4099999999999993,
INSERTABLE,11375,2025-02-20,5.7,4.690000000000001,
INSERTABLE,11376,2025-02-21,5.5,4.670000000000001,
INSERTABLE,11377,2025-02-22,5.5,4.66,
INSERTABLE,11378,2025-02-23,5.5,4.91,
INSERTABLE,11379,2025-02-24,6.1,4.82,
INSERTABLE,11380,2025-02-25,5.9,3.8199999999999994,
INSERTABLE,11381,2025-02-26,5.9,4.6800000000000015,
INSERTABLE,11382,2025-02-27,5.6,3.77,
INSERTABLE,11383,2025-02-28,4.9,4.300000000000002,
INSERTABLE,11384,2025-03-01,4.9,4.290000000000001,
INSERTABLE,11385,2025-03-02,4.9,2.6499999999999995,
INSERTABLE,11386,2025-03-03,4.8,4.610000000000001,
INSERTABLE,11387,2025-03-04,5,4.61,
INSERTABLE,11388,2025-03-05,5.1,4.240000000000001,
INSERTABLE,11389,2025-03-06,3.8,2.3699999999999997,
INSERTABLE,11390,2025-03-07,5.4,4.3500000000000005,
INSERTABLE,11391,2025-03-08,5.4,4.7200000000000015,
INSERTABLE,11392,2025-03-09,5.4,4.4,
INSERTABLE,11393,2025-03-10,4.4,4.150000000000001,
INSERTABLE,11394,2025-03-11,4.1,4.180000000000001,
INSERTABLE,11395,2025-03-12,4.2,4.130000000000001,
INSERTABLE,11396,2025-03-13,3.8,3.219999999999999,
INSERTABLE,11397,2025-03-14,3.1,1.8000000000000003,
INSERTABLE,11398,2025-03-15,3.1,2.479999999999999,
INSERTABLE,11399,2025-03-16,3.1,4.2700000000000005,
INSERTABLE,11400,2025-03-17,4.7,4.690000000000001,
INSERTABLE,11401,2025-03-18,5.2,4.54,
INSERTABLE,11402,2025-03-19,2,1.1800000000000002,
INSERTABLE,11403,2025-03-20,3.4,3.6499999999999995,
INSERTABLE,11404,2025-03-21,3.8,4.130000000000001,
INSERTABLE,11405,2025-03-22,3.8,4.1000000000000005,
INSERTABLE,11406,2025-03-23,3.8,3.2899999999999987,
INSERTABLE,11407,2025-03-24,4.2,3.789999999999999,
INSERTABLE,11408,2025-03-25,4.4,3.299999999999999,
INSERTABLE,11409,2025-03-26,4,3.679999999999999,
INSERTABLE,11410,2025-03-27,3.6,1.5,
INSERTABLE,11411,2025-03-28,2.8,3.4099999999999984,
INSERTABLE,11412,2025-03-29,2.8,2.6799999999999984,
INSERTABLE,11414,2025-03-31,2.3,3.6399999999999997,
INSERTABLE,11415,2025-04-01,3.1,3.499999999999999,
INSERTABLE,11416,2025-04-02,4,4.11,
INSERTABLE,11417,2025-04-03,4.9,4.220000000000001,
INSERTABLE,11418,2025-04-04,2.7,3.4699999999999993,
INSERTABLE,11419,2025-04-05,2.7,0.8800000000000002,
INSERTABLE,11420,2025-04-06,2.7,2.979999999999999,
INSERTABLE,11421,2025-04-07,2.6,3.659999999999999,
INSERTABLE,11422,2025-04-08,2,2.25,
INSERTABLE,11423,2025-04-09,2.2,1.78,
INSERTABLE,11424,2025-04-10,2.5,2.3699999999999988,
INSERTABLE,11425,2025-04-11,2.6,2.2699999999999987,
INSERTABLE,11426,2025-04-12,2.6,3.289999999999999,
INSERTABLE,11427,2025-04-13,2.6,3.1399999999999992,
INSERTABLE,11428,2025-04-14,3.3,2.8199999999999994,
INSERTABLE,11429,2025-04-15,3.1,3.189999999999999,
INSERTABLE,11430,2025-04-16,3.4,3.2499999999999987,
INSERTABLE,11431,2025-04-17,2.4,3.3199999999999994,
INSERTABLE,11432,2025-04-18,2.4,3.2499999999999996,
INSERTABLE,11433,2025-04-19,2.4,2.269999999999999,
INSERTABLE,11434,2025-04-20,2.4,2.3099999999999996,
INSERTABLE,11435,2025-04-21,2.3,1.9400000000000002,
INSERTABLE,11436,2025-04-22,2.1,2.5899999999999994,
INSERTABLE,11437,2025-04-23,1.1,1.2500000000000002,
INSERTABLE,11438,2025-04-24,1.7,1.52,
INSERTABLE,11439,2025-04-25,2.2,1.7200000000000002,
INSERTABLE,11440,2025-04-26,2.2,2.579999999999999,
INSERTABLE,11441,2025-04-27,2.2,2.849999999999999,
INSERTABLE,11442,2025-04-28,1.4,2.56,
INSERTABLE,11443,2025-04-29,1,0.8800000000000001,
INSERTABLE,11444,2025-04-30,2.25,0.9800000000000001,
INSERTABLE,11445,2025-05-01,2.25,2.2299999999999995,
INSERTABLE,11446,2025-05-02,1.9,2.579999999999999,
INSERTABLE,11447,2025-05-03,1.9,2.6399999999999992,
INSERTABLE,11448,2025-05-04,1.9,2.609999999999999,
INSERTABLE,11449,2025-05-05,1.4,2.2599999999999993,
INSERTABLE,11450,2025-05-06,1.1,1.04,
INSERTABLE,11453,2025-05-09,1.1,2.349999999999999,
INSERTABLE,11454,2025-05-10,1.1,2.86,
INSERTABLE,11455,2025-05-11,1.1,0.9,
INSERTABLE,11456,2025-05-12,0.8,2.02,
INSERTABLE,11457,2025-05-13,0.9,0.53,
INSERTABLE,11458,2025-05-14,1.1,2.03,
INSERTABLE,11459,2025-05-15,0.5,0.75,
INSERTABLE,11463,2025-05-19,1.5,1.8599999999999999,
INSERTABLE,11464,2025-05-20,1.5,2.129999999999999,
INSERTABLE,11465,2025-05-21,1.5,2.389999999999999,
INSERTABLE,11466,2025-05-22,0.5,1.73,
INSERTABLE,11467,2025-05-23,0.5,1.3,
INSERTABLE,11468,2025-05-24,0.5,2.0100000000000002,
INSERTABLE,11469,2025-05-25,0.5,1.9200000000000004,
INSERTABLE,11471,2025-05-27,1.3,2.199999999999999,
INSERTABLE,11472,2025-05-28,0.8,2.09,
INSERTABLE,11473,2025-05-29,0.8,1.8800000000000001,
INSERTABLE,11474,2025-05-30,1.1,2.0999999999999996,
INSERTABLE,11475,2025-05-31,1.1,2.11,
INSERTABLE,11476,2025-06-01,1.1,1.8300000000000003,
INSERTABLE,11477,2025-06-02,0.7,1.0599999999999998,
INSERTABLE,11478,2025-06-03,0.75,0.9900000000000001,
INSERTABLE,11479,2025-06-04,0.75,1.24,
INSERTABLE,11480,2025-06-05,0.4,1.6300000000000001,
INSERTABLE,11481,2025-06-06,0.8,0.43000000000000005,
INSERTABLE,11482,2025-06-07,0.8,1.6300000000000001,
INSERTABLE,11483,2025-06-08,0.8,1.8800000000000001,
INSERTABLE,11484,2025-06-09,1.2,1.8000000000000003,
INSERTABLE,11485,2025-06-10,0.4,1.9000000000000001,
INSERTABLE,11492,2025-06-17,0.3,0.8700000000000001,
INSERTABLE,11493,2025-06-18,0.9,1.68,
INSERTABLE,11498,2025-06-23,1,1.82,
INSERTABLE,11499,2025-06-24,1.2,1.7300000000000002,
INSERTABLE,11500,2025-06-25,1.2,0.8,
INSERTABLE,11501,2025-06-26,1.1,1.5200000000000002,
INSERTABLE,11502,2025-06-27,1.2,1.3200000000000003,
INSERTABLE,11503,2025-06-28,1.2,1.32,
INSERTABLE,11504,2025-06-29,1.2,1.6,
INSERTABLE,11506,2025-07-01,1.3,1.9200000000000002,
INSERTABLE,11507,2025-07-02,1.2,1.8900000000000001,
INSERTABLE,11508,2025-07-03,1.7,2.05,
INSERTABLE,11509,2025-07-04,1.33,1.29,
INSERTABLE,11510,2025-07-05,1.33,1.09,
INSERTABLE,11511,2025-07-06,1.33,1.5099999999999998,
INSERTABLE,11512,2025-07-07,0.6,1.87,
INSERTABLE,11513,2025-07-08,0.6,0.6100000000000001,
INSERTABLE,11514,2025-07-09,1.35,0.33000000000000007,
INSERTABLE,11515,2025-07-10,1.35,1.5200000000000002,
INSERTABLE,11516,2025-07-11,1.35,1.73,
INSERTABLE,11517,2025-07-12,1.35,0.6000000000000001,
INSERTABLE,11518,2025-07-13,1.35,0.55,
INSERTABLE,11519,2025-07-14,1.35,1.5699999999999998,
INSERTABLE,11520,2025-07-15,1.35,1.76,
INSERTABLE,11521,2025-07-16,1.35,2.299999999999999,
INSERTABLE,11522,2025-07-17,1.35,2.2199999999999993,
INSERTABLE,11523,2025-07-18,1.35,1.9200000000000002,
INSERTABLE,11524,2025-07-19,1.35,1.79,
INSERTABLE,11525,2025-07-20,1.35,1.6500000000000001,
INSERTABLE,11526,2025-07-21,1.5,1.85,
INSERTABLE,11527,2025-07-22,1.2,2,
INSERTABLE,11528,2025-07-23,1.3,0.75,
INSERTABLE,11529,2025-07-24,1.1,1.76,
INSERTABLE,11530,2025-07-25,0.93,1.7700000000000002,
INSERTABLE,11531,2025-07-26,0.93,0.8200000000000001,
INSERTABLE,11532,2025-07-27,0.93,1.1700000000000002,
INSERTABLE,11533,2025-07-28,1.3,1.8700000000000003,
INSERTABLE,11534,2025-07-29,1.3,1.82,
INSERTABLE,11535,2025-07-30,1.2,0.7200000000000002,
INSERTABLE,11541,2025-08-05,1.3,2.2199999999999998,
INSERTABLE,11542,2025-08-06,1.3,2.4799999999999995,
INSERTABLE,11543,2025-08-07,1.3,2.2,
INSERTABLE,11544,2025-08-08,1.3,1.6500000000000001,
INSERTABLE,11545,2025-08-09,1.3,0.48,
INSERTABLE,11546,2025-08-10,1.3,2.1999999999999997,
INSERTABLE,11547,2025-08-11,1.3,2.539999999999999,
INSERTABLE,11548,2025-08-12,1.3,2.24,
INSERTABLE,11549,2025-08-13,1.375,2.6499999999999995,
INSERTABLE,11550,2025-08-14,1.375,0.43000000000000005,
INSERTABLE,11551,2025-08-15,1.375,0.9700000000000002,
INSERTABLE,11552,2025-08-16,1.375,2.5699999999999994,
INSERTABLE,11553,2025-08-17,1.375,1.2700000000000002,
INSERTABLE,11554,2025-08-18,1.375,1.4300000000000004,
INSERTABLE,11555,2025-08-19,1.375,2.379999999999999,
INSERTABLE,11556,2025-08-20,1.375,2.5999999999999988,
INSERTABLE,11559,2025-08-23,2.35,2.819999999999999,
INSERTABLE,11560,2025-08-24,2.35,3.0899999999999985,
INSERTABLE,11561,2025-08-25,1.6,3.1099999999999994,
INSERTABLE,11562,2025-08-26,1.2,3.349999999999999,
INSERTABLE,11563,2025-08-27,1.2,2.0599999999999996,
INSERTABLE,11564,2025-08-28,1.7,0.56,
INSERTABLE,11565,2025-08-29,1.1,0.8899999999999999,
INSERTABLE,11566,2025-08-30,1.1,1.0799999999999998,
INSERTABLE,11567,2025-08-31,1.1,2.119999999999999,
INSERTABLE,11568,2025-09-01,1.4,2.8699999999999997,
INSERTABLE,11569,2025-09-02,2.1,1.08,
INSERTABLE,11570,2025-09-03,2.1,2.6799999999999993,
INSERTABLE,11571,2025-09-04,2.1,2.9499999999999997,
INSERTABLE,11572,2025-09-05,1.23,1.99,
INSERTABLE,11573,2025-09-06,1.23,0.6700000000000002,
INSERTABLE,11574,2025-09-07,1.23,0.9100000000000001,
INSERTABLE,11575,2025-09-08,1.9,2.5999999999999996,
INSERTABLE,11576,2025-09-09,2,3.469999999999999,
INSERTABLE,11577,2025-09-10,2,3.529999999999999,
INSERTABLE,11578,2025-09-11,3,3.699999999999999,
INSERTABLE,11579,2025-09-12,3.66,3.34,
INSERTABLE,11580,2025-09-13,3.66,3.269999999999999,
INSERTABLE,11581,2025-09-14,3.66,3.349999999999999,
INSERTABLE,11582,2025-09-15,2.2,3.749999999999999,
INSERTABLE,11583,2025-09-16,1.2,3.42,
INSERTABLE,11584,2025-09-17,1.2,2.2699999999999996,
INSERTABLE,11585,2025-09-18,1.2,3.4899999999999993,
INSERTABLE,11586,2025-09-19,1.2,3.3799999999999994,
INSERTABLE,11587,2025-09-20,1.2,2.07,
INSERTABLE,11588,2025-09-21,1.2,3.319999999999999,
INSERTABLE,11589,2025-09-22,3,4.130000000000002,
INSERTABLE,11590,2025-09-23,3,3.5999999999999988,
INSERTABLE,11591,2025-09-24,4.2,4.190000000000001,
INSERTABLE,11592,2025-09-25,3.2,3.0799999999999987,
INSERTABLE,11596,2025-09-29,2.4,2.699999999999999,
INSERTABLE,11598,2025-10-01,4.3,4.160000000000001,
INSERTABLE,11599,2025-10-02,4,4.060000000000001,
INSERTABLE,11600,2025-10-03,2.3,0.6900000000000001,
INSERTABLE,11601,2025-10-04,2.3,2.309999999999999,
INSERTABLE,11602,2025-10-05,2.3,3.709999999999999,
INSERTABLE,11603,2025-10-06,4.2,4.61,
INSERTABLE,11604,2025-10-07,4,4.4300000000000015,
INSERTABLE,11605,2025-10-08,4.5,4.230000000000001,
INSERTABLE,11606,2025-10-09,2.6,2.7599999999999993,
INSERTABLE,11607,2025-10-10,3.66,1.3,
INSERTABLE,11608,2025-10-11,3.66,4.380000000000001,
INSERTABLE,11609,2025-10-12,3.66,4.7200000000000015,
INSERTABLE,11610,2025-10-13,4.4,4.3500000000000005,
INSERTABLE,11611,2025-10-14,3,2.6399999999999992,
INSERTABLE,11612,2025-10-15,3.6,3.729999999999999,
INSERTABLE,11613,2025-10-16,4,3.9399999999999995,
INSERTABLE,11614,2025-10-17,4.66,5.110000000000001,
INSERTABLE,11615,2025-10-18,4.66,4.58,
INSERTABLE,11616,2025-10-19,4.66,3.0199999999999996,
INSERTABLE,11617,2025-10-20,5,4.029999999999999,
INSERTABLE,11618,2025-10-21,3,3.149999999999999,
INSERTABLE,11619,2025-10-22,4.6,4.650000000000001,
INSERTABLE,11620,2025-10-23,5,3.1999999999999993,
INSERTABLE,11621,2025-10-24,5.3,3.0099999999999985,
INSERTABLE,11622,2025-10-25,5.3,4.930000000000001,
INSERTABLE,11623,2025-10-26,5.3,5.330000000000001,
INSERTABLE,11624,2025-10-27,4,3.4200000000000004,
INSERTABLE,11625,2025-10-28,4.3,4.65,
INSERTABLE,11626,2025-10-29,5.4,4.840000000000001,
INSERTABLE,11627,2025-10-30,6,5.21,
INSERTABLE,11628,2025-10-31,6,4.120000000000001,
INSERTABLE,11629,2025-11-01,5.95,4.8100000000000005,
INSERTABLE,11630,2025-11-02,5.95,4.900000000000001,
INSERTABLE,11631,2025-11-03,5,3.839999999999999,
INSERTABLE,11632,2025-11-04,5.2,4.930000000000001,
INSERTABLE,11633,2025-11-05,6.3,4.860000000000001,
INSERTABLE,11634,2025-11-06,5,2.429999999999999,
INSERTABLE,11635,2025-11-07,5.3,5.040000000000001,
INSERTABLE,11636,2025-11-08,5.3,4.71,
INSERTABLE,11637,2025-11-09,5.3,5.030000000000001,
INSERTABLE,11638,2025-11-10,5.4,4.980000000000001,
INSERTABLE,11639,2025-11-11,5.7,5.249999999999999,
INSERTABLE,11640,2025-11-12,5.7,5.54,
INSERTABLE,11641,2025-11-13,6.3,5.5200000000000005,
INSERTABLE,11642,2025-11-14,6.13,4.19,
INSERTABLE,11643,2025-11-15,6.13,3.11,
INSERTABLE,11644,2025-11-16,6.13,5.12,
INSERTABLE,11645,2025-11-17,6.8,5.92,
INSERTABLE,11646,2025-11-18,6.4,5.610000000000001,
INSERTABLE,11647,2025-11-19,5.4,5.200000000000001,
INSERTABLE,11648,2025-11-20,3,2.71,
INSERTABLE,11649,2025-11-21,5,5.470000000000001,
INSERTABLE,11650,2025-11-22,5,4.79,
INSERTABLE,11651,2025-11-23,5,3.449999999999999,
INSERTABLE,11652,2025-11-24,4,3.5699999999999985,
INSERTABLE,11653,2025-11-25,2.1,1.8100000000000003,
INSERTABLE,11654,2025-11-26,3.4,3.4499999999999993,
INSERTABLE,11655,2025-11-27,4.9,5.210000000000001,
INSERTABLE,11656,2025-11-28,5.9,3.7999999999999994,
INSERTABLE,11657,2025-11-29,5.9,5.49,
INSERTABLE,11658,2025-11-30,5.9,5.490000000000001,
INSERTABLE,11659,2025-12-01,6.2,5.470000000000001,
INSERTABLE,11660,2025-12-02,6.6,5.86,
INSERTABLE,11661,2025-12-03,7,5.74,
INSERTABLE,11662,2025-12-04,3.3,1.5000000000000004,
INSERTABLE,11663,2025-12-05,5.4,5.220000000000001,
INSERTABLE,11664,2025-12-06,5.4,0.6300000000000001,
INSERTABLE,11665,2025-12-07,5.4,4.310000000000001,
INSERTABLE,11666,2025-12-08,5.4,5.7,
INSERTABLE,11667,2025-12-09,2.8,2.099999999999999,
INSERTABLE,11668,2025-12-10,2.1,1.2300000000000002,
INSERTABLE,11669,2025-12-11,1.3,1.2700000000000002,
INSERTABLE,11670,2025-12-12,2.73,2.989999999999999,
INSERTABLE,11671,2025-12-13,2.73,2.589999999999999,
INSERTABLE,11672,2025-12-14,2.73,2.0599999999999996,
INSERTABLE,11673,2025-12-15,6.9,6.1000000000000005,
INSERTABLE,11674,2025-12-16,7.6,6.380000000000001,
INSERTABLE,11675,2025-12-17,6.7,4.630000000000001,
INSERTABLE,11676,2025-12-18,6.1,5.420000000000001,
INSERTABLE,11677,2025-12-19,5.86,4.560000000000001,
INSERTABLE,11678,2025-12-20,5.86,4.170000000000002,
INSERTABLE,11679,2025-12-21,5.86,4.430000000000001,
INSERTABLE,11680,2025-12-22,6.1,5.690000000000001,
INSERTABLE,11681,2025-12-23,7.2,6.210000000000001,
INSERTABLE,11682,2025-12-24,8.65,5.850000000000001,
INSERTABLE,11683,2025-12-25,8.65,5.3900000000000015,
INSERTABLE,11684,2025-12-26,6.96,4.750000000000001,
INSERTABLE,11685,2025-12-27,6.96,5.900000000000001,
INSERTABLE,11686,2025-12-28,6.96,5.69,
INSERTABLE,11687,2025-12-29,6.6,5.410000000000001,
INSERTABLE,11688,2025-12-30,6.3,5.400000000000002,
INSERTABLE,11689,2025-12-31,8.1,5.180000000000002,
INSERTABLE,11690,2026-01-01,8.1,4.6400000000000015,
INSERTABLE,11691,2026-01-02,3,2.9999999999999996,
INSERTABLE,11692,2026-01-03,3,3.1499999999999986,
INSERTABLE,11693,2026-01-04,3,1.9100000000000004,
INSERTABLE,11694,2026-01-05,1.9,1.5600000000000005,
INSERTABLE,11695,2026-01-06,5.9,4.730000000000001,
INSERTABLE,11696,2026-01-07,6.1,5.410000000000001,
INSERTABLE,11697,2026-01-08,2.2,2.1899999999999986,
INSERTABLE,11698,2026-01-09,5.5,5.490000000000001,
INSERTABLE,11699,2026-01-10,5.1,5.090000000000002,
INSERTABLE,11700,2026-01-11,5.35,5.350000000000001,
INSERTABLE,11701,2026-01-12,5,5.020000000000001,
INSERTABLE,11702,2026-01-13,5.81,5.810000000000001,
INSERTABLE,11703,2026-01-14,5.36,5.360000000000002,
INSERTABLE,11704,2026-01-15,6.9,5.620000000000001,
INSERTABLE,11705,2026-01-16,7.33,5.880000000000001,
INSERTABLE,11706,2026-01-17,7.33,5.7700000000000005,
INSERTABLE,11707,2026-01-18,7.33,5.1400000000000015,
INSERTABLE,11708,2026-01-19,4.6,4.94,
INSERTABLE,11709,2026-01-20,3.4,3.7499999999999996,
INSERTABLE,11710,2026-01-21,4.2,2.759999999999999,
INSERTABLE,11711,2026-01-22,5.9,5.150000000000002,
INSERTABLE,11712,2026-01-23,3.933,5.210000000000002,
INSERTABLE,11713,2026-01-24,3.933,4.79,
INSERTABLE,11714,2026-01-25,3.933,2.3099999999999987,
INSERTABLE,11715,2026-01-26,5.3,5.250000000000002,
INSERTABLE,11716,2026-01-27,6.4,5.1400000000000015,
INSERTABLE,11717,2026-01-28,7.1,5.330000000000001,
INSERTABLE,11718,2026-01-29,6,4.860000000000001,
INSERTABLE,11719,2026-01-30,4.1,4.790000000000002,
INSERTABLE,11720,2026-01-31,4.1,2.509999999999999,
INSERTABLE,11721,2026-02-01,4.1,3.899999999999999,
INSERTABLE,11722,2026-02-02,4.6,3.829999999999999,
INSERTABLE,11723,2026-02-03,5.7,2.3000000000000003,
INSERTABLE,11724,2026-02-04,7.1,5.830000000000001,
INSERTABLE,11725,2026-02-05,7.3,6.07,
INSERTABLE,11726,2026-02-06,7.133,5.230000000000001,
INSERTABLE,11727,2026-02-07,7.133,5.130000000000002,
INSERTABLE,11728,2026-02-08,7.133,5.730000000000001,
INSERTABLE,11729,2026-02-09,6.2,5.800000000000002,
INSERTABLE,11730,2026-02-10,6.3,5.810000000000002,
INSERTABLE,11731,2026-02-11,6.1,5.11,
INSERTABLE,11732,2026-02-12,6.5,4.620000000000001,
INSERTABLE,11733,2026-02-13,7.4,4.73,
INSERTABLE,11734,2026-02-14,7.4,4.3100000000000005,
INSERTABLE,11735,2026-02-15,7.4,4.049999999999999,
INSERTABLE,11736,2026-02-16,6.8,4.229999999999999,
INSERTABLE,11737,2026-02-17,7.2,4.730000000000002,
INSERTABLE,11738,2026-02-18,7.3,5.100000000000002,
INSERTABLE,11739,2026-02-19,7,4.960000000000002,
INSERTABLE,11740,2026-02-20,4.4,4.980000000000001,
INSERTABLE,11741,2026-02-21,4.4,4.9,
INSERTABLE,11742,2026-02-22,4.4,4.600000000000001,
INSERTABLE,11743,2026-02-23,3.6,4.950000000000002,
INSERTABLE,11744,2026-02-24,4,4.740000000000003,
INSERTABLE,11745,2026-02-25,5,4.3199999999999985,
INSERTABLE,11746,2026-02-26,5.5,4.119999999999999,
INSERTABLE,11747,2026-02-27,5.77,2.2300000000000004,
INSERTABLE,11748,2026-02-28,5.77,3.689999999999999,
INSERTABLE,11749,2026-03-01,5.766,4.700000000000002,
INSERTABLE,11750,2026-03-02,4.5,4.670000000000002,
INSERTABLE,11751,2026-03-03,6,4.259999999999999,
INSERTABLE,11752,2026-03-04,5,4.550000000000001,
INSERTABLE,11753,2026-03-05,5.1,3.8799999999999994,
INSERTABLE,11754,2026-03-06,3.66,3.829999999999999,
INSERTABLE,11755,2026-03-07,3.66,4.37,
INSERTABLE,11756,2026-03-08,3.66,3.399999999999998,
INSERTABLE,11757,2026-03-09,5.1,4.089999999999999,
INSERTABLE,11758,2026-03-10,6.3,3.879999999999999,
INSERTABLE,11759,2026-03-11,5.4,3.7199999999999993,
INSERTABLE,11760,2026-03-12,6,1.5000000000000002,
INSERTABLE,11761,2026-03-13,4.5,3.259999999999999,
INSERTABLE,11762,2026-03-14,4.5,1.8000000000000003,
INSERTABLE,11763,2026-03-15,4.5,4.1099999999999985,
INSERTABLE,11764,2026-03-16,4,3.759999999999999,
INSERTABLE,11765,2026-03-17,5.1,3.729999999999999,
INSERTABLE,11766,2026-03-18,5.1,3.5999999999999988,
INSERTABLE,11767,2026-03-19,5,3.379999999999999,
INSERTABLE,11768,2026-03-20,2,3.479999999999999,
INSERTABLE,11769,2026-03-21,2,3.759999999999999,
INSERTABLE,11770,2026-03-22,2,3.499999999999999,
INSERTABLE,11771,2026-03-23,2.6,3.499999999999999,
INSERTABLE,11772,2026-03-24,3,3.4199999999999986,
INSERTABLE,11773,2026-03-25,3.1,3.4999999999999987,
INSERTABLE,11774,2026-03-26,2.5,3.9499999999999984,
INSERTABLE,11775,2026-03-27,3.23,3.429999999999999,
INSERTABLE,11776,2026-03-28,3.23,3.1599999999999993,
INSERTABLE,11777,2026-03-29,3.23,3.2299999999999995,
INSERTABLE,11778,2026-03-30,3.4,3.359999999999999,
INSERTABLE,11779,2026-03-31,3.1,2.719999999999999,
INSERTABLE,11780,2026-04-01,3.6,2.209999999999999,
INSERTABLE,11781,2026-04-02,2.9,1.45,
INSERTABLE,11782,2026-04-03,2.9,2.969999999999999,
INSERTABLE,11783,2026-04-04,2.9,2.789999999999999,
INSERTABLE,11784,2026-04-05,2.9,2.3499999999999988,
INSERTABLE,11785,2026-04-06,2.8,1.75,
INSERTABLE,11786,2026-04-07,3,3.0599999999999987,
INSERTABLE,11787,2026-04-08,2.6,2.2300000000000004,
INSERTABLE,11788,2026-04-09,1.8,2.25,
INSERTABLE,11789,2026-04-10,1.266,2.779999999999999,
INSERTABLE,11790,2026-04-11,1.266,2.609999999999999,
INSERTABLE,11791,2026-04-12,1.266,1.5300000000000002,
INSERTABLE,11792,2026-04-13,1.8,2.549999999999999,
INSERTABLE,11793,2026-04-14,2.5,2.7599999999999985,
INSERTABLE,11794,2026-04-15,3.1,2.8499999999999988,
INSERTABLE,11795,2026-04-16,2.9,2.5899999999999985,
INSERTABLE,11796,2026-04-17,3,3.019999999999998,
INSERTABLE,11797,2026-04-18,3,3.2199999999999975,
INSERTABLE,11798,2026-04-19,3,2.7699999999999974,
INSERTABLE,11799,2026-04-20,3,2.6199999999999983,
INSERTABLE,11800,2026-04-21,1.8,2.2899999999999987,
INSERTABLE,11801,2026-04-22,2,1.4200000000000002,
INSERTABLE,11802,2026-04-23,2.3,1.96,
INSERTABLE,11803,2026-04-24,2.2,2.5899999999999985,
INSERTABLE,11804,2026-04-25,2.2,2.8399999999999976,
INSERTABLE,11805,2026-04-26,2.2,2.439999999999999,
INSERTABLE,11806,2026-04-27,2.3,2.0700000000000003,
INSERTABLE,11807,2026-04-28,1.9666666666666663,1.0600000000000003,
INSERTABLE,11808,2026-04-29,2.0258620689655173,2.1400000000000006,
INSERTABLE,11809,2026-04-30,2.141722222222223,2.4599999999999995,
INSERTABLE,11810,2026-05-01,2.1995000000000005,2.29,
INSERTABLE,11811,2026-05-02,2.0436021505376347,2.2599999999999993,
INSERTABLE,11812,2026-05-03,2.2077956989247314,1.47,
INSERTABLE,11813,2026-05-04,2.1021505376344094,,
INSERTABLE,11814,2026-05-05,1.8044444444444445,,
INSERTABLE,11815,2026-05-06,1.6561111111111113,,
INSERTABLE,11816,2026-05-07,1.7321428571428572,,
INSERTABLE,11817,2026-05-08,1.6972222222222222,,
INSERTABLE,11818,2026-05-09,1.6075268817204302,,
INSERTABLE,11819,2026-05-10,1.6135632183908049,,
INSERTABLE,11820,2026-05-11,1.6560919540229886,,
INSERTABLE,11821,2026-05-12,1.57494623655914,,
INSERTABLE,11822,2026-05-13,1.6698888888888888,0.93,
INSERTABLE,11823,2026-05-14,1.4654444444444445,1.5800000000000003,
INSERTABLE,11824,2026-05-15,1.2855555555555556,1.82,
INSERTABLE,11825,2026-05-16,1.4088888888888893,1.9500000000000002,
INSERTABLE,11826,2026-05-17,1.460919540229885,2.3699999999999997,
INSERTABLE,11827,2026-05-18,1.4025862068965518,2.35,
INSERTABLE,11828,2026-05-19,1.3280555555555558,2.12,
INSERTABLE,11829,2026-05-20,1.3523809523809522,1.3,
INSERTABLE,11830,2026-05-21,1.2898809523809522,1.3600000000000003,
INSERTABLE,11831,2026-05-22,1.38125,1.15,
INSERTABLE,11832,2026-05-23,1.470833333333333,1.3800000000000003,
INSERTABLE,11833,2026-05-24,1.269777777777778,0.8300000000000001,
INSERTABLE,11834,2026-05-25,1.2475555555555558,1.1600000000000001,
INSERTABLE,11835,2026-05-26,1.0740000000000005,2.43,
INSERTABLE,11836,2026-05-27,1.2789285714285714,2.25,
INSERTABLE,11837,2026-05-28,0.9203333333333336,1.61,
INSERTABLE,11838,2026-05-29,1.0327380952380951,1.95,
INSERTABLE,11839,2026-05-30,1.3722222222222225,1.8900000000000001,
INSERTABLE,11840,2026-05-31,1.1895833333333334,1.3800000000000001,
INSERTABLE,11841,2026-06-01,0.9,1.08,
INSERTABLE,11842,2026-06-02,0.7,1.1500000000000001,
INSERTABLE,11843,2026-06-03,0.6,1.2400000000000002,
INSERTABLE,11844,2026-06-04,1,1.5000000000000002,
INSERTABLE,11845,2026-06-05,1.66,1.66,
INSERTABLE,11846,2026-06-06,1.12,1.12,
INSERTABLE,11847,2026-06-07,1.71,1.71,
INSERTABLE,11848,2026-06-08,1.79,1.79,
INSERTABLE,11849,2026-06-09,1.1500000000000001,1.1500000000000001,
INSERTABLE,11850,2026-06-10,0.3800000000000001,0.3800000000000001,
INSERTABLE,11851,2026-06-11,0.86,0.86,
INSERTABLE,11852,2026-06-12,1.7,1.7,
INSERTABLE,11853,2026-06-13,1.4,1.4,
INSERTABLE,11854,2026-06-14,1.7600000000000002,1.7600000000000002,
INSERTABLE,11855,2026-06-15,1.25,1.25,
INSERTABLE,11856,2026-06-16,1.0200000000000002,1.0200000000000002,
INSERTABLE,11857,2026-06-17,0.39,0.39,
INSERTABLE,11858,2026-06-18,0.7,,
INSERTABLE,11859,2026-06-19,0.2,,
INSERTABLE,11860,2026-06-20,0.7,,
INSERTABLE,11861,2026-06-21,1.233,,
INSERTABLE,11862,2026-06-22,1.233,,
INSERTABLE,11863,2026-06-23,1.233,,
INSERTABLE,11864,2026-06-24,1.6,,
INSERTABLE,11865,2026-06-25,1.7,,
OMITIDA,17,1994-01-16,,,fecha o evaporacion vacia
OMITIDA,143,1994-05-22,,,fecha o evaporacion vacia
OMITIDA,144,1994-05-23,,,fecha o evaporacion vacia
OMITIDA,145,1994-05-24,,,fecha o evaporacion vacia
OMITIDA,146,1994-05-25,,,fecha o evaporacion vacia
OMITIDA,148,1994-05-27,,,fecha o evaporacion vacia
OMITIDA,149,1994-05-28,,,fecha o evaporacion vacia
OMITIDA,150,1994-05-29,,,fecha o evaporacion vacia
OMITIDA,181,1994-06-29,,,fecha o evaporacion vacia
OMITIDA,182,1994-06-30,,,fecha o evaporacion vacia
OMITIDA,237,1994-08-24,,,fecha o evaporacion vacia
OMITIDA,730,1995-12-30,,,fecha o evaporacion vacia
OMITIDA,731,1995-12-31,,,fecha o evaporacion vacia
OMITIDA,738,1996-01-07,,,fecha o evaporacion vacia
OMITIDA,752,1996-01-21,,,fecha o evaporacion vacia
OMITIDA,794,1996-03-03,,,fecha o evaporacion vacia
OMITIDA,822,1996-03-31,,,fecha o evaporacion vacia
OMITIDA,896,1996-06-13,,,fecha o evaporacion vacia
OMITIDA,902,1996-06-19,,,fecha o evaporacion vacia
OMITIDA,912,1996-06-29,,,fecha o evaporacion vacia
OMITIDA,913,1996-06-30,,,fecha o evaporacion vacia
OMITIDA,920,1996-07-07,,,fecha o evaporacion vacia
OMITIDA,948,1996-08-04,,,fecha o evaporacion vacia
OMITIDA,964,1996-08-20,,,fecha o evaporacion vacia
OMITIDA,965,1996-08-21,,,fecha o evaporacion vacia
OMITIDA,966,1996-08-22,,,fecha o evaporacion vacia
OMITIDA,967,1996-08-23,,,fecha o evaporacion vacia
OMITIDA,968,1996-08-24,,,fecha o evaporacion vacia
OMITIDA,969,1996-08-25,,,fecha o evaporacion vacia
OMITIDA,970,1996-08-26,,,fecha o evaporacion vacia
OMITIDA,1204,1997-04-17,,,fecha o evaporacion vacia
OMITIDA,1205,1997-04-18,,,fecha o evaporacion vacia
OMITIDA,1206,1997-04-19,,,fecha o evaporacion vacia
OMITIDA,1207,1997-04-20,,,fecha o evaporacion vacia
OMITIDA,1208,1997-04-21,,,fecha o evaporacion vacia
OMITIDA,1209,1997-04-22,,,fecha o evaporacion vacia
OMITIDA,1210,1997-04-23,,,fecha o evaporacion vacia
OMITIDA,1211,1997-04-24,,,fecha o evaporacion vacia
OMITIDA,1212,1997-04-25,,,fecha o evaporacion vacia
OMITIDA,1213,1997-04-26,,,fecha o evaporacion vacia
OMITIDA,1214,1997-04-27,,,fecha o evaporacion vacia
OMITIDA,1215,1997-04-28,,,fecha o evaporacion vacia
OMITIDA,1216,1997-04-29,,,fecha o evaporacion vacia
OMITIDA,1217,1997-04-30,,,fecha o evaporacion vacia
OMITIDA,1218,1997-05-01,,,fecha o evaporacion vacia
OMITIDA,1219,1997-05-02,,,fecha o evaporacion vacia
OMITIDA,1220,1997-05-03,,,fecha o evaporacion vacia
OMITIDA,1221,1997-05-04,,,fecha o evaporacion vacia
OMITIDA,1222,1997-05-05,,,fecha o evaporacion vacia
OMITIDA,1223,1997-05-06,,,fecha o evaporacion vacia
OMITIDA,1224,1997-05-07,,,fecha o evaporacion vacia
OMITIDA,1225,1997-05-08,,,fecha o evaporacion vacia
OMITIDA,1226,1997-05-09,,,fecha o evaporacion vacia
OMITIDA,1227,1997-05-10,,,fecha o evaporacion vacia
OMITIDA,1228,1997-05-11,,,fecha o evaporacion vacia
OMITIDA,1229,1997-05-12,,,fecha o evaporacion vacia
OMITIDA,1230,1997-05-13,,,fecha o evaporacion vacia
OMITIDA,1231,1997-05-14,,,fecha o evaporacion vacia
OMITIDA,1232,1997-05-15,,,fecha o evaporacion vacia
OMITIDA,1233,1997-05-16,,,fecha o evaporacion vacia
OMITIDA,1234,1997-05-17,,,fecha o evaporacion vacia
OMITIDA,1235,1997-05-18,,,fecha o evaporacion vacia
OMITIDA,1236,1997-05-19,,,fecha o evaporacion vacia
OMITIDA,1237,1997-05-20,,,fecha o evaporacion vacia
OMITIDA,1238,1997-05-21,,,fecha o evaporacion vacia
OMITIDA,1239,1997-05-22,,,fecha o evaporacion vacia
OMITIDA,1246,1997-05-29,,,fecha o evaporacion vacia
OMITIDA,1247,1997-05-30,,,fecha o evaporacion vacia
OMITIDA,1263,1997-06-15,,,fecha o evaporacion vacia
OMITIDA,1268,1997-06-20,,,fecha o evaporacion vacia
OMITIDA,1269,1997-06-21,,,fecha o evaporacion vacia
OMITIDA,1270,1997-06-22,,,fecha o evaporacion vacia
OMITIDA,1271,1997-06-23,,,fecha o evaporacion vacia
OMITIDA,1325,1997-08-16,,,fecha o evaporacion vacia
OMITIDA,1326,1997-08-17,,,fecha o evaporacion vacia
OMITIDA,1340,1997-08-31,,,fecha o evaporacion vacia
OMITIDA,1346,1997-09-06,,,fecha o evaporacion vacia
OMITIDA,1356,1997-09-16,,,fecha o evaporacion vacia
OMITIDA,1357,1997-09-17,,,fecha o evaporacion vacia
OMITIDA,1358,1997-09-18,,,fecha o evaporacion vacia
OMITIDA,1359,1997-09-19,,,fecha o evaporacion vacia
OMITIDA,1360,1997-09-20,,,fecha o evaporacion vacia
OMITIDA,1361,1997-09-21,,,fecha o evaporacion vacia
OMITIDA,1375,1997-10-05,,,fecha o evaporacion vacia
OMITIDA,1452,1997-12-21,,,fecha o evaporacion vacia
OMITIDA,1515,1998-02-22,,,fecha o evaporacion vacia
OMITIDA,1562,1998-04-10,,,fecha o evaporacion vacia
OMITIDA,1563,1998-04-11,,,fecha o evaporacion vacia
OMITIDA,1564,1998-04-12,,,fecha o evaporacion vacia
OMITIDA,1592,1998-05-10,,,fecha o evaporacion vacia
OMITIDA,1624,1998-06-11,,,fecha o evaporacion vacia
OMITIDA,1625,1998-06-12,,,fecha o evaporacion vacia
OMITIDA,1626,1998-06-13,,,fecha o evaporacion vacia
OMITIDA,1627,1998-06-14,,,fecha o evaporacion vacia
OMITIDA,1628,1998-06-15,,,fecha o evaporacion vacia
OMITIDA,1629,1998-06-16,,,fecha o evaporacion vacia
OMITIDA,1630,1998-06-17,,,fecha o evaporacion vacia
OMITIDA,1631,1998-06-18,,,fecha o evaporacion vacia
OMITIDA,1632,1998-06-19,,,fecha o evaporacion vacia
OMITIDA,1633,1998-06-20,,,fecha o evaporacion vacia
OMITIDA,1634,1998-06-21,,,fecha o evaporacion vacia
OMITIDA,1635,1998-06-22,,,fecha o evaporacion vacia
OMITIDA,1636,1998-06-23,,,fecha o evaporacion vacia
OMITIDA,1637,1998-06-24,,,fecha o evaporacion vacia
OMITIDA,1638,1998-06-25,,,fecha o evaporacion vacia
OMITIDA,1639,1998-06-26,,,fecha o evaporacion vacia
OMITIDA,1640,1998-06-27,,,fecha o evaporacion vacia
OMITIDA,1641,1998-06-28,,,fecha o evaporacion vacia
OMITIDA,1642,1998-06-29,,,fecha o evaporacion vacia
OMITIDA,1643,1998-06-30,,,fecha o evaporacion vacia
OMITIDA,1644,1998-07-01,,,fecha o evaporacion vacia
OMITIDA,1645,1998-07-02,,,fecha o evaporacion vacia
OMITIDA,1646,1998-07-03,,,fecha o evaporacion vacia
OMITIDA,1647,1998-07-04,,,fecha o evaporacion vacia
OMITIDA,1648,1998-07-05,,,fecha o evaporacion vacia
OMITIDA,1649,1998-07-06,,,fecha o evaporacion vacia
OMITIDA,1650,1998-07-07,,,fecha o evaporacion vacia
OMITIDA,1651,1998-07-08,,,fecha o evaporacion vacia
OMITIDA,1652,1998-07-09,,,fecha o evaporacion vacia
OMITIDA,1653,1998-07-10,,,fecha o evaporacion vacia
OMITIDA,1654,1998-07-11,,,fecha o evaporacion vacia
OMITIDA,1655,1998-07-12,,,fecha o evaporacion vacia
OMITIDA,1656,1998-07-13,,,fecha o evaporacion vacia
OMITIDA,1657,1998-07-14,,,fecha o evaporacion vacia
OMITIDA,1658,1998-07-15,,,fecha o evaporacion vacia
OMITIDA,1659,1998-07-16,,,fecha o evaporacion vacia
OMITIDA,1660,1998-07-17,,,fecha o evaporacion vacia
OMITIDA,1661,1998-07-18,,,fecha o evaporacion vacia
OMITIDA,1662,1998-07-19,,,fecha o evaporacion vacia
OMITIDA,1663,1998-07-20,,,fecha o evaporacion vacia
OMITIDA,1664,1998-07-21,,,fecha o evaporacion vacia
OMITIDA,1665,1998-07-22,,,fecha o evaporacion vacia
OMITIDA,1666,1998-07-23,,,fecha o evaporacion vacia
OMITIDA,1667,1998-07-24,,,fecha o evaporacion vacia
OMITIDA,1668,1998-07-25,,,fecha o evaporacion vacia
OMITIDA,1669,1998-07-26,,,fecha o evaporacion vacia
OMITIDA,1670,1998-07-27,,,fecha o evaporacion vacia
OMITIDA,1671,1998-07-28,,,fecha o evaporacion vacia
OMITIDA,1672,1998-07-29,,,fecha o evaporacion vacia
OMITIDA,1673,1998-07-30,,,fecha o evaporacion vacia
OMITIDA,1674,1998-07-31,,,fecha o evaporacion vacia
OMITIDA,1675,1998-08-01,,,fecha o evaporacion vacia
OMITIDA,1676,1998-08-02,,,fecha o evaporacion vacia
OMITIDA,1677,1998-08-03,,,fecha o evaporacion vacia
OMITIDA,1678,1998-08-04,,,fecha o evaporacion vacia
OMITIDA,1679,1998-08-05,,,fecha o evaporacion vacia
OMITIDA,1680,1998-08-06,,,fecha o evaporacion vacia
OMITIDA,1681,1998-08-07,,,fecha o evaporacion vacia
OMITIDA,1682,1998-08-08,,,fecha o evaporacion vacia
OMITIDA,1683,1998-08-09,,,fecha o evaporacion vacia
OMITIDA,1684,1998-08-10,,,fecha o evaporacion vacia
OMITIDA,1685,1998-08-11,,,fecha o evaporacion vacia
OMITIDA,1686,1998-08-12,,,fecha o evaporacion vacia
OMITIDA,1687,1998-08-13,,,fecha o evaporacion vacia
OMITIDA,1688,1998-08-14,,,fecha o evaporacion vacia
OMITIDA,1689,1998-08-15,,,fecha o evaporacion vacia
OMITIDA,1690,1998-08-16,,,fecha o evaporacion vacia
OMITIDA,1691,1998-08-17,,,fecha o evaporacion vacia
OMITIDA,1942,1999-04-25,,,fecha o evaporacion vacia
OMITIDA,1946,1999-04-29,,,fecha o evaporacion vacia
OMITIDA,2131,1999-10-31,,,fecha o evaporacion vacia
OMITIDA,2870,2001-11-08,,,fecha o evaporacion vacia
OMITIDA,2871,2001-11-09,,,fecha o evaporacion vacia
OMITIDA,2872,2001-11-10,,,fecha o evaporacion vacia
OMITIDA,2873,2001-11-11,,,fecha o evaporacion vacia
OMITIDA,2874,2001-11-12,,,fecha o evaporacion vacia
OMITIDA,2875,2001-11-13,,,fecha o evaporacion vacia
OMITIDA,2876,2001-11-14,,,fecha o evaporacion vacia
OMITIDA,2877,2001-11-15,,,fecha o evaporacion vacia
OMITIDA,2878,2001-11-16,,,fecha o evaporacion vacia
OMITIDA,2879,2001-11-17,,,fecha o evaporacion vacia
OMITIDA,2880,2001-11-18,,,fecha o evaporacion vacia
OMITIDA,2881,2001-11-19,,,fecha o evaporacion vacia
OMITIDA,2882,2001-11-20,,,fecha o evaporacion vacia
OMITIDA,2883,2001-11-21,,,fecha o evaporacion vacia
OMITIDA,2884,2001-11-22,,,fecha o evaporacion vacia
OMITIDA,2885,2001-11-23,,,fecha o evaporacion vacia
OMITIDA,2886,2001-11-24,,,fecha o evaporacion vacia
OMITIDA,2887,2001-11-25,,,fecha o evaporacion vacia
OMITIDA,2888,2001-11-26,,,fecha o evaporacion vacia
OMITIDA,2889,2001-11-27,,,fecha o evaporacion vacia
OMITIDA,2890,2001-11-28,,,fecha o evaporacion vacia
OMITIDA,2891,2001-11-29,,,fecha o evaporacion vacia
OMITIDA,2892,2001-11-30,,,fecha o evaporacion vacia
OMITIDA,2893,2001-12-01,,,fecha o evaporacion vacia
OMITIDA,2894,2001-12-02,,,fecha o evaporacion vacia
OMITIDA,2895,2001-12-03,,,fecha o evaporacion vacia
OMITIDA,2896,2001-12-04,,,fecha o evaporacion vacia
OMITIDA,2897,2001-12-05,,,fecha o evaporacion vacia
OMITIDA,2898,2001-12-06,,,fecha o evaporacion vacia
OMITIDA,2899,2001-12-07,,,fecha o evaporacion vacia
OMITIDA,2900,2001-12-08,,,fecha o evaporacion vacia
OMITIDA,2901,2001-12-09,,,fecha o evaporacion vacia
OMITIDA,2902,2001-12-10,,,fecha o evaporacion vacia
OMITIDA,2903,2001-12-11,,,fecha o evaporacion vacia
OMITIDA,2904,2001-12-12,,,fecha o evaporacion vacia
OMITIDA,2905,2001-12-13,,,fecha o evaporacion vacia
OMITIDA,2906,2001-12-14,,,fecha o evaporacion vacia
OMITIDA,2907,2001-12-15,,,fecha o evaporacion vacia
OMITIDA,2908,2001-12-16,,,fecha o evaporacion vacia
OMITIDA,2909,2001-12-17,,,fecha o evaporacion vacia
OMITIDA,2910,2001-12-18,,,fecha o evaporacion vacia
OMITIDA,2911,2001-12-19,,,fecha o evaporacion vacia
OMITIDA,2912,2001-12-20,,,fecha o evaporacion vacia
OMITIDA,2913,2001-12-21,,,fecha o evaporacion vacia
OMITIDA,2914,2001-12-22,,,fecha o evaporacion vacia
OMITIDA,2915,2001-12-23,,,fecha o evaporacion vacia
OMITIDA,2916,2001-12-24,,,fecha o evaporacion vacia
OMITIDA,2917,2001-12-25,,,fecha o evaporacion vacia
OMITIDA,2918,2001-12-26,,,fecha o evaporacion vacia
OMITIDA,2919,2001-12-27,,,fecha o evaporacion vacia
OMITIDA,2920,2001-12-28,,,fecha o evaporacion vacia
OMITIDA,2921,2001-12-29,,,fecha o evaporacion vacia
OMITIDA,2922,2001-12-30,,,fecha o evaporacion vacia
OMITIDA,2923,2001-12-31,,,fecha o evaporacion vacia
OMITIDA,4280,2005-09-18,,,fecha o evaporacion vacia
OMITIDA,4744,2006-12-26,,,fecha o evaporacion vacia
OMITIDA,4757,2007-01-08,,,fecha o evaporacion vacia
OMITIDA,5870,2010-01-25,,,fecha o evaporacion vacia
OMITIDA,5871,2010-01-26,,,fecha o evaporacion vacia
OMITIDA,5872,2010-01-27,,,fecha o evaporacion vacia
OMITIDA,5873,2010-01-28,,,fecha o evaporacion vacia
OMITIDA,5902,2010-02-26,,,fecha o evaporacion vacia
OMITIDA,6031,2010-07-05,,,fecha o evaporacion vacia
OMITIDA,6032,2010-07-06,,,fecha o evaporacion vacia
OMITIDA,6042,2010-07-16,,,fecha o evaporacion vacia
OMITIDA,6043,2010-07-17,,,fecha o evaporacion vacia
OMITIDA,6044,2010-07-18,,,fecha o evaporacion vacia
OMITIDA,6049,2010-07-23,,,fecha o evaporacion vacia
OMITIDA,6050,2010-07-24,,,fecha o evaporacion vacia
OMITIDA,6051,2010-07-25,,,fecha o evaporacion vacia
OMITIDA,6721,2012-05-25,,,fecha o evaporacion vacia
OMITIDA,6722,2012-05-26,,,fecha o evaporacion vacia
OMITIDA,6723,2012-05-27,,,fecha o evaporacion vacia
OMITIDA,6739,2012-06-12,,,fecha o evaporacion vacia
OMITIDA,6740,2012-06-13,,,fecha o evaporacion vacia
OMITIDA,6742,2012-06-15,,,fecha o evaporacion vacia
OMITIDA,6743,2012-06-16,,,fecha o evaporacion vacia
OMITIDA,6744,2012-06-17,,,fecha o evaporacion vacia
OMITIDA,6747,2012-06-20,,,fecha o evaporacion vacia
OMITIDA,6755,2012-06-28,,,fecha o evaporacion vacia
OMITIDA,6791,2012-08-03,,,fecha o evaporacion vacia
OMITIDA,6802,2012-08-14,,,fecha o evaporacion vacia
OMITIDA,6803,2012-08-15,,,fecha o evaporacion vacia
OMITIDA,6804,2012-08-16,,,fecha o evaporacion vacia
OMITIDA,6810,2012-08-22,,,fecha o evaporacion vacia
OMITIDA,6929,2012-12-19,,,fecha o evaporacion vacia
OMITIDA,7122,2013-06-30,,,fecha o evaporacion vacia
OMITIDA,7127,2013-07-05,,,fecha o evaporacion vacia
OMITIDA,7128,2013-07-06,,,fecha o evaporacion vacia
OMITIDA,7129,2013-07-07,,,fecha o evaporacion vacia
OMITIDA,7183,2013-08-30,,,fecha o evaporacion vacia
OMITIDA,7888,2015-08-05,,,fecha o evaporacion vacia
OMITIDA,7889,2015-08-06,,,fecha o evaporacion vacia
OMITIDA,7890,2015-08-07,,,fecha o evaporacion vacia
OMITIDA,7891,2015-08-08,,,fecha o evaporacion vacia
OMITIDA,7892,2015-08-09,,,fecha o evaporacion vacia
OMITIDA,7920,2015-09-06,,,fecha o evaporacion vacia
OMITIDA,7921,2015-09-07,,,fecha o evaporacion vacia
OMITIDA,7922,2015-09-08,,,fecha o evaporacion vacia
OMITIDA,7957,2015-10-13,,,fecha o evaporacion vacia
OMITIDA,7958,2015-10-14,,,fecha o evaporacion vacia
OMITIDA,7963,2015-10-19,,,fecha o evaporacion vacia
OMITIDA,8141,2016-04-14,,,fecha o evaporacion vacia
OMITIDA,8142,2016-04-15,,,fecha o evaporacion vacia
OMITIDA,8143,2016-04-16,,,fecha o evaporacion vacia
OMITIDA,8144,2016-04-17,,,fecha o evaporacion vacia
OMITIDA,8149,2016-04-22,,,fecha o evaporacion vacia
OMITIDA,8150,2016-04-23,,,fecha o evaporacion vacia
OMITIDA,8151,2016-04-24,,,fecha o evaporacion vacia
OMITIDA,8168,2016-05-11,,,fecha o evaporacion vacia
OMITIDA,8170,2016-05-13,,,fecha o evaporacion vacia
OMITIDA,8171,2016-05-14,,,fecha o evaporacion vacia
OMITIDA,8172,2016-05-15,,,fecha o evaporacion vacia
OMITIDA,8177,2016-05-20,,,fecha o evaporacion vacia
OMITIDA,8178,2016-05-21,,,fecha o evaporacion vacia
OMITIDA,8179,2016-05-22,,,fecha o evaporacion vacia
OMITIDA,8184,2016-05-27,,,fecha o evaporacion vacia
OMITIDA,8185,2016-05-28,,,fecha o evaporacion vacia
OMITIDA,8186,2016-05-29,,,fecha o evaporacion vacia
OMITIDA,8190,2016-06-02,,,fecha o evaporacion vacia
OMITIDA,8191,2016-06-03,,,fecha o evaporacion vacia
OMITIDA,8192,2016-06-04,,,fecha o evaporacion vacia
OMITIDA,8193,2016-06-05,,,fecha o evaporacion vacia
OMITIDA,8226,2016-07-08,,,fecha o evaporacion vacia
OMITIDA,8227,2016-07-09,,,fecha o evaporacion vacia
OMITIDA,8228,2016-07-10,,,fecha o evaporacion vacia
OMITIDA,8229,2016-07-11,,,fecha o evaporacion vacia
OMITIDA,8230,2016-07-12,,,fecha o evaporacion vacia
OMITIDA,8231,2016-07-13,,,fecha o evaporacion vacia
OMITIDA,8240,2016-07-22,,,fecha o evaporacion vacia
OMITIDA,8241,2016-07-23,,,fecha o evaporacion vacia
OMITIDA,8242,2016-07-24,,,fecha o evaporacion vacia
OMITIDA,8243,2016-07-25,,,fecha o evaporacion vacia
OMITIDA,8379,2016-12-08,,,fecha o evaporacion vacia
OMITIDA,8457,2017-02-24,,,fecha o evaporacion vacia
OMITIDA,8458,2017-02-25,,,fecha o evaporacion vacia
OMITIDA,8459,2017-02-26,,,fecha o evaporacion vacia
OMITIDA,8527,2017-05-05,,,fecha o evaporacion vacia
OMITIDA,8528,2017-05-06,,,fecha o evaporacion vacia
OMITIDA,8529,2017-05-07,,,fecha o evaporacion vacia
OMITIDA,8532,2017-05-10,,,fecha o evaporacion vacia
OMITIDA,8533,2017-05-11,,,fecha o evaporacion vacia
OMITIDA,8539,2017-05-17,,,fecha o evaporacion vacia
OMITIDA,8540,2017-05-18,,,fecha o evaporacion vacia
OMITIDA,8546,2017-05-24,,,fecha o evaporacion vacia
OMITIDA,8560,2017-06-07,,,fecha o evaporacion vacia
OMITIDA,8568,2017-06-15,,,fecha o evaporacion vacia
OMITIDA,8569,2017-06-16,,,fecha o evaporacion vacia
OMITIDA,8570,2017-06-17,,,fecha o evaporacion vacia
OMITIDA,8571,2017-06-18,,,fecha o evaporacion vacia
OMITIDA,8575,2017-06-22,,,fecha o evaporacion vacia
OMITIDA,8579,2017-06-26,,,fecha o evaporacion vacia
OMITIDA,8586,2017-07-03,,,fecha o evaporacion vacia
OMITIDA,8587,2017-07-04,,,fecha o evaporacion vacia
OMITIDA,8594,2017-07-11,,,fecha o evaporacion vacia
OMITIDA,8597,2017-07-14,,,fecha o evaporacion vacia
OMITIDA,8623,2017-08-09,,,fecha o evaporacion vacia
OMITIDA,8624,2017-08-10,,,fecha o evaporacion vacia
OMITIDA,8625,2017-08-11,,,fecha o evaporacion vacia
OMITIDA,8632,2017-08-18,,,fecha o evaporacion vacia
OMITIDA,8633,2017-08-19,,,fecha o evaporacion vacia
OMITIDA,8634,2017-08-20,,,fecha o evaporacion vacia
OMITIDA,8642,2017-08-28,,,fecha o evaporacion vacia
OMITIDA,8674,2017-09-29,,,fecha o evaporacion vacia
OMITIDA,8675,2017-09-30,,,fecha o evaporacion vacia
OMITIDA,8676,2017-10-01,,,fecha o evaporacion vacia
OMITIDA,8679,2017-10-04,,,fecha o evaporacion vacia
OMITIDA,8917,2018-05-30,,,fecha o evaporacion vacia
OMITIDA,8926,2018-06-08,,,fecha o evaporacion vacia
OMITIDA,8927,2018-06-09,,,fecha o evaporacion vacia
OMITIDA,8928,2018-06-10,,,fecha o evaporacion vacia
OMITIDA,8929,2018-06-11,,,fecha o evaporacion vacia
OMITIDA,8940,2018-06-22,,,fecha o evaporacion vacia
OMITIDA,8941,2018-06-23,,,fecha o evaporacion vacia
OMITIDA,8942,2018-06-24,,,fecha o evaporacion vacia
OMITIDA,8947,2018-06-29,,,fecha o evaporacion vacia
OMITIDA,8948,2018-06-30,,,fecha o evaporacion vacia
OMITIDA,8949,2018-07-01,,,fecha o evaporacion vacia
OMITIDA,8950,2018-07-02,,,fecha o evaporacion vacia
OMITIDA,8951,2018-07-03,,,fecha o evaporacion vacia
OMITIDA,8953,2018-07-05,,,fecha o evaporacion vacia
OMITIDA,8954,2018-07-06,,,fecha o evaporacion vacia
OMITIDA,8955,2018-07-07,,,fecha o evaporacion vacia
OMITIDA,8956,2018-07-08,,,fecha o evaporacion vacia
OMITIDA,8966,2018-07-18,,,fecha o evaporacion vacia
OMITIDA,8967,2018-07-19,,,fecha o evaporacion vacia
OMITIDA,8968,2018-07-20,,,fecha o evaporacion vacia
OMITIDA,8969,2018-07-21,,,fecha o evaporacion vacia
OMITIDA,8970,2018-07-22,,,fecha o evaporacion vacia
OMITIDA,8971,2018-07-23,,,fecha o evaporacion vacia
OMITIDA,8972,2018-07-24,,,fecha o evaporacion vacia
OMITIDA,8973,2018-07-25,,,fecha o evaporacion vacia
OMITIDA,8974,2018-07-26,,,fecha o evaporacion vacia
OMITIDA,8975,2018-07-27,,,fecha o evaporacion vacia
OMITIDA,8976,2018-07-28,,,fecha o evaporacion vacia
OMITIDA,8977,2018-07-29,,,fecha o evaporacion vacia
OMITIDA,8978,2018-07-30,,,fecha o evaporacion vacia
OMITIDA,8979,2018-07-31,,,fecha o evaporacion vacia
OMITIDA,8980,2018-08-01,,,fecha o evaporacion vacia
OMITIDA,8981,2018-08-02,,,fecha o evaporacion vacia
OMITIDA,8982,2018-08-03,,,fecha o evaporacion vacia
OMITIDA,8983,2018-08-04,,,fecha o evaporacion vacia
OMITIDA,8984,2018-08-05,,,fecha o evaporacion vacia
OMITIDA,8985,2018-08-06,,,fecha o evaporacion vacia
OMITIDA,8986,2018-08-07,,,fecha o evaporacion vacia
OMITIDA,8987,2018-08-08,,,fecha o evaporacion vacia
OMITIDA,8988,2018-08-09,,,fecha o evaporacion vacia
OMITIDA,8989,2018-08-10,,,fecha o evaporacion vacia
OMITIDA,8990,2018-08-11,,,fecha o evaporacion vacia
OMITIDA,8991,2018-08-12,,,fecha o evaporacion vacia
OMITIDA,8992,2018-08-13,,,fecha o evaporacion vacia
OMITIDA,8993,2018-08-14,,,fecha o evaporacion vacia
OMITIDA,8994,2018-08-15,,,fecha o evaporacion vacia
OMITIDA,8995,2018-08-16,,,fecha o evaporacion vacia
OMITIDA,8996,2018-08-17,,,fecha o evaporacion vacia
OMITIDA,8997,2018-08-18,,,fecha o evaporacion vacia
OMITIDA,8998,2018-08-19,,,fecha o evaporacion vacia
OMITIDA,9019,2018-09-09,,,fecha o evaporacion vacia
OMITIDA,9028,2018-09-18,,,fecha o evaporacion vacia
OMITIDA,9029,2018-09-19,,,fecha o evaporacion vacia
OMITIDA,9221,2019-03-30,,,fecha o evaporacion vacia
OMITIDA,9281,2019-05-29,,,fecha o evaporacion vacia
OMITIDA,9295,2019-06-12,,,fecha o evaporacion vacia
OMITIDA,9296,2019-06-13,,,fecha o evaporacion vacia
OMITIDA,9300,2019-06-17,,,fecha o evaporacion vacia
OMITIDA,9307,2019-06-24,,,fecha o evaporacion vacia
OMITIDA,9311,2019-06-28,,,fecha o evaporacion vacia
OMITIDA,9312,2019-06-29,,,fecha o evaporacion vacia
OMITIDA,9313,2019-06-30,,,fecha o evaporacion vacia
OMITIDA,9332,2019-07-19,,,fecha o evaporacion vacia
OMITIDA,9333,2019-07-20,,,fecha o evaporacion vacia
OMITIDA,9334,2019-07-21,,,fecha o evaporacion vacia
OMITIDA,9612,2020-04-24,,,fecha o evaporacion vacia
OMITIDA,9613,2020-04-25,,,fecha o evaporacion vacia
OMITIDA,9614,2020-04-26,,,fecha o evaporacion vacia
OMITIDA,9651,2020-06-02,,,fecha o evaporacion vacia
OMITIDA,9660,2020-06-11,,,fecha o evaporacion vacia
OMITIDA,9661,2020-06-12,,,fecha o evaporacion vacia
OMITIDA,9662,2020-06-13,,,fecha o evaporacion vacia
OMITIDA,9663,2020-06-14,,,fecha o evaporacion vacia
OMITIDA,9664,2020-06-15,,,fecha o evaporacion vacia
OMITIDA,9665,2020-06-16,,,fecha o evaporacion vacia
OMITIDA,9666,2020-06-17,,,fecha o evaporacion vacia
OMITIDA,9667,2020-06-18,,,fecha o evaporacion vacia
OMITIDA,9668,2020-06-19,,,fecha o evaporacion vacia
OMITIDA,9669,2020-06-20,,,fecha o evaporacion vacia
OMITIDA,9670,2020-06-21,,,fecha o evaporacion vacia
OMITIDA,9671,2020-06-22,,,fecha o evaporacion vacia
OMITIDA,9672,2020-06-23,,,fecha o evaporacion vacia
OMITIDA,9673,2020-06-24,,,fecha o evaporacion vacia
OMITIDA,9674,2020-06-25,,,fecha o evaporacion vacia
OMITIDA,9675,2020-06-26,,,fecha o evaporacion vacia
OMITIDA,9676,2020-06-27,,,fecha o evaporacion vacia
OMITIDA,9677,2020-06-28,,,fecha o evaporacion vacia
OMITIDA,9678,2020-06-29,,,fecha o evaporacion vacia
OMITIDA,9679,2020-06-30,,,fecha o evaporacion vacia
OMITIDA,9683,2020-07-04,,,fecha o evaporacion vacia
OMITIDA,9698,2020-07-19,,0,fecha o evaporacion vacia
OMITIDA,9699,2020-07-20,,0,fecha o evaporacion vacia
OMITIDA,9892,2021-01-29,,3.209999999999999,fecha o evaporacion vacia
OMITIDA,9894,2021-01-31,,4.01,fecha o evaporacion vacia
OMITIDA,9973,2021-04-20,,3.1999999999999993,fecha o evaporacion vacia
OMITIDA,10037,2021-06-23,,0.6500000000000001,fecha o evaporacion vacia
OMITIDA,10039,2021-06-25,,0.30000000000000004,fecha o evaporacion vacia
OMITIDA,10040,2021-06-26,,1.1400000000000001,fecha o evaporacion vacia
OMITIDA,10041,2021-06-27,,1.8900000000000003,fecha o evaporacion vacia
OMITIDA,10042,2021-06-28,,2.1699999999999995,fecha o evaporacion vacia
OMITIDA,10050,2021-07-06,,0.79,fecha o evaporacion vacia
OMITIDA,10069,2021-07-25,,2.2099999999999995,fecha o evaporacion vacia
OMITIDA,10094,2021-08-19,,1.6500000000000001,fecha o evaporacion vacia
OMITIDA,10095,2021-08-20,,2.559999999999999,fecha o evaporacion vacia
OMITIDA,10096,2021-08-21,,1.28,fecha o evaporacion vacia
OMITIDA,10097,2021-08-22,,2.439999999999999,fecha o evaporacion vacia
OMITIDA,10106,2021-08-31,,3.0899999999999994,fecha o evaporacion vacia
OMITIDA,10116,2021-09-10,,2.9399999999999995,fecha o evaporacion vacia
OMITIDA,10344,2022-04-26,,1.3900000000000001,fecha o evaporacion vacia
OMITIDA,10381,2022-06-02,,1.11,fecha o evaporacion vacia
OMITIDA,10382,2022-06-03,,0.25,fecha o evaporacion vacia
OMITIDA,10384,2022-06-05,,2.0999999999999996,fecha o evaporacion vacia
OMITIDA,10401,2022-06-22,,,fecha o evaporacion vacia
OMITIDA,10402,2022-06-23,,,fecha o evaporacion vacia
OMITIDA,10405,2022-06-26,,,fecha o evaporacion vacia
OMITIDA,10406,2022-06-27,,,fecha o evaporacion vacia
OMITIDA,10407,2022-06-28,,,fecha o evaporacion vacia
OMITIDA,10408,2022-06-29,,,fecha o evaporacion vacia
OMITIDA,10409,2022-06-30,,,fecha o evaporacion vacia
OMITIDA,10410,2022-07-01,,,fecha o evaporacion vacia
OMITIDA,10416,2022-07-07,,,fecha o evaporacion vacia
OMITIDA,10417,2022-07-08,,,fecha o evaporacion vacia
OMITIDA,10418,2022-07-09,,,fecha o evaporacion vacia
OMITIDA,10419,2022-07-10,,,fecha o evaporacion vacia
OMITIDA,10422,2022-07-13,,,fecha o evaporacion vacia
OMITIDA,10423,2022-07-14,,,fecha o evaporacion vacia
OMITIDA,10424,2022-07-15,,,fecha o evaporacion vacia
OMITIDA,10425,2022-07-16,,,fecha o evaporacion vacia
OMITIDA,10426,2022-07-17,,,fecha o evaporacion vacia
OMITIDA,10444,2022-08-04,,2.11,fecha o evaporacion vacia
OMITIDA,10445,2022-08-05,,2.19,fecha o evaporacion vacia
OMITIDA,10446,2022-08-06,,0.8600000000000002,fecha o evaporacion vacia
OMITIDA,10447,2022-08-07,,1.03,fecha o evaporacion vacia
OMITIDA,10452,2022-08-12,,2.3199999999999994,fecha o evaporacion vacia
OMITIDA,10453,2022-08-13,,2.3799999999999994,fecha o evaporacion vacia
OMITIDA,10454,2022-08-14,,1.2800000000000002,fecha o evaporacion vacia
OMITIDA,10455,2022-08-15,,1.7300000000000002,fecha o evaporacion vacia
OMITIDA,10476,2022-09-05,,,fecha o evaporacion vacia
OMITIDA,10479,2022-09-08,,,fecha o evaporacion vacia
OMITIDA,10711,2023-04-28,,2.7499999999999987,fecha o evaporacion vacia
OMITIDA,10712,2023-04-29,,0.8,fecha o evaporacion vacia
OMITIDA,10713,2023-04-30,,2.01,fecha o evaporacion vacia
OMITIDA,10714,2023-05-01,,2.6899999999999995,fecha o evaporacion vacia
OMITIDA,10732,2023-05-19,,2.229999999999999,fecha o evaporacion vacia
OMITIDA,10733,2023-05-20,,1.78,fecha o evaporacion vacia
OMITIDA,10734,2023-05-21,,0.81,fecha o evaporacion vacia
OMITIDA,10752,2023-06-08,,1.35,fecha o evaporacion vacia
OMITIDA,10753,2023-06-09,,0.6500000000000001,fecha o evaporacion vacia
OMITIDA,10764,2023-06-20,,0.76,fecha o evaporacion vacia
OMITIDA,10765,2023-06-21,,0.5,fecha o evaporacion vacia
OMITIDA,10766,2023-06-22,,0.52,fecha o evaporacion vacia
OMITIDA,10767,2023-06-23,,0.27,fecha o evaporacion vacia
OMITIDA,10768,2023-06-24,,1.5400000000000003,fecha o evaporacion vacia
OMITIDA,10769,2023-06-25,,0.9400000000000001,fecha o evaporacion vacia
OMITIDA,10785,2023-07-11,,0.74,fecha o evaporacion vacia
OMITIDA,10786,2023-07-12,,0.73,fecha o evaporacion vacia
OMITIDA,10795,2023-07-21,,0.53,fecha o evaporacion vacia
OMITIDA,10796,2023-07-22,,0.7000000000000001,fecha o evaporacion vacia
OMITIDA,10797,2023-07-23,,1.09,fecha o evaporacion vacia
OMITIDA,10798,2023-07-24,,2.08,fecha o evaporacion vacia
OMITIDA,10815,2023-08-10,,1.5600000000000003,fecha o evaporacion vacia
OMITIDA,10824,2023-08-19,,0.54,fecha o evaporacion vacia
OMITIDA,10825,2023-08-20,,1.4000000000000001,fecha o evaporacion vacia
OMITIDA,10826,2023-08-21,,1.8800000000000001,fecha o evaporacion vacia
OMITIDA,10827,2023-08-22,,1.5899999999999999,fecha o evaporacion vacia
OMITIDA,10828,2023-08-23,,0.76,fecha o evaporacion vacia
OMITIDA,10842,2023-09-06,,0.3600000000000001,fecha o evaporacion vacia
OMITIDA,10844,2023-09-08,,2.6099999999999994,fecha o evaporacion vacia
OMITIDA,10845,2023-09-09,,1.7800000000000002,fecha o evaporacion vacia
OMITIDA,10846,2023-09-10,,0.7900000000000001,fecha o evaporacion vacia
OMITIDA,10897,2023-10-31,,5.240000000000001,fecha o evaporacion vacia
OMITIDA,10907,2023-11-10,,0.76,fecha o evaporacion vacia
OMITIDA,10908,2023-11-11,,1.5700000000000003,fecha o evaporacion vacia
OMITIDA,10909,2023-11-12,,1.52,fecha o evaporacion vacia
OMITIDA,11011,2024-02-22,,1.0499999999999998,fecha o evaporacion vacia
OMITIDA,11086,2024-05-07,,0.33000000000000007,fecha o evaporacion vacia
OMITIDA,11099,2024-05-20,,0.4500000000000002,fecha o evaporacion vacia
OMITIDA,11100,2024-05-21,,1.1400000000000001,fecha o evaporacion vacia
OMITIDA,11101,2024-05-22,,0.26,fecha o evaporacion vacia
OMITIDA,11102,2024-05-23,,1.9100000000000001,fecha o evaporacion vacia
OMITIDA,11106,2024-05-27,,1.2400000000000002,fecha o evaporacion vacia
OMITIDA,11118,2024-06-08,,1.2500000000000002,fecha o evaporacion vacia
OMITIDA,11119,2024-06-09,,0.6600000000000001,fecha o evaporacion vacia
OMITIDA,11120,2024-06-10,,0.42000000000000004,fecha o evaporacion vacia
OMITIDA,11121,2024-06-11,,0.52,fecha o evaporacion vacia
OMITIDA,11122,2024-06-12,,0.9300000000000003,fecha o evaporacion vacia
OMITIDA,11123,2024-06-13,,0.44000000000000017,fecha o evaporacion vacia
OMITIDA,11124,2024-06-14,,1.31,fecha o evaporacion vacia
OMITIDA,11125,2024-06-15,,1.33,fecha o evaporacion vacia
OMITIDA,11126,2024-06-16,,1.61,fecha o evaporacion vacia
OMITIDA,11127,2024-06-17,,1.2600000000000002,fecha o evaporacion vacia
OMITIDA,11128,2024-06-18,,0.6300000000000001,fecha o evaporacion vacia
OMITIDA,11129,2024-06-19,,1.3800000000000001,fecha o evaporacion vacia
OMITIDA,11130,2024-06-20,,0.8400000000000001,fecha o evaporacion vacia
OMITIDA,11131,2024-06-21,,0.30000000000000004,fecha o evaporacion vacia
OMITIDA,11132,2024-06-22,,0.28,fecha o evaporacion vacia
OMITIDA,11133,2024-06-23,,1.1600000000000001,fecha o evaporacion vacia
OMITIDA,11155,2024-07-15,,1.2000000000000002,fecha o evaporacion vacia
OMITIDA,11172,2024-08-01,,0.39000000000000007,fecha o evaporacion vacia
OMITIDA,11173,2024-08-02,,0.51,fecha o evaporacion vacia
OMITIDA,11174,2024-08-03,,2.09,fecha o evaporacion vacia
OMITIDA,11175,2024-08-04,,1.83,fecha o evaporacion vacia
OMITIDA,11176,2024-08-05,,0.32,fecha o evaporacion vacia
OMITIDA,11177,2024-08-06,,2.1199999999999997,fecha o evaporacion vacia
OMITIDA,11192,2024-08-21,,2.03,fecha o evaporacion vacia
OMITIDA,11194,2024-08-23,,1.45,fecha o evaporacion vacia
OMITIDA,11215,2024-09-13,,3.2399999999999998,fecha o evaporacion vacia
OMITIDA,11216,2024-09-14,,3.969999999999999,fecha o evaporacion vacia
OMITIDA,11217,2024-09-15,,4.310000000000002,fecha o evaporacion vacia
OMITIDA,11218,2024-09-16,,3.289999999999999,fecha o evaporacion vacia
OMITIDA,11219,2024-09-17,,3.3399999999999994,fecha o evaporacion vacia
OMITIDA,11413,2025-03-30,,0.89,fecha o evaporacion vacia
OMITIDA,11451,2025-05-07,,1.2500000000000002,fecha o evaporacion vacia
OMITIDA,11452,2025-05-08,,0.45000000000000007,fecha o evaporacion vacia
OMITIDA,11460,2025-05-16,,0.41000000000000003,fecha o evaporacion vacia
OMITIDA,11461,2025-05-17,,0.6200000000000001,fecha o evaporacion vacia
OMITIDA,11462,2025-05-18,,1.08,fecha o evaporacion vacia
OMITIDA,11470,2025-05-26,,0.26,fecha o evaporacion vacia
OMITIDA,11486,2025-06-11,,0.7700000000000002,fecha o evaporacion vacia
OMITIDA,11487,2025-06-12,,0.51,fecha o evaporacion vacia
OMITIDA,11488,2025-06-13,,1.31,fecha o evaporacion vacia
OMITIDA,11489,2025-06-14,,1.2800000000000002,fecha o evaporacion vacia
OMITIDA,11490,2025-06-15,,1.4800000000000004,fecha o evaporacion vacia
OMITIDA,11491,2025-06-16,,0.64,fecha o evaporacion vacia
OMITIDA,11494,2025-06-19,,1.69,fecha o evaporacion vacia
OMITIDA,11495,2025-06-20,,1.83,fecha o evaporacion vacia
OMITIDA,11496,2025-06-21,,1.2800000000000002,fecha o evaporacion vacia
OMITIDA,11497,2025-06-22,,1.6900000000000002,fecha o evaporacion vacia
OMITIDA,11505,2025-06-30,,1.3900000000000001,fecha o evaporacion vacia
OMITIDA,11536,2025-07-31,,0.5,fecha o evaporacion vacia
OMITIDA,11537,2025-08-01,,1.1500000000000001,fecha o evaporacion vacia
OMITIDA,11538,2025-08-02,,1.03,fecha o evaporacion vacia
OMITIDA,11539,2025-08-03,,1.2700000000000002,fecha o evaporacion vacia
OMITIDA,11540,2025-08-04,,1.2500000000000002,fecha o evaporacion vacia
OMITIDA,11557,2025-08-21,,1.29,fecha o evaporacion vacia
OMITIDA,11558,2025-08-22,,0.9800000000000001,fecha o evaporacion vacia
OMITIDA,11593,2025-09-26,,1.09,fecha o evaporacion vacia
OMITIDA,11594,2025-09-27,,4.100000000000001,fecha o evaporacion vacia
OMITIDA,11595,2025-09-28,,4.3100000000000005,fecha o evaporacion vacia
OMITIDA,11597,2025-09-30,,4.070000000000001,fecha o evaporacion vacia
