{"type":"FeatureCollection","name":"BLOQUES","crs":{"type":"name","properties":{"name":"urn:ogc:def:crs:EPSG::32719"}},"features":[{"type":"Feature","properties":{"fid":1,"Bloque":"1","HAS":3,"Plantas":3333,"ID_Potrero":1,"Variedad":"Murcott","Potrero_Nombre":"1","Potrero_HAS":13.23,"Potrero_Plantas":14700,"Potrero_Alias:":"1","Potrero_Especie":"Mandarina","Potrero_Nombre_GeoJSON":"1","Potrero_Alias_GeoJSON":"P1","Bloque_GeoJSON":"1","potrero":"1","bloque":"1","campo_id":"2fd8cafe-a3aa-4899-87de-97d9d55e18d5","especie":"MANDARINA","variedad":"MURCOTT","hectareas":3,"plantas_supabase":3333.333333,"precipitacion":2.2,"caudal":62.603338,"normalizacion_estado":"COINCIDENCIA"},"geometry":{"type":"MultiPolygon","coordinates":[[[[-71.26481853723847,-32.81134894452758],[-71.26493212242625,-32.81135627496416],[-71.26503027960864,-32.811403012835264],[-71.26508997630064,-32.81145227134599],[-71.26514590494651,-32.811491129832376],[-71.26537138341335,-32.81163207134616],[-71.26546665335032,-32.81163301537609],[-71.26557183122888,-32.81160745758239],[-71.26597234057378,-32.81146614545061],[-71.26591415247648,-32.811541109249774],[-71.26578705040073,-32.81169714296717],[-71.26569067478395,-32.811800191066425],[-71.26552246625089,-32.811981101056745],[-71.26550405335914,-32.812002139693504],[-71.26535974755207,-32.81206565907126],[-71.26508334310041,-32.812188812446514],[-71.26505814133014,-32.812203138416606],[-71.26495921905328,-32.812264734154034],[-71.26488098271686,-32.81234870969596],[-71.2648116549498,-32.81246410595782],[-71.26477589491525,-32.81247814848388],[-71.2648101651287,-32.812790242689466],[-71.26486663879561,-32.81282393337735],[-71.26490264701553,-32.81301815960523],[-71.26481510061339,-32.813128581646446],[-71.26477320014517,-32.81317952588386],[-71.26471408427791,-32.81325201563619],[-71.26468464675385,-32.81327886023168],[-71.26452388460592,-32.813416932819344],[-71.26436250645592,-32.81351880468733],[-71.26422470332729,-32.813610827418806],[-71.26412011084605,-32.81364093595029],[-71.26394480012947,-32.81361154188292],[-71.26351621742899,-32.813404357443844],[-71.26348509377496,-32.81334171824933],[-71.26338165070757,-32.812709998217954],[-71.26329840161836,-32.81223455525627],[-71.26350589701116,-32.812212877974765],[-71.26358548680071,-32.812205032785315],[-71.26365802034402,-32.812198861260164],[-71.26378851749259,-32.8121863252693],[-71.26387905426978,-32.812187668282235],[-71.26387679493956,-32.81217330696325],[-71.26376291889576,-32.811467596085656],[-71.263911665036,-32.81144621358572],[-71.26401239942133,-32.81143074120001],[-71.26412235971958,-32.81142116974643],[-71.26424553808073,-32.811408284062466],[-71.26434409595619,-32.81139715519002],[-71.26442168532373,-32.81139213138245],[-71.26450613767423,-32.81138017632033],[-71.26461992949434,-32.81136969053376],[-71.26481853723847,-32.81134894452758]]]]}},{"type":"Feature","properties":{"fid":2,"Bloque":"2","HAS":3,"Plantas":3333,"ID_Potrero":1,"Variedad":"Murcott","Potrero_Nombre":"1","Potrero_HAS":13.23,"Potrero_Plantas":14700,"Potrero_Alias:":"1","Potrero_Especie":"Mandarina","Potrero_Nombre_GeoJSON":"1","Potrero_Alias_GeoJSON":"P1","Bloque_GeoJSON":"2","potrero":"1","bloque":"2","campo_id":"c7f4348d-9623-47b0-baba-253d569342a2","especie":"MANDARINA","variedad":"MURCOTT","hectareas":3,"plantas_supabase":3333.333333,"precipitacion":2.2,"caudal":74.553801,"normalizacion_estado":"COINCIDENCIA"},"geometry":{"type":"MultiPolygon","coordinates":[[[[-71.26375815891352,-32.81146514495148],[-71.26386690859472,-32.81215044284161],[-71.26357962767347,-32.812178448692606],[-71.26329010315578,-32.81219847222929],[-71.26324986383503,-32.811539945967326],[-71.26375815891352,-32.81146514495148]]],[[[-71.26306011163705,-32.81158738669328],[-71.26319511332296,-32.811566485017664],[-71.26341226281808,-32.81324709781857],[-71.26332848031502,-32.81328347665279],[-71.26282195433525,-32.813092171600076],[-71.26257785651161,-32.81306041314693],[-71.26240545527087,-32.81306759654411],[-71.26222378748085,-32.8131109457098],[-71.26216876349098,-32.81314006830001],[-71.26192252180557,-32.813284043954695],[-71.26159875706583,-32.81340496626353],[-71.26150888616989,-32.81337076838965],[-71.26147494298748,-32.81309395598832],[-71.26143867024238,-32.81307119715683],[-71.26139426263431,-32.81271807116546],[-71.2613438229775,-32.812693546771804],[-71.26128820001514,-32.812244217242764],[-71.26123576789347,-32.81224648851702],[-71.26121832338318,-32.81205515745205],[-71.26205506846428,-32.81206302665948],[-71.26226192221509,-32.81211612932953],[-71.26255193750171,-32.8121421224904],[-71.26288333868044,-32.81191148626448],[-71.26287167396876,-32.811778988353126],[-71.26291057010181,-32.81176107502141],[-71.26291104763807,-32.811670959049614],[-71.26306011163705,-32.81158738669328]]],[[[-71.2611623694387,-32.81382810056212],[-71.26146322480572,-32.81385419551447],[-71.26157893914656,-32.81427539718748],[-71.26027664161221,-32.814463939403176],[-71.26021596473565,-32.81446338722502],[-71.26026149241869,-32.81442319030524],[-71.26047351655684,-32.81423802526126],[-71.26053413906803,-32.814205317146666],[-71.26059548080406,-32.81417011966589],[-71.26064781260291,-32.814131968624835],[-71.26068716496933,-32.8141144551561],[-71.26073375642366,-32.814085086689374],[-71.26098847438696,-32.8139316326535],[-71.2611623694387,-32.81382810056212]]]]}},{"type":"Feature","properties":{"fid":3,"Bloque":"3","HAS":3.63,"Plantas":4033,"ID_Potrero":1,"Variedad":"Murcott","Potrero_Nombre":"1","Potrero_HAS":13.23,"Potrero_Plantas":14700,"Potrero_Alias:":"1","Potrero_Especie":"Mandarina","Potrero_Nombre_GeoJSON":"1","Potrero_Alias_GeoJSON":"P1","Bloque_GeoJSON":"3","potrero":"1","bloque":"3","campo_id":"e526ebd5-0c6b-4494-b3c2-f195ffda1089","especie":"MANDARINA","variedad":"MURCOTT","hectareas":3.63,"plantas_supabase":4033.333333,"precipitacion":2.2,"caudal":75.184004,"normalizacion_estado":"COINCIDENCIA"},"geometry":{"type":"MultiPolygon","coordinates":[[[[-71.26158671445002,-32.8143074343164],[-71.26014166439357,-32.814512196433036],[-71.25982765680784,-32.81466226080339],[-71.25943032575181,-32.814888873800584],[-71.25936274352814,-32.81493808727136],[-71.25930915527078,-32.814953666242765],[-71.25889003913751,-32.815016440889096],[-71.2586500939601,-32.81497036420313],[-71.25847821886985,-32.81491825782037],[-71.2582269633672,-32.81481837615141],[-71.25815964630685,-32.8147979876039],[-71.25807137764969,-32.81473597063665],[-71.25693287606983,-32.81424681957791],[-71.25683421513004,-32.814271257907684],[-71.25699665379514,-32.815003485055975],[-71.25694359736592,-32.81504317119239],[-71.25711473847225,-32.81573618000644],[-71.25775670824278,-32.81564058621651],[-71.25865098793042,-32.81551103089326],[-71.25886836097645,-32.81547950304718],[-71.25934350420812,-32.81541211632464],[-71.25957845265809,-32.815373068832216],[-71.25994591333358,-32.81531902592871],[-71.26049528958397,-32.8152364921202],[-71.260903765576,-32.815174504422565],[-71.26119624899738,-32.81513441440989],[-71.2614659712758,-32.815093534870634],[-71.26177383800278,-32.815043564052765],[-71.26170349680802,-32.81472349385064],[-71.26158671445002,-32.8143074343164]]]]}},{"type":"Feature","properties":{"fid":4,"Bloque":"4","HAS":3.6,"Plantas":4000,"ID_Potrero":1,"Variedad":"Murcott","Potrero_Nombre":"1","Potrero_HAS":13.23,"Potrero_Plantas":14700,"Potrero_Alias:":"1","Potrero_Especie":"Mandarina","Potrero_Nombre_GeoJSON":"1","Potrero_Alias_GeoJSON":"P1","Bloque_GeoJSON":"4","potrero":"1","bloque":"4","campo_id":"dd5cbce5-6b95-4968-b608-7c091308abd5","especie":"MANDARINA","variedad":"MURCOTT","hectareas":3.6,"plantas_supabase":4000,"precipitacion":2.2,"caudal":72.912958,"normalizacion_estado":"COINCIDENCIA"},"geometry":{"type":"MultiPolygon","coordinates":[[[[-71.26176419964801,-32.815069842233626],[-71.26187553100398,-32.81550889712839],[-71.2617040220244,-32.815597510072934],[-71.26174954458953,-32.81575331114603],[-71.26172730599167,-32.81575911391014],[-71.26175345447037,-32.81582345116603],[-71.26166672221031,-32.815850222589894],[-71.26148851665188,-32.81588494806266],[-71.2613959550869,-32.81589202163335],[-71.26135626111021,-32.815903090528245],[-71.26129078992976,-32.81590652398705],[-71.26120661857645,-32.81592919820264],[-71.26111468088017,-32.81593986084207],[-71.26105087630313,-32.81594596447352],[-71.26099938195959,-32.81595409599229],[-71.26087520862602,-32.81597569247113],[-71.26078753282891,-32.8159862778712],[-71.26071527257064,-32.81599523450893],[-71.26047743240395,-32.81603238610387],[-71.2601874621946,-32.81607362930236],[-71.25990176508107,-32.81611524473334],[-71.25968084689258,-32.816147138468146],[-71.2594673186974,-32.816176197969824],[-71.25905909039015,-32.81624117709224],[-71.25885835915454,-32.81627045461109],[-71.25872647566034,-32.81628228663976],[-71.25852478116913,-32.816315631634545],[-71.25833628009102,-32.816343787448204],[-71.25810674547698,-32.8163722333761],[-71.2579002670921,-32.816406113768466],[-71.25774247178501,-32.816426063477756],[-71.25754701020605,-32.816452993488504],[-71.2573786734379,-32.816477633607946],[-71.2573042699231,-32.816486176884936],[-71.25711936462457,-32.81575049877568],[-71.26176419964801,-32.815069842233626]]]]}},{"type":"Feature","properties":{"fid":5,"Bloque":"5","HAS":2.2,"Plantas":2775,"ID_Potrero":2,"Variedad":"Lane Late","Potrero_Nombre":"2","Potrero_HAS":8.81,"Potrero_Plantas":11000,"Potrero_Alias:":"2","Potrero_Especie":"Naranja","Potrero_Nombre_GeoJSON":"2","Potrero_Alias_GeoJSON":"P2B4","Bloque_GeoJSON":"5","potrero":"2","bloque":"5","campo_id":"88e7cfb1-c918-44b6-aafb-664a95a4337d","especie":"NARANJA","variedad":"LANE LATE","hectareas":2.22,"plantas_supabase":2775,"precipitacion":2.75,"caudal":68.522762,"normalizacion_estado":"COINCIDENCIA"},"geometry":{"type":"MultiPolygon","coordinates":[[[[-71.25976546480268,-32.81197749861184],[-71.26029927960381,-32.814064463402126],[-71.26050661200803,-32.81397346130293],[-71.2606504961777,-32.81387218262584],[-71.26081157462166,-32.81375857266855],[-71.26093886245033,-32.813669569641505],[-71.26118770946941,-32.81349413797019],[-71.2612636371869,-32.81344693944841],[-71.26129496288797,-32.813421169553166],[-71.26131994135652,-32.81339731462026],[-71.26137912454448,-32.81335265574791],[-71.26124209161983,-32.81272351726051],[-71.26113265406089,-32.81227044503116],[-71.26107495757998,-32.81202320054661],[-71.26087383199756,-32.81205196356731],[-71.26074213662397,-32.812064606867274],[-71.26063021624493,-32.81207082247384],[-71.26032139574734,-32.81203529811735],[-71.26012597100826,-32.81201670766827],[-71.25976097868836,-32.81196153513234],[-71.25976546480268,-32.81197749861184]]],[[[-71.26101764285698,-32.81169915507052],[-71.26086549778496,-32.81175052993656],[-71.26064642179345,-32.8117740372627],[-71.26055340558273,-32.81177646433431],[-71.26038605939071,-32.81175707902801],[-71.2602370506631,-32.81174828689439],[-71.25997571341533,-32.811758436333804],[-71.2598286700859,-32.81175366202477],[-71.25958054621647,-32.81179391678613],[-71.25939654903551,-32.811837988213746],[-71.25936028768392,-32.81183876926771],[-71.25925149196974,-32.81187386681933],[-71.25916510555109,-32.8119417007316],[-71.25921274363718,-32.81205246161823],[-71.25940232876611,-32.81195311624139],[-71.25939042743207,-32.81192197082436],[-71.25941574637048,-32.81191407909299],[-71.25959863214621,-32.811854175290115],[-71.25972697384363,-32.811824953633284],[-71.25993514428015,-32.811827273398386],[-71.25995037838031,-32.811827917253666],[-71.26003570662806,-32.811841040171636],[-71.26009888538057,-32.81185124931865],[-71.26034720522414,-32.81186915370229],[-71.2609262320413,-32.81189462847486],[-71.26105473120461,-32.81185489959695],[-71.26101764285698,-32.81169915507052]]],[[[-71.26092229554229,-32.81189934116391],[-71.2604314229323,-32.81187367852826],[-71.26019567000483,-32.811859570693095],[-71.25993254168911,-32.81183058375651],[-71.25979338577763,-32.81193091444943],[-71.2600066305668,-32.811953749350494],[-71.260127610463,-32.811970753078434],[-71.26035454317277,-32.81200102668188],[-71.26060355950965,-32.812033359790384],[-71.26081602083012,-32.812021976773046],[-71.26092229554229,-32.81189934116391]]]]}},{"type":"Feature","properties":{"fid":6,"Bloque":"6","HAS":2.13,"Plantas":2663,"ID_Potrero":2,"Variedad":"Lane Late","Potrero_Nombre":"2","Potrero_HAS":8.81,"Potrero_Plantas":11000,"Potrero_Alias:":"2","Potrero_Especie":"Naranja","Potrero_Nombre_GeoJSON":"2","Potrero_Alias_GeoJSON":"P2B4","Bloque_GeoJSON":"6","potrero":"2","bloque":"6","campo_id":"c1fce3ef-a196-44d0-942a-beb199184411","especie":"NARANJA","variedad":"LANE LATE","hectareas":2.13,"plantas_supabase":2662.5,"precipitacion":2.75,"caudal":65.148005,"normalizacion_estado":"COINCIDENCIA"},"geometry":{"type":"MultiPolygon","coordinates":[[[[-71.25975549596951,-32.81195896951359],[-71.26029420499358,-32.81407209564347],[-71.25986088481571,-32.81426451717261],[-71.2598199111404,-32.81429888631647],[-71.25972948761218,-32.8143899791272],[-71.25969043833506,-32.81442760695885],[-71.25966073788847,-32.81445333006726],[-71.25937180676866,-32.8145132498454],[-71.25926211394453,-32.814086300248825],[-71.25913591501919,-32.81360662309184],[-71.25904338504701,-32.81323745809776],[-71.25894926615099,-32.81286536877598],[-71.25880791473303,-32.812324650877706],[-71.25945961874471,-32.812046392171496],[-71.25962387039037,-32.811966014664584],[-71.25975549596951,-32.81195896951359]]]]}},{"type":"Feature","properties":{"fid":7,"Bloque":"7","HAS":2.24,"Plantas":2800,"ID_Potrero":39,"Variedad":"Fukumoto","Potrero_Nombre":"2","Potrero_HAS":null,"Potrero_Plantas":null,"Potrero_Alias:":"2","Potrero_Especie":"Naranjas","Potrero_Nombre_GeoJSON":"2","Potrero_Alias_GeoJSON":"P2B5","Bloque_GeoJSON":"7","potrero":"2","bloque":"7","campo_id":"e0370f29-0f65-4bb3-aea0-28e97c9776af","especie":"NARANJA","variedad":"FUKUMOTO","hectareas":2.24,"plantas_supabase":2800,"precipitacion":2.75,"caudal":71.364084,"normalizacion_estado":"COINCIDENCIA"},"geometry":{"type":"MultiPolygon","coordinates":[[[[-71.25765474629812,-32.812508643527664],[-71.25777073304461,-32.81291400199875],[-71.2579251520712,-32.81349810613623],[-71.25805576391934,-32.81402593086158],[-71.25818424918866,-32.81454381149191],[-71.25830646078988,-32.814586195704656],[-71.25839258721327,-32.81461776667798],[-71.25850247663787,-32.81466056808579],[-71.25867978781635,-32.81471107046394],[-71.25880242644628,-32.814731505276995],[-71.25900826233999,-32.81473915964704],[-71.25931790073706,-32.8146308045756],[-71.25937319891703,-32.81459909922853],[-71.25921855775024,-32.813993075385994],[-71.25897700736874,-32.813061381048726],[-71.25879138433721,-32.81233743232628],[-71.25857588273665,-32.81238054359488],[-71.2583738835377,-32.81242706125085],[-71.2581607736216,-32.81256951320017],[-71.25807191667745,-32.812557225725186],[-71.25790613909183,-32.81249368025754],[-71.25773654676811,-32.81252260468986],[-71.25771433255193,-32.81251953275063],[-71.25765474629812,-32.812508643527664]]],[[[-71.25856661740134,-32.812152657327076],[-71.2584611549642,-32.8121807929324],[-71.25841216171315,-32.812195541779126],[-71.25837509021181,-32.81220808639964],[-71.25827795811296,-32.81226131982473],[-71.25822774440496,-32.812269156021884],[-71.25817879973519,-32.81229379956473],[-71.25810952038896,-32.81232986267496],[-71.25805435371893,-32.81236257894361],[-71.25809514436997,-32.81238748148279],[-71.25820760795513,-32.81235367036681],[-71.25829700519283,-32.81232871802145],[-71.25837369678847,-32.81231065048217],[-71.25852318659558,-32.81228562366947],[-71.25859899950717,-32.81224384086332],[-71.25856661740134,-32.812152657327076]]]]}},{"type":"Feature","properties":{"fid":8,"Bloque":"8","HAS":2.22,"Plantas":2775,"ID_Potrero":39,"Variedad":"Fukumoto","Potrero_Nombre":"2","Potrero_HAS":null,"Potrero_Plantas":null,"Potrero_Alias:":"2","Potrero_Especie":"Naranjas","Potrero_Nombre_GeoJSON":"2","Potrero_Alias_GeoJSON":"P2B5","Bloque_GeoJSON":"8","potrero":"2","bloque":"8","campo_id":"fce108fc-2f39-457a-a98b-859f8d7df697","especie":"NARANJA","variedad":"FUKUMOTO","hectareas":2.22,"plantas_supabase":2775,"precipitacion":2.75,"caudal":69.050296,"normalizacion_estado":"COINCIDENCIA"},"geometry":{"type":"MultiPolygon","coordinates":[[[[-71.25765646666002,-32.81251257926415],[-71.25775927249097,-32.812903407103256],[-71.2579156106027,-32.81352123181825],[-71.2580156604297,-32.813915487418654],[-71.25812770708613,-32.81434148131971],[-71.25818697151821,-32.81454611963329],[-71.25793716689755,-32.814451417919784],[-71.25778795882724,-32.81441295828522],[-71.25760516871473,-32.81433972003013],[-71.25736039817525,-32.814199517779635],[-71.2572686239009,-32.81412710934658],[-71.25699000611397,-32.814062694810346],[-71.25675873883966,-32.813951954237766],[-71.25669471477457,-32.813822230582346],[-71.25660622153178,-32.81349363420283],[-71.25651392474768,-32.813032327631774],[-71.25673976624387,-32.812895917310215],[-71.25689199476983,-32.81280360824547],[-71.25708079738527,-32.8126822849932],[-71.25719487542337,-32.81261991815202],[-71.25731809148,-32.812581690121824],[-71.25744453794971,-32.81254475390762],[-71.25757022612338,-32.81251998311719],[-71.25763198740651,-32.812510739445194],[-71.25765646666002,-32.81251257926415]]]]}},{"type":"Feature","properties":{"fid":9,"Bloque":"1","HAS":1.7,"Plantas":2883,"ID_Potrero":3,"Variedad":"Cara Cara","Potrero_Nombre":"10","Potrero_HAS":9.61,"Potrero_Plantas":16017,"Potrero_Alias:":"10","Potrero_Especie":"Naranja","Potrero_Nombre_GeoJSON":"10","Potrero_Alias_GeoJSON":"Los Pinos","Bloque_GeoJSON":"1","potrero":"10","bloque":"1","campo_id":"5cec3c4a-518f-4c7e-bf91-2c01ad480168","especie":"NARANJA","variedad":"CARA CARA","hectareas":1.7,"plantas_supabase":2833.333333,"precipitacion":2.67,"caudal":51.578914,"normalizacion_estado":"COINCIDENCIA"},"geometry":{"type":"MultiPolygon","coordinates":[[[[-71.26585257197343,-32.811932149842264],[-71.26595546867415,-32.811799841322824],[-71.26604844193399,-32.81181583800755],[-71.26608920085134,-32.81202805003068],[-71.26613968539112,-32.81206229210548],[-71.2663289283477,-32.81222294827658],[-71.26656457632629,-32.812283113872766],[-71.26675204698691,-32.81228937716655],[-71.26681054564591,-32.81231059779049],[-71.26683655482168,-32.812399296320784],[-71.26682488401494,-32.812440290323565],[-71.26677823618047,-32.81247324900861],[-71.26681934351112,-32.812650628161066],[-71.26685312278113,-32.81265877386225],[-71.26692434552027,-32.812759681945124],[-71.26681445309534,-32.81298321997059],[-71.26687511115723,-32.81304927764075],[-71.26702051121472,-32.81312390158939],[-71.26712414685507,-32.81330677658489],[-71.26729235244528,-32.81341716954673],[-71.26770791920515,-32.81347200897015],[-71.26789397940514,-32.813514224845704],[-71.26785105988056,-32.81360415894031],[-71.26773805850402,-32.81373330623394],[-71.26761824091139,-32.813875364244616],[-71.26745601392557,-32.81394251787824],[-71.26708675104707,-32.81394584617865],[-71.266786199512,-32.81392748738299],[-71.2666828568025,-32.81390630555389],[-71.26648118186961,-32.8138839508029],[-71.26634983060558,-32.81384769386849],[-71.26585257197343,-32.811932149842264]]]]}},{"type":"Feature","properties":{"fid":10,"Bloque":"2","HAS":1.78,"Plantas":2967,"ID_Potrero":3,"Variedad":"Cara Cara","Potrero_Nombre":"10","Potrero_HAS":9.61,"Potrero_Plantas":16017,"Potrero_Alias:":"10","Potrero_Especie":"Naranja","Potrero_Nombre_GeoJSON":"10","Potrero_Alias_GeoJSON":"Los Pinos","Bloque_GeoJSON":"2","potrero":"10","bloque":"2","campo_id":"4cb5f954-f84e-4921-8cde-23c4efa582a1","especie":"NARANJA","variedad":"CARA CARA","hectareas":1.78,"plantas_supabase":2966.666667,"precipitacion":2.67,"caudal":52.813627,"normalizacion_estado":"COINCIDENCIA"},"geometry":{"type":"MultiPolygon","coordinates":[[[[-71.26584575594727,-32.8119450605614],[-71.26594130653541,-32.81231149330103],[-71.266035035919,-32.81266827290254],[-71.26611546194239,-32.812980728568775],[-71.26621524279633,-32.81337020977708],[-71.26629589328613,-32.81365719564354],[-71.26633362460034,-32.81379559344148],[-71.26634657454501,-32.81384594685957],[-71.26622310206466,-32.81381203431276],[-71.26579179684643,-32.813715139584666],[-71.26565262744697,-32.813679346552135],[-71.26552770419532,-32.81369751201836],[-71.26531002314681,-32.813691983648276],[-71.26515038383579,-32.813704136020455],[-71.26491119932423,-32.813722177067035],[-71.26475889717344,-32.81373714116602],[-71.26466066358437,-32.813750799224586],[-71.26453879992827,-32.81376919351902],[-71.26439284534226,-32.81378371306153],[-71.26428233123612,-32.81379180261441],[-71.26436635075692,-32.813682217778876],[-71.26439203386413,-32.81366031767274],[-71.26448453093444,-32.813588420676396],[-71.26454158100249,-32.81354301650872],[-71.26458598795834,-32.813510380956494],[-71.26483915787107,-32.813326468032024],[-71.26499692972686,-32.8132013862632],[-71.26508224067587,-32.81302208071707],[-71.26496096676894,-32.812529159802196],[-71.26505104830882,-32.8123867740619],[-71.26518410141644,-32.81230491169339],[-71.26530843459845,-32.812282194897534],[-71.2654830440786,-32.812268662609426],[-71.26564068521509,-32.812198863443285],[-71.26576490589122,-32.81210962601023],[-71.26584575594727,-32.8119450605614]]]]}},{"type":"Feature","properties":{"fid":11,"Bloque":"3","HAS":0.94,"Plantas":1567,"ID_Potrero":3,"Variedad":"Cara Cara","Potrero_Nombre":"10","Potrero_HAS":9.61,"Potrero_Plantas":16017,"Potrero_Alias:":"10","Potrero_Especie":"Naranja","Potrero_Nombre_GeoJSON":"10","Potrero_Alias_GeoJSON":"Los Pinos","Bloque_GeoJSON":"3","potrero":"10","bloque":"3","campo_id":"6cad8324-64dd-4b95-9db3-1a5884edd3c7","especie":"NARANJA","variedad":"CARA CARA","hectareas":0.94,"plantas_supabase":1566.666667,"precipitacion":3.33,"caudal":35.161406,"normalizacion_estado":"COINCIDENCIA"},"geometry":{"type":"MultiPolygon","coordinates":[[[[-71.26597941181076,-32.813919447170235],[-71.26604951326465,-32.81418614986916],[-71.26610495928162,-32.81440552083814],[-71.26610789954125,-32.81442995370519],[-71.26576927768534,-32.81447820134465],[-71.26666406467469,-32.815000691511806],[-71.26668821867844,-32.81511769104826],[-71.26696678333562,-32.81506438132916],[-71.26688503726794,-32.81476485140469],[-71.26734047551145,-32.81464047917678],[-71.2672036039986,-32.814153603394466],[-71.26690376901566,-32.814112660766746],[-71.26661656635322,-32.81407567092],[-71.26630558030334,-32.81402347203974],[-71.26597941181076,-32.813919447170235]]]]}},{"type":"Feature","properties":{"fid":12,"Bloque":"4","HAS":0.96,"Plantas":1600,"ID_Potrero":3,"Variedad":"Cara Cara","Potrero_Nombre":"10","Potrero_HAS":9.61,"Potrero_Plantas":16017,"Potrero_Alias:":"10","Potrero_Especie":"Naranja","Potrero_Nombre_GeoJSON":"10","Potrero_Alias_GeoJSON":"Los Pinos","Bloque_GeoJSON":"4","potrero":"10","bloque":"4","campo_id":"67bbb3dd-0c01-4dde-af3f-e043ee3222b9","especie":"NARANJA","variedad":"CARA CARA","hectareas":0.96,"plantas_supabase":1600,"precipitacion":3.33,"caudal":38.24027,"normalizacion_estado":"COINCIDENCIA"},"geometry":{"type":"MultiPolygon","coordinates":[[[[-71.26317187665065,-32.8136388047815],[-71.26351974289254,-32.81400078457419],[-71.26358215699311,-32.81403785398674],[-71.26363169410664,-32.814070259069716],[-71.26368320226618,-32.81408891624512],[-71.26372898819487,-32.814110615246676],[-71.2637779790021,-32.814121482358374],[-71.26382230757562,-32.81413145434658],[-71.26386656164641,-32.81413848933129],[-71.26391202475081,-32.814147461317695],[-71.26396109011141,-32.81416126534295],[-71.26401124032188,-32.81417211138642],[-71.2640531012011,-32.81417625126607],[-71.26410322658913,-32.814186118276155],[-71.26515027044479,-32.814173046880796],[-71.26555643395056,-32.81427245375607],[-71.26561059519595,-32.814486951008526],[-71.26610032186694,-32.81440560481514],[-71.26597771841831,-32.81391806791143],[-71.26591339572745,-32.81389751153405],[-71.265760728994,-32.81387217441795],[-71.26564015994957,-32.81386307061802],[-71.2654635105335,-32.81386553195426],[-71.26528056708969,-32.81387087603379],[-71.26509676386489,-32.8138883257412],[-71.2647273785686,-32.81390125406733],[-71.2642876395726,-32.813940751154036],[-71.26393235802368,-32.81393971113325],[-71.26371404114974,-32.81380731890043],[-71.26334719121947,-32.81363231691758],[-71.26324225956797,-32.813608208051185],[-71.26317187665065,-32.8136388047815]]]]}},{"type":"Feature","properties":{"fid":13,"Bloque":"5","HAS":2.1,"Plantas":3500,"ID_Potrero":3,"Variedad":"Cara Cara","Potrero_Nombre":"10","Potrero_HAS":9.61,"Potrero_Plantas":16017,"Potrero_Alias:":"10","Potrero_Especie":"Naranja","Potrero_Nombre_GeoJSON":"10","Potrero_Alias_GeoJSON":"Los Pinos","Bloque_GeoJSON":"5","potrero":"10","bloque":"5","campo_id":"7b49994f-1c60-4cda-a5dc-30c9830cf64e","especie":"NARANJA","variedad":"CARA CARA","hectareas":2.1,"plantas_supabase":3500,"precipitacion":2.67,"caudal":55.488975,"normalizacion_estado":"COINCIDENCIA"},"geometry":{"type":"MultiPolygon","coordinates":[[[[-71.26407895470687,-32.814189495748906],[-71.2642136786992,-32.81469930792405],[-71.2642996531922,-32.8150248869035],[-71.26441264149712,-32.8154614807284],[-71.2648276788129,-32.81540123272087],[-71.26513169777249,-32.81536047000439],[-71.26542747657001,-32.81531495850803],[-71.26565749436004,-32.815283369735525],[-71.26586543430946,-32.8152502214188],[-71.26594870837641,-32.81522934577174],[-71.2661635807189,-32.81520662421631],[-71.26648829268031,-32.8151586273828],[-71.2666836887371,-32.81512015563958],[-71.26665592427938,-32.81499985951634],[-71.26576353062767,-32.814480264289465],[-71.26559814056846,-32.814498929829924],[-71.26554609920231,-32.81427655863638],[-71.26515036985025,-32.81417696286046],[-71.26407895470687,-32.814189495748906]]]]}},{"type":"Feature","properties":{"fid":14,"Bloque":"6","HAS":2.13,"Plantas":3500,"ID_Potrero":3,"Variedad":"Cara Cara","Potrero_Nombre":"10","Potrero_HAS":9.61,"Potrero_Plantas":16017,"Potrero_Alias:":"10","Potrero_Especie":"Naranja","Potrero_Nombre_GeoJSON":"10","Potrero_Alias_GeoJSON":"Los Pinos","Bloque_GeoJSON":"6","potrero":"10","bloque":"6","campo_id":"f5238e40-2133-495e-ada1-2d6f4cf70125","especie":"NARANJA","variedad":"CARA CARA","hectareas":2.13,"plantas_supabase":3550,"precipitacion":2.67,"caudal":57.099612,"normalizacion_estado":"COINCIDENCIA"},"geometry":{"type":"MultiPolygon","coordinates":[[[[-71.262602172335,-32.813401060408694],[-71.26272992741981,-32.813395431295774],[-71.26287761044242,-32.81340331918449],[-71.2629508535827,-32.813435465682694],[-71.26300399826266,-32.81364039593881],[-71.26308214284326,-32.813667852050294],[-71.26316965727504,-32.81364276270025],[-71.2632690822643,-32.81374429605117],[-71.26343233296728,-32.81391568469339],[-71.2635157720823,-32.81400428445574],[-71.26360353441211,-32.814057545929664],[-71.26368449821133,-32.814094279751004],[-71.26372208175566,-32.81411269907102],[-71.26384161695051,-32.814138206010284],[-71.26392555600287,-32.814155052083855],[-71.26399880212315,-32.81417331586028],[-71.26405961425566,-32.814181520378625],[-71.26407418067924,-32.814184195174434],[-71.26407642689247,-32.81419272467938],[-71.26413342288059,-32.81441623124575],[-71.26421049872094,-32.814711118800446],[-71.26427680551951,-32.814958698063165],[-71.26432838258673,-32.81515145003048],[-71.26437435974184,-32.815340630378515],[-71.26440484466505,-32.81546680512578],[-71.2643792973885,-32.81546608854825],[-71.26429784765718,-32.8154793819802],[-71.26422099182551,-32.81549032220874],[-71.26390955395526,-32.81553586931198],[-71.26373031106054,-32.81555723166545],[-71.26352405877819,-32.81558838704839],[-71.26342355357791,-32.81560440692978],[-71.26332372735342,-32.81562433223101],[-71.26322614648393,-32.815631705970944],[-71.26320273348934,-32.815628745416376],[-71.2631759579936,-32.815560402537955],[-71.262602172335,-32.813401060408694]]]]}},{"type":"Feature","properties":{"fid":15,"Bloque":"1","HAS":2.65,"Plantas":1847,"ID_Potrero":4,"Variedad":"Hass","Potrero_Nombre":"Mirador 1","Potrero_HAS":15.94,"Potrero_Plantas":10780,"Potrero_Alias:":"Mirador 1","Potrero_Especie":"Palta","Potrero_Nombre_GeoJSON":"3","Potrero_Alias_GeoJSON":"Mirador 1","Bloque_GeoJSON":"1","potrero":"Mirador 1","bloque":"1","campo_id":"8021cd92-6207-481f-ac9b-6d792deaf678","especie":"PALTOS","variedad":"Hass","hectareas":2.65,"plantas_supabase":1846.666667,"precipitacion":2.84,"caudal":81.450096,"normalizacion_estado":"COINCIDENCIA"},"geometry":{"type":"MultiPolygon","coordinates":[[[[-71.26313571909805,-32.80990336333281],[-71.26333039489623,-32.81012511528094],[-71.26339000052532,-32.81005155829912],[-71.26376221647966,-32.810230920651684],[-71.26434760668799,-32.81054728848886],[-71.26443954947172,-32.81040524338195],[-71.26451353481947,-32.810232099475954],[-71.26455326484417,-32.810112777662795],[-71.26462026880289,-32.80990905883738],[-71.26459310879136,-32.80983018970594],[-71.2646886790863,-32.80975843477213],[-71.26488554564233,-32.80958420237896],[-71.26496774265944,-32.80948399673703],[-71.26504602896148,-32.80934883906264],[-71.26510566156523,-32.8091959529632],[-71.26515039322463,-32.8089277557024],[-71.26514445098029,-32.808736388312944],[-71.26512851764771,-32.80866467306296],[-71.2650888205024,-32.80848409294905],[-71.26477968371235,-32.80781759289502],[-71.26463442499175,-32.80774397732551],[-71.26445229374254,-32.80756321639898],[-71.26436977737914,-32.80751554875783],[-71.2643225205571,-32.80752502116922],[-71.26427590249517,-32.80777394452771],[-71.26428272703365,-32.8080425083198],[-71.26431522060666,-32.8080876207577],[-71.26440540931961,-32.80832598461114],[-71.26438989193986,-32.80838646035104],[-71.26435735072894,-32.8085614147588],[-71.26420486931309,-32.80867814010788],[-71.26403399497516,-32.80846256421555],[-71.26386314830107,-32.80854502936891],[-71.26372856540696,-32.80868537363828],[-71.26371870175402,-32.80875326079245],[-71.26344211871981,-32.8090152488307],[-71.26321228007885,-32.809262629764945],[-71.26311470758986,-32.80945022865239],[-71.26301502202608,-32.80958374256455],[-71.26291876466894,-32.80971137434436],[-71.26313571909805,-32.80990336333281]]]]}},{"type":"Feature","properties":{"fid":16,"Bloque":"2","HAS":2.69,"Plantas":1827,"ID_Potrero":4,"Variedad":"Hass","Potrero_Nombre":"Mirador 1","Potrero_HAS":15.94,"Potrero_Plantas":10780,"Potrero_Alias:":"Mirador 1","Potrero_Especie":"Palta","Potrero_Nombre_GeoJSON":"3","Potrero_Alias_GeoJSON":"Mirador 1","Bloque_GeoJSON":"2","potrero":"Mirador 1","bloque":"2","campo_id":"e438f85e-3e18-4d02-a9f0-22ccb5d2705d","especie":"PALTOS","variedad":"Hass","hectareas":2.69,"plantas_supabase":1826.666667,"precipitacion":2.84,"caudal":83.485191,"normalizacion_estado":"COINCIDENCIA"},"geometry":{"type":"MultiPolygon","coordinates":[[[[-71.26178209443138,-32.81053998827533],[-71.26181853168747,-32.81074207509442],[-71.26189573251239,-32.8110423491947],[-71.26195351636422,-32.81130869356543],[-71.26204080472363,-32.81159507295689],[-71.26212517770115,-32.8115854171778],[-71.26221907555636,-32.81157574287968],[-71.26230625714162,-32.81154326113918],[-71.26257362765126,-32.811458635097885],[-71.26278655446653,-32.81138988722145],[-71.26295593525859,-32.811335898348034],[-71.26309887110908,-32.811286027687146],[-71.26315409566291,-32.81126543969323],[-71.26327228613145,-32.81122333172482],[-71.26335776746095,-32.811185625930555],[-71.26344410502321,-32.811150693694216],[-71.26358003043215,-32.81109612819766],[-71.26368908746485,-32.81105800790791],[-71.26379162979966,-32.81102143545171],[-71.26385563949714,-32.81098737202885],[-71.26390086835698,-32.81096633384112],[-71.2640419373744,-32.81087381841594],[-71.26433211232641,-32.81057276958783],[-71.26434600604492,-32.81054897130331],[-71.2641045651968,-32.81042159609967],[-71.26395458095284,-32.810338607958194],[-71.26375615381657,-32.81023094459645],[-71.26342062646243,-32.8100701035978],[-71.26339038605325,-32.81005482013793],[-71.26332934355614,-32.81012646327131],[-71.2631286391868,-32.80989859413345],[-71.26291665090416,-32.80970904969108],[-71.26277824847492,-32.809828955172094],[-71.2626727225285,-32.809910492970246],[-71.26259087206672,-32.809972205633336],[-71.2625046979536,-32.81000643222781],[-71.26239055039864,-32.810034018192056],[-71.26229815327035,-32.81006121087472],[-71.26223084715578,-32.810076720084695],[-71.26218040635078,-32.81008988261138],[-71.26212880889675,-32.81010510781669],[-71.26208703350619,-32.810126280839796],[-71.26203721337264,-32.81016393358978],[-71.26198744492275,-32.8102036271782],[-71.26193893651738,-32.81024533976514],[-71.26187605699951,-32.810292416552],[-71.26182975833395,-32.810325921994036],[-71.26177690059023,-32.81033912804441],[-71.26171589459007,-32.810364732081396],[-71.26144729947389,-32.81040067871022],[-71.26127035732978,-32.81019909222763],[-71.26122251083397,-32.8101477168077],[-71.26094840549545,-32.81016976919824],[-71.26085158789111,-32.81018380574572],[-71.26074746360814,-32.810206959536536],[-71.26073992241044,-32.810272905156],[-71.26080323537936,-32.81031996888809],[-71.26093892799338,-32.81037928173404],[-71.26105385878866,-32.8104302919185],[-71.26115583038334,-32.81047081673192],[-71.26126539790994,-32.81050099525085],[-71.26138740169421,-32.81056872210077],[-71.26150538573185,-32.81057322592192],[-71.26162641304876,-32.810554704477646],[-71.2616966406503,-32.8105590502532],[-71.26172760567499,-32.81054062496466],[-71.261775975648,-32.810517291081226],[-71.26178209443138,-32.81053998827533]]]]}},{"type":"Feature","properties":{"fid":17,"Bloque":"3","HAS":2.64,"Plantas":1760,"ID_Potrero":4,"Variedad":"Hass","Potrero_Nombre":"Mirador 1","Potrero_HAS":15.94,"Potrero_Plantas":10780,"Potrero_Alias:":"Mirador 1","Potrero_Especie":"Palta","Potrero_Nombre_GeoJSON":"3","Potrero_Alias_GeoJSON":"Mirador 1","Bloque_GeoJSON":"3","potrero":"Mirador 1","bloque":"3","campo_id":"2d741b2a-9313-43fd-a218-e3da1a67f6c1","especie":"PALTOS","variedad":"Hass","hectareas":2.64,"plantas_supabase":1760,"precipitacion":2.84,"caudal":79.1345,"normalizacion_estado":"COINCIDENCIA"},"geometry":{"type":"MultiPolygon","coordinates":[[[[-71.26177527971328,-32.81051887733056],[-71.26181839864104,-32.81075970752931],[-71.26186860966274,-32.81094464993953],[-71.26189510495115,-32.81105191013637],[-71.26194932401091,-32.81131489087772],[-71.26200093793193,-32.81147507683806],[-71.26203786781032,-32.81159448446618],[-71.26194478583709,-32.81160488892],[-71.26187078781753,-32.811614061946294],[-71.26183429348313,-32.81161835697889],[-71.26140999383448,-32.8116318569427],[-71.2610361112121,-32.81165094647877],[-71.2609758936026,-32.81165393486043],[-71.26086158874104,-32.811712059331896],[-71.26059194871716,-32.81171124536334],[-71.26046350494626,-32.81110747945646],[-71.26043177414809,-32.811077648958914],[-71.26040903698492,-32.811126826419844],[-71.260402861955,-32.81120569633633],[-71.2602914539574,-32.81124871206614],[-71.25992959314584,-32.81133270951889],[-71.25947140549302,-32.81141227229828],[-71.2594919406485,-32.81150557037642],[-71.2593789743814,-32.8115599877522],[-71.25928136756305,-32.81136733996461],[-71.25924254080545,-32.81118872545984],[-71.2592401959175,-32.81088904328848],[-71.25929579981779,-32.8107283432496],[-71.25931997594041,-32.81063399757445],[-71.2593155999576,-32.81057196449401],[-71.25925636552276,-32.81046994833819],[-71.25913506406582,-32.81033782487849],[-71.2592255980256,-32.810259885228376],[-71.25944720984921,-32.810399145947386],[-71.25957646175982,-32.81048959508434],[-71.25974748561548,-32.810528089933634],[-71.25980521966298,-32.810534030994575],[-71.25982286162868,-32.81044540477594],[-71.2601146976794,-32.81039748444634],[-71.26028570474584,-32.810371868745335],[-71.26034266549446,-32.81035965288815],[-71.26060729339697,-32.810259534075136],[-71.26079962698492,-32.81031755890456],[-71.26115200855092,-32.810469847108116],[-71.26124744065463,-32.81051428000298],[-71.26133021968487,-32.810563972648275],[-71.26150849642146,-32.81057416126027],[-71.26162257083809,-32.81055648733674],[-71.26169920847869,-32.81055863893145],[-71.26177527971328,-32.81051887733056]]]]}},{"type":"Feature","properties":{"fid":18,"Bloque":"4","HAS":2.66,"Plantas":1813,"ID_Potrero":4,"Variedad":"Hass","Potrero_Nombre":"Mirador 1","Potrero_HAS":15.94,"Potrero_Plantas":10780,"Potrero_Alias:":"Mirador 1","Potrero_Especie":"Palta","Potrero_Nombre_GeoJSON":"3","Potrero_Alias_GeoJSON":"Mirador 1","Bloque_GeoJSON":"4","potrero":"Mirador 1","bloque":"4","campo_id":"48c0511f-acc8-4e8c-9db9-d3b0e45ace6c","especie":"PALTOS","variedad":"Hass","hectareas":2.66,"plantas_supabase":1813.333333,"precipitacion":2.84,"caudal":84.241924,"normalizacion_estado":"COINCIDENCIA"},"geometry":{"type":"MultiPolygon","coordinates":[[[[-71.25700263123542,-32.8115863523236],[-71.25721600146487,-32.81190036158552],[-71.25725379332222,-32.81192710445897],[-71.25742739319618,-32.812238127199386],[-71.25756341162064,-32.81219968244853],[-71.25763677149847,-32.81221109185214],[-71.25772449774634,-32.81224863735046],[-71.2578448416579,-32.81227491988752],[-71.25793376864917,-32.812264165215886],[-71.25813962095357,-32.81226260735168],[-71.25826850844315,-32.812228219274466],[-71.25834503146848,-32.81220614823449],[-71.25841145508909,-32.81217262779419],[-71.25848588436737,-32.81213757486782],[-71.25869187869637,-32.81207060159678],[-71.2587850341161,-32.81203122489312],[-71.25885999399385,-32.81201420074222],[-71.25891008739123,-32.81199896579862],[-71.25895843645911,-32.81197915956152],[-71.2589946002614,-32.81196354623946],[-71.25905268631554,-32.81193676090884],[-71.2591021770646,-32.81190962564422],[-71.25915910678611,-32.81189056432288],[-71.25921680956394,-32.811868175200814],[-71.25926621446762,-32.811849653253915],[-71.25936176399173,-32.81180210559347],[-71.25920834193994,-32.8114682320178],[-71.2591349710278,-32.81143507167943],[-71.25910768531195,-32.81132704217344],[-71.25907399519234,-32.81128203866522],[-71.25912824629988,-32.8112422414169],[-71.25906790183238,-32.81110347985498],[-71.25904401306103,-32.81102174958628],[-71.2590403785339,-32.81092791838009],[-71.25909567605142,-32.81083991823003],[-71.2591343141808,-32.810707393026924],[-71.25911145150805,-32.810530378749405],[-71.25891603888364,-32.81039689274681],[-71.25890861438845,-32.81033002272916],[-71.2588583522807,-32.81025993340375],[-71.25883686121612,-32.8101216874065],[-71.25881175312092,-32.81004928130032],[-71.25862869933125,-32.81003253325528],[-71.25850771576046,-32.81006410007064],[-71.25844943360214,-32.810098453056064],[-71.25838975926915,-32.81014654339848],[-71.25826896871702,-32.81025450338662],[-71.25820581626202,-32.81030265640717],[-71.25808574620815,-32.810347428879844],[-71.25803449141863,-32.81036157621344],[-71.25781649912162,-32.81039881193276],[-71.25775025049758,-32.81035837912121],[-71.2576348511055,-32.81029680972807],[-71.25755179081266,-32.81025430543246],[-71.25751032600753,-32.81023355901893],[-71.25764913135912,-32.81044493179222],[-71.2577724124398,-32.81058301554236],[-71.25771735282228,-32.810682252107135],[-71.25785874542822,-32.811035658821034],[-71.25770842937214,-32.81107304353044],[-71.25759198034706,-32.81109386091086],[-71.25748397909153,-32.81111827876545],[-71.25741914409583,-32.811132437852365],[-71.25739307051153,-32.81124026383658],[-71.25731333791565,-32.81135795101142],[-71.25716530036368,-32.81146640145342],[-71.25712733832664,-32.811519597021196],[-71.25700263123542,-32.8115863523236]]]]}},{"type":"Feature","properties":{"fid":19,"Bloque":"5","HAS":2.7,"Plantas":1800,"ID_Potrero":4,"Variedad":"Hass","Potrero_Nombre":"Mirador 1","Potrero_HAS":15.94,"Potrero_Plantas":10780,"Potrero_Alias:":"Mirador 1","Potrero_Especie":"Palta","Potrero_Nombre_GeoJSON":"3","Potrero_Alias_GeoJSON":"Mirador 1","Bloque_GeoJSON":"5","potrero":"Mirador 1","bloque":"5","campo_id":"8801b06a-73b5-4595-a778-bb6e83931520","especie":"PALTOS","variedad":"Hass","hectareas":2.7,"plantas_supabase":1800,"precipitacion":2.84,"caudal":79.218019,"normalizacion_estado":"COINCIDENCIA"},"geometry":{"type":"MultiPolygon","coordinates":[[[[-71.25490509838262,-32.81139989709239],[-71.2549762214904,-32.811873647811105],[-71.255323652669,-32.81221998821132],[-71.25568128151293,-32.81264558874817],[-71.25583238484367,-32.81261427542023],[-71.25600184438522,-32.81257407755271],[-71.25613021395073,-32.812545910035276],[-71.25619217667757,-32.81250949825217],[-71.25635127258218,-32.812474377688496],[-71.2565075808201,-32.812436442987554],[-71.25662608061602,-32.812406083811354],[-71.25697569870522,-32.81232578259035],[-71.2571268009511,-32.81229446774043],[-71.25727816433357,-32.812265175737735],[-71.25742512815803,-32.812239359330256],[-71.25725202956671,-32.81192615682456],[-71.25721016768031,-32.81189899763709],[-71.25697397234914,-32.811552143940546],[-71.25707855543921,-32.81149850081221],[-71.25714886003972,-32.81142344925322],[-71.2572714990002,-32.81133129568963],[-71.25735591921372,-32.81124160816448],[-71.25738360141777,-32.811138781641375],[-71.25734869474591,-32.811046806806885],[-71.25721981640092,-32.810912308719615],[-71.25713113895583,-32.81082630910235],[-71.25696944229696,-32.810672315066626],[-71.25692886386919,-32.8107804531135],[-71.25681474481172,-32.81091639750974],[-71.25675597263385,-32.811000220668575],[-71.25672042173724,-32.81106207721826],[-71.25665068865457,-32.81119808572101],[-71.25653530629435,-32.811263753323885],[-71.25641879863846,-32.81131188807526],[-71.25627759276468,-32.811359360814045],[-71.25608208293086,-32.811431611255976],[-71.25584375693303,-32.81149142715955],[-71.25572941865005,-32.81150707288152],[-71.25564049589818,-32.8115224254058],[-71.25546779235484,-32.81151785641737],[-71.25531192560426,-32.811484101355845],[-71.2552025354134,-32.811434807923185],[-71.25506646468158,-32.811413559454586],[-71.25490509838262,-32.81139989709239]]]]}},{"type":"Feature","properties":{"fid":20,"Bloque":"6","HAS":2.6,"Plantas":1800,"ID_Potrero":4,"Variedad":"Hass","Potrero_Nombre":"Mirador 1","Potrero_HAS":15.94,"Potrero_Plantas":10780,"Potrero_Alias:":"Mirador 1","Potrero_Especie":"Palta","Potrero_Nombre_GeoJSON":"3","Potrero_Alias_GeoJSON":"Mirador 1","Bloque_GeoJSON":"6","potrero":"Mirador 1","bloque":"6","campo_id":"5e39872e-497f-40b9-bd1a-a0e9a05e56e6","especie":"PALTOS","variedad":"Hass","hectareas":2.6,"plantas_supabase":1733.333333,"precipitacion":2.84,"caudal":72.974835,"normalizacion_estado":"COINCIDENCIA"},"geometry":{"type":"MultiPolygon","coordinates":[[[[-71.25490112732719,-32.81140339671145],[-71.25497244831861,-32.81188497945023],[-71.25531006054193,-32.81220994896302],[-71.25567276601102,-32.81264534928276],[-71.25556957265538,-32.81272854584553],[-71.25545584101212,-32.812767676819455],[-71.25534293768177,-32.812794448928585],[-71.25506714974965,-32.81282700615869],[-71.25483002119073,-32.81283041491821],[-71.25474684742429,-32.81283397847938],[-71.25469710519914,-32.81282422860136],[-71.25458389961403,-32.81281110975834],[-71.25434583873694,-32.812760355796385],[-71.25409179199204,-32.81244495266213],[-71.25401069462974,-32.8123613236742],[-71.25374570701683,-32.81216770490698],[-71.25359567746618,-32.811869336989695],[-71.25357985422394,-32.81175615719968],[-71.25347440958382,-32.81167169869515],[-71.25342001725899,-32.81157154882623],[-71.25340267427747,-32.81152778593137],[-71.25328475795277,-32.8114701201668],[-71.25319356761575,-32.811270736319145],[-71.25320160972362,-32.81125231962229],[-71.2532318485764,-32.81120965889875],[-71.25326714504034,-32.81116467962177],[-71.25320533116947,-32.81076095411622],[-71.25330059441441,-32.81071021926575],[-71.25337027886239,-32.8107805697219],[-71.25351207627138,-32.81079924570431],[-71.25360949151295,-32.810793348261015],[-71.25374210298902,-32.81075964555963],[-71.25399821099056,-32.81082818619098],[-71.25409805770971,-32.8109162302237],[-71.25412087473796,-32.81099908343155],[-71.25414214270985,-32.81111687962119],[-71.25420433496406,-32.81120429606696],[-71.25450861444583,-32.81132674261059],[-71.25470814779692,-32.81138581556193],[-71.25490112732719,-32.81140339671145]]]]}},{"type":"Feature","properties":{"fid":21,"Bloque":"1","HAS":1.68,"Plantas":2800,"ID_Potrero":31,"Variedad":"Fukumoto","Potrero_Nombre":"27 GRAV","Potrero_HAS":4,"Potrero_Plantas":3333,"Potrero_Alias:":"27 GRAV","Potrero_Especie":"Naranjas","Potrero_Nombre_GeoJSON":"27","Potrero_Alias_GeoJSON":"P27 R","Bloque_GeoJSON":"1","potrero":"27 GRAV","bloque":"1","campo_id":"3f9263c3-8e52-4c18-9307-e7c83beefe08","especie":"NARANJA","variedad":"FUKUMOTO","hectareas":1.68,"plantas_supabase":2800,"precipitacion":2.2,"caudal":42.3298,"normalizacion_estado":"COINCIDENCIA"},"geometry":{"type":"MultiPolygon","coordinates":[]}},{"type":"Feature","properties":{"fid":22,"Bloque":"2","HAS":1.57,"Plantas":2617,"ID_Potrero":31,"Variedad":"Fukumoto","Potrero_Nombre":"27 GRAV","Potrero_HAS":4,"Potrero_Plantas":3333,"Potrero_Alias:":"27 GRAV","Potrero_Especie":"Naranjas","Potrero_Nombre_GeoJSON":"27","Potrero_Alias_GeoJSON":"P27 R","Bloque_GeoJSON":"2","potrero":"27 GRAV","bloque":"2","campo_id":"503cbc36-1390-423e-aa0f-73d3a17f6763","especie":"NARANJA","variedad":"FUKUMOTO","hectareas":1.57,"plantas_supabase":2616.666667,"precipitacion":2.2,"caudal":34.582413,"normalizacion_estado":"COINCIDENCIA"},"geometry":{"type":"MultiPolygon","coordinates":[]}},{"type":"Feature","properties":{"fid":23,"Bloque":"3","HAS":1.66,"Plantas":2767,"ID_Potrero":31,"Variedad":"Fukumoto","Potrero_Nombre":"27 GRAV","Potrero_HAS":4,"Potrero_Plantas":3333,"Potrero_Alias:":"27 GRAV","Potrero_Especie":"Naranjas","Potrero_Nombre_GeoJSON":"27","Potrero_Alias_GeoJSON":"P27 R","Bloque_GeoJSON":"3","potrero":"27 GRAV","bloque":"3","campo_id":"576a6928-430b-49ba-a482-8141b6e986d2","especie":"NARANJA","variedad":"FUKUMOTO","hectareas":1.66,"plantas_supabase":2766.666667,"precipitacion":2.7,"caudal":41.600601,"normalizacion_estado":"COINCIDENCIA"},"geometry":{"type":"MultiPolygon","coordinates":[]}},{"type":"Feature","properties":{"fid":24,"Bloque":"4","HAS":1.64,"Plantas":2773,"ID_Potrero":31,"Variedad":"Fukumoto","Potrero_Nombre":"27 GRAV","Potrero_HAS":4,"Potrero_Plantas":3333,"Potrero_Alias:":"27 GRAV","Potrero_Especie":"Naranjas","Potrero_Nombre_GeoJSON":"27","Potrero_Alias_GeoJSON":"P27 R","Bloque_GeoJSON":"4","potrero":"27 GRAV","bloque":"4","campo_id":"23c47b52-b4bd-4ea7-bcd8-538edc8d012d","especie":"NARANJA","variedad":"FUKUMOTO","hectareas":1.64,"plantas_supabase":2733.333333,"precipitacion":2.7,"caudal":44.226069,"normalizacion_estado":"COINCIDENCIA"},"geometry":{"type":"MultiPolygon","coordinates":[]}},{"type":"Feature","properties":{"fid":25,"Bloque":"5","HAS":1.64,"Plantas":2733,"ID_Potrero":31,"Variedad":"Fukumoto","Potrero_Nombre":"27 GRAV","Potrero_HAS":4,"Potrero_Plantas":3333,"Potrero_Alias:":"27 GRAV","Potrero_Especie":"Naranjas","Potrero_Nombre_GeoJSON":"27","Potrero_Alias_GeoJSON":"P27 R","Bloque_GeoJSON":"5","potrero":"27 GRAV","bloque":"5","campo_id":"680b3f93-506a-4ba5-94ea-4edfb9300630","especie":"NARANJA","variedad":"FUKUMOTO","hectareas":1.64,"plantas_supabase":2733.333333,"precipitacion":2.7,"caudal":42.775985,"normalizacion_estado":"COINCIDENCIA"},"geometry":{"type":"MultiPolygon","coordinates":[]}},{"type":"Feature","properties":{"fid":26,"Bloque":"2","HAS":0.66,"Plantas":733,"ID_Potrero":5,"Variedad":"Fukumoto","Potrero_Nombre":"27 IMP","Potrero_HAS":8.8,"Potrero_Plantas":8889,"Potrero_Alias:":"27 IMP","Potrero_Especie":"Naranja","Potrero_Nombre_GeoJSON":"27","Potrero_Alias_GeoJSON":"P27 C","Bloque_GeoJSON":"2","potrero":"27 IMP","bloque":"2","campo_id":"afccb8c4-b3db-4a01-a8bd-acac23ce56ba","especie":"NARANJA","variedad":"FUKUMOTO","hectareas":0.66,"plantas_supabase":733.3333333,"precipitacion":2.2,"caudal":33.473517,"normalizacion_estado":"COINCIDENCIA"},"geometry":{"type":"MultiPolygon","coordinates":[]}},{"type":"Feature","properties":{"fid":27,"Bloque":"1","HAS":0.68,"Plantas":756,"ID_Potrero":5,"Variedad":"Fukumoto","Potrero_Nombre":"27 IMP","Potrero_HAS":8.8,"Potrero_Plantas":8889,"Potrero_Alias:":"27 IMP","Potrero_Especie":"Naranja","Potrero_Nombre_GeoJSON":"27","Potrero_Alias_GeoJSON":"P27 C","Bloque_GeoJSON":"1","potrero":"27 IMP","bloque":"1","campo_id":"23cbf0c5-1603-451b-bb3d-fea94fadb551","especie":"NARANJA","variedad":"FUKUMOTO","hectareas":0.68,"plantas_supabase":755.5555556,"precipitacion":2.2,"caudal":35.32241,"normalizacion_estado":"COINCIDENCIA"},"geometry":{"type":"MultiPolygon","coordinates":[]}},{"type":"Feature","properties":{"fid":28,"Bloque":"5","HAS":1.18,"Plantas":1311,"ID_Potrero":5,"Variedad":"Fukumoto","Potrero_Nombre":"27 IMP","Potrero_HAS":8.8,"Potrero_Plantas":8889,"Potrero_Alias:":"27 IMP","Potrero_Especie":"Naranja","Potrero_Nombre_GeoJSON":"27","Potrero_Alias_GeoJSON":"P27 C","Bloque_GeoJSON":"5","potrero":"27 IMP","bloque":"5","campo_id":"6f53cd9d-4882-4b71-b45b-6141ddf874cb","especie":"NARANJA","variedad":"FUKUMOTO","hectareas":1.18,"plantas_supabase":1311.111111,"precipitacion":2.7,"caudal":21.570842,"normalizacion_estado":"COINCIDENCIA"},"geometry":{"type":"MultiPolygon","coordinates":[]}},{"type":"Feature","properties":{"fid":29,"Bloque":"4","HAS":1.18,"Plantas":1311,"ID_Potrero":5,"Variedad":"Fukumoto","Potrero_Nombre":"27 IMP","Potrero_HAS":8.8,"Potrero_Plantas":8889,"Potrero_Alias:":"27 IMP","Potrero_Especie":"Naranja","Potrero_Nombre_GeoJSON":"27","Potrero_Alias_GeoJSON":"P27 C","Bloque_GeoJSON":"4","potrero":"27 IMP","bloque":"4","campo_id":"3a3ef1f7-a126-4cce-a304-7315a303639e","especie":"NARANJA","variedad":"FUKUMOTO","hectareas":1.18,"plantas_supabase":1311.111111,"precipitacion":2.7,"caudal":31.235794,"normalizacion_estado":"COINCIDENCIA"},"geometry":{"type":"MultiPolygon","coordinates":[]}},{"type":"Feature","properties":{"fid":30,"Bloque":"3","HAS":0.66,"Plantas":733,"ID_Potrero":5,"Variedad":"Fukumoto","Potrero_Nombre":"27 IMP","Potrero_HAS":8.8,"Potrero_Plantas":8889,"Potrero_Alias:":"27 IMP","Potrero_Especie":"Naranja","Potrero_Nombre_GeoJSON":"27","Potrero_Alias_GeoJSON":"P27 C","Bloque_GeoJSON":"3","potrero":"27 IMP","bloque":"3","campo_id":"7cca6c90-fa0e-4dc5-97d3-8bed092b9f33","especie":"NARANJA","variedad":"FUKUMOTO","hectareas":0.66,"plantas_supabase":733.3333333,"precipitacion":2.7,"caudal":27.075514,"normalizacion_estado":"COINCIDENCIA"},"geometry":{"type":"MultiPolygon","coordinates":[]}},{"type":"Feature","properties":{"fid":31,"Bloque":"6","HAS":1.2,"Plantas":2000,"ID_Potrero":5,"Variedad":"Fukumoto","Potrero_Nombre":"27 IMP","Potrero_HAS":8.8,"Potrero_Plantas":8889,"Potrero_Alias:":"27 IMP","Potrero_Especie":"Naranja","Potrero_Nombre_GeoJSON":"27","Potrero_Alias_GeoJSON":"P27 C","Bloque_GeoJSON":"6","potrero":"27 IMP","bloque":"6","campo_id":"76d10cbc-0e36-45f2-869c-0291bfa76f68","especie":"NARANJA","variedad":"FUKUMOTO","hectareas":1.2,"plantas_supabase":2000,"precipitacion":3.2,"caudal":24.204259,"normalizacion_estado":"COINCIDENCIA"},"geometry":{"type":"MultiPolygon","coordinates":[]}},{"type":"Feature","properties":{"fid":32,"Bloque":"7","HAS":1.19,"Plantas":1983,"ID_Potrero":5,"Variedad":"Fukumoto","Potrero_Nombre":"27 IMP","Potrero_HAS":8.8,"Potrero_Plantas":8889,"Potrero_Alias:":"27 IMP","Potrero_Especie":"Naranja","Potrero_Nombre_GeoJSON":"27","Potrero_Alias_GeoJSON":"P27 C","Bloque_GeoJSON":"7","potrero":"27 IMP","bloque":"7","campo_id":"6b40d18c-17fe-46b7-8976-bac59a3ce7c5","especie":"NARANJA","variedad":"FUKUMOTO","hectareas":1.19,"plantas_supabase":1983.333333,"precipitacion":3.2,"caudal":23.310887,"normalizacion_estado":"COINCIDENCIA"},"geometry":{"type":"MultiPolygon","coordinates":[]}},{"type":"Feature","properties":{"fid":37,"Bloque":"5","HAS":1.28,"Plantas":2133,"ID_Potrero":8,"Variedad":"Cara Cara","Potrero_Nombre":"22","Potrero_HAS":8.59,"Potrero_Plantas":14317,"Potrero_Alias:":"22","Potrero_Especie":"Naranja","Potrero_Nombre_GeoJSON":"22","Potrero_Alias_GeoJSON":"P22","Bloque_GeoJSON":"5","potrero":"22","bloque":"5","campo_id":"fabb841c-1bb0-4044-b6e0-f66f56c1ed68","especie":"NARANJA","variedad":"CARA CARA","hectareas":1.28,"plantas_supabase":2133.333333,"precipitacion":3.6,"caudal":51.731388,"normalizacion_estado":"COINCIDENCIA"},"geometry":{"type":"MultiPolygon","coordinates":[[[[-71.27588979586594,-32.80629185208617],[-71.27586858637294,-32.80643710591224],[-71.27581409325998,-32.80653118160239],[-71.275866470512,-32.80655193899977],[-71.27586952905202,-32.80661307003885],[-71.27598539262205,-32.80680606940358],[-71.27596428469768,-32.80690525399529],[-71.27592382358958,-32.806911033370994],[-71.27589314274715,-32.80706739638375],[-71.27584453878747,-32.80708518592988],[-71.27581955550244,-32.80719189282564],[-71.27576861124948,-32.80721501597522],[-71.27570876844204,-32.80729116110245],[-71.27563265578272,-32.807353965425136],[-71.27548879536069,-32.807427112939564],[-71.27537612091885,-32.80750710748059],[-71.27524535094194,-32.80752684607681],[-71.27516259496362,-32.80758514508553],[-71.27507614115949,-32.80760079591102],[-71.27513633707784,-32.807335261377595],[-71.27519829443581,-32.807055234587956],[-71.27511811943232,-32.80696948642293],[-71.27505958527757,-32.80684489426037],[-71.2750463279272,-32.8067330145364],[-71.27515997600703,-32.80654341034319],[-71.27539188706899,-32.80630297903928],[-71.27551326095447,-32.806229346831245],[-71.27588979586594,-32.80629185208617]]],[[[-71.27487658130859,-32.807800882857165],[-71.27487711776413,-32.808039321024694],[-71.27478324829002,-32.808128839572674],[-71.27479025574576,-32.808389199025825],[-71.27458123429065,-32.808684836593],[-71.2745140129648,-32.80887732292942],[-71.27421145547329,-32.808571549807446],[-71.27400556161682,-32.80835716914396],[-71.27448074565334,-32.80803903155889],[-71.27484319575096,-32.80779577372819],[-71.27487658130859,-32.807800882857165]]]]}},{"type":"Feature","properties":{"fid":38,"Bloque":"4","HAS":1.86,"Plantas":3100,"ID_Potrero":8,"Variedad":"Cara Cara","Potrero_Nombre":"22","Potrero_HAS":8.59,"Potrero_Plantas":14317,"Potrero_Alias:":"22","Potrero_Especie":"Naranja","Potrero_Nombre_GeoJSON":"22","Potrero_Alias_GeoJSON":"P22","Bloque_GeoJSON":"4","potrero":"22","bloque":"4","campo_id":"f1c7f0b5-c17f-4af7-b206-817a33fd164c","especie":"NARANJA","variedad":"CARA CARA","hectareas":1.86,"plantas_supabase":3100,"precipitacion":3.6,"caudal":60.473218,"normalizacion_estado":"COINCIDENCIA"},"geometry":{"type":"MultiPolygon","coordinates":[[[[-71.27469420787389,-32.808955675191434],[-71.27700268415079,-32.80795925275028],[-71.27621290531019,-32.80711261950721],[-71.27605870939206,-32.8071667618452],[-71.27585511965366,-32.80747623061988],[-71.27569058525556,-32.807572268208624],[-71.27508370910483,-32.807818626282675],[-71.27503232173277,-32.808011699642755],[-71.27501060431646,-32.808265496594174],[-71.27498063679639,-32.8083992753236],[-71.27492494390059,-32.80849346116712],[-71.27481768631264,-32.80862003888001],[-71.27471129121969,-32.80883763305934],[-71.27469420787389,-32.808955675191434]]]]}},{"type":"Feature","properties":{"fid":39,"Bloque":"1","HAS":1.84,"Plantas":3067,"ID_Potrero":8,"Variedad":"Cara Cara","Potrero_Nombre":"22","Potrero_HAS":8.59,"Potrero_Plantas":14317,"Potrero_Alias:":"22","Potrero_Especie":"Naranja","Potrero_Nombre_GeoJSON":"22","Potrero_Alias_GeoJSON":"P22","Bloque_GeoJSON":"1","potrero":"22","bloque":"1","campo_id":"cd2127fc-794e-4091-855c-3afc4cc3df1a","especie":"NARANJA","variedad":"CARA CARA","hectareas":1.84,"plantas_supabase":3066.666667,"precipitacion":3.6,"caudal":69.385101,"normalizacion_estado":"COINCIDENCIA"},"geometry":{"type":"MultiPolygon","coordinates":[[[[-71.27566739694075,-32.81000183178423],[-71.2758491363107,-32.80992504543862],[-71.27621647958657,-32.809771401687215],[-71.2767996825789,-32.809514221756544],[-71.27803746438174,-32.808993655997355],[-71.27869924225556,-32.8096560045286],[-71.2785312020686,-32.8097390772132],[-71.2784691873346,-32.809733674597055],[-71.27778716763144,-32.80998286328264],[-71.27770599178828,-32.80998434072176],[-71.27704379518738,-32.81025275971541],[-71.27659241998929,-32.81022014860176],[-71.27632162472807,-32.810216909821214],[-71.27612573146041,-32.81026946045459],[-71.27608025988994,-32.81031322213562],[-71.27599781436545,-32.81035051012366],[-71.2758344434074,-32.8103993569001],[-71.27562562246389,-32.81018115434586],[-71.27551076966911,-32.810070969030704],[-71.27566739694075,-32.81000183178423]]]]}},{"type":"Feature","properties":{"fid":40,"Bloque":"2","HAS":1.95,"Plantas":3250,"ID_Potrero":8,"Variedad":"Cara Cara","Potrero_Nombre":"22","Potrero_HAS":8.59,"Potrero_Plantas":14317,"Potrero_Alias:":"22","Potrero_Especie":"Naranja","Potrero_Nombre_GeoJSON":"22","Potrero_Alias_GeoJSON":"P22","Bloque_GeoJSON":"2","potrero":"22","bloque":"2","campo_id":"ac3f43be-8d0d-4b8c-9d95-6711eeeaea43","especie":"NARANJA","variedad":"CARA CARA","hectareas":1.95,"plantas_supabase":3250,"precipitacion":3.6,"caudal":74.436184,"normalizacion_estado":"COINCIDENCIA"},"geometry":{"type":"MultiPolygon","coordinates":[[[[-71.27802576381555,-32.80898978667357],[-71.27769962697646,-32.809128805821885],[-71.27742702280781,-32.809243989081104],[-71.27725102205412,-32.8093182238546],[-71.2769750447845,-32.809433875763],[-71.2767431973403,-32.80953606911862],[-71.27642387302654,-32.80967700224535],[-71.27614941590359,-32.809795482342615],[-71.27578353237844,-32.80994950758715],[-71.27550360336653,-32.81006241806634],[-71.27528933884123,-32.8098395993637],[-71.27493240529873,-32.80945081771161],[-71.27745521266908,-32.80841640132938],[-71.27802576381555,-32.80898978667357]]]]}},{"type":"Feature","properties":{"fid":41,"Bloque":"3","HAS":1.66,"Plantas":2767,"ID_Potrero":8,"Variedad":"Cara Cara","Potrero_Nombre":"22","Potrero_HAS":8.59,"Potrero_Plantas":14317,"Potrero_Alias:":"22","Potrero_Especie":"Naranja","Potrero_Nombre_GeoJSON":"22","Potrero_Alias_GeoJSON":"P22","Bloque_GeoJSON":"3","potrero":"22","bloque":"3","campo_id":"d320bb62-cb27-4de4-b674-955e137bc9ca","especie":"NARANJA","variedad":"CARA CARA","hectareas":1.66,"plantas_supabase":2766.666667,"precipitacion":3.6,"caudal":57.20034,"normalizacion_estado":"COINCIDENCIA"},"geometry":{"type":"MultiPolygon","coordinates":[[[[-71.27700965684949,-32.807967290498894],[-71.27744838566122,-32.80841407618259],[-71.27683424720922,-32.80867100529216],[-71.2762131948074,-32.80892234198806],[-71.27561713957874,-32.8091683223848],[-71.27492974813158,-32.809449015688166],[-71.27479023860649,-32.809298114788135],[-71.27465993961334,-32.80913408162627],[-71.27469277742394,-32.80896626107053],[-71.27700965684949,-32.807967290498894]]]]}},{"type":"Feature","properties":{"fid":42,"Bloque":"7","HAS":1,"Plantas":606,"ID_Potrero":9,"Variedad":"Hass","Potrero_Nombre":"23","Potrero_HAS":8.07,"Potrero_Plantas":4881,"Potrero_Alias:":"23","Potrero_Especie":"Paltas","Potrero_Nombre_GeoJSON":"23","Potrero_Alias_GeoJSON":"P23","Bloque_GeoJSON":"7","potrero":"23","bloque":"7","campo_id":"057d3542-ade7-40be-9925-e0157d3dc113","especie":"PALTOS","variedad":"Hass","hectareas":1,"plantas_supabase":606.0606061,"precipitacion":3.2,"caudal":42.998574,"normalizacion_estado":"COINCIDENCIA"},"geometry":{"type":"MultiPolygon","coordinates":[[[[-71.27449431444855,-32.807504373801564],[-71.27498698519538,-32.80760492505894],[-71.27510145155,-32.80734666751457],[-71.27512314492944,-32.807223887420434],[-71.27511207813949,-32.80705397494361],[-71.27508538825862,-32.80696943477643],[-71.27503977599842,-32.8068978990086],[-71.27501271419214,-32.806801110507614],[-71.27501770905992,-32.80670853009327],[-71.27511487954374,-32.806569576285156],[-71.27517174850031,-32.80648449376866],[-71.27524016138045,-32.80641369971958],[-71.27536847195539,-32.80627187337223],[-71.27537112038657,-32.80621738079812],[-71.27530141135423,-32.806212551602],[-71.27519990752371,-32.806205537289976],[-71.27508398870617,-32.80621181119377],[-71.27498895458208,-32.80620047531148],[-71.27481937788292,-32.806223152729835],[-71.27465694747336,-32.80625254685411],[-71.2745358957598,-32.80630055967395],[-71.2744648457704,-32.80636033746622],[-71.2743969145925,-32.80645360477729],[-71.2743948092567,-32.80650292945026],[-71.27439348876374,-32.8065583230479],[-71.27440730538231,-32.806627673813004],[-71.27444442562683,-32.8067606674223],[-71.27452107294489,-32.806804490873986],[-71.27457620363666,-32.80684808331576],[-71.27463428987652,-32.80692704087127],[-71.27468913475226,-32.80703055115723],[-71.27470549213207,-32.807141292636395],[-71.27465918833228,-32.807282033596174],[-71.2745673101659,-32.80743380502337],[-71.27449431444855,-32.807504373801564]]],[[[-71.27447822440597,-32.80686678533474],[-71.27443079528885,-32.80690869469514],[-71.27439976252444,-32.80702857831619],[-71.27436643428697,-32.80711763056442],[-71.27435098212949,-32.80718558659793],[-71.27430828457496,-32.80723967864321],[-71.27423893420838,-32.80731260567588],[-71.2742190833987,-32.807384038025724],[-71.27422481844053,-32.80743775733359],[-71.27423508283275,-32.807489011799134],[-71.27420669652723,-32.80756941977998],[-71.27414694824468,-32.80763224918679],[-71.27420578883854,-32.80761863398106],[-71.27426974339397,-32.807578958293114],[-71.27431675780277,-32.80755824533984],[-71.27441437976987,-32.807516487978155],[-71.27450957757279,-32.807427870728944],[-71.2745753141453,-32.80736448881561],[-71.27461741883069,-32.80727769769068],[-71.27464391202932,-32.80721077037498],[-71.27466508219376,-32.80714896701792],[-71.27465144576263,-32.80705347205052],[-71.2746364472094,-32.806992726824134],[-71.2746136957152,-32.80695354193511],[-71.27458766046209,-32.806899312180796],[-71.27455731341108,-32.80686557232451],[-71.27453332595748,-32.806853761346936],[-71.27450551058435,-32.80686222158085],[-71.27447822440597,-32.80686678533474]]],[[[-71.2741741983145,-32.807524310119206],[-71.27408831721097,-32.80743192272528],[-71.27402009493366,-32.80747608612988],[-71.27393978488529,-32.80751112879472],[-71.2737852841006,-32.8075816731541],[-71.27364343502443,-32.80764695630815],[-71.27330235471764,-32.807793049496716],[-71.27328352148768,-32.80782549286247],[-71.27342548885177,-32.80782673007457],[-71.27351309612128,-32.80780125030692],[-71.27357339628576,-32.80778954790711],[-71.27364170876797,-32.80776482392968],[-71.27371692554271,-32.807746628025754],[-71.27381971088762,-32.80771667758145],[-71.27390888757238,-32.80770333540294],[-71.27400650990461,-32.80766157834513],[-71.2741017366598,-32.807620042145686],[-71.27415464998813,-32.80757933772688],[-71.2741741983145,-32.807524310119206]]]]}},{"type":"Feature","properties":{"fid":43,"Bloque":"6","HAS":2.5,"Plantas":0,"ID_Potrero":9,"Variedad":null,"Potrero_Nombre":"23","Potrero_HAS":8.07,"Potrero_Plantas":4881,"Potrero_Alias:":"23","Potrero_Especie":"Paltas","Potrero_Nombre_GeoJSON":"23","Potrero_Alias_GeoJSON":"P23","Bloque_GeoJSON":"6","potrero":"23","bloque":"6","campo_id":"50abc32a-4973-4ca5-a41d-830ffbe59563","especie":"PALTOS","variedad":"Hass","hectareas":2.5,"plantas_supabase":2500,"precipitacion":3.1,"caudal":35,"normalizacion_estado":"COINCIDENCIA"},"geometry":{"type":"MultiPolygon","coordinates":[[[[-71.27498086568289,-32.80760446594145],[-71.27449316892339,-32.8075071740712],[-71.27441274682437,-32.80756627432525],[-71.27432700174207,-32.807616003788276],[-71.27420295579871,-32.80768030903162],[-71.27414389420832,-32.80771485718236],[-71.27409178420683,-32.80775662714693],[-71.27400486447847,-32.807798213124016],[-71.2739120533836,-32.80787419747575],[-71.27380229426066,-32.807930078137474],[-71.27368490806055,-32.807990179579164],[-71.27360865944941,-32.80803320434629],[-71.27351790521628,-32.808114049821704],[-71.27348242006896,-32.8081253084472],[-71.27333035884563,-32.80822849547692],[-71.27328385926712,-32.80826281505124],[-71.27338640790177,-32.80822747735282],[-71.2735737985725,-32.80814487645244],[-71.27369028105758,-32.808087240912684],[-71.27387654925718,-32.808036501970136],[-71.27401111201023,-32.80800548087344],[-71.274221839769,-32.80792817021959],[-71.27433538129732,-32.807889693822865],[-71.27441666853093,-32.80783408974865],[-71.27485661578551,-32.807683992313045],[-71.27493208962008,-32.80763967136844],[-71.27498086568289,-32.80760446594145]]],[[[-71.27480799502865,-32.807739142628414],[-71.27453733809185,-32.80783933710292],[-71.27441602258524,-32.80788532691871],[-71.27429039827803,-32.80795423214808],[-71.27414724402854,-32.80799810850636],[-71.27401868742764,-32.8080371852326],[-71.27366075035943,-32.808142480344394],[-71.27351649272079,-32.808210417969846],[-71.27327050702192,-32.80830796298425],[-71.2731049992633,-32.80841465984397],[-71.27302782520171,-32.80845933400322],[-71.27291013643351,-32.80854556701912],[-71.27274561915024,-32.80869905626409],[-71.27267637655937,-32.80878220786955],[-71.27255247747603,-32.80891134161404],[-71.27265182272652,-32.80887352104301],[-71.27279796296585,-32.808794537276654],[-71.27292571667779,-32.80872886372127],[-71.27309008229042,-32.808653213376715],[-71.27320216651712,-32.808623542111995],[-71.27329973974315,-32.80860701388474],[-71.2733580168137,-32.80860778080452],[-71.27360553159015,-32.80853480034382],[-71.27375008021475,-32.80845289151885],[-71.27387492081917,-32.808377917860696],[-71.27397112551198,-32.80831582058061],[-71.27412795349706,-32.8082164019688],[-71.27429290373989,-32.80811418692743],[-71.27437338588204,-32.80806172780237],[-71.27480003203821,-32.80779003113771],[-71.27480799502865,-32.807739142628414]]],[[[-71.27404154353495,-32.80771998280262],[-71.2738610014737,-32.807767760321155],[-71.27371854183254,-32.807792393023234],[-71.27343357054285,-32.80787758321071],[-71.27338655558405,-32.80786307423432],[-71.27319158459049,-32.807883101832275],[-71.27299516136704,-32.80795751125119],[-71.27283756832443,-32.808041645684625],[-71.2727035788626,-32.808102108696644],[-71.2725903639901,-32.808154514511195],[-71.2725176316076,-32.80819192807252],[-71.27245921023741,-32.80825565777717],[-71.27231382072297,-32.808415432453536],[-71.27223630374046,-32.80850958232076],[-71.2723077147583,-32.80852756252587],[-71.27247263339508,-32.80850007214949],[-71.27261429203689,-32.80846142032518],[-71.27278521545216,-32.808423733484815],[-71.27295589840571,-32.80836838014689],[-71.27313150637818,-32.80827864572996],[-71.2733358554336,-32.80817859146311],[-71.2735445470312,-32.80802130566035],[-71.2737160803668,-32.807923479853756],[-71.27392585182668,-32.80780862983178],[-71.27404154353495,-32.80771998280262]]],[[[-71.27314543048821,-32.80833187107501],[-71.272635225306,-32.80850145553383],[-71.27240358343565,-32.808556593517906],[-71.27234005261091,-32.80855877684634],[-71.27222126280257,-32.80857135876837],[-71.27210367597266,-32.808692069475725],[-71.27195524909231,-32.80878620782539],[-71.27183167313372,-32.80886726492959],[-71.27159713419724,-32.80902655882307],[-71.27144655221679,-32.80912744521407],[-71.27140231376364,-32.80915557767497],[-71.2714711573608,-32.809191195458645],[-71.27154419002376,-32.80919827931793],[-71.27172944112887,-32.80918273314003],[-71.2718879593037,-32.80916197508401],[-71.27207350984774,-32.8091018763303],[-71.27223414381403,-32.80903179834254],[-71.27235037903176,-32.808964370952914],[-71.27247878072953,-32.80890380781679],[-71.27258732935931,-32.808796560712366],[-71.27276843130235,-32.80861302143053],[-71.27294744698882,-32.80846959272685],[-71.27314543048821,-32.80833187107501]]],[[[-71.27326306862098,-32.80866121782163],[-71.27309985637424,-32.80866826465003],[-71.2729901581023,-32.80872659291072],[-71.27274012821054,-32.80885523592766],[-71.27257311215433,-32.80894073149868],[-71.27240399635801,-32.80908470759348],[-71.27225882572856,-32.80926493295146],[-71.27195196227908,-32.80951636313177],[-71.27190392976196,-32.809580740553606],[-71.2720186036745,-32.80952557138909],[-71.27214007420316,-32.80947138138724],[-71.2722866082483,-32.80939543263339],[-71.27252479866047,-32.809269066111355],[-71.27273077205551,-32.809104557997586],[-71.27285657161774,-32.80900407824903],[-71.27295669437599,-32.80891603173585],[-71.27310717724215,-32.80873940977524],[-71.27326306862098,-32.80866121782163]]],[[[-71.272401786695,-32.809002003750614],[-71.27226407142673,-32.809061786219374],[-71.2720422988877,-32.809165143793194],[-71.27184256344255,-32.80922097834488],[-71.27155827373434,-32.80923689916391],[-71.27141991807487,-32.80922611474329],[-71.27133229214974,-32.80919990537923],[-71.27125691166238,-32.8092309092261],[-71.27114170164971,-32.80928196224182],[-71.27103537518329,-32.80931735458742],[-71.2709757378623,-32.80932950634861],[-71.2709228190319,-32.80934206217594],[-71.27103200970086,-32.80943490651056],[-71.27117677804539,-32.80950086219456],[-71.27138104669987,-32.809549408579215],[-71.27154616189432,-32.80957907020573],[-71.27172031780273,-32.80958407364189],[-71.27180687642776,-32.80956617314571],[-71.27189967030986,-32.80948937413441],[-71.2721152519099,-32.80932627901026],[-71.27217628995223,-32.809282779241535],[-71.27224483810882,-32.80921299815196],[-71.27232144012166,-32.80911176783184],[-71.272401786695,-32.809002003750614]]],[[[-71.27176770108363,-32.80962240370103],[-71.27177890454688,-32.80961215752661],[-71.27151752362782,-32.80959346986428],[-71.27130575116902,-32.80955240669174],[-71.27117717031074,-32.80951410840044],[-71.2710394412909,-32.8094613002153],[-71.27096580655278,-32.80942612394328],[-71.27090122766722,-32.80938665903374],[-71.27084849387852,-32.80932801416109],[-71.27071381275893,-32.80939250902704],[-71.2705713588892,-32.80945551184835],[-71.27048046644236,-32.80949308521364],[-71.2704239456037,-32.809477106817916],[-71.27046293384598,-32.809534925172926],[-71.2705143547203,-32.80956703206515],[-71.27071039556976,-32.80963493550611],[-71.27088228207167,-32.809675382764084],[-71.27121632290292,-32.80967631348531],[-71.27144621812518,-32.8096788596728],[-71.27176770108363,-32.80962240370103]]]]}},{"type":"Feature","properties":{"fid":44,"Bloque":"8","HAS":3.47,"Plantas":2103,"ID_Potrero":9,"Variedad":"Hass","Potrero_Nombre":"23","Potrero_HAS":8.07,"Potrero_Plantas":4881,"Potrero_Alias:":"23","Potrero_Especie":"Paltas","Potrero_Nombre_GeoJSON":"23","Potrero_Alias_GeoJSON":"P23","Bloque_GeoJSON":"8","potrero":"23","bloque":"8","campo_id":"92e658c6-d197-4bf5-ac0d-c8c30cb4df3f","especie":"PALTOS","variedad":"Hass","hectareas":3.47,"plantas_supabase":2103.030303,"precipitacion":3.2,"caudal":98.832321,"normalizacion_estado":"COINCIDENCIA"},"geometry":{"type":"MultiPolygon","coordinates":[[[[-71.27238678877595,-32.80724260787521],[-71.27207079429765,-32.80694462098407],[-71.27173913268763,-32.806638752986544],[-71.2719154033895,-32.8065751350787],[-71.27214437654087,-32.80645504070868],[-71.27228043407146,-32.80640684867072],[-71.2724316408151,-32.8064220654788],[-71.27257378707091,-32.806385193044335],[-71.27281836588396,-32.80619459835773],[-71.27323540924239,-32.80601883298105],[-71.27367474967504,-32.805883484286774],[-71.27379181130122,-32.8058486991261],[-71.27392950100642,-32.80573519146035],[-71.27405423527887,-32.80570628705474],[-71.27436061720348,-32.80572306573452],[-71.27451601763848,-32.80572510969557],[-71.27471066060264,-32.80573069883651],[-71.27500966433007,-32.80577476881058],[-71.27518848398185,-32.80583606497767],[-71.27528257699265,-32.805945094543624],[-71.27532999997344,-32.80604000490362],[-71.27535426531897,-32.80607768524204],[-71.27536305043293,-32.80613624095926],[-71.27529648106098,-32.80615568742432],[-71.27522925757884,-32.80617007642376],[-71.27504776819475,-32.80617248677789],[-71.27490819899606,-32.80617103034786],[-71.27481784672126,-32.80617526978584],[-71.27471545593653,-32.80620825542575],[-71.27458645357507,-32.806241648335956],[-71.27450646426108,-32.80627529474498],[-71.27444417387514,-32.80632232554006],[-71.27438656423658,-32.80642492846626],[-71.27436485937298,-32.80652166538483],[-71.27436978341363,-32.80662806384455],[-71.27438016615102,-32.806745838263545],[-71.27434909461238,-32.806777363467845],[-71.27431974400972,-32.80681282414849],[-71.27423767276626,-32.80686235920388],[-71.27399537478473,-32.806985014084454],[-71.27372890851427,-32.80714572169591],[-71.27349100758103,-32.807264899346656],[-71.27323230603004,-32.80730155114726],[-71.27301122933487,-32.807276173869695],[-71.27287648022173,-32.80729984909953],[-71.27262481248503,-32.807364021053644],[-71.27254409585174,-32.807383448907466],[-71.2724568432493,-32.80741197646966],[-71.27230649675586,-32.80746859278607],[-71.27223146352034,-32.80752139220037],[-71.27217570571204,-32.807533834977875],[-71.27238678877595,-32.80724260787521]]],[[[-71.27439167722629,-32.806834849159486],[-71.27438699229485,-32.806967319456135],[-71.2743736740216,-32.807033031581746],[-71.27433779099017,-32.807074212511495],[-71.27430895106669,-32.80717922761183],[-71.27424476363738,-32.807263961094776],[-71.27418235848701,-32.80732498846915],[-71.27411575043871,-32.80733122335151],[-71.27404972656558,-32.80732017610654],[-71.27392946221076,-32.807305215572555],[-71.2738613776176,-32.80728908446351],[-71.27378249880233,-32.80727895876563],[-71.27368681062268,-32.8072888071898],[-71.27362546440928,-32.8072924177215],[-71.27356997607818,-32.80729446443418],[-71.27353650105643,-32.80726991574029],[-71.27365385117403,-32.80721200985017],[-71.27372978306977,-32.80717122982878],[-71.27387618118613,-32.807094267923624],[-71.27397330017337,-32.80703925110787],[-71.2740716167709,-32.80698412375677],[-71.27419894041644,-32.80692836813012],[-71.27433643036687,-32.806848133028836],[-71.27439167722629,-32.806834849159486]]],[[[-71.27408571130935,-32.80740443427243],[-71.27404761458813,-32.80742646467851],[-71.27392201110206,-32.807486155670865],[-71.27375725388522,-32.80756174011933],[-71.2735261459758,-32.80767722063846],[-71.27335953631342,-32.8077478576078],[-71.27329464505831,-32.807789666288066],[-71.27320595020343,-32.80782548170946],[-71.27314534719972,-32.80785358867434],[-71.27303730905336,-32.807852292867786],[-71.27298961239258,-32.807820867125876],[-71.27293899709997,-32.80778561631513],[-71.27291301131939,-32.80774399998932],[-71.27292467881121,-32.80770300553955],[-71.27303775489094,-32.807593293317126],[-71.27307588283803,-32.80756009418696],[-71.27313330541772,-32.80752613923921],[-71.27322894544376,-32.8074784243007],[-71.27330483663275,-32.80745607223747],[-71.27335903766472,-32.80743469689051],[-71.2734453777017,-32.807380674580266],[-71.27349578548468,-32.80732996600317],[-71.2735773774536,-32.80733651425458],[-71.27363626263534,-32.80733299512509],[-71.27370109145058,-32.8073350832207],[-71.27376371729919,-32.80732659730238],[-71.27388656886745,-32.80732926406261],[-71.27396423055112,-32.80734173286534],[-71.27404586162577,-32.80735821180363],[-71.27408571130935,-32.80740443427243]]]]}},{"type":"Feature","properties":{"fid":45,"Bloque":"9","HAS":3.6,"Plantas":2182,"ID_Potrero":9,"Variedad":"Hass","Potrero_Nombre":"23","Potrero_HAS":8.07,"Potrero_Plantas":4881,"Potrero_Alias:":"23","Potrero_Especie":"Paltas","Potrero_Nombre_GeoJSON":"23","Potrero_Alias_GeoJSON":"P23","Bloque_GeoJSON":"9","potrero":"23","bloque":"9","campo_id":"4ebf52eb-a6e2-4be7-8766-b8dc2cd8aa1c","especie":"PALTOS","variedad":"Hass","hectareas":3.6,"plantas_supabase":2181.818182,"precipitacion":3.2,"caudal":103.174072,"normalizacion_estado":"COINCIDENCIA"},"geometry":{"type":"MultiPolygon","coordinates":[[[[-71.27341357504102,-32.80732219442826],[-71.27339260805915,-32.8073568817016],[-71.27333729900995,-32.807397806724794],[-71.27327920203955,-32.80743591817338],[-71.27319851989776,-32.807458712047485],[-71.27307049967197,-32.80752783698431],[-71.27300922225102,-32.80756010029041],[-71.27295190978916,-32.80760428053344],[-71.27289843147798,-32.8076593662298],[-71.27288337050082,-32.807730356598384],[-71.27291079607029,-32.80779318538985],[-71.27300911533784,-32.80785753317405],[-71.27305061688885,-32.80789270374099],[-71.27304249966214,-32.80791118015791],[-71.2729720323784,-32.80794736156747],[-71.27288081093741,-32.80798238619027],[-71.27277090736975,-32.808041651676845],[-71.27266048048831,-32.80809687111338],[-71.27254395456366,-32.80814241736149],[-71.27248372284166,-32.80818277235429],[-71.27238179683263,-32.80830373841699],[-71.27231521125918,-32.80838869191032],[-71.27224329071815,-32.80847925506568],[-71.27217630580928,-32.80850487936066],[-71.27212257892042,-32.80849243325533],[-71.27211190809176,-32.808407791226415],[-71.2721043547384,-32.80830097182473],[-71.27209750239308,-32.80824067803332],[-71.27210414865291,-32.80810298350805],[-71.27213302623939,-32.80798407223233],[-71.2721520116337,-32.80785635946101],[-71.27216632132435,-32.807696889551174],[-71.27219341082183,-32.807659656937375],[-71.27220870694842,-32.807576916553586],[-71.27240850450734,-32.80745000319375],[-71.2725246023635,-32.807415236661434],[-71.27294125706476,-32.807299897379444],[-71.27310181717951,-32.80730269653394],[-71.27341357504102,-32.80732219442826]]],[[[-71.27236652652697,-32.80724420046487],[-71.2723702463813,-32.807257400434395],[-71.2721684528459,-32.80753376253954],[-71.27213069189925,-32.807569555962736],[-71.27208353741551,-32.8076161339186],[-71.27199340533679,-32.8077214608861],[-71.27190540353664,-32.80779654002049],[-71.27189067967174,-32.8078331557873],[-71.271860057485,-32.807900974912656],[-71.27184421095536,-32.80796589624495],[-71.271817199428,-32.80799602282697],[-71.27177587312633,-32.80806073474293],[-71.27171764745577,-32.808125981358735],[-71.27167327800719,-32.808242151353944],[-71.27162856023877,-32.80831512002471],[-71.27155820659793,-32.808350510867065],[-71.27144833498444,-32.80852740550452],[-71.27125501855193,-32.80860521205218],[-71.2712460194216,-32.80863150216153],[-71.2711171793866,-32.80869752435376],[-71.27102769039135,-32.80875221833478],[-71.27087713136076,-32.80887660323092],[-71.27078200990746,-32.80893793094374],[-71.27072828574839,-32.80903034950981],[-71.27065150437595,-32.80909052790116],[-71.27050740584818,-32.80922734250148],[-71.27046362665095,-32.8091699658797],[-71.27054485305354,-32.80890761309751],[-71.27065864420928,-32.808719024007246],[-71.27071590529629,-32.808580683073345],[-71.27073388671558,-32.80851351799604],[-71.27079170646101,-32.80830450056603],[-71.27083331302943,-32.8082044507072],[-71.27094920998353,-32.80796653671191],[-71.2711175424542,-32.807487347759],[-71.27115951382179,-32.80734325145708],[-71.27118952844756,-32.80719104565054],[-71.27121782215785,-32.80703490430632],[-71.27140040810986,-32.80689106429612],[-71.27151036554922,-32.80680497302312],[-71.27164507396932,-32.806703736089005],[-71.27174218750574,-32.80664482100475],[-71.27208691026958,-32.8069700469708],[-71.27236652652697,-32.80724420046487]]],[[[-71.27217032259165,-32.80760721018745],[-71.27212626286821,-32.80785131581089],[-71.27209407004501,-32.808029889008196],[-71.27207399353512,-32.8081527228069],[-71.27207155010396,-32.80832259128295],[-71.27210010345931,-32.808456789147186],[-71.27215712855481,-32.808570058537455],[-71.27216445407174,-32.80859197001488],[-71.27213381046187,-32.808641514081565],[-71.27205377813071,-32.80868787247187],[-71.27198840745008,-32.80874049634164],[-71.27184386661769,-32.8088353804779],[-71.27176338689276,-32.80890215836332],[-71.27162502407546,-32.80896103883661],[-71.27148823727934,-32.80905144131716],[-71.27141281546731,-32.80910087297997],[-71.27135772861783,-32.80910134630452],[-71.27131725265151,-32.80908358383661],[-71.27130157897335,-32.80904203992134],[-71.27130281517609,-32.80899535441016],[-71.2713223624484,-32.808912179827544],[-71.27138770385085,-32.808789470299104],[-71.27144549633475,-32.80873961706881],[-71.27153592816207,-32.808642229810374],[-71.27155647991086,-32.808585574860714],[-71.2716090202287,-32.80850447577076],[-71.27164219380704,-32.808367331826815],[-71.27177324645496,-32.80813416079903],[-71.27185177332125,-32.808006527885304],[-71.27197246703554,-32.80777246164928],[-71.27210861042256,-32.80765160306299],[-71.27217032259165,-32.80760721018745]]],[[[-71.27156373940254,-32.808427335434715],[-71.27157716358056,-32.80849894045018],[-71.27151631350338,-32.80860770238096],[-71.27138945274653,-32.80875143768667],[-71.27134677340489,-32.80879631495482],[-71.2713059249042,-32.808855353094735],[-71.27128717997108,-32.80890723541899],[-71.27127787242246,-32.80897138883341],[-71.271247514527,-32.809031671653216],[-71.27127453580022,-32.809085987201485],[-71.27130804100439,-32.80918576464879],[-71.27113013707334,-32.80927688723304],[-71.27091410770753,-32.809340306497724],[-71.27086349950343,-32.80929079696401],[-71.27087989133975,-32.80906107362996],[-71.27088857125716,-32.80890823768093],[-71.2710126118434,-32.808805562003705],[-71.27120659488294,-32.80867793952191],[-71.2713109640857,-32.80860011442008],[-71.27145051694932,-32.808537163449095],[-71.27154638634708,-32.80842928332589],[-71.27156373940254,-32.808427335434715]]],[[[-71.27079237958968,-32.80896550250984],[-71.27085747955073,-32.80897820114188],[-71.27084283522095,-32.809124613614976],[-71.27083726368545,-32.80920962678823],[-71.27082714142556,-32.80926777927809],[-71.27083445546218,-32.809327248311135],[-71.27076671478821,-32.80936276886325],[-71.270669182458,-32.809405361612626],[-71.27055834911656,-32.809457176692185],[-71.27047600874312,-32.809488879658865],[-71.27042275825781,-32.80947261031516],[-71.2703864062932,-32.809425807937444],[-71.27042984453013,-32.809339919089375],[-71.27051191454035,-32.809234091655554],[-71.27055773203513,-32.8092049010265],[-71.27062083898663,-32.80913925555221],[-71.27071354008967,-32.80905878500552],[-71.27077198106616,-32.80899975581681],[-71.27079237958968,-32.80896550250984]]]]}},{"type":"Feature","properties":{"fid":46,"Bloque":"1","HAS":2.3,"Plantas":3833,"ID_Potrero":10,"Variedad":"Cara Cara","Potrero_Nombre":"21","Potrero_HAS":4.59,"Potrero_Plantas":7650,"Potrero_Alias:":"21","Potrero_Especie":"Naranja","Potrero_Nombre_GeoJSON":"21","Potrero_Alias_GeoJSON":"P21","Bloque_GeoJSON":"1","potrero":"21","bloque":"1","campo_id":"211da4f3-ee2d-42db-9ad8-63fc12d0ab0d","especie":"NARANJA","variedad":"CARA CARA","hectareas":2.3,"plantas_supabase":3833.333333,"precipitacion":2.76,"caudal":44.488758,"normalizacion_estado":"COINCIDENCIA"},"geometry":{"type":"MultiPolygon","coordinates":[[[[-71.27454219531107,-32.80918895406611],[-71.27463712920452,-32.80922011672406],[-71.27476116945869,-32.80932638471087],[-71.27491688362919,-32.80949012075826],[-71.27518475218645,-32.809780668031486],[-71.27546446939806,-32.81006909835981],[-71.27553656558202,-32.81013921477018],[-71.27565379373877,-32.81025839293646],[-71.27584618888892,-32.810443309797485],[-71.27583859855697,-32.810506446633845],[-71.27581100523926,-32.810515019585196],[-71.27559351752889,-32.81055489872685],[-71.27550276040498,-32.810559814812834],[-71.27537854496389,-32.810617592674774],[-71.27531789141491,-32.810627676517505],[-71.27526573876405,-32.810667814838204],[-71.27514134719601,-32.81075662119527],[-71.27503349744975,-32.810811651814916],[-71.27495490972207,-32.810876764405954],[-71.27494170364443,-32.810927625060785],[-71.27487843240323,-32.81098674395002],[-71.27478811514464,-32.81116065899073],[-71.27473925635302,-32.81121624999158],[-71.27470674301341,-32.81126827802737],[-71.27460802674277,-32.81134028796775],[-71.27451278070941,-32.81139672199959],[-71.27443719378842,-32.811389931158146],[-71.27437812849034,-32.81134854863795],[-71.27418259095457,-32.81114961977394],[-71.27412093748396,-32.8110446001749],[-71.27409260015708,-32.81103286819159],[-71.27409628837981,-32.81098789579832],[-71.27404973518433,-32.81098221004345],[-71.2739946081412,-32.81090564792718],[-71.2738135583638,-32.81074401239877],[-71.27374945391657,-32.81069455650233],[-71.27356937140148,-32.81053290301917],[-71.27358398049485,-32.81042323177108],[-71.27369138335045,-32.81031269112702],[-71.27377369071331,-32.81016586558553],[-71.27386504965772,-32.810108686294434],[-71.2741140951558,-32.81005517333815],[-71.27432151247316,-32.809961593343196],[-71.27445057905675,-32.80982861392282],[-71.27453781096608,-32.809723337942245],[-71.27455504903946,-32.80967893573049],[-71.27455328785429,-32.80942014948506],[-71.2745057274939,-32.809412849260816],[-71.27451020733393,-32.80921339892694],[-71.27454219531107,-32.80918895406611]]]]}},{"type":"Feature","properties":{"fid":47,"Bloque":"2","HAS":2.29,"Plantas":3833,"ID_Potrero":10,"Variedad":"Cara Cara","Potrero_Nombre":"21","Potrero_HAS":4.59,"Potrero_Plantas":7650,"Potrero_Alias:":"21","Potrero_Especie":"Naranja","Potrero_Nombre_GeoJSON":"21","Potrero_Alias_GeoJSON":"P21","Bloque_GeoJSON":"2","potrero":"21","bloque":"2","campo_id":"ce685441-cc02-4b2e-8abb-4e4fa0f67c8d","especie":"NARANJA","variedad":"CARA CARA","hectareas":2.29,"plantas_supabase":3816.666667,"precipitacion":2.76,"caudal":45.530092,"normalizacion_estado":"COINCIDENCIA"},"geometry":{"type":"MultiPolygon","coordinates":[[[[-71.27447131476588,-32.80893141504807],[-71.27447527597924,-32.80906513499202],[-71.27438780675655,-32.809147921554484],[-71.27437708803694,-32.80942117489958],[-71.27441217476743,-32.80943943345531],[-71.27445859328594,-32.80950782446015],[-71.27446647079488,-32.80961559440473],[-71.27433856713387,-32.80975124064062],[-71.27425248709481,-32.80980728659952],[-71.27416479627526,-32.80986962236086],[-71.27399637169451,-32.80995035603752],[-71.27380829163164,-32.81000602693523],[-71.2737314384766,-32.81002538540846],[-71.2736553944925,-32.810073205438854],[-71.27365965666765,-32.810092006468516],[-71.2736121309625,-32.81014167905821],[-71.27361527031238,-32.810165954768486],[-71.27358134783604,-32.810222307851774],[-71.27354011754248,-32.810257470484494],[-71.27352043707353,-32.81031987909271],[-71.27347942120997,-32.810343274809526],[-71.27343351320746,-32.81034443785557],[-71.2733727702716,-32.810315238889615],[-71.2731346163904,-32.810066983925054],[-71.27311355169131,-32.810025937346424],[-71.27293393876326,-32.80978047187432],[-71.27274452433275,-32.80951543902571],[-71.27260204424373,-32.80926654890759],[-71.27272496984794,-32.809186123572985],[-71.27307346206412,-32.80888172190903],[-71.27312258346365,-32.808811684699414],[-71.27325890006122,-32.80872234723479],[-71.27333197184339,-32.80869037942859],[-71.27376273090893,-32.80848333739058],[-71.27396971890114,-32.80837992228216],[-71.27413921830038,-32.80856592948979],[-71.27447131476588,-32.80893141504807]]]]}},{"type":"Feature","properties":{"fid":48,"Bloque":"F1","HAS":1.49,"Plantas":1335,"ID_Potrero":16,"Variedad":"Hass","Potrero_Nombre":"F","Potrero_HAS":6.63,"Potrero_Plantas":6027,"Potrero_Alias:":"F","Potrero_Especie":"Paltas","Potrero_Nombre_GeoJSON":"F","Potrero_Alias_GeoJSON":"Unidad F","Bloque_GeoJSON":"1","potrero":"F","bloque":"F1","campo_id":"b37cc284-7a0f-489f-baef-d326f8229fd0","especie":"PALTOS","variedad":"Hass","hectareas":1.49,"plantas_supabase":1354.545455,"precipitacion":1.82,"caudal":33.7,"normalizacion_estado":"COINCIDENCIA"},"geometry":{"type":"MultiPolygon","coordinates":[[[[-71.27723093724485,-32.80170670323885],[-71.2772612581532,-32.8016632740929],[-71.2773527716566,-32.80164935833355],[-71.27747679254739,-32.801677728491484],[-71.27735717509715,-32.80191675203153],[-71.27740410983863,-32.80236404861774],[-71.27744643041002,-32.80241951034545],[-71.27754394804344,-32.8025095546645],[-71.2776640428104,-32.80256524943533],[-71.27772290959955,-32.80259871344741],[-71.2777760296311,-32.80264396672906],[-71.27779932487302,-32.802664166566096],[-71.27782850998575,-32.80276572464547],[-71.2778736345858,-32.80278951829275],[-71.27792492306338,-32.80282061074109],[-71.27796799895235,-32.80283506045723],[-71.27804433774047,-32.80278809864477],[-71.27809939032488,-32.80280144331343],[-71.27812135114581,-32.80285878329161],[-71.27812554146391,-32.80294203738406],[-71.27799737282751,-32.8031301725369],[-71.27797006295344,-32.80329137523024],[-71.27787434955275,-32.8033759488911],[-71.27782997651917,-32.80348644778756],[-71.27776769581111,-32.80353522772208],[-71.27768771279912,-32.80366645697051],[-71.2776083939333,-32.80373723519531],[-71.27748335072349,-32.804091662007345],[-71.27729907857065,-32.80396945902052],[-71.27719841230414,-32.803890983716286],[-71.27708658187301,-32.80372457112911],[-71.27704140763004,-32.80364522218115],[-71.27702513443708,-32.803542949334194],[-71.27701953151933,-32.80346546345243],[-71.27705610306023,-32.80327276426936],[-71.27706435168143,-32.803181930567696],[-71.27707081867946,-32.8031148029635],[-71.27711051897691,-32.80300008483608],[-71.27719803079378,-32.80283336055719],[-71.27720433656005,-32.8027790422359],[-71.27722065130011,-32.80274120094186],[-71.27704667264778,-32.80268918506931],[-71.27686748134926,-32.80258749571558],[-71.2767818238099,-32.80251556068679],[-71.27677593271432,-32.80238099507304],[-71.276837659801,-32.80220231999658],[-71.27678028475928,-32.80203514421912],[-71.2766969741614,-32.80186421971761],[-71.27670251085985,-32.801766471346035],[-71.27673715341255,-32.80168292651888],[-71.27679169272967,-32.80162671742172],[-71.27685390073253,-32.801592319015775],[-71.27688719584968,-32.8015945332519],[-71.27689553829752,-32.80163725898146],[-71.2769878176434,-32.801605974383236],[-71.2771000423295,-32.80164578933394],[-71.27708041327735,-32.801681877680906],[-71.27723093724485,-32.80170670323885]]]]}},{"type":"Feature","properties":{"fid":49,"Bloque":"F2","HAS":1.84,"Plantas":1673,"ID_Potrero":16,"Variedad":"Hass","Potrero_Nombre":"F","Potrero_HAS":6.63,"Potrero_Plantas":6027,"Potrero_Alias:":"F","Potrero_Especie":"Paltas","Potrero_Nombre_GeoJSON":"F","Potrero_Alias_GeoJSON":"Unidad F","Bloque_GeoJSON":"2","potrero":"F","bloque":"F2","campo_id":"7a3ec952-7b10-4cf2-88cf-659cb4c4afdc","especie":"PALTOS","variedad":"Hass","hectareas":1.84,"plantas_supabase":1672.727273,"precipitacion":1.82,"caudal":41.7,"normalizacion_estado":"COINCIDENCIA"},"geometry":{"type":"MultiPolygon","coordinates":[[[[-71.27444423612125,-32.79969721044345],[-71.27352231987547,-32.80037651937993],[-71.2735534093131,-32.80060055129085],[-71.27364498792019,-32.80073160397881],[-71.27379769285238,-32.80088962074135],[-71.27394298001562,-32.80104113625452],[-71.27404853821979,-32.80110404521926],[-71.2742117802082,-32.80120112683151],[-71.27455884353482,-32.80134897520864],[-71.27495487784317,-32.80135504925524],[-71.27522405213637,-32.80130816953816],[-71.27535568372643,-32.80128579215453],[-71.27541124349861,-32.80126201954096],[-71.2753933849451,-32.80120160105685],[-71.27547187383281,-32.80117465184455],[-71.27543994761847,-32.80108456795739],[-71.27537119845339,-32.80106622560261],[-71.27532482959192,-32.801001731369375],[-71.27531276910945,-32.80081308537631],[-71.27549757007672,-32.80030948821124],[-71.27545057143809,-32.800243984566286],[-71.27536513204673,-32.80023532883549],[-71.27522514184093,-32.800267989940664],[-71.2750877170206,-32.800282738629015],[-71.27498581065603,-32.80026825658869],[-71.27488101987606,-32.800235450807186],[-71.27475477950983,-32.80016730348719],[-71.27465488610788,-32.8000894891943],[-71.27457046570517,-32.80000220559691],[-71.27453152926165,-32.79994472222198],[-71.2745152369739,-32.79987457662897],[-71.27449420343227,-32.799855561865975],[-71.27446636368161,-32.79994896906753],[-71.27444423612125,-32.79969721044345]]]]}},{"type":"Feature","properties":{"fid":50,"Bloque":"F3","HAS":1.7,"Plantas":1545,"ID_Potrero":16,"Variedad":"Hass","Potrero_Nombre":"F","Potrero_HAS":6.63,"Potrero_Plantas":6027,"Potrero_Alias:":"F","Potrero_Especie":"Paltas","Potrero_Nombre_GeoJSON":"F","Potrero_Alias_GeoJSON":"Unidad F","Bloque_GeoJSON":"3","potrero":"F","bloque":"F3","campo_id":"cbc93a8a-663a-47e7-a7af-c6bf25edb65f","especie":"PALTOS","variedad":"Hass","hectareas":1.7,"plantas_supabase":1545.454545,"precipitacion":1.82,"caudal":38.7,"normalizacion_estado":"COINCIDENCIA"},"geometry":{"type":"MultiPolygon","coordinates":[[[[-71.27425083164356,-32.798273515227905],[-71.27453373155399,-32.798370464226025],[-71.27448711944731,-32.79843869021464],[-71.27446964743926,-32.79855947316029],[-71.27449134513601,-32.79874692333235],[-71.27456726840347,-32.79888030165428],[-71.27460718106154,-32.79911846546939],[-71.27488679005849,-32.79920619432657],[-71.27490280385669,-32.799287665776504],[-71.27491377106992,-32.799433454219475],[-71.27494755211471,-32.799620684647074],[-71.27500409348947,-32.79975237313198],[-71.2750413955174,-32.799935455948415],[-71.27508084022372,-32.80006030887888],[-71.27510653869525,-32.800120074479224],[-71.27514811210347,-32.800138715784534],[-71.2751572457075,-32.80016509298982],[-71.27521365580265,-32.800196736198295],[-71.27518595878784,-32.800248284320034],[-71.27508328628059,-32.80025117147125],[-71.27496803755506,-32.80023489014393],[-71.27494301516431,-32.80020165545409],[-71.27489025580556,-32.800170966662996],[-71.27485316508103,-32.8001859332825],[-71.27474623026907,-32.80011641418704],[-71.274647727132,-32.80004572087438],[-71.27457976747017,-32.799987744053844],[-71.27458440471919,-32.799932531535106],[-71.27455658856807,-32.7998370730247],[-71.27452970833517,-32.7997783496657],[-71.27449073360772,-32.79976680717907],[-71.27439812757775,-32.79954797691908],[-71.27434595217473,-32.79939783271356],[-71.27429933757917,-32.799276172462996],[-71.27434635264504,-32.79917629151128],[-71.27437297162595,-32.799129867620984],[-71.27439243183986,-32.79903967537588],[-71.27429663252654,-32.79898016243951],[-71.27417734509481,-32.79894761941618],[-71.2741130631844,-32.798891617271224],[-71.27404033664548,-32.79878880739421],[-71.27396256958149,-32.798677921889464],[-71.27390896663725,-32.79856659735408],[-71.27388610122378,-32.79842817116514],[-71.27391223925902,-32.798315397999886],[-71.27395944899212,-32.79817569878299],[-71.27425083164356,-32.798273515227905]]],[[[-71.27393191386949,-32.798162416937096],[-71.27386389255959,-32.79843418952893],[-71.27389800875004,-32.79863468586411],[-71.27396456405982,-32.798732503477225],[-71.27405146430394,-32.79886976628887],[-71.27397525701483,-32.79891504921499],[-71.27385962078804,-32.79897840357349],[-71.27377809922912,-32.79886248169069],[-71.27371047860423,-32.79872282667758],[-71.2737044502359,-32.79858103192458],[-71.2737985457925,-32.798336349895834],[-71.27393191386949,-32.798162416937096]]],[[[-71.27378330242378,-32.79890067069246],[-71.27394754742102,-32.799108501548524],[-71.27394656038882,-32.79916466863919],[-71.27393814220807,-32.79921382447432],[-71.27390371524186,-32.79928591246826],[-71.27394009135793,-32.799290356098524],[-71.27394637900812,-32.799252468800695],[-71.27405264908792,-32.79924849635796],[-71.2740556372782,-32.79927090173152],[-71.27410149710288,-32.79926802675922],[-71.2741343651893,-32.7992296565308],[-71.2742757771287,-32.79922912899384],[-71.27428049343014,-32.799271920835245],[-71.2742981370255,-32.799395128389875],[-71.27434524556946,-32.79953617664125],[-71.274433472701,-32.79970174482418],[-71.2741208596396,-32.7999332976598],[-71.27375080932062,-32.80021157814352],[-71.27352301493349,-32.800380079883126],[-71.27354454866678,-32.80014781222481],[-71.27359374035014,-32.79998462480442],[-71.27375475886035,-32.79973026303801],[-71.27379394119848,-32.7994615492275],[-71.27384813712095,-32.79914450743773],[-71.27376375635883,-32.79909687791459],[-71.27366654738374,-32.79889806236317],[-71.27354827078435,-32.798780003309226],[-71.27345099371033,-32.798552534444624],[-71.2734466090403,-32.798490502152276],[-71.27353769958556,-32.79851208779293],[-71.27367082206791,-32.79856581891555],[-71.27366672995409,-32.79864246029418],[-71.27369696111148,-32.79873787518387],[-71.27378330242378,-32.79890067069246]]]]}},{"type":"Feature","properties":{"fid":51,"Bloque":"F4","HAS":1.6,"Plantas":1455,"ID_Potrero":16,"Variedad":"Hass","Potrero_Nombre":"F","Potrero_HAS":6.63,"Potrero_Plantas":6027,"Potrero_Alias:":"F","Potrero_Especie":"Paltas","Potrero_Nombre_GeoJSON":"F","Potrero_Alias_GeoJSON":"Unidad F","Bloque_GeoJSON":"4","potrero":"F","bloque":"F4","campo_id":"a73990bc-a9ec-42c1-9d5a-c87807f536b3","especie":"PALTOS","variedad":"Hass","hectareas":1.6,"plantas_supabase":1454.545455,"precipitacion":1.82,"caudal":33.8,"normalizacion_estado":"COINCIDENCIA"},"geometry":{"type":"MultiPolygon","coordinates":[[[[-71.2748850692436,-32.7992022588414],[-71.2746113447812,-32.79911583757106],[-71.27458800896513,-32.79886410090605],[-71.2745093313567,-32.79871750102902],[-71.27450652284888,-32.79851235242735],[-71.27451495312162,-32.79841623522756],[-71.27455848650992,-32.79836950394304],[-71.27425000662213,-32.79826485262028],[-71.27392448281428,-32.798155405676155],[-71.27378242350784,-32.798320308461875],[-71.2736942387493,-32.79846483550285],[-71.27367128324896,-32.798560195621555],[-71.27344072566132,-32.79847760740607],[-71.27344060669081,-32.79837846499933],[-71.27342968311673,-32.79826585816748],[-71.2734495258676,-32.798138131195095],[-71.27350666659281,-32.79798956389439],[-71.27362792722866,-32.79778390520106],[-71.2737193234262,-32.79766595562241],[-71.27385755684631,-32.797544709650126],[-71.27406025505397,-32.79750963744875],[-71.27417461993583,-32.797531842826736],[-71.2743928457958,-32.797513761842986],[-71.27461414328255,-32.797470106032165],[-71.27466531519254,-32.7974385493189],[-71.27490375328804,-32.79737861114943],[-71.27490397394536,-32.79739906185695],[-71.2748461045817,-32.79745762448226],[-71.27489259048218,-32.79743286556678],[-71.27500823484233,-32.797418104252806],[-71.27509727843332,-32.79746004485146],[-71.27508793456083,-32.797593968654375],[-71.27509753168115,-32.79770567424522],[-71.27504608326927,-32.79804819243728],[-71.27502423540108,-32.79819463398905],[-71.27499627882717,-32.79823597785085],[-71.2749692704248,-32.79826709553765],[-71.2748971577707,-32.79831167631081],[-71.27483965976602,-32.798382487280975],[-71.2747848674087,-32.798492967217214],[-71.27477629984669,-32.7985766652606],[-71.27478660651639,-32.79873594280706],[-71.2748850692436,-32.7992022588414]]]]}},{"type":"Feature","properties":{"fid":52,"Bloque":"G2","HAS":0.53,"Plantas":482,"ID_Potrero":15,"Variedad":"Hass","Potrero_Nombre":"G","Potrero_HAS":2.23,"Potrero_Plantas":2027,"Potrero_Alias:":"G","Potrero_Especie":"Paltas","Potrero_Nombre_GeoJSON":"G","Potrero_Alias_GeoJSON":"Unidad G","Bloque_GeoJSON":"2","potrero":"G","bloque":"G2","campo_id":"4222b355-8183-4bb4-9ddc-6a8e99dbd4d9","especie":"PALTOS","variedad":"Hass","hectareas":0.53,"plantas_supabase":481.8181818,"precipitacion":1.8,"caudal":11.3,"normalizacion_estado":"COINCIDENCIA"},"geometry":{"type":"MultiPolygon","coordinates":[[[[-71.27496340301282,-32.799317701643204],[-71.2751831644832,-32.79921365969328],[-71.27515262318376,-32.799295886310205],[-71.27520544615494,-32.799281654538746],[-71.27521176115877,-32.79933973067446],[-71.2752487094206,-32.799366623176155],[-71.27537437477801,-32.799317377741275],[-71.27549815561797,-32.799241623216105],[-71.27554781238231,-32.79938772911148],[-71.27588069198953,-32.79983291174514],[-71.27569647651677,-32.80000368761694],[-71.27564362720742,-32.80001689918924],[-71.27564178297447,-32.80003939236891],[-71.27554380170845,-32.80008405122294],[-71.27541229045056,-32.80018853135576],[-71.27535497219725,-32.800216116555845],[-71.27527702218053,-32.80019303211189],[-71.27525012935386,-32.80018127024548],[-71.27521157043373,-32.800186054725444],[-71.27518628793206,-32.80014261588119],[-71.27512512302685,-32.80011412176576],[-71.27512484906912,-32.80005593582573],[-71.27507940313775,-32.799980194871885],[-71.27505028459481,-32.79973877240422],[-71.27500908756431,-32.79968745562988],[-71.27496564234222,-32.79959534396436],[-71.27494237274291,-32.79948857308044],[-71.2749300152646,-32.79933566365597],[-71.27496340301282,-32.799317701643204]]]]}},{"type":"Feature","properties":{"fid":53,"Bloque":"G1","HAS":0.55,"Plantas":500,"ID_Potrero":15,"Variedad":"Hass","Potrero_Nombre":"G","Potrero_HAS":2.23,"Potrero_Plantas":2027,"Potrero_Alias:":"G","Potrero_Especie":"Paltas","Potrero_Nombre_GeoJSON":"G","Potrero_Alias_GeoJSON":"Unidad G","Bloque_GeoJSON":"1","potrero":"G","bloque":"G1","campo_id":"39127e48-8426-4e84-8f61-05c44382a743","especie":"PALTOS","variedad":"Hass","hectareas":0.55,"plantas_supabase":500,"precipitacion":1.8,"caudal":11.7,"normalizacion_estado":"COINCIDENCIA"},"geometry":{"type":"MultiPolygon","coordinates":[[[[-71.27552144957805,-32.799254471356406],[-71.27588907143549,-32.79982969670487],[-71.27612449921264,-32.799676365377216],[-71.27615040344163,-32.799649351097464],[-71.2762185834343,-32.7996685291037],[-71.27630479399613,-32.799636334517366],[-71.27621329942683,-32.79936644084167],[-71.27619606650882,-32.79916461738543],[-71.27624633677758,-32.79895544101117],[-71.27629319037067,-32.79875449389667],[-71.27640398855021,-32.79859628226051],[-71.27651708726755,-32.79848090620411],[-71.2765892372898,-32.79837137929412],[-71.27641175180493,-32.79842667280857],[-71.27625041483796,-32.79849902759749],[-71.2760857275372,-32.7986296340216],[-71.27599591029096,-32.79880481907539],[-71.27595153610166,-32.798960801709676],[-71.27552144957805,-32.799254471356406]]]]}},{"type":"Feature","properties":{"fid":54,"Bloque":"G3","HAS":0.59,"Plantas":536,"ID_Potrero":15,"Variedad":"Hass","Potrero_Nombre":"G","Potrero_HAS":2.23,"Potrero_Plantas":2027,"Potrero_Alias:":"G","Potrero_Especie":"Paltas","Potrero_Nombre_GeoJSON":"G","Potrero_Alias_GeoJSON":"Unidad G","Bloque_GeoJSON":"3","potrero":"G","bloque":"G3","campo_id":"f1ee1ef2-07b0-4d6c-adbf-63ad8fb511e4","especie":"PALTOS","variedad":"Hass","hectareas":0.59,"plantas_supabase":536.3636364,"precipitacion":1.8,"caudal":13.5,"normalizacion_estado":"COINCIDENCIA"},"geometry":{"type":"MultiPolygon","coordinates":[[[[-71.27622530292176,-32.79850969319307],[-71.27614129008398,-32.798580641681006],[-71.27609213849628,-32.7986203294057],[-71.27607973858687,-32.7986317847107],[-71.27605804447492,-32.798681692514954],[-71.27602578871566,-32.798744043082806],[-71.27598998635584,-32.798809520811425],[-71.27594971079651,-32.79896032445251],[-71.27585221204126,-32.79902386127225],[-71.27574537264721,-32.799100329010805],[-71.27552015035053,-32.799250921849215],[-71.27549742148378,-32.79923653209554],[-71.27545527141977,-32.79926639381226],[-71.27536530023826,-32.799317032255345],[-71.27530192848326,-32.79934421701639],[-71.27524747521113,-32.79936562471753],[-71.27522703877179,-32.7993226082288],[-71.27522977831474,-32.79924037651206],[-71.27522337135115,-32.79913125737685],[-71.27515543989085,-32.79916924432577],[-71.27516105277995,-32.7991997691053],[-71.2751669577435,-32.79921803785414],[-71.27512404745514,-32.79924178791961],[-71.27505888936574,-32.79927002592082],[-71.27498662500712,-32.79930400796223],[-71.27495085985859,-32.799323544530644],[-71.27493457428687,-32.79927738986711],[-71.27491209703898,-32.7991542702727],[-71.27488269877946,-32.79907146272102],[-71.27484625122166,-32.79894892760205],[-71.27481804832837,-32.79876831303749],[-71.27481152104136,-32.79865223007722],[-71.27480739700867,-32.79859222085229],[-71.27481346697145,-32.79855481306189],[-71.27565210594429,-32.798784526865994],[-71.27606092496055,-32.798557601606625],[-71.27618178194783,-32.798509463722404],[-71.27622530292176,-32.79850969319307]]]]}},{"type":"Feature","properties":{"fid":55,"Bloque":"G4","HAS":0.56,"Plantas":509,"ID_Potrero":15,"Variedad":"Hass","Potrero_Nombre":"G","Potrero_HAS":2.23,"Potrero_Plantas":2027,"Potrero_Alias:":"G","Potrero_Especie":"Paltas","Potrero_Nombre_GeoJSON":"G","Potrero_Alias_GeoJSON":"Unidad G","Bloque_GeoJSON":"4","potrero":"G","bloque":"G4","campo_id":"e275ffa3-f4f4-4a66-bb32-a4c2b03f48f1","especie":"PALTOS","variedad":"Hass","hectareas":0.56,"plantas_supabase":509.0909091,"precipitacion":1.8,"caudal":10.8,"normalizacion_estado":"COINCIDENCIA"},"geometry":{"type":"MultiPolygon","coordinates":[[[[-71.27576078547519,-32.79834562698885],[-71.27599766601352,-32.79855612199114],[-71.27588957074994,-32.79861635603284],[-71.27580226394744,-32.79867664481353],[-71.27562549251469,-32.79875999882192],[-71.27519928208551,-32.79863656191642],[-71.27481242061417,-32.79854672115346],[-71.27483115365641,-32.79843854373478],[-71.27486507129997,-32.798382190445984],[-71.27504770577747,-32.798276295108685],[-71.27507543691452,-32.79835398366791],[-71.2751138390518,-32.79834307673722],[-71.27524437578563,-32.79834274580856],[-71.27533110556156,-32.79833096034454],[-71.2754503332696,-32.79831592222668],[-71.27556661226379,-32.798315431651],[-71.27563610276944,-32.79835610493035],[-71.2756972808397,-32.79831374960559],[-71.27576078547519,-32.79834562698885]]]]}},{"type":"Feature","properties":{"fid":56,"Bloque":"I1","HAS":1.43,"Plantas":950,"ID_Potrero":14,"Variedad":"Hass","Potrero_Nombre":"I","Potrero_HAS":8.32,"Potrero_Plantas":6685,"Potrero_Alias:":"I","Potrero_Especie":"Paltas","Potrero_Nombre_GeoJSON":"i","Potrero_Alias_GeoJSON":"Unidad I","Bloque_GeoJSON":"1","potrero":"I","bloque":"I1","campo_id":"89ad6cb6-c379-488c-b998-77096b5bdb0a","especie":"PALTOS","variedad":"Hass","hectareas":1.425,"plantas_supabase":950,"precipitacion":1.82,"caudal":27.705,"normalizacion_estado":"COINCIDENCIA"},"geometry":{"type":"MultiPolygon","coordinates":[[[[-71.27464079967993,-32.795255963359395],[-71.27377108029023,-32.79587764186339],[-71.2738216137744,-32.79600604288938],[-71.27398993132819,-32.7961737343979],[-71.27455749079853,-32.79652364140629],[-71.274658222281,-32.79669347187759],[-71.27473017561512,-32.796762577903884],[-71.27482367785261,-32.796773400809286],[-71.27492543389755,-32.796760032201334],[-71.2750419140532,-32.79668981023211],[-71.27514945606724,-32.796609972780544],[-71.27528265469867,-32.79653658884052],[-71.27540182340094,-32.796433875379726],[-71.27547949653172,-32.796381275092614],[-71.27558835827972,-32.79630470206759],[-71.27565765870794,-32.7962502023193],[-71.27588309866914,-32.796156733654335],[-71.27595768792955,-32.796096062875364],[-71.27610151562068,-32.796024537371636],[-71.27623437723784,-32.79594930040429],[-71.27697121684517,-32.79549032568067],[-71.2768383377936,-32.79541865331],[-71.27658508824891,-32.79533454389183],[-71.27628743006326,-32.795178787803984],[-71.27623181857837,-32.79517982388061],[-71.27581342609703,-32.79547737987527],[-71.27564621771243,-32.795589237034626],[-71.27545443318824,-32.79560497417242],[-71.27536404350161,-32.79566276640922],[-71.2752500218736,-32.79564697332235],[-71.27500736237567,-32.7956540908236],[-71.27498002620932,-32.795742590835204],[-71.27476441089007,-32.79552571838046],[-71.27464079967993,-32.795255963359395]]]]}},{"type":"Feature","properties":{"fid":57,"Bloque":"2","HAS":1.32,"Plantas":550,"ID_Potrero":7,"Variedad":"Hass","Potrero_Nombre":"El parque 1","Potrero_HAS":6.72,"Potrero_Plantas":2800,"Potrero_Alias:":"El parque 1","Potrero_Especie":"Palta","Potrero_Nombre_GeoJSON":"16","Potrero_Alias_GeoJSON":"El Parque 1","Bloque_GeoJSON":"2","potrero":"El parque 1","bloque":"2","campo_id":"6706c3bc-9b3b-4147-978b-658d338a9407","especie":"PALTOS","variedad":"Hass","hectareas":1.8,"plantas_supabase":750,"precipitacion":2.29,"caudal":44.500235,"normalizacion_estado":"COINCIDENCIA"},"geometry":{"type":"MultiPolygon","coordinates":[[[[-71.27795572137711,-32.810803473069434],[-71.27736979125882,-32.811318680441985],[-71.2773237846903,-32.811363415972636],[-71.27718644752971,-32.81138224934757],[-71.27715019652923,-32.81138290897991],[-71.27706628780538,-32.811410978935115],[-71.27693852858121,-32.81147353608836],[-71.27685056724832,-32.811532306374566],[-71.27676415259995,-32.81160432004883],[-71.27658405755214,-32.81170049751218],[-71.27657136418206,-32.811724208925085],[-71.27646967784538,-32.8117588931914],[-71.27642031738549,-32.81169589196049],[-71.27598575825348,-32.81120372966194],[-71.27584327548843,-32.811011138353614],[-71.2757148441665,-32.810842839621586],[-71.27583537785854,-32.81079077951273],[-71.27585698760002,-32.81082665765989],[-71.27602932790843,-32.81075344183451],[-71.27603401947295,-32.81080088806617],[-71.27627148996241,-32.810679166436685],[-71.27624160447661,-32.81064499970405],[-71.27629701406538,-32.810494941702416],[-71.27639587602464,-32.81043699442643],[-71.27674844428759,-32.81046733287368],[-71.27683010693367,-32.81049341125626],[-71.27692328042949,-32.81049682054574],[-71.27696533854038,-32.81048686730957],[-71.27702527690403,-32.81051436171171],[-71.27707432478199,-32.810494072347744],[-71.27713053397042,-32.8105175509864],[-71.27729747981274,-32.81047469841912],[-71.27734717857011,-32.810479919387156],[-71.27758367216104,-32.81060424787621],[-71.27775019620829,-32.81065764203111],[-71.2777716557231,-32.81070172216896],[-71.27781863067521,-32.81069943554121],[-71.27786661231329,-32.81072366841429],[-71.27786535430735,-32.810751420419805],[-71.27788232465797,-32.81077953784104],[-71.27792638066815,-32.81077342625278],[-71.27795572137711,-32.810803473069434]]]]}},{"type":"Feature","properties":{"fid":58,"Bloque":"1","HAS":1.8,"Plantas":750,"ID_Potrero":7,"Variedad":"Hass","Potrero_Nombre":"El parque 1","Potrero_HAS":6.72,"Potrero_Plantas":2800,"Potrero_Alias:":"El parque 1","Potrero_Especie":"Palta","Potrero_Nombre_GeoJSON":"16","Potrero_Alias_GeoJSON":"El Parque 1","Bloque_GeoJSON":"1","potrero":"El parque 1","bloque":"1","campo_id":"6b7a5bc8-2caa-4acc-b892-73dbfb61e850","especie":"PALTOS","variedad":"Hass","hectareas":1.32,"plantas_supabase":550,"precipitacion":2.29,"caudal":52.155015,"normalizacion_estado":"COINCIDENCIA"},"geometry":{"type":"MultiPolygon","coordinates":[[[[-71.27795694967651,-32.810850443214854],[-71.27781595463881,-32.810950453034124],[-71.27775238423071,-32.811009533744],[-71.27770107578446,-32.81103598986576],[-71.27767124701066,-32.81109880711338],[-71.27759022421964,-32.811145200925345],[-71.27750420117552,-32.81123252132964],[-71.2773907501166,-32.811334633292006],[-71.27755945256537,-32.811313187088935],[-71.27764125680899,-32.81129740580262],[-71.27794328376193,-32.81126010187034],[-71.27803523124292,-32.81125878389576],[-71.27817441566376,-32.81125720204147],[-71.27824094798318,-32.81125618158328],[-71.27827925741965,-32.81123781068711],[-71.27835265499604,-32.811224223765414],[-71.27839944777136,-32.81124462901677],[-71.27848867901683,-32.811201329465455],[-71.27855492678013,-32.81115351774618],[-71.27853191640455,-32.811088086175076],[-71.2784521670812,-32.81098694727619],[-71.27832166933277,-32.810971351166],[-71.27828530334186,-32.81099005960794],[-71.27827473432859,-32.81095521032417],[-71.27824511170707,-32.810932354460974],[-71.27819950537312,-32.81091711456321],[-71.27817049699081,-32.81091774374954],[-71.27816162920054,-32.81089604370312],[-71.27812784976308,-32.81088790107007],[-71.27812577607286,-32.81086250354431],[-71.27808123671186,-32.81084614161442],[-71.27803559033013,-32.810849329320114],[-71.27800435739299,-32.81083276329049],[-71.27795694967651,-32.810850443214854]]],[[[-71.27887846141827,-32.81014105535033],[-71.27875136236503,-32.81014962305718],[-71.2786185661108,-32.810155822423816],[-71.27853728885171,-32.81014592088354],[-71.27845381699247,-32.81016729126836],[-71.2784170064274,-32.81014601228707],[-71.27834539621414,-32.81015854579496],[-71.27830205992697,-32.81018945102297],[-71.27824761110114,-32.81016389908437],[-71.27811010956864,-32.81022357205981],[-71.27808230958607,-32.81020008717242],[-71.27803405372762,-32.810204028248606],[-71.27792518776717,-32.81024888729747],[-71.27784530639661,-32.810245236815604],[-71.27779819642154,-32.81029407615509],[-71.27777003973054,-32.81028029615522],[-71.2777344923537,-32.81030850720029],[-71.27770780444568,-32.81030490936537],[-71.27754470810277,-32.81040384142785],[-71.27752156710835,-32.81039711632985],[-71.27743460723867,-32.8104477016434],[-71.27740216396107,-32.81045543828431],[-71.27738335108144,-32.810476198461686],[-71.27753224108017,-32.810537522682424],[-71.27757382102405,-32.81056848756452],[-71.27766130898118,-32.810598287847036],[-71.27770774037697,-32.81060116917196],[-71.27780224403061,-32.81064772253121],[-71.27782750807299,-32.81065562729499],[-71.27793277802763,-32.81073571417971],[-71.27805420075651,-32.81079643467275],[-71.27813808518286,-32.810770271640216],[-71.27820211077223,-32.81075924691635],[-71.27826055069332,-32.810808103611194],[-71.27833370583025,-32.81082080181904],[-71.27851125838542,-32.81079725571151],[-71.27856523379454,-32.810790558410915],[-71.27871461842726,-32.810776446024775],[-71.27902916063935,-32.810781202086154],[-71.27913735291929,-32.81077429020752],[-71.27922305873994,-32.810749994555174],[-71.27926944950528,-32.81072730111927],[-71.27933914864651,-32.81070398191622],[-71.27940686052482,-32.810683915742274],[-71.27947917920758,-32.810652677617114],[-71.27941666753519,-32.81039436850699],[-71.27937512692046,-32.81034497660516],[-71.27935580051876,-32.81029865277922],[-71.27929844720815,-32.810239460780096],[-71.27922493972058,-32.810205301024936],[-71.27912410550717,-32.810194133681975],[-71.27908143838671,-32.8101735051529],[-71.27897585308715,-32.81014435208474],[-71.27887846141827,-32.81014105535033]]]]}},{"type":"Feature","properties":{"fid":59,"Bloque":"3","HAS":1.84,"Plantas":750,"ID_Potrero":7,"Variedad":"Hass","Potrero_Nombre":"El parque 1","Potrero_HAS":6.72,"Potrero_Plantas":2800,"Potrero_Alias:":"El parque 1","Potrero_Especie":"Palta","Potrero_Nombre_GeoJSON":"16","Potrero_Alias_GeoJSON":"El Parque 1","Bloque_GeoJSON":"3","potrero":"El parque 1","bloque":"3","campo_id":"2e9b6a59-9e2c-41a9-856d-576b588b990f","especie":"PALTOS","variedad":"Hass","hectareas":1.84,"plantas_supabase":766.6666667,"precipitacion":2.29,"caudal":46.630817,"normalizacion_estado":"COINCIDENCIA"},"geometry":{"type":"MultiPolygon","coordinates":[[[[-71.2756949240102,-32.81088561913626],[-71.27643838419225,-32.81176996829131],[-71.27643238454472,-32.81183602909749],[-71.27637642011628,-32.8118718980821],[-71.2763315287061,-32.8118954874174],[-71.27632102521788,-32.811933961897864],[-71.27627345250401,-32.81198842401517],[-71.27615603561853,-32.81224323030106],[-71.27610301192367,-32.812297281056914],[-71.27607224469511,-32.812323362931416],[-71.27605783704573,-32.81237466954167],[-71.27591514747718,-32.81246812398302],[-71.27550974699074,-32.81264190147162],[-71.27537268770722,-32.81248207183813],[-71.27524324344155,-32.81233639607136],[-71.27520295060293,-32.8123207943681],[-71.27504990902109,-32.81210306408948],[-71.27495045537168,-32.811995636653336],[-71.27485974672263,-32.811899279974206],[-71.27477991364137,-32.811802725535316],[-71.27473060218554,-32.81171786695874],[-71.27463868569312,-32.81162153205688],[-71.27493600660503,-32.81147626539583],[-71.2749119030532,-32.81143178431767],[-71.27511564660068,-32.81131476147009],[-71.27510039178681,-32.81128543293686],[-71.27514217605398,-32.81121729444725],[-71.27513057236166,-32.811188920431505],[-71.2751972639582,-32.811101953057474],[-71.27536070253815,-32.811016289339484],[-71.27543557335443,-32.81094193428001],[-71.27547381311659,-32.810971865740534],[-71.27551159609592,-32.81093646842434],[-71.27557476190192,-32.81092460050974],[-71.27563149713751,-32.81094500758428],[-71.27566642826679,-32.81091629787646],[-71.2756949240102,-32.81088561913626]]]]}},{"type":"Feature","properties":{"fid":60,"Bloque":"4","HAS":1.76,"Plantas":733,"ID_Potrero":7,"Variedad":"Hass","Potrero_Nombre":"El parque 1","Potrero_HAS":6.72,"Potrero_Plantas":2800,"Potrero_Alias:":"El parque 1","Potrero_Especie":"Palta","Potrero_Nombre_GeoJSON":"16","Potrero_Alias_GeoJSON":"El Parque 1","Bloque_GeoJSON":"4","potrero":"El parque 1","bloque":"4","campo_id":"1167c65d-6833-489b-8f25-79e3464306cc","especie":"PALTOS","variedad":"Hass","hectareas":1.76,"plantas_supabase":733.3333333,"precipitacion":2.29,"caudal":42.008306,"normalizacion_estado":"COINCIDENCIA"},"geometry":{"type":"MultiPolygon","coordinates":[[[[-71.27457957690297,-32.81162411838399],[-71.27461135323306,-32.81163551737978],[-71.274695710106,-32.81169733863153],[-71.27481139837892,-32.81185146040534],[-71.27547284633286,-32.812635906308756],[-71.27539399186102,-32.8126728625473],[-71.27532625600745,-32.81269985551403],[-71.27524562384919,-32.812734654237225],[-71.2751956085924,-32.81274408741746],[-71.27514416201304,-32.812765507070644],[-71.27510720257065,-32.81278550945575],[-71.27504514686734,-32.812817264371375],[-71.27500285329056,-32.81281803324784],[-71.27487753332518,-32.812881564917966],[-71.27478000454315,-32.8129301087355],[-71.2747453580838,-32.81295275167768],[-71.27450402181836,-32.813054846991164],[-71.27446942590404,-32.81304415851983],[-71.27443757760973,-32.81298042118256],[-71.27435588723813,-32.812953320897435],[-71.27432751388889,-32.81296467655761],[-71.2742617363992,-32.812924683188506],[-71.274226783641,-32.81291585240469],[-71.27421402360166,-32.81288954110664],[-71.27418543833267,-32.812906394854366],[-71.27415334407512,-32.81288043490549],[-71.27417405488995,-32.81283922286119],[-71.2741612428688,-32.81281087071771],[-71.27418941203334,-32.8127776902681],[-71.27415279632683,-32.812764063187274],[-71.27416168329088,-32.81273327493233],[-71.27411833736512,-32.812740187983714],[-71.27409817103852,-32.812707885908935],[-71.27414120489851,-32.812688727833276],[-71.2740679735839,-32.81266147362796],[-71.27406025520338,-32.81264323783033],[-71.27404318177518,-32.81263742273171],[-71.27403988089647,-32.8126027723886],[-71.27404913193185,-32.81258627001159],[-71.27402712096158,-32.81257646106587],[-71.27402644488592,-32.81254993016086],[-71.27394379295447,-32.81248507406153],[-71.27394858678379,-32.81243598413924],[-71.27388438644175,-32.812431025342214],[-71.27386068678479,-32.812449832025415],[-71.27381162341821,-32.81242213852557],[-71.27381727533052,-32.81240672245166],[-71.27378286859677,-32.81238488798367],[-71.27376857599783,-32.81239331480788],[-71.27374651310524,-32.81238146496977],[-71.27369687783396,-32.812331322188406],[-71.2736538044955,-32.812301478007555],[-71.27358972073921,-32.81225363946964],[-71.2735192186624,-32.81223858604864],[-71.27351781483786,-32.81218348337722],[-71.27350032558627,-32.81216134148098],[-71.27351278587757,-32.812128446564024],[-71.27360981920403,-32.8120460332226],[-71.27363401277475,-32.812046614564174],[-71.27369421016216,-32.81198937180746],[-71.27373971253338,-32.811972210809614],[-71.27376784320838,-32.81198497129757],[-71.27379130877189,-32.81195698085802],[-71.27378230414116,-32.81193570573256],[-71.27374620882459,-32.811942486907476],[-71.27373333265912,-32.81195905512802],[-71.27364869424382,-32.81195855110537],[-71.273657607319,-32.81192878329826],[-71.27361648299288,-32.81188052762865],[-71.27360959669898,-32.81189494522862],[-71.27357986774038,-32.81186690035832],[-71.2735960310866,-32.811837000834075],[-71.27357607314437,-32.81181286201248],[-71.27358848478062,-32.81176772368448],[-71.27357951532038,-32.81171071025866],[-71.27363954108942,-32.8116657778194],[-71.27358411158491,-32.81164018310134],[-71.27362284623311,-32.81157417430163],[-71.27369310318385,-32.8115738363484],[-71.27376678171392,-32.81159058317689],[-71.27380537276575,-32.811589071282704],[-71.27384770849777,-32.81157902561769],[-71.27393381887265,-32.81157006060433],[-71.27402975273732,-32.811571448620974],[-71.27423733073427,-32.811630094404386],[-71.27447948549847,-32.8116374439563],[-71.27457957690297,-32.81162411838399]]]]}},{"type":"Feature","properties":{"fid":61,"Bloque":"4","HAS":0.54,"Plantas":600,"ID_Potrero":18,"Variedad":"Hass","Potrero_Nombre":"El parque 3","Potrero_HAS":4.03,"Potrero_Plantas":4478,"Potrero_Alias:":"El parque 3","Potrero_Especie":"Paltas","Potrero_Nombre_GeoJSON":"17","Potrero_Alias_GeoJSON":"Parque 3","Bloque_GeoJSON":"4","potrero":"El parque 3","bloque":"4","campo_id":"2ea930ac-3e7a-4c52-b3d7-35e0f6b485a8","especie":"PALTOS","variedad":"Hass","hectareas":0.54,"plantas_supabase":600,"precipitacion":1.11,"caudal":7.604328,"normalizacion_estado":"COINCIDENCIA"},"geometry":{"type":"MultiPolygon","coordinates":[[[[-71.28243006503372,-32.810292850060385],[-71.28255535887295,-32.810315063479294],[-71.28263401840589,-32.81030473290259],[-71.28270771680602,-32.81031226062595],[-71.28284489051487,-32.81037943732528],[-71.28291989810414,-32.81039707965586],[-71.2829860895487,-32.8104308890056],[-71.2829536989486,-32.81058331783606],[-71.28293061664276,-32.81086385561631],[-71.28290345473567,-32.81093494087028],[-71.2828840693227,-32.811103569771944],[-71.28283267649454,-32.81111854874024],[-71.2827449638303,-32.81106830160397],[-71.2826356192248,-32.81099139136554],[-71.28244516668603,-32.81088716591846],[-71.28239763536556,-32.81083832784124],[-71.28208171240072,-32.81060750186059],[-71.28198985110166,-32.81050645932338],[-71.28191886888486,-32.81047309159853],[-71.2818973877642,-32.810438226075405],[-71.28192817625481,-32.81041388994088],[-71.2819833649928,-32.810428244127436],[-71.28208480186908,-32.81040659977222],[-71.28220572360135,-32.81035756813445],[-71.28224530865224,-32.81032627872575],[-71.28228829718894,-32.81032128764262],[-71.28232786257547,-32.81029921202483],[-71.28239729353167,-32.81031122801099],[-71.28243006503372,-32.810292850060385]]]]}},{"type":"Feature","properties":{"fid":62,"Bloque":"5","HAS":0.44,"Plantas":489,"ID_Potrero":18,"Variedad":"Hass","Potrero_Nombre":"El parque 3","Potrero_HAS":4.03,"Potrero_Plantas":4478,"Potrero_Alias:":"El parque 3","Potrero_Especie":"Paltas","Potrero_Nombre_GeoJSON":"17","Potrero_Alias_GeoJSON":"Parque 3","Bloque_GeoJSON":"5","potrero":"El parque 3","bloque":"5","campo_id":"d24bf133-5739-4432-a7c8-54e3e6d9f3c7","especie":"PALTOS","variedad":"Hass","hectareas":0.44,"plantas_supabase":488.8888889,"precipitacion":3.1,"caudal":20.417675,"normalizacion_estado":"COINCIDENCIA"},"geometry":{"type":"MultiPolygon","coordinates":[[[[-71.2822652772236,-32.809572122073156],[-71.28237841919285,-32.8095360748005],[-71.28245386830366,-32.8096500593364],[-71.28242071563956,-32.80981911079691],[-71.28239742533637,-32.80999563905546],[-71.28231592051225,-32.810117590488936],[-71.28248120529132,-32.81024627085078],[-71.28242825195889,-32.810269475605615],[-71.28226629235165,-32.81028237628876],[-71.28220997791726,-32.810296785690724],[-71.28217825359026,-32.81032325538303],[-71.2820782143848,-32.81037153290164],[-71.28202194129382,-32.810394641146495],[-71.2819781549812,-32.810388941371585],[-71.28191837974033,-32.81035276913813],[-71.28183116013622,-32.81044333227849],[-71.28176164654695,-32.81046995430575],[-71.28162400382574,-32.81045422061089],[-71.28144190283395,-32.81031840678422],[-71.28150613802644,-32.81019791664425],[-71.28148763989894,-32.810119798910065],[-71.28148025452732,-32.81006218242123],[-71.28148999426227,-32.80998758757053],[-71.28168455759061,-32.809845295674066],[-71.28175206821386,-32.80983793946614],[-71.2819065401268,-32.80970349186436],[-71.28204411834201,-32.80964268754978],[-71.28219350540441,-32.8096088675265],[-71.2822652772236,-32.809572122073156]]]]}},{"type":"Feature","properties":{"fid":63,"Bloque":"1","HAS":0.95,"Plantas":1056,"ID_Potrero":18,"Variedad":"Hass","Potrero_Nombre":"El parque 3","Potrero_HAS":4.03,"Potrero_Plantas":4478,"Potrero_Alias:":"El parque 3","Potrero_Especie":"Paltas","Potrero_Nombre_GeoJSON":"17","Potrero_Alias_GeoJSON":"Parque 3","Bloque_GeoJSON":"1","potrero":"El parque 3","bloque":"1","campo_id":"2cff4f93-35f3-401d-a27b-afbf9f90d67f","especie":"PALTOS","variedad":"Hass","hectareas":0.95,"plantas_supabase":1055.555556,"precipitacion":1.11,"caudal":13.756601,"normalizacion_estado":"COINCIDENCIA"},"geometry":{"type":"MultiPolygon","coordinates":[[[[-71.27972530500254,-32.80943547909098],[-71.27990395611126,-32.80957969246001],[-71.28011484801497,-32.80976699053393],[-71.28026451223938,-32.80990261911492],[-71.28043996451794,-32.81005019763799],[-71.28054552256131,-32.81015407151778],[-71.28042928746589,-32.81020711099521],[-71.28021531648386,-32.81031862779981],[-71.28018319888413,-32.81034206257924],[-71.28006351341078,-32.810372554135874],[-71.27999852438744,-32.81046043535012],[-71.27996044940545,-32.81053150329692],[-71.2797673185839,-32.81062199645737],[-71.27962197576882,-32.81064154881286],[-71.2795301797983,-32.81063466557675],[-71.27946822279326,-32.81042748302959],[-71.27940810965806,-32.810290755585584],[-71.27931383615292,-32.81019914579398],[-71.27906742671004,-32.810130785133815],[-71.27909217914997,-32.8100630216601],[-71.27926022294633,-32.809779216299],[-71.27929316572101,-32.80976738652505],[-71.2793124944303,-32.8097905149814],[-71.27940585207293,-32.80965916150448],[-71.27949327673521,-32.809508519103765],[-71.2796369919826,-32.80943188677026],[-71.27967687130584,-32.80943585396595],[-71.27970451075684,-32.809452751148555],[-71.27972530500254,-32.80943547909098]]]]}},{"type":"Feature","properties":{"fid":64,"Bloque":"2","HAS":1.15,"Plantas":1278,"ID_Potrero":18,"Variedad":"Hass","Potrero_Nombre":"El parque 3","Potrero_HAS":4.03,"Potrero_Plantas":4478,"Potrero_Alias:":"El parque 3","Potrero_Especie":"Paltas","Potrero_Nombre_GeoJSON":"17","Potrero_Alias_GeoJSON":"Parque 3","Bloque_GeoJSON":"2","potrero":"El parque 3","bloque":"2","campo_id":"cc932ad1-6d34-4a4d-a3e0-ddfa8bb1aca4","especie":"PALTOS","variedad":"Hass","hectareas":1.15,"plantas_supabase":1277.777778,"precipitacion":1.11,"caudal":15.811848,"normalizacion_estado":"COINCIDENCIA"},"geometry":{"type":"MultiPolygon","coordinates":[[[[-71.27975267117935,-32.80939405886063],[-71.27997087973408,-32.80958170557212],[-71.28018588857043,-32.80977271786462],[-71.28053452828397,-32.81006910742945],[-71.28060552399374,-32.81012580137887],[-71.28078797142203,-32.81005101411578],[-71.28087785846009,-32.80999680005918],[-71.28098068075664,-32.809952048636],[-71.28106261774286,-32.80991788671076],[-71.2811731463395,-32.809890860249155],[-71.28132159419717,-32.80985752756955],[-71.28145810198211,-32.80983002728146],[-71.28148052573111,-32.80980869024437],[-71.28152992426935,-32.809802174789084],[-71.28158664101957,-32.80977907497535],[-71.28163182214678,-32.80974419864338],[-71.28146630392193,-32.809617199620696],[-71.28133215007105,-32.809507777035456],[-71.28120692411228,-32.80939241263613],[-71.28111552940749,-32.80932305671133],[-71.28073018085281,-32.80895840746665],[-71.28063601862448,-32.80887702395328],[-71.28061595831643,-32.80886249823866],[-71.28058406168954,-32.8088837688466],[-71.28052965629202,-32.80890721984824],[-71.28047761538024,-32.808928585960096],[-71.28035015299922,-32.80904984226806],[-71.28027397476244,-32.80919109229918],[-71.28022693641819,-32.809219002951096],[-71.28021190195992,-32.80919834862272],[-71.28016397722098,-32.80919156512158],[-71.28010758956779,-32.809208416273066],[-71.28006822744642,-32.809205560293776],[-71.28000952736548,-32.80922653709391],[-71.27992528740194,-32.80921786287317],[-71.2798532341632,-32.80928400205355],[-71.27979534666788,-32.809313131077936],[-71.27977132699951,-32.8093666549498],[-71.27975267117935,-32.80939405886063]]]]}},{"type":"Feature","properties":{"fid":65,"Bloque":"3","HAS":0.95,"Plantas":1056,"ID_Potrero":18,"Variedad":"Hass","Potrero_Nombre":"El parque 3","Potrero_HAS":4.03,"Potrero_Plantas":4478,"Potrero_Alias:":"El parque 3","Potrero_Especie":"Paltas","Potrero_Nombre_GeoJSON":"17","Potrero_Alias_GeoJSON":"Parque 3","Bloque_GeoJSON":"3","potrero":"El parque 3","bloque":"3","campo_id":"e0e136c2-89c8-44e4-9bbc-d34602f0441c","especie":"PALTOS","variedad":"Hass","hectareas":0.95,"plantas_supabase":1055.555556,"precipitacion":1.11,"caudal":13.694291,"normalizacion_estado":"COINCIDENCIA"},"geometry":{"type":"MultiPolygon","coordinates":[[[[-71.28243035035374,-32.809283597351644],[-71.28243595960619,-32.80933630457066],[-71.28228354557817,-32.80941887133613],[-71.28212309378357,-32.80945548669895],[-71.28200593325057,-32.80948314535583],[-71.28190195104736,-32.80948248914115],[-71.28183542316906,-32.809504630410565],[-71.28174858113915,-32.80958807822784],[-71.28168098919257,-32.80971202510696],[-71.2816138627864,-32.80968034850715],[-71.28154583986758,-32.80963237771904],[-71.28141900331195,-32.80952330348398],[-71.28125921277898,-32.80939372851892],[-71.28109785204484,-32.80925201560813],[-71.28094672824557,-32.80911447559685],[-71.28082109090792,-32.809005290151134],[-71.28073516209797,-32.80893133535464],[-71.28069333994883,-32.808889134751965],[-71.28066614130057,-32.80885521949652],[-71.28072624486647,-32.80884187349856],[-71.2810073682954,-32.80882041574718],[-71.28109829713046,-32.8087360663043],[-71.28114925111598,-32.80869583328002],[-71.2812148918366,-32.80863899828366],[-71.2813236800731,-32.80856759471978],[-71.28142184132373,-32.808383824109136],[-71.28165994071472,-32.80860340960223],[-71.28180736020649,-32.80873105507488],[-71.28195990479075,-32.8088889340714],[-71.28243035035374,-32.809283597351644]]]]}},{"type":"Feature","properties":{"fid":66,"Bloque":"4","HAS":1.93,"Plantas":null,"ID_Potrero":19,"Variedad":"Hass","Potrero_Nombre":"El parque 2","Potrero_HAS":8.53,"Potrero_Plantas":null,"Potrero_Alias:":"El parque 2","Potrero_Especie":"Paltas","Potrero_Nombre_GeoJSON":"2","Potrero_Alias_GeoJSON":"Parque 2","Bloque_GeoJSON":"4","potrero":"El parque 2","bloque":"4","campo_id":"e999aa94-5b6c-4ad5-b61b-da09ba0ed18a","especie":"PALTOS","variedad":"Hass","hectareas":1.93,"plantas_supabase":0,"precipitacion":1.11,"caudal":27.620083,"normalizacion_estado":"COINCIDENCIA"},"geometry":{"type":"MultiPolygon","coordinates":[[[[-71.28179350911549,-32.81054402719331],[-71.28185170185812,-32.81064715355732],[-71.28191842968023,-32.810741303754384],[-71.2818653480835,-32.810799427523506],[-71.28168165727264,-32.81083173339293],[-71.28148760578381,-32.810793346242725],[-71.28131260043847,-32.810808473125846],[-71.28121894057121,-32.810854766671305],[-71.28104509388972,-32.81093501271756],[-71.28095766621412,-32.81096723294653],[-71.28083365737216,-32.81101083917635],[-71.2807806808108,-32.81104294183741],[-71.28070935276604,-32.8110901818321],[-71.28059682282712,-32.81120453050409],[-71.28050944686343,-32.81123879126724],[-71.28042617073737,-32.811236235387554],[-71.28028413886486,-32.81126264783368],[-71.28017755085455,-32.81133161462257],[-71.28009375602805,-32.81138775899393],[-71.28002169279681,-32.8114299075535],[-71.2799305302708,-32.81148159204568],[-71.27987583412471,-32.811544953482766],[-71.27981626909781,-32.81157555378002],[-71.2797468047861,-32.811624801074075],[-71.27973068369782,-32.81165967870952],[-71.27962908561797,-32.81175503184026],[-71.27958345875624,-32.81174900630319],[-71.2795969327857,-32.81160958320324],[-71.27958163172617,-32.81154753466203],[-71.27956029581914,-32.81126086098016],[-71.27972706295509,-32.811230586563944],[-71.27984982524075,-32.81118547278577],[-71.27991734963571,-32.811050840056396],[-71.279918936511,-32.81093196128885],[-71.27993172755174,-32.81086220285232],[-71.2799602917999,-32.81082067204749],[-71.28006752128107,-32.81073946115399],[-71.28018127219481,-32.810696553029814],[-71.28032303034112,-32.81062650214772],[-71.28043431965155,-32.81054048960862],[-71.28053258399542,-32.81044749044453],[-71.2806938381164,-32.810391667832036],[-71.28081365425018,-32.81036218715738],[-71.28092684679176,-32.81031898782684],[-71.2810356532128,-32.81033555936112],[-71.28125068054936,-32.81039555319369],[-71.28135340682485,-32.81039323800504],[-71.28140883754972,-32.81041882922066],[-71.2815011302135,-32.810504479008785],[-71.28160699812643,-32.81052643902145],[-71.28171357961972,-32.81052581486612],[-71.28179350911549,-32.81054402719331]]],[[[-71.27971555334656,-32.81232024388574],[-71.27958063506344,-32.81231733953262],[-71.27943123228079,-32.812305535956625],[-71.27930883536969,-32.81229635820847],[-71.27909109854622,-32.81231849519084],[-71.27886247052676,-32.81233140111308],[-71.27874811653123,-32.812356281574836],[-71.27863870450587,-32.812372517540695],[-71.27845021784123,-32.81240526089563],[-71.27835875263182,-32.812429052806706],[-71.27823257125479,-32.812446835544726],[-71.27820928919928,-32.81243939680758],[-71.27817101596236,-32.81231350310964],[-71.27809578821635,-32.812160718065435],[-71.27808662626101,-32.812133320796846],[-71.2780466999536,-32.81206105390818],[-71.27790119445461,-32.811949362751356],[-71.2777602102694,-32.81182533842992],[-71.27774692849252,-32.81177861918891],[-71.27783509504472,-32.81168054024622],[-71.27791350608084,-32.811626537127594],[-71.27799941468194,-32.81158209594778],[-71.27809521857117,-32.811544450580016],[-71.27834333113964,-32.81150415948341],[-71.27847645351345,-32.81146825977161],[-71.27855818722624,-32.81145977131918],[-71.27864508200827,-32.81145687196768],[-71.27884575049929,-32.81169629319056],[-71.27888015578927,-32.81178421511617],[-71.27899767221244,-32.811896198959225],[-71.27904923941774,-32.8119856080591],[-71.2791508522216,-32.812068352511325],[-71.27941855718441,-32.81219820871607],[-71.27963199774375,-32.81225528124894],[-71.27971555334656,-32.81232024388574]]]]}},{"type":"Feature","properties":{"fid":67,"Bloque":"5","HAS":1.64,"Plantas":null,"ID_Potrero":19,"Variedad":"Hass","Potrero_Nombre":"El parque 2","Potrero_HAS":8.53,"Potrero_Plantas":null,"Potrero_Alias:":"El parque 2","Potrero_Especie":"Paltas","Potrero_Nombre_GeoJSON":"2","Potrero_Alias_GeoJSON":"Parque 2","Bloque_GeoJSON":"5","potrero":"El parque 2","bloque":"5","campo_id":"3d46e089-9a0e-4ad3-b7df-530bedaf40d1","especie":"PALTOS","variedad":"Hass","hectareas":1.64,"plantas_supabase":0,"precipitacion":1.11,"caudal":24.398442,"normalizacion_estado":"COINCIDENCIA"},"geometry":{"type":"MultiPolygon","coordinates":[[[[-71.2820006370473,-32.81081457775082],[-71.28246083640195,-32.81102697043856],[-71.28262325686546,-32.81113035310871],[-71.28265067677775,-32.81118872519821],[-71.28263390291964,-32.81124624031393],[-71.28256897246092,-32.811325402926904],[-71.28248058473308,-32.81137622751895],[-71.28241326706313,-32.811371181389795],[-71.28230462932044,-32.81133719496984],[-71.2821258857824,-32.81129534883038],[-71.28198322678757,-32.81129002405375],[-71.28183637173451,-32.81129117049674],[-71.28178104800614,-32.81130238813165],[-71.28163696597817,-32.811293785326136],[-71.28144541873621,-32.81127277610531],[-71.2812679372719,-32.811258145968914],[-71.28114929185695,-32.81127511160636],[-71.28095506726604,-32.8113148933917],[-71.28084470637084,-32.811348552431504],[-71.28076478918724,-32.81139084455324],[-71.2806588138582,-32.811430548846396],[-71.28051972573392,-32.81147545047937],[-71.28037087480223,-32.81154043721724],[-71.28024708197495,-32.81161619699557],[-71.28013930252882,-32.81172637677143],[-71.28005204237913,-32.81196063422551],[-71.28004854401424,-32.8121022075748],[-71.28007796908507,-32.812217201195],[-71.28016772412103,-32.812245767081805],[-71.28021581826042,-32.81228022428262],[-71.28021439046071,-32.812325392440464],[-71.28015211713517,-32.81238743420137],[-71.28010178199946,-32.81246679832629],[-71.28009764915463,-32.81259410045499],[-71.28007439918171,-32.81263923511177],[-71.27997835332242,-32.812627626486545],[-71.27988640454822,-32.81262894595016],[-71.27977748444155,-32.812602148234134],[-71.27962927896526,-32.81259023439504],[-71.27934448475955,-32.81260934717271],[-71.27924289381099,-32.81263919178467],[-71.27911540363347,-32.81264686063048],[-71.27893095961444,-32.81272078370788],[-71.2787794673884,-32.81274848085008],[-71.27869062483035,-32.81277773601259],[-71.27858513380345,-32.81281283577935],[-71.27851721179304,-32.81282785450729],[-71.27838157713606,-32.81288652261701],[-71.27820577215469,-32.81260943913811],[-71.27821807750087,-32.81250344461547],[-71.2783799712041,-32.81246189600697],[-71.2785643611543,-32.81241622453571],[-71.27874960705729,-32.812405274641485],[-71.27889499289716,-32.81236729551522],[-71.27911869894638,-32.812353820114375],[-71.2793530740916,-32.81232912434982],[-71.27951846076304,-32.812333311873395],[-71.27962376720455,-32.81236965522031],[-71.27970154432516,-32.81239932664711],[-71.27983865614297,-32.812372345393044],[-71.27979251362513,-32.81229676579279],[-71.27964753758921,-32.81220676387886],[-71.27965410971431,-32.81218261571418],[-71.27959989280282,-32.812025896730205],[-71.27960500219577,-32.811878033450355],[-71.27966670073111,-32.81177407926553],[-71.27977805169444,-32.8116604257606],[-71.27992346381897,-32.811547723437286],[-71.28007680375397,-32.811434007921356],[-71.28020565263476,-32.81137736346709],[-71.28029920445684,-32.81131408464326],[-71.28042732147594,-32.811289290537026],[-71.28060545947865,-32.81123499981813],[-71.28068704421638,-32.81120090330892],[-71.28072240219262,-32.81115567473157],[-71.28079882790796,-32.811067112467846],[-71.28091603439233,-32.8110175049106],[-71.28101808410602,-32.81096613172852],[-71.28115915751505,-32.810904348690705],[-71.28132765349048,-32.81085125361523],[-71.28141966645083,-32.810830322746384],[-71.28152862416131,-32.810838691476796],[-71.28161680740682,-32.81085511866391],[-71.2817180549362,-32.8108601045582],[-71.28182587392547,-32.810840942116634],[-71.2820006370473,-32.81081457775082]]]]}},{"type":"Feature","properties":{"fid":68,"Bloque":"1","HAS":2.02,"Plantas":null,"ID_Potrero":19,"Variedad":"Hass","Potrero_Nombre":"El parque 2","Potrero_HAS":8.53,"Potrero_Plantas":null,"Potrero_Alias:":"El parque 2","Potrero_Especie":"Paltas","Potrero_Nombre_GeoJSON":"2","Potrero_Alias_GeoJSON":"Parque 2","Bloque_GeoJSON":"1","potrero":"El parque 2","bloque":"1","campo_id":"098d5fd2-f589-4056-a33f-9341e1c70004","especie":"PALTOS","variedad":"Hass","hectareas":2.02,"plantas_supabase":0,"precipitacion":1.11,"caudal":30.287059,"normalizacion_estado":"COINCIDENCIA"},"geometry":{"type":"MultiPolygon","coordinates":[[[[-71.2768415777174,-32.81157924221843],[-71.27682308686606,-32.81169865654568],[-71.27676926563244,-32.81191037910421],[-71.27674776519257,-32.81200652932035],[-71.27672236926014,-32.81211941572146],[-71.27666871961304,-32.812191919202085],[-71.27662600110754,-32.81225522587976],[-71.27660669495235,-32.81232149061466],[-71.2765993869706,-32.81237743659128],[-71.27656853569896,-32.81242941301337],[-71.27652226402134,-32.81247462346107],[-71.2764125991885,-32.812545129049255],[-71.27636776664025,-32.812601465759336],[-71.276316622656,-32.8126839734509],[-71.27623641206523,-32.81271648280877],[-71.2761481237218,-32.812762497440985],[-71.27608943332943,-32.812783982742545],[-71.27599193879367,-32.81282454980761],[-71.27585984332923,-32.81288310121613],[-71.27576496052343,-32.81293127729673],[-71.27561453803358,-32.81300598555425],[-71.2755130218185,-32.81305479251892],[-71.27539910358908,-32.81311505471101],[-71.2753504962013,-32.813152690602784],[-71.27529934189651,-32.81318526832674],[-71.27522548012908,-32.81330048927393],[-71.27517881538513,-32.8133301292467],[-71.27508044378439,-32.81340746366362],[-71.27503724868677,-32.81345705352007],[-71.27496388811842,-32.8135364918948],[-71.27489264103792,-32.81362290015146],[-71.27484752860796,-32.81366079541508],[-71.27475871951178,-32.81373387219473],[-71.2746641023648,-32.81381624251099],[-71.27458748103372,-32.81389318120472],[-71.27449044675258,-32.81397559533074],[-71.27444315095396,-32.81401729061454],[-71.27431272317193,-32.814117666695935],[-71.27424355756158,-32.81416178617656],[-71.27419059968533,-32.81422091845411],[-71.2741493788358,-32.814267709197715],[-71.27411467798535,-32.81431625616102],[-71.27406844804409,-32.814399788499266],[-71.27403039084558,-32.814471942498216],[-71.27400437790068,-32.81449487482048],[-71.27388240634546,-32.81450015388267],[-71.27381596970571,-32.81450238196744],[-71.27374430938909,-32.81448939155376],[-71.27366042259071,-32.81451847980563],[-71.27335896946197,-32.814549478866844],[-71.27326093204832,-32.81454513449183],[-71.27324344235913,-32.81452299258487],[-71.27326003477782,-32.81446245854826],[-71.27330965678634,-32.814369676841494],[-71.27332398829809,-32.81431530922054],[-71.2733333176175,-32.81430186814597],[-71.27333264170338,-32.814275337235465],[-71.27336386490856,-32.81421964185608],[-71.27341234280013,-32.81408196165272],[-71.27358927428804,-32.81386129724911],[-71.2737508993698,-32.81370420601792],[-71.27388853792795,-32.81355469668445],[-71.2739439545166,-32.81349958245072],[-71.27401992601784,-32.81339713365503],[-71.27408086432288,-32.81332150118907],[-71.27417874264746,-32.813224779558624],[-71.27441947117502,-32.813135670586355],[-71.2747336368048,-32.812987035473554],[-71.27498924068706,-32.812864986506504],[-71.27526333388957,-32.81275689335366],[-71.27551961286147,-32.81266137423774],[-71.2755797979419,-32.81265109182895],[-71.27563686365949,-32.81261330204596],[-71.2758094397501,-32.81255401471494],[-71.27607190071892,-32.8124165255241],[-71.27621650845629,-32.812208696190964],[-71.27628188716925,-32.812117668572],[-71.27634657402155,-32.811952128438854],[-71.2764484387896,-32.81185706633713],[-71.27651988404298,-32.811779507881674],[-71.27657088090949,-32.81174080720021],[-71.27673544946443,-32.81165205846511],[-71.2768415777174,-32.81157924221843]]]]}},{"type":"Feature","properties":{"fid":69,"Bloque":"2","HAS":1.47,"Plantas":null,"ID_Potrero":19,"Variedad":"Hass","Potrero_Nombre":"El parque 2","Potrero_HAS":8.53,"Potrero_Plantas":null,"Potrero_Alias:":"El parque 2","Potrero_Especie":"Paltas","Potrero_Nombre_GeoJSON":"2","Potrero_Alias_GeoJSON":"Parque 2","Bloque_GeoJSON":"2","potrero":"El parque 2","bloque":"2","campo_id":"9fb1b618-55c7-44e3-b158-c72557d85628","especie":"PALTOS","variedad":"Hass","hectareas":1.47,"plantas_supabase":0,"precipitacion":1.11,"caudal":22.454504,"normalizacion_estado":"COINCIDENCIA"},"geometry":{"type":"MultiPolygon","coordinates":[[[[-71.27782616664228,-32.81130705666516],[-71.27774486512514,-32.81136621678972],[-71.2776484068273,-32.811423610937524],[-71.27758322272895,-32.81147482093893],[-71.27751974694075,-32.811521916253994],[-71.27746406038031,-32.81156631755722],[-71.27737558628472,-32.81162867065619],[-71.27734255389807,-32.811684399893046],[-71.27726147304426,-32.81175223327585],[-71.27724165452294,-32.81180465935987],[-71.27725994797014,-32.811871255310095],[-71.2772593037722,-32.811922492393954],[-71.2771865401771,-32.81215643368712],[-71.2771509887056,-32.812228291378275],[-71.27706984950177,-32.812296792412205],[-71.27706866260435,-32.81233209993284],[-71.27704059977518,-32.81238688991266],[-71.27700285373558,-32.812488633031904],[-71.27697440817764,-32.81259668304878],[-71.27693408532578,-32.81265976883561],[-71.27689208155005,-32.812700491505424],[-71.27684154208661,-32.81275018997731],[-71.27677075054658,-32.812811992145214],[-71.27668876592445,-32.81288096810324],[-71.27660571421386,-32.81295106598735],[-71.27654192109773,-32.81297508106394],[-71.27648530357294,-32.81300673775451],[-71.27637159985639,-32.81305168354543],[-71.27625292954777,-32.813103355367915],[-71.27613557437897,-32.81314734647618],[-71.27595416129147,-32.81319199207267],[-71.27582712568889,-32.81323564851012],[-71.27577167708876,-32.8132657522918],[-71.27571446790546,-32.8132979298489],[-71.27556578660192,-32.81339353467026],[-71.27546025598134,-32.81347457267828],[-71.27537088242019,-32.81354919147817],[-71.27527671414236,-32.813625428730795],[-71.27518870477981,-32.81370614795173],[-71.2751530973985,-32.81375579811655],[-71.27506989538786,-32.81383540896529],[-71.27498871395585,-32.81392315016013],[-71.27490385512493,-32.814008916373425],[-71.27483280174619,-32.814090858452566],[-71.27474666917078,-32.81417409549093],[-71.27470268573197,-32.814197231838556],[-71.27463794185823,-32.81423083899605],[-71.27455547175431,-32.81427734004101],[-71.27448370041539,-32.81435970215617],[-71.27443459773843,-32.81442052608605],[-71.2743744078364,-32.814462627862426],[-71.27427991169876,-32.81447863775582],[-71.27414226986215,-32.814485733199426],[-71.27406021491917,-32.81449181836387],[-71.27409960446245,-32.814448225110645],[-71.27415381302623,-32.81439313273248],[-71.27422029884737,-32.81425053097664],[-71.274322355379,-32.81415169150769],[-71.27446342475831,-32.8140419339767],[-71.2747361039388,-32.81382771824565],[-71.27497555225301,-32.81361730022615],[-71.27508152722946,-32.81347139352508],[-71.27514580808958,-32.8134060986989],[-71.27522245950458,-32.81334273350473],[-71.27533688832236,-32.81322470626879],[-71.27543141293944,-32.81314943277102],[-71.27554568229843,-32.81309592790637],[-71.27570992444491,-32.81301629484524],[-71.27580156246232,-32.81297508861954],[-71.2759857743644,-32.812890542523384],[-71.2761173727649,-32.81283029679497],[-71.27621314740853,-32.812783590915735],[-71.27627360153755,-32.81276368473536],[-71.27633357271363,-32.812721304917794],[-71.27638665912677,-32.81266318330428],[-71.27644362078091,-32.81259753932744],[-71.276495750729,-32.81255076496724],[-71.27657490668469,-32.81249740334899],[-71.2766171520169,-32.812467917585224],[-71.27664188342375,-32.81241548213109],[-71.27664613186764,-32.81229840521716],[-71.27670013375312,-32.81224736386641],[-71.27674674765157,-32.81216732097738],[-71.2767952642643,-32.81200828897675],[-71.27683640259023,-32.811876549953375],[-71.27687658453496,-32.81175615821565],[-71.27689591056166,-32.811680679610596],[-71.2769025640936,-32.81161967620891],[-71.27690588594618,-32.81156102725488],[-71.27691785189393,-32.81151602405075],[-71.27703436602492,-32.81146285954512],[-71.27720096214922,-32.811406231398124],[-71.27742726275716,-32.8113679134582],[-71.27782616664228,-32.81130705666516]]]]}},{"type":"Feature","properties":{"fid":70,"Bloque":"3","HAS":1.47,"Plantas":null,"ID_Potrero":19,"Variedad":"Hass","Potrero_Nombre":"El parque 2","Potrero_HAS":8.53,"Potrero_Plantas":null,"Potrero_Alias:":"El parque 2","Potrero_Especie":"Paltas","Potrero_Nombre_GeoJSON":"2","Potrero_Alias_GeoJSON":"Parque 2","Bloque_GeoJSON":"3","potrero":"El parque 2","bloque":"3","campo_id":"f303c145-8eea-483c-99f7-641c23511375","especie":"PALTOS","variedad":"Hass","hectareas":1.47,"plantas_supabase":0,"precipitacion":1.11,"caudal":20.651835,"normalizacion_estado":"COINCIDENCIA"},"geometry":{"type":"MultiPolygon","coordinates":[[[[-71.27847038006152,-32.81143161828121],[-71.27841783719265,-32.81145707628056],[-71.27835717939395,-32.811472473089395],[-71.27827288026171,-32.811485237592265],[-71.27819587038051,-32.811499400678144],[-71.27813579064353,-32.81151376596692],[-71.2780156962253,-32.81154504750222],[-71.27790311239085,-32.81158640112458],[-71.27783635532681,-32.81162334741448],[-71.27776544188993,-32.81168691248548],[-71.27770727619081,-32.81177627822112],[-71.27768758815151,-32.81183380644903],[-71.27765368091039,-32.81192630376085],[-71.27760722371416,-32.81204812486542],[-71.27755607092527,-32.8121991268039],[-71.27747536998521,-32.8123292277627],[-71.27743095152256,-32.81243620878505],[-71.27728041109326,-32.812695702408256],[-71.27721807231018,-32.812763705162936],[-71.2771282009342,-32.81284241779375],[-71.27696100026107,-32.81294652833521],[-71.27677119571614,-32.81315977480531],[-71.27667286480288,-32.81323864103397],[-71.27664301404025,-32.81327695706949],[-71.27658399259909,-32.81330916798652],[-71.27649469828063,-32.813386848795346],[-71.27621193784456,-32.81348693517313],[-71.27596054862576,-32.81356092809391],[-71.27587846308035,-32.813589474592405],[-71.27579915861492,-32.813632262939436],[-71.27573862329017,-32.813676241250505],[-71.27563144906256,-32.81376394508783],[-71.27548809492153,-32.813878849895346],[-71.27542084227319,-32.81394387847611],[-71.27536393175892,-32.813987790703955],[-71.2753102893795,-32.81404134195324],[-71.27527932042479,-32.814083251131606],[-71.27520312150982,-32.81415303627251],[-71.27510300149926,-32.814232954738294],[-71.2750585779746,-32.81429246362963],[-71.27494531541625,-32.81440222675971],[-71.27489438725661,-32.814419997297776],[-71.27473765816438,-32.814437138847296],[-71.27458238098801,-32.81445195680514],[-71.27450095633922,-32.81445905169256],[-71.27445506274654,-32.81446090672815],[-71.27443867117442,-32.81445814197624],[-71.27451732679697,-32.81438984396689],[-71.274556612023,-32.8143421689058],[-71.27459973052211,-32.814302591289774],[-71.27464323915791,-32.81427831994093],[-71.27468507822469,-32.81425969382889],[-71.27474632273336,-32.81421978668293],[-71.274786784257,-32.8141945497838],[-71.2748419768633,-32.814149584276],[-71.27489715834838,-32.81410764698963],[-71.27495011567507,-32.81404851443542],[-71.27509045588668,-32.8138871555754],[-71.27529743150764,-32.813678708395116],[-71.27552686241219,-32.81348456645942],[-71.27572182653326,-32.813351945676],[-71.27593576344631,-32.813244186870094],[-71.27597597551862,-32.81322962353413],[-71.27631654760631,-32.81314253189588],[-71.27643126615295,-32.81307360736579],[-71.27646365224604,-32.8130584313979],[-71.27658041594138,-32.81301496119375],[-71.27675357832304,-32.81287601294534],[-71.2768382403657,-32.81279962508729],[-71.27689673161309,-32.812764546375924],[-71.27696889199387,-32.81268521745746],[-71.2770342278911,-32.81256250526689],[-71.27707487277422,-32.81247380091027],[-71.2771640637731,-32.81227314508592],[-71.27720837224352,-32.81221276218925],[-71.27733212746655,-32.81178271238245],[-71.27735456848721,-32.81172884523874],[-71.27742190145965,-32.81164339639379],[-71.27751869088823,-32.811575277030464],[-71.2776592912865,-32.811471139493996],[-71.27782930098053,-32.811358809833074],[-71.27793438108336,-32.81128497671443],[-71.27836674046719,-32.81126351170088],[-71.2784675558294,-32.81128389343452],[-71.27850588649055,-32.81140215989632],[-71.27847038006152,-32.81143161828121]]]]}},{"type":"Feature","properties":{"fid":71,"Bloque":"I2","HAS":1.425,"Plantas":null,"ID_Potrero":14,"Variedad":null,"Potrero_Nombre":"I","Potrero_HAS":8.32,"Potrero_Plantas":6685,"Potrero_Alias:":"I","Potrero_Especie":"Paltas","Potrero_Nombre_GeoJSON":"i","Potrero_Alias_GeoJSON":"Unidad I","Bloque_GeoJSON":"2","potrero":"I","bloque":"I2","campo_id":"ca48b47d-7ce6-4622-86d3-3111e5f43bb5","especie":"PALTOS","variedad":"Hass","hectareas":1.425,"plantas_supabase":950,"precipitacion":1.82,"caudal":27.705,"normalizacion_estado":"COINCIDENCIA"},"geometry":{"type":"MultiPolygon","coordinates":[[[[-71.27533475084999,-32.79497137608276],[-71.27526050386709,-32.79500285394307],[-71.27520256482138,-32.795005948835666],[-71.27512936133978,-32.79502307578009],[-71.27507391704442,-32.79503278850878],[-71.275002095801,-32.795060403944774],[-71.27495347756175,-32.7950874067648],[-71.2749149231626,-32.795102036209016],[-71.27486612411826,-32.79512412386978],[-71.27480594291742,-32.79514605188936],[-71.27471989249027,-32.795180105732626],[-71.27463352954,-32.795206176553],[-71.27463868660588,-32.79524899339615],[-71.2745105397569,-32.79533653360176],[-71.27443697284922,-32.79539044637103],[-71.2743081753184,-32.79548262522477],[-71.2741990392086,-32.795563727355265],[-71.27410353682781,-32.79563437276581],[-71.27401269801494,-32.79569829757315],[-71.27389763750864,-32.79578410110176],[-71.27385521238031,-32.79581498815547],[-71.27381549258894,-32.79584531560586],[-71.27376919285014,-32.795878314802465],[-71.2737474344112,-32.795802544548124],[-71.27372824476824,-32.795668181952834],[-71.27373750827893,-32.79557111362345],[-71.27375541638528,-32.79547529508894],[-71.27374867062267,-32.795338761218126],[-71.27374227602401,-32.79522368956228],[-71.27371519932646,-32.79513611427041],[-71.27371691283254,-32.79508375504865],[-71.27373929672531,-32.7950246244847],[-71.27380700493458,-32.79497796480283],[-71.27387129650036,-32.79493953430504],[-71.27398768756834,-32.79485855589554],[-71.27400936923024,-32.79485560978672],[-71.27413220368503,-32.79481407385141],[-71.2742147343663,-32.79482737743777],[-71.27428906128267,-32.79482704794632],[-71.2742989470313,-32.79478807435353],[-71.27437178655939,-32.79480053301585],[-71.27442814052775,-32.79478266434448],[-71.2744314916856,-32.794724412482175],[-71.27453779532524,-32.79472197049527],[-71.27462138441325,-32.79470564864995],[-71.27468992990559,-32.79466816133923],[-71.2748525154598,-32.79462130833699],[-71.27493015761874,-32.794625888201516],[-71.27494423380809,-32.79469726207035],[-71.27496937018542,-32.79476045084972],[-71.27501634488245,-32.79481446033205],[-71.27508543996255,-32.79485209960201],[-71.27519468838817,-32.79490036468796],[-71.27526576592756,-32.79494396231528],[-71.27533475084999,-32.79497137608276]]]]}},{"type":"Feature","properties":{"fid":72,"Bloque":"I3","HAS":0.99,"Plantas":null,"ID_Potrero":14,"Variedad":null,"Potrero_Nombre":"I","Potrero_HAS":8.32,"Potrero_Plantas":6685,"Potrero_Alias:":"I","Potrero_Especie":"Paltas","Potrero_Nombre_GeoJSON":"i","Potrero_Alias_GeoJSON":"Unidad I","Bloque_GeoJSON":"3","potrero":"I","bloque":"I3","campo_id":"ff909f73-8fee-4b9a-82fa-a58d9b9c31f8","especie":"PALTOS","variedad":"Hass","hectareas":4.88,"plantas_supabase":4436.363636,"precipitacion":1.82,"caudal":91.84,"normalizacion_estado":"COINCIDENCIA"},"geometry":{"type":"MultiPolygon","coordinates":[[[[-71.27617835661259,-32.795141254808485],[-71.27590451050668,-32.7953476863081],[-71.27581589340495,-32.7952340582587],[-71.27577093267861,-32.79511128516109],[-71.2757746477242,-32.795055670552316],[-71.27572811406348,-32.79504256279268],[-71.27564208100135,-32.7950238867599],[-71.27554753418607,-32.79500497248187],[-71.27544575059514,-32.79500037998634],[-71.27538177895437,-32.79494144912694],[-71.27527548957488,-32.79487858149358],[-71.27511837931318,-32.79481630746217],[-71.27504558122183,-32.794768774253704],[-71.27501206181944,-32.79470635875904],[-71.27499892156402,-32.7946328514557],[-71.27500103558464,-32.79455314436645],[-71.27514483570206,-32.79448059960029],[-71.27519853136418,-32.79438212827251],[-71.27536629211812,-32.79430622741198],[-71.27531661577291,-32.79439064700458],[-71.27527817924236,-32.79450575991647],[-71.27527845708957,-32.79462037227845],[-71.27533990077741,-32.79474878991617],[-71.27545050623304,-32.79484503661688],[-71.27548158174154,-32.79486980596743],[-71.27568625189113,-32.79496249309191],[-71.2759429819049,-32.7950360476395],[-71.276019855856,-32.795105722540335],[-71.27616402645997,-32.79512415281847],[-71.27617835661259,-32.795141254808485]]]]}},{"type":"Feature","properties":{"fid":73,"Bloque":"I2","HAS":4.88,"Plantas":null,"ID_Potrero":14,"Variedad":null,"Potrero_Nombre":"I","Potrero_HAS":8.32,"Potrero_Plantas":6685,"Potrero_Alias:":"I","Potrero_Especie":"Paltas","Potrero_Nombre_GeoJSON":"i","Potrero_Alias_GeoJSON":"Unidad I","Bloque_GeoJSON":"2","potrero":"I","bloque":"I2","campo_id":"ca48b47d-7ce6-4622-86d3-3111e5f43bb5","especie":"PALTOS","variedad":"Hass","hectareas":1.425,"plantas_supabase":950,"precipitacion":1.82,"caudal":27.705,"normalizacion_estado":"COINCIDENCIA"},"geometry":{"type":"MultiPolygon","coordinates":[[[[-71.27501933169268,-32.79361182976998],[-71.2751718982531,-32.79364057112165],[-71.27541224891296,-32.79370095370999],[-71.27523358415836,-32.79386675459694],[-71.27516046338076,-32.79391884462549],[-71.2750705985652,-32.79396827843112],[-71.27493039125875,-32.794025831448465],[-71.2747081481969,-32.794157632414056],[-71.27457995650416,-32.794296007814324],[-71.27436790093826,-32.79449736014185],[-71.27426671931053,-32.79452820421556],[-71.27402599996803,-32.79457869892093],[-71.27380096321959,-32.79456247120751],[-71.27377262847975,-32.79458618292933],[-71.27372960180982,-32.794635484049586],[-71.27366316826601,-32.79471206050696],[-71.27362982410116,-32.79474117769755],[-71.27359428724576,-32.79475676983651],[-71.273442328297,-32.79469488746465],[-71.27329506504348,-32.79461500893221],[-71.27317519933463,-32.794539769619],[-71.27307541103666,-32.79448103906494],[-71.27299393943309,-32.79441789370959],[-71.27294461570752,-32.79438869205303],[-71.27282135088967,-32.79430925266554],[-71.2726651371396,-32.79422585439139],[-71.27269935055028,-32.7941782136566],[-71.27363906287576,-32.79302199325961],[-71.27385160242186,-32.79296127814939],[-71.27399005957486,-32.7930472265301],[-71.27415378758192,-32.79311463619021],[-71.27419253556585,-32.79318593716039],[-71.27423232464643,-32.793272044570514],[-71.27436309739255,-32.79336760784012],[-71.2745975004734,-32.79346174855883],[-71.27475266915808,-32.79349983448259],[-71.27489214629837,-32.793548461653536],[-71.27501933169268,-32.79361182976998]]]]}},{"type":"Feature","properties":{"fid":74,"Bloque":"I4","HAS":1.34,"Plantas":1218,"ID_Potrero":14,"Variedad":"Hass","Potrero_Nombre":"I","Potrero_HAS":8.32,"Potrero_Plantas":6685,"Potrero_Alias:":"I","Potrero_Especie":"Paltas","Potrero_Nombre_GeoJSON":"i","Potrero_Alias_GeoJSON":"Unidad I","Bloque_GeoJSON":"4","potrero":"I","bloque":"I4","campo_id":"110eaa94-15d3-4d7a-89aa-71caa6cf01c2","especie":"PALTOS","variedad":"Hass","hectareas":1.34,"plantas_supabase":1218.181818,"precipitacion":1.82,"caudal":26.28,"normalizacion_estado":"COINCIDENCIA"},"geometry":{"type":"MultiPolygon","coordinates":[[[[-71.26957097593622,-32.79601060136802],[-71.2695791666255,-32.795919262009605],[-71.26957132054201,-32.79583042475776],[-71.26952897198208,-32.79573248595474],[-71.26955835044033,-32.795655058159696],[-71.26960502030623,-32.795608277950095],[-71.26963078487914,-32.7955403952788],[-71.2696336750414,-32.79546899206489],[-71.26967293983017,-32.79540242355412],[-71.2698163162308,-32.79530220252643],[-71.26997361622922,-32.79519250913675],[-71.27012858604226,-32.7950835421535],[-71.27020632208456,-32.7949770902312],[-71.27029232073369,-32.794864246874],[-71.27032509490527,-32.7947849704207],[-71.27034935777212,-32.79473360283421],[-71.27040717654205,-32.79458088033682],[-71.27044294445285,-32.79450132780158],[-71.27050944136498,-32.79436418187723],[-71.27053404923711,-32.79427798170023],[-71.27055041529212,-32.794188959038785],[-71.27057407138155,-32.794053204388966],[-71.27061181836508,-32.793951462954006],[-71.2706962676397,-32.79381726752757],[-71.27071042924103,-32.7936736881177],[-71.27072592432967,-32.79358730460283],[-71.27074790398865,-32.79345733400473],[-71.27074233194914,-32.793362657544705],[-71.27069963108285,-32.79333934288447],[-71.27056657959145,-32.793238016617835],[-71.27046609774813,-32.79313108921814],[-71.27037103887724,-32.79307537053519],[-71.27031367159917,-32.79302999435605],[-71.27029896118087,-32.79300525018915],[-71.27027929837543,-32.792993757042716],[-71.27023620010992,-32.79290407601825],[-71.27019985552329,-32.79285727317213],[-71.27013435176727,-32.79276300492773],[-71.27007149659994,-32.79270329317138],[-71.26995739552228,-32.792626811849566],[-71.26982759726478,-32.79253552887494],[-71.26974987826071,-32.7924311276673],[-71.26970591915338,-32.79245667530645],[-71.26975809744906,-32.79256036077578],[-71.26981223675571,-32.79267921867926],[-71.26979844031285,-32.79277875159214],[-71.26974895312551,-32.79283653900297],[-71.26974817335211,-32.79288676487724],[-71.26980841034874,-32.79301529608127],[-71.26982087139405,-32.79309296055119],[-71.2698387086372,-32.79314658766283],[-71.26989033893601,-32.79319914609249],[-71.26997254559839,-32.79331951028305],[-71.27003156469083,-32.793457365654085],[-71.27010882690516,-32.79369763180119],[-71.27010269705313,-32.793813104175634],[-71.27008745074173,-32.793855237384754],[-71.27013432877561,-32.79398761414245],[-71.27014654706065,-32.79413542242793],[-71.2701248634758,-32.794185839546486],[-71.2700546923632,-32.794539831512154],[-71.26998026677255,-32.79472647371397],[-71.2699054702614,-32.79492231066099],[-71.26969028655346,-32.795211979165565],[-71.26950771891087,-32.795346519904676],[-71.26946094240647,-32.79555656617083],[-71.26940148513242,-32.79566849716581],[-71.26939271428301,-32.79572253041562],[-71.26953842993674,-32.795996713456375],[-71.26957097593622,-32.79601060136802]]],[[[-71.27063650157983,-32.79198013062028],[-71.27067296135894,-32.791859060322345],[-71.27059063465003,-32.7918502747426],[-71.27051185866148,-32.791859585624906],[-71.27038655134542,-32.79185578659844],[-71.27032449890878,-32.791881979253766],[-71.27027208967048,-32.79187964684255],[-71.27017400128338,-32.79189892662822],[-71.2700857966054,-32.79190091820133],[-71.26988104308927,-32.79196688051027],[-71.26982402100155,-32.79200386815137],[-71.26985546515233,-32.792040887408824],[-71.2699506661523,-32.79212115853509],[-71.26999280426419,-32.79219403957382],[-71.27013965164087,-32.79226136018407],[-71.27023343122028,-32.79226499586032],[-71.27035832595705,-32.79227497441657],[-71.27044461192128,-32.7922393824031],[-71.27055097361348,-32.79220910404573],[-71.27063650157983,-32.79198013062028]]]]}},{"type":"Feature","properties":{"fid":75,"Bloque":"I5","HAS":2.18,"Plantas":1453,"ID_Potrero":14,"Variedad":"Hass","Potrero_Nombre":"I","Potrero_HAS":8.32,"Potrero_Plantas":6685,"Potrero_Alias:":"I","Potrero_Especie":"Paltas","Potrero_Nombre_GeoJSON":"i","Potrero_Alias_GeoJSON":"Unidad I","Bloque_GeoJSON":"5","potrero":"I","bloque":"I5","campo_id":"172e172a-8295-4bf6-b4e7-02837a8efa61","especie":"PALTOS","variedad":"Hass","hectareas":2.18,"plantas_supabase":1453.333333,"precipitacion":1.82,"caudal":45.66,"normalizacion_estado":"COINCIDENCIA"},"geometry":{"type":"MultiPolygon","coordinates":[[[[-71.27078628137879,-32.79337805248555],[-71.27087885939078,-32.79341340067046],[-71.2710512426447,-32.79351418995972],[-71.27114221859506,-32.793669569132696],[-71.27128099100698,-32.79395564958988],[-71.27131637969472,-32.79401379937611],[-71.2714718215596,-32.7941944520566],[-71.27146193314516,-32.79427264204008],[-71.27147313291925,-32.79434991094561],[-71.27157296273435,-32.79462064650738],[-71.27143189370635,-32.79479025843455],[-71.27132383110424,-32.79489632760669],[-71.27116875581677,-32.795024711429285],[-71.27105307040621,-32.79508602224745],[-71.27086475146938,-32.795190507347854],[-71.27066075202026,-32.795296297508926],[-71.27059870638023,-32.79532804983661],[-71.2705417657498,-32.79537042893738],[-71.27047599740058,-32.79542215619032],[-71.27045508645917,-32.79547919516601],[-71.27040616733011,-32.79552806453363],[-71.27036117834538,-32.795565122304495],[-71.27033182060761,-32.7956081806513],[-71.27032788257796,-32.79564334447669],[-71.27031883492043,-32.79576086348227],[-71.27027337846128,-32.79585922139891],[-71.27022535907359,-32.796031511244735],[-71.27015652032723,-32.79617399059238],[-71.27004947291726,-32.79638652357193],[-71.27003791991237,-32.7964940380207],[-71.27003853655394,-32.79657381809862],[-71.27004537680261,-32.79660798813297],[-71.26991257374827,-32.79662125623143],[-71.26984255409309,-32.79663166488422],[-71.26975225235215,-32.796645553077965],[-71.26972239545825,-32.79665004962482],[-71.26972894072556,-32.79677460859686],[-71.26971749315449,-32.796874659110465],[-71.26968788689132,-32.796964390528],[-71.2696523135417,-32.797045460136495],[-71.26961027117915,-32.797104608055356],[-71.26956999133589,-32.797149263756125],[-71.26952783916099,-32.797198186265156],[-71.2694911730928,-32.79723329680693],[-71.26944240015045,-32.797268499993535],[-71.2693972410389,-32.797294158029366],[-71.26933301039129,-32.797318778213814],[-71.26925588071946,-32.79732561466341],[-71.26938382236335,-32.79722784087321],[-71.26948898812009,-32.79714137874802],[-71.26954737466168,-32.79697427477961],[-71.26955738052551,-32.796845408501795],[-71.26953661984204,-32.796731661414235],[-71.26951054131423,-32.79655801515668],[-71.26958432251872,-32.79622084279396],[-71.269574884095,-32.796087276613605],[-71.26960921411228,-32.79593491559373],[-71.26960104117148,-32.79584354960243],[-71.26959196800605,-32.79576045501149],[-71.26957579823627,-32.79573379820167],[-71.2695803182115,-32.79565507987546],[-71.26963403235919,-32.795611232610554],[-71.26965255652632,-32.795538899737366],[-71.26965843012971,-32.79547182742869],[-71.26968311958257,-32.79543782102744],[-71.2696999304484,-32.79541669568022],[-71.26980733729118,-32.7953382149314],[-71.26999854898531,-32.795204923834575],[-71.27014758514885,-32.7950945847628],[-71.27025071884923,-32.79496429650351],[-71.27030115935975,-32.79487520274772],[-71.27037164870772,-32.79478886634287],[-71.27037239214765,-32.79473250250225],[-71.27040021375068,-32.79466647705914],[-71.27043112603376,-32.79458686046906],[-71.27046987738663,-32.7945116388138],[-71.27050902088911,-32.79443945163678],[-71.27056165595977,-32.79436499687994],[-71.27057556148996,-32.79427568931689],[-71.27057665263139,-32.79418334117953],[-71.27061444086691,-32.79405613511348],[-71.27063875114631,-32.79396177393715],[-71.27067308311604,-32.793899242305905],[-71.27072547719571,-32.79381355061418],[-71.27074294903936,-32.7936768308233],[-71.27078628137879,-32.79337805248555]]]]}},{"type":"Feature","properties":{"fid":76,"Bloque":"I6","HAS":1.31,"Plantas":1191,"ID_Potrero":14,"Variedad":"Hass","Potrero_Nombre":"I","Potrero_HAS":8.32,"Potrero_Plantas":6685,"Potrero_Alias:":"I","Potrero_Especie":"Paltas","Potrero_Nombre_GeoJSON":"i","Potrero_Alias_GeoJSON":"Unidad I","Bloque_GeoJSON":"6","potrero":"I","bloque":"I6","campo_id":"75355736-e09b-43a2-85ca-f68f3647eadd","especie":"PALTOS","variedad":"Hass","hectareas":1.31,"plantas_supabase":1190.909091,"precipitacion":1.82,"caudal":25.79,"normalizacion_estado":"COINCIDENCIA"},"geometry":{"type":"MultiPolygon","coordinates":[[[[-71.26786353064936,-32.797808386864666],[-71.26773567007494,-32.797785875377755],[-71.26780199143248,-32.7975254097756],[-71.26782843436807,-32.79730802687616],[-71.26761005164488,-32.79727800396055],[-71.26763080360769,-32.79710567010267],[-71.2676233675335,-32.79692621093972],[-71.26772801536374,-32.79689199911459],[-71.26785768749518,-32.79693889963046],[-71.26796546539317,-32.79698986542277],[-71.26807167298463,-32.79700054568938],[-71.26817345739755,-32.796967620999624],[-71.26829019745396,-32.79688162826254],[-71.26840076956385,-32.796874505550754],[-71.26847028487924,-32.79701855883993],[-71.26856575572275,-32.79715714863746],[-71.26866283572986,-32.797261301114524],[-71.26895124797917,-32.79737419135585],[-71.26916943656079,-32.797350839150184],[-71.26930446326399,-32.79735926284296],[-71.26939264256077,-32.797312494114266],[-71.26942798788892,-32.797302326460176],[-71.26949896626256,-32.79727249675602],[-71.26957469361477,-32.79720205482489],[-71.26964697976265,-32.79712374171184],[-71.2697441154788,-32.79697046538993],[-71.26976414896852,-32.79684886294836],[-71.26977570939002,-32.7967599784644],[-71.2697657736701,-32.79670196759211],[-71.26976165487667,-32.79664438285043],[-71.26991284046494,-32.79662097575252],[-71.270043243073,-32.79661023196653],[-71.27005189759188,-32.79672407165525],[-71.26999137394638,-32.796946464614436],[-71.27027410836514,-32.796957167968934],[-71.27020569523656,-32.79711700841671],[-71.27001560908411,-32.79733873295651],[-71.2698023856118,-32.79755491376596],[-71.26965745784834,-32.797647749357566],[-71.269330779111,-32.79777853922881],[-71.26884909164026,-32.79775539314416],[-71.26865072770187,-32.79769742591916],[-71.26859480664073,-32.7976585686094],[-71.26854575358783,-32.79759080256924],[-71.26848277765866,-32.79755361914253],[-71.26842082249004,-32.79747744670595],[-71.26833647076944,-32.79738504297251],[-71.26823298472462,-32.797376670892824],[-71.2681525484311,-32.79738255066355],[-71.26811762523695,-32.797440529961],[-71.26813490975866,-32.79753207956617],[-71.26810336397608,-32.79762557173163],[-71.26803945063648,-32.79773586559097],[-71.26797084378254,-32.79783328593613],[-71.26787868487095,-32.797810154091785],[-71.26786353064936,-32.797808386864666]]]]}},{"type":"Feature","properties":{"fid":77,"Bloque":"I7","HAS":2.06,"Plantas":1873,"ID_Potrero":14,"Variedad":"Hass","Potrero_Nombre":"I","Potrero_HAS":8.32,"Potrero_Plantas":6685,"Potrero_Alias:":"I","Potrero_Especie":"Paltas","Potrero_Nombre_GeoJSON":"i","Potrero_Alias_GeoJSON":"Unidad I","Bloque_GeoJSON":"7","potrero":"I","bloque":"I7","campo_id":"6ab24d84-8c25-4239-a078-2c40626fb80a","especie":"PALTOS","variedad":"Hass","hectareas":2.06,"plantas_supabase":1872.727273,"precipitacion":1.82,"caudal":41.48,"normalizacion_estado":"COINCIDENCIA"},"geometry":{"type":"MultiPolygon","coordinates":[[[[-71.2676052611853,-32.79727844555113],[-71.26782843436807,-32.79730802687616],[-71.26780965406535,-32.79749092629283],[-71.2677807875719,-32.797605154132974],[-71.2677339389994,-32.79778654672628],[-71.2678763711752,-32.79781026472946],[-71.26797031032972,-32.79783384688643],[-71.26797162662305,-32.797984699046346],[-71.26796083413582,-32.79810749628629],[-71.26793102454413,-32.79828475936337],[-71.26788990091549,-32.79843542956122],[-71.26781157190248,-32.79852293436302],[-71.2677234744567,-32.79863398638741],[-71.26754305924177,-32.7986961651144],[-71.26745479797773,-32.79877748474106],[-71.26741339798144,-32.798874443890426],[-71.26738535736989,-32.79897631286566],[-71.26733311310785,-32.79907375981155],[-71.26707988116227,-32.79935554798558],[-71.2669815371743,-32.799442483707175],[-71.26677847246575,-32.79953804194926],[-71.26655185381756,-32.79957643020678],[-71.26630801111098,-32.79956512821356],[-71.26615439352331,-32.7995158269947],[-71.26600047622414,-32.799508230331476],[-71.26586229694972,-32.79951562466478],[-71.2656743292593,-32.7994771653812],[-71.26541371870822,-32.799439259491415],[-71.26507014392891,-32.79940644017214],[-71.26485807625866,-32.79917675028191],[-71.26477108520814,-32.79905452077868],[-71.26462425627656,-32.79914686518771],[-71.2645533922863,-32.79929720408995],[-71.26443116129639,-32.799509595277435],[-71.26426545174233,-32.79959651430602],[-71.26410008883627,-32.79962045302163],[-71.2639824575187,-32.79962924578503],[-71.2639100432635,-32.79964564247754],[-71.26393598999425,-32.79970108187472],[-71.26398678300002,-32.79977060841966],[-71.2640258393097,-32.79985247550939],[-71.26406729291347,-32.80001856428838],[-71.26407136801465,-32.80015329694144],[-71.26402971781266,-32.80030037689868],[-71.2639835199474,-32.8003923299824],[-71.26393310041868,-32.800473648471474],[-71.26378694113316,-32.8005170033589],[-71.26372818688493,-32.80052724204368],[-71.26355160082589,-32.80051320350273],[-71.26334849930133,-32.80041682839476],[-71.26313725099624,-32.800332851007106],[-71.2629381075488,-32.80020398670217],[-71.26292365859094,-32.80012496968178],[-71.2629635074992,-32.80006756175037],[-71.2629908026088,-32.80000209862535],[-71.26298429135902,-32.79997045688182],[-71.2630150162229,-32.799917472050815],[-71.26314065085212,-32.799928413697295],[-71.26319197689443,-32.79999737965261],[-71.2634332216872,-32.800209030509755],[-71.2635724991906,-32.80021769106034],[-71.26367898198211,-32.80019764347904],[-71.26373197227902,-32.800152842206955],[-71.26375483474352,-32.80004838080433],[-71.26368177395327,-32.79985808050915],[-71.26363699052004,-32.79975064063027],[-71.26361218611153,-32.79963368312186],[-71.26360076324407,-32.79954056942568],[-71.26366355254319,-32.79951533614064],[-71.26380797810742,-32.799484115444145],[-71.26400324976382,-32.799471238875626],[-71.26411161493539,-32.79944231726332],[-71.26425710579973,-32.79935367923228],[-71.26436696061937,-32.79925655423274],[-71.26446190625661,-32.79902057712327],[-71.26457144606358,-32.798972611204384],[-71.26463552833756,-32.79887765702883],[-71.26467344765744,-32.79879125519045],[-71.2647828572205,-32.79877042507203],[-71.26490743763361,-32.79889046981705],[-71.2649680841189,-32.79895652902966],[-71.26504686896853,-32.79900351628748],[-71.26529153915727,-32.79905875695494],[-71.26558888560061,-32.79914650180902],[-71.26586835347376,-32.79919904605594],[-71.26645172176217,-32.799296251233926],[-71.26671329601345,-32.79923375838606],[-71.26690405097804,-32.799151910850576],[-71.26716927451993,-32.798870334392575],[-71.26728409011973,-32.79859986915586],[-71.26739468108615,-32.79848046289405],[-71.26745056907468,-32.79811090711007],[-71.26746056492222,-32.79783814684011],[-71.26753035442208,-32.79762721587657],[-71.26756183208002,-32.79747692319768],[-71.26759818838147,-32.797345628215915],[-71.2676052611853,-32.79727844555113]]]]}},{"type":"Feature","properties":{"fid":78,"Bloque":"H4","HAS":2.09,"Plantas":2565,"ID_Potrero":13,"Variedad":"Gem","Potrero_Nombre":"H","Potrero_HAS":13.5,"Potrero_Plantas":11810,"Potrero_Alias:":"H","Potrero_Especie":"Paltas","Potrero_Nombre_GeoJSON":"H","Potrero_Alias_GeoJSON":"Unidad H","Bloque_GeoJSON":"4","potrero":"H","bloque":"H4","campo_id":"1c04db25-8159-43fc-bca0-af0385a0da5b","especie":"PALTOS","variedad":"GEM","hectareas":2.052,"plantas_supabase":2565,"precipitacion":1.8,"caudal":70.63,"normalizacion_estado":"COINCIDENCIA"},"geometry":{"type":"MultiPolygon","coordinates":[[[[-71.27149215459633,-32.79691112935377],[-71.27136387743475,-32.79689378688597],[-71.27116087127729,-32.797006161209175],[-71.27112504469966,-32.797045417006075],[-71.27107107249101,-32.79712242616102],[-71.27105834115002,-32.797192689797356],[-71.27097580628023,-32.79733233830893],[-71.27088535294094,-32.7973789326994],[-71.27082133079008,-32.79742807623604],[-71.27071242402096,-32.7975214157679],[-71.27058500649505,-32.79762323684842],[-71.2704645128837,-32.79772237226914],[-71.2704016772205,-32.79779879094601],[-71.2703262324939,-32.79786204247195],[-71.27018101280377,-32.79796341011799],[-71.2700517067334,-32.79805967756455],[-71.26990499278018,-32.79813686355816],[-71.26981981269417,-32.798146838174006],[-71.26966765161202,-32.79818850298151],[-71.26962028497337,-32.798206342630486],[-71.26958993952641,-32.798153806302736],[-71.269501231117,-32.798007324810335],[-71.26943669988547,-32.79802182655235],[-71.269337068282,-32.79804915527588],[-71.26922730482458,-32.79806328595563],[-71.26910314426112,-32.798077803391834],[-71.2689880627949,-32.79807817753637],[-71.26887073788465,-32.79807057000267],[-71.26878977604515,-32.798044256795066],[-71.268702455064,-32.7980062471899],[-71.26861733770858,-32.79802851223058],[-71.26857725992267,-32.7980210714315],[-71.26857454275942,-32.79805685202029],[-71.26854587417046,-32.79806060066655],[-71.26849274032807,-32.79802455700225],[-71.26845508715685,-32.797967638751395],[-71.2684297984764,-32.79785635607],[-71.26840633995725,-32.79775923435938],[-71.26834057655995,-32.79771923717973],[-71.26833801414415,-32.797703314656445],[-71.2683363473688,-32.79764900214857],[-71.26839884269826,-32.7976637118675],[-71.2683743294077,-32.79758421567392],[-71.26826718593172,-32.79743032499657],[-71.26815610082959,-32.79742879467686],[-71.26816416110454,-32.79748178797374],[-71.26816397066764,-32.79756471302252],[-71.26811902514481,-32.797699870650035],[-71.268016266871,-32.79783779881899],[-71.26795521273853,-32.79802723921762],[-71.26791889118837,-32.79809629732694],[-71.26792981381216,-32.79814561286717],[-71.26791147663775,-32.79835165559301],[-71.2679103302686,-32.79840170025197],[-71.26786350757929,-32.7985332232476],[-71.26775672323386,-32.7986597072131],[-71.26765910194419,-32.79871864597337],[-71.2675661480294,-32.79872339263301],[-71.26748626088563,-32.79876669655599],[-71.26746392056694,-32.79888654605656],[-71.26734221564459,-32.79909190894733],[-71.26715802002873,-32.79931167526642],[-71.26708441599865,-32.79941203530706],[-71.266996381424,-32.79946773725186],[-71.26738586708287,-32.79985883178657],[-71.26744091072715,-32.799884377960346],[-71.26812644437733,-32.7992342546151],[-71.26817164444248,-32.79929075940581],[-71.26817686612834,-32.79930597821654],[-71.26821042105922,-32.799342122403644],[-71.26817983710008,-32.7993753452719],[-71.26814896395257,-32.79945070640027],[-71.26853332639075,-32.79965376055771],[-71.26865986137511,-32.799620089244826],[-71.26875389541607,-32.79957406079884],[-71.26894651733268,-32.799387993239726],[-71.2691759827819,-32.79918986340857],[-71.26922131127503,-32.79909288990016],[-71.26926700626332,-32.798949474348966],[-71.26924820628122,-32.798850899709834],[-71.26918640129203,-32.798766525343936],[-71.26915329746164,-32.79869792880566],[-71.2691097606957,-32.79859549341033],[-71.26906165722498,-32.798570245247355],[-71.26906333128618,-32.79853631377135],[-71.26911339129697,-32.798520439564584],[-71.26932976983836,-32.79849742019131],[-71.26936437487191,-32.79854950148569],[-71.26957547502052,-32.79868254792399],[-71.26968326647355,-32.79872890514503],[-71.2697771626207,-32.79874276624491],[-71.26990300259558,-32.79875061143966],[-71.27031190699451,-32.79860441383568],[-71.2704758041161,-32.79855040709961],[-71.27057265489263,-32.7984933701802],[-71.27059744926531,-32.79841329417987],[-71.27065512331686,-32.7983250687417],[-71.27080186527739,-32.79809147486151],[-71.27087723622496,-32.79794327513081],[-71.27101605969743,-32.79779843644964],[-71.2710107406694,-32.79773853740871],[-71.27117186345717,-32.79761620755733],[-71.27127419008487,-32.797460915965615],[-71.27132852115119,-32.797379651487475],[-71.27134709916878,-32.797312431113774],[-71.27141651353955,-32.797061913346646],[-71.27149215459633,-32.79691112935377]]]]}},{"type":"Feature","properties":{"fid":79,"Bloque":"H5","HAS":1.79,"Plantas":2415,"ID_Potrero":13,"Variedad":"Gem","Potrero_Nombre":"H","Potrero_HAS":13.5,"Potrero_Plantas":11810,"Potrero_Alias:":"H","Potrero_Especie":"Paltas","Potrero_Nombre_GeoJSON":"H","Potrero_Alias_GeoJSON":"Unidad H","Bloque_GeoJSON":"5","potrero":"H","bloque":"H5","campo_id":"8deea12c-082f-4c36-89c4-dc01d15a0926","especie":"PALTOS","variedad":"Hass","hectareas":1.932,"plantas_supabase":2415,"precipitacion":3.5,"caudal":66.37,"normalizacion_estado":"COINCIDENCIA"},"geometry":{"type":"MultiPolygon","coordinates":[[[[-71.26812546307808,-32.79923340519912],[-71.2681937477084,-32.79932835809928],[-71.26815888055873,-32.7994195975437],[-71.26814424896274,-32.799449494631],[-71.26853106182716,-32.79965499287132],[-71.2684962245617,-32.79970426414229],[-71.26846867017183,-32.79973955787565],[-71.26836771534587,-32.79984456639492],[-71.2682922944947,-32.79998304518535],[-71.26819479473427,-32.800147612654584],[-71.26811617618435,-32.80029530473028],[-71.26803253744724,-32.80052848890387],[-71.26775789376329,-32.80027627415317],[-71.26767525183429,-32.80017861676463],[-71.26760601054049,-32.800088274063576],[-71.26754273643802,-32.80000659321777],[-71.2675134894301,-32.79996783545754],[-71.26743981912561,-32.799888991765165],[-71.26812546307808,-32.79923340519912]]],[[[-71.26698783324265,-32.79946431893661],[-71.2671764049742,-32.79965487368188],[-71.26736330124473,-32.79984426815823],[-71.26727199720297,-32.79985984917629],[-71.26717511825541,-32.79986980270894],[-71.26705988239213,-32.799878377576896],[-71.26695052531649,-32.79987617497861],[-71.26690160932209,-32.799828226921285],[-71.26682420888424,-32.79984354960259],[-71.26668718581988,-32.79983826732753],[-71.26660294452046,-32.79982554010137],[-71.26635059240884,-32.79977742804765],[-71.26606163585515,-32.799771051328946],[-71.26592703613753,-32.79978217752335],[-71.26573606534525,-32.79980489618163],[-71.26560904830355,-32.7998020170522],[-71.26547351700303,-32.79979889894243],[-71.26533016880317,-32.799810318994076],[-71.26521004410533,-32.799818575044796],[-71.26507803012665,-32.79983330031165],[-71.26495617822276,-32.799797702758056],[-71.26488141574768,-32.79975136826826],[-71.26486296942645,-32.79967425509969],[-71.26481170854083,-32.799633943096936],[-71.26474500027705,-32.79967105303841],[-71.26471613424057,-32.79976890312513],[-71.26468833966598,-32.799835180384015],[-71.26465787762231,-32.79990426232535],[-71.26460979971422,-32.79999646214634],[-71.26454746357135,-32.80006976085637],[-71.2646151167148,-32.80012673029852],[-71.26464575539384,-32.80032401023297],[-71.26469896993804,-32.80051076540141],[-71.26476709964781,-32.800648806972646],[-71.2648865663424,-32.8007949117872],[-71.26496579252128,-32.800967243029824],[-71.2649438039822,-32.801036750542224],[-71.26509062805079,-32.80112206482641],[-71.26502560851787,-32.80121915263443],[-71.26487699957772,-32.80124615418984],[-71.26472360972272,-32.801240842645925],[-71.26442569034802,-32.80113933035627],[-71.26418504226923,-32.801040216363354],[-71.26408074519067,-32.80097869095338],[-71.26397885375407,-32.80088419028907],[-71.26382716214215,-32.800835732222026],[-71.26377606427137,-32.80083990319925],[-71.26369846559066,-32.80081314719555],[-71.2636530082683,-32.80079226029409],[-71.26361780900886,-32.80077143489321],[-71.26359631572845,-32.80075290249053],[-71.26354815731399,-32.800712490437846],[-71.26350822874167,-32.80069038185388],[-71.26346310153353,-32.80068073016709],[-71.26340486304267,-32.80066117066653],[-71.26334277380217,-32.800636807903835],[-71.26325860778726,-32.80060229715681],[-71.2632223070357,-32.80056521197833],[-71.26319859263799,-32.80052236107853],[-71.26311696399463,-32.80042844338048],[-71.26308780264812,-32.80039214849487],[-71.26303975080717,-32.80033491676977],[-71.26299856155235,-32.80029030393917],[-71.26293459014543,-32.80026685580786],[-71.2629220800454,-32.800256981438636],[-71.26291973587531,-32.80023288744488],[-71.26292059533132,-32.80020642261533],[-71.26302891769028,-32.80026743052927],[-71.26315114103673,-32.80034434017573],[-71.26337024636746,-32.80045121977556],[-71.26351002594889,-32.80051661991305],[-71.26362211088896,-32.800526942041],[-71.26373475728789,-32.80053780519863],[-71.26395403407425,-32.80048195246444],[-71.26406708182584,-32.80033185929401],[-71.2640901886724,-32.80019813397605],[-71.26410087207886,-32.80006741492784],[-71.26408240888924,-32.79994091709539],[-71.264060908171,-32.79981904924728],[-71.26401966210875,-32.799678018240215],[-71.26406317981646,-32.79964432517784],[-71.26417615120785,-32.79963698530813],[-71.26431663555405,-32.79961278026958],[-71.26448304154023,-32.7995124908804],[-71.2645330038463,-32.799453638609386],[-71.26457785876504,-32.799359944612604],[-71.26461794372783,-32.79922933070226],[-71.2647748427539,-32.79909767525275],[-71.26483774939118,-32.79919295322536],[-71.26505101470045,-32.79942253277558],[-71.26535928035852,-32.79944939438177],[-71.26557060202104,-32.79948570174904],[-71.26583359735776,-32.799527993489725],[-71.26601362443466,-32.79953810873623],[-71.26617168467429,-32.79954647506066],[-71.26636103571487,-32.79959094739539],[-71.2665415992127,-32.799609617157046],[-71.26668991531078,-32.79958507553433],[-71.26697868095495,-32.79946091156192],[-71.26698783324265,-32.79946431893661]]]]}},{"type":"Feature","properties":{"fid":80,"Bloque":"H3","HAS":3.44,"Plantas":2293,"ID_Potrero":13,"Variedad":"Hass","Potrero_Nombre":"H","Potrero_HAS":13.5,"Potrero_Plantas":11810,"Potrero_Alias:":"H","Potrero_Especie":"Paltas","Potrero_Nombre_GeoJSON":"H","Potrero_Alias_GeoJSON":"Unidad H","Bloque_GeoJSON":"3","potrero":"H","bloque":"H3","campo_id":"72dadbbe-104f-4dc7-bc93-29e31ee72505","especie":"PALTOS","variedad":"GEM","hectareas":3.44,"plantas_supabase":905,"precipitacion":1.9,"caudal":67.98,"normalizacion_estado":"COINCIDENCIA"},"geometry":{"type":"MultiPolygon","coordinates":[[[[-71.27159857350419,-32.79476721154864],[-71.27166117980192,-32.79502653812765],[-71.27159767782894,-32.79536965415121],[-71.27162098742936,-32.795474977560794],[-71.2716749112862,-32.795573383669485],[-71.27169970982312,-32.79575584789911],[-71.2716850697285,-32.79599415008524],[-71.2716686941908,-32.79608777977685],[-71.27166580262146,-32.796337281177145],[-71.27162398322822,-32.79653407695099],[-71.27156870995519,-32.79676038893324],[-71.27146992410837,-32.796821187625596],[-71.2713996607434,-32.79685888509366],[-71.27134440902525,-32.796876774350466],[-71.2712423778023,-32.79693121902752],[-71.27113526324979,-32.79699790318473],[-71.27110219073619,-32.797032682875084],[-71.27105268206678,-32.79710672156289],[-71.27103109940704,-32.79717882491936],[-71.27096476353834,-32.79730316179207],[-71.27084467770226,-32.797371758687156],[-71.27070331894957,-32.797488478138476],[-71.27058884808575,-32.7975785368165],[-71.27044767828927,-32.797695265071525],[-71.27027377539669,-32.79783232924369],[-71.27012838514808,-32.797961557128744],[-71.27000958955581,-32.798043341381636],[-71.26990945035921,-32.79809824393156],[-71.26978678534242,-32.79812292802155],[-71.26968623088729,-32.798161503604824],[-71.2696081132777,-32.79817925438174],[-71.26950838632192,-32.798012614875766],[-71.26946768601427,-32.79798068416434],[-71.26931078826632,-32.79803409471342],[-71.26921976899314,-32.798042486166636],[-71.26902936809138,-32.798050827868444],[-71.26883626405986,-32.79801950004521],[-71.26870704740733,-32.797976140885766],[-71.2686202072006,-32.79796060499444],[-71.26857952623646,-32.79788963621481],[-71.26853755523084,-32.79774304368972],[-71.26850699939881,-32.797666023723956],[-71.26853726466346,-32.797637644879025],[-71.26864655918104,-32.797716745879484],[-71.26880296221385,-32.79776885780173],[-71.26905992116019,-32.79780197533219],[-71.2693499327467,-32.79780952695733],[-71.26959273887621,-32.79771706760225],[-71.26982580835829,-32.797565832513776],[-71.2699941688161,-32.79738922723975],[-71.27020680501637,-32.79714750235557],[-71.27030785837704,-32.79694637948288],[-71.27002335913386,-32.79694395150608],[-71.27006842777597,-32.79669673446799],[-71.27008736685298,-32.79645467822078],[-71.27009500262648,-32.79637311370191],[-71.27023106961751,-32.79609444485012],[-71.27026605629824,-32.79603697078245],[-71.27031460866972,-32.79598131654596],[-71.2703074072781,-32.795779719906946],[-71.27029907224826,-32.79564205020638],[-71.27035965061489,-32.79560011567939],[-71.27047125696987,-32.795568485428966],[-71.2705318644852,-32.795432627924015],[-71.27062798670607,-32.79536248437822],[-71.27089513619946,-32.7952208382098],[-71.2710117186351,-32.79514726051493],[-71.27115884203937,-32.7950864002357],[-71.2713906958179,-32.79488873592859],[-71.27159857350419,-32.79476721154864]]]]}},{"type":"Feature","properties":{"fid":81,"Bloque":"H1","HAS":3.06,"Plantas":2040,"ID_Potrero":13,"Variedad":"Hass","Potrero_Nombre":"H","Potrero_HAS":13.5,"Potrero_Plantas":11810,"Potrero_Alias:":"H","Potrero_Especie":"Paltas","Potrero_Nombre_GeoJSON":"H","Potrero_Alias_GeoJSON":"Unidad H","Bloque_GeoJSON":"1","potrero":"H","bloque":"H1","campo_id":"55d72908-cbe5-4d35-8753-e186ea286c3c","especie":"PALTOS","variedad":"Hass","hectareas":3.06,"plantas_supabase":918.1818182,"precipitacion":1.9,"caudal":58.69,"normalizacion_estado":"COINCIDENCIA"},"geometry":{"type":"MultiPolygon","coordinates":[[[[-71.27471374019001,-32.796794800482374],[-71.27467753809573,-32.79686160000639],[-71.2745447199095,-32.796948287055685],[-71.27445367847874,-32.7969805681679],[-71.27438285148446,-32.79704719231823],[-71.27422298321068,-32.79712972673504],[-71.27405183796269,-32.79714917039576],[-71.27400041886925,-32.79712356128341],[-71.27392665532976,-32.79716982065168],[-71.27377967346641,-32.797188824982314],[-71.27363365283102,-32.797150641608646],[-71.2730593916235,-32.79719373974014],[-71.27282596528826,-32.79733069465984],[-71.27262909535366,-32.797479236180884],[-71.2724483083035,-32.79759481680624],[-71.27241840175664,-32.797654571621685],[-71.27205456846349,-32.79770201202774],[-71.27197191683358,-32.797779058445435],[-71.2719091153534,-32.79787616241785],[-71.27179468703252,-32.797939492953496],[-71.27169127407954,-32.798055709995],[-71.271582107511,-32.798088318011246],[-71.27149915764714,-32.79810615765377],[-71.27142566561342,-32.798115658458094],[-71.27141337602367,-32.798107714313375],[-71.27140041151479,-32.79807323915254],[-71.27146473338948,-32.79798835856662],[-71.2715145309162,-32.79790272063186],[-71.27152539269929,-32.79785454147022],[-71.2715656663397,-32.7978221628726],[-71.2715868566065,-32.797752357480505],[-71.27173160729197,-32.797645599247765],[-71.27179987856854,-32.797525936405115],[-71.27180935024163,-32.79747063618843],[-71.27188752218686,-32.7972650384582],[-71.27191771458148,-32.79721650841404],[-71.2720229836167,-32.797125779881014],[-71.27200861696208,-32.79703620191984],[-71.27209403716604,-32.796830472507864],[-71.2721616842082,-32.79668631934173],[-71.27220571293199,-32.7965640336594],[-71.27230489093407,-32.796281487276886],[-71.27236374253725,-32.796124222042536],[-71.27241843517602,-32.79608851875092],[-71.27241430495529,-32.79602121468159],[-71.27269691315497,-32.795822113961876],[-71.27283112366159,-32.7957288175393],[-71.27300978859797,-32.79567248685989],[-71.27310724762668,-32.79551247845841],[-71.27319740494114,-32.79544550398824],[-71.27334704739519,-32.7953886789931],[-71.27351579934947,-32.7952753575541],[-71.27367668433011,-32.795166278939796],[-71.2737003509971,-32.79532121144413],[-71.27370273989226,-32.79544279386659],[-71.27370829520395,-32.7956357329225],[-71.27371515113448,-32.79578249215452],[-71.27373544209897,-32.795930059357055],[-71.27375371584719,-32.79596829248822],[-71.27377552060372,-32.79603383586459],[-71.27389394498276,-32.79614369251724],[-71.27415367213466,-32.79630602349663],[-71.27444819960786,-32.796493803584134],[-71.27451686243124,-32.79654683637958],[-71.27453581109364,-32.79658091295209],[-71.27462066349702,-32.796712289536096],[-71.27471374019001,-32.796794800482374]]]]}},{"type":"Feature","properties":{"fid":82,"Bloque":"H2","HAS":1.01,"Plantas":0,"ID_Potrero":13,"Variedad":null,"Potrero_Nombre":"H","Potrero_HAS":13.5,"Potrero_Plantas":11810,"Potrero_Alias:":"H","Potrero_Especie":"Paltas","Potrero_Nombre_GeoJSON":"H","Potrero_Alias_GeoJSON":"Unidad H","Bloque_GeoJSON":"2","potrero":"H","bloque":"H2","campo_id":"354e32bf-8d97-4fb6-9172-43a70b702e31","especie":"PALTOS","variedad":"Hass","hectareas":1.01,"plantas_supabase":2293.333333,"precipitacion":1.8,"caudal":18.44,"normalizacion_estado":"COINCIDENCIA"},"geometry":{"type":"MultiPolygon","coordinates":[[[[-71.27338868454207,-32.794961048258074],[-71.2733310103105,-32.79498264517786],[-71.27321245555711,-32.79507650172766],[-71.27315394490418,-32.79513654579971],[-71.27303270979512,-32.795232319635396],[-71.27298149726441,-32.795228367566764],[-71.27289714502903,-32.79525144200053],[-71.27284902754705,-32.795268259166775],[-71.2727934240705,-32.795265733391574],[-71.27267380185363,-32.795155100278194],[-71.27255970039842,-32.7950449768443],[-71.27248714286978,-32.79501501719133],[-71.27244540468763,-32.79499067919682],[-71.27236763671121,-32.79497050777895],[-71.27231231600936,-32.79495462977141],[-71.27227104832855,-32.794944934505494],[-71.27214974861725,-32.794884327612245],[-71.27210835156758,-32.794672560894625],[-71.27212932694397,-32.7946141022442],[-71.2721154849385,-32.79457735246718],[-71.2720534872558,-32.79423178937352],[-71.27202450131583,-32.794208961957715],[-71.2719880984239,-32.794046450363375],[-71.27192751558748,-32.79388237171001],[-71.27192144820367,-32.79382313636987],[-71.27195403962192,-32.793792728837836],[-71.27222597518099,-32.793995977607096],[-71.27234910074286,-32.79406785538159],[-71.27259612177562,-32.79423816023804],[-71.27271238786557,-32.794282814428215],[-71.27305925378712,-32.79450380521518],[-71.27326218595259,-32.79463190111042],[-71.27347091047909,-32.79474876320069],[-71.27357162957381,-32.79478304357756],[-71.27338868454207,-32.794961048258074]]]]}},{"type":"Feature","properties":{"fid":83,"Bloque":"D1","HAS":2,"Plantas":2500,"ID_Potrero":11,"Variedad":"Gem","Potrero_Nombre":"D","Potrero_HAS":12.46,"Potrero_Plantas":13796,"Potrero_Alias:":"D","Potrero_Especie":"Paltas","Potrero_Nombre_GeoJSON":"D","Potrero_Alias_GeoJSON":"Unidad D","Bloque_GeoJSON":"1","potrero":"D","bloque":"D1","campo_id":"02d94137-a1e6-4392-80e3-79497ea6c7d9","especie":"PALTOS","variedad":"GEM","hectareas":2,"plantas_supabase":2500,"precipitacion":3.5,"caudal":72.04,"normalizacion_estado":"COINCIDENCIA"},"geometry":{"type":"MultiPolygon","coordinates":[[[[-71.27608237132087,-32.803900182173805],[-71.27587904274245,-32.80408971029531],[-71.27564514556518,-32.80429402995786],[-71.27555595582733,-32.804351800671604],[-71.27538408555999,-32.80448559964613],[-71.27537985069836,-32.80450915716673],[-71.27539872913283,-32.80453841984217],[-71.27535672799256,-32.80464535625627],[-71.27528610069305,-32.804663857435656],[-71.27523998501101,-32.80463996340871],[-71.27512619935469,-32.80462231113004],[-71.27501857386014,-32.80458669016122],[-71.2748265719701,-32.80453121572916],[-71.27459453136845,-32.80438168469933],[-71.27444024561821,-32.804238287935256],[-71.27432373892425,-32.804068376652616],[-71.2742818834942,-32.80398369978943],[-71.27426524267351,-32.803958110465615],[-71.27426761849854,-32.80389566027814],[-71.27431229461317,-32.80382992097658],[-71.27435838752703,-32.803773980345426],[-71.27440412266513,-32.80372933176727],[-71.2744222250586,-32.803695932014094],[-71.27435007377971,-32.803653456205254],[-71.2742593969973,-32.80365516641016],[-71.27424456453316,-32.80371385335065],[-71.27417338939019,-32.803800766753206],[-71.27406939814279,-32.803896336273965],[-71.27396495531018,-32.803955611250686],[-71.27385069496532,-32.80394247967818],[-71.27378206220031,-32.80399282225815],[-71.2737393656979,-32.80404691408277],[-71.27371749168242,-32.8040710657667],[-71.27366782171309,-32.80414972622684],[-71.27365314784608,-32.804196755543316],[-71.27365037782943,-32.80424562972087],[-71.27371788590558,-32.80431194791592],[-71.27382995387993,-32.804353813337364],[-71.2738867252481,-32.80437224706906],[-71.27404441876126,-32.804418988361725],[-71.27413502201757,-32.80445067851738],[-71.27434669580835,-32.80454464198014],[-71.27448174132019,-32.80460485862509],[-71.27475871659496,-32.80474103336935],[-71.27477877503894,-32.80475556011476],[-71.27484289509087,-32.80482027108963],[-71.27505620963849,-32.805045224746344],[-71.27501946957013,-32.80517348694258],[-71.27512354418887,-32.80534096196358],[-71.27525013446734,-32.805495101026196],[-71.27530563875182,-32.80560564281929],[-71.27531522903413,-32.80566105361284],[-71.27529932102124,-32.80587541988175],[-71.27543378033778,-32.80614193553428],[-71.27557257331517,-32.80619361705281],[-71.2759317062159,-32.80624339760933],[-71.2760218396016,-32.80621972954761],[-71.27606484473885,-32.80620450397575],[-71.27620458670177,-32.80608573184897],[-71.27623943158181,-32.80607376118925],[-71.2763025991376,-32.806028015632855],[-71.2763491902326,-32.805957186792924],[-71.27642034725558,-32.80586310894103],[-71.2764430995667,-32.80580241166807],[-71.2764816000274,-32.805795533521994],[-71.27652506537389,-32.80575442010282],[-71.27664996004184,-32.805584540159686],[-71.2766674113118,-32.80548672751422],[-71.27669909811915,-32.80544939899299],[-71.27674587350317,-32.805363814056605],[-71.2768019972355,-32.805289288856514],[-71.276931394638,-32.80514911441431],[-71.27697990351363,-32.80508706982101],[-71.27698826289726,-32.80500646146743],[-71.27695067676298,-32.80494544501847],[-71.27689963411191,-32.804892834829474],[-71.27687202274531,-32.80477306739293],[-71.27687497965712,-32.80472916564313],[-71.27690839725993,-32.80468885103383],[-71.27689247569997,-32.80460792377597],[-71.27654274067388,-32.80446208886852],[-71.27650663933622,-32.80442191817988],[-71.27640822295035,-32.80437316622411],[-71.27625846013673,-32.80420619644892],[-71.27620273180833,-32.804091581507706],[-71.27619825221005,-32.80399603662498],[-71.27618933149114,-32.803908322182814],[-71.27615522330856,-32.80386950287593],[-71.2760890234524,-32.803873050698506],[-71.27608237132087,-32.803900182173805]]]]}},{"type":"Feature","properties":{"fid":84,"Bloque":"D3","HAS":2.01,"Plantas":2513,"ID_Potrero":11,"Variedad":"Gem","Potrero_Nombre":"D","Potrero_HAS":12.46,"Potrero_Plantas":13796,"Potrero_Alias:":"D","Potrero_Especie":"Paltas","Potrero_Nombre_GeoJSON":"D","Potrero_Alias_GeoJSON":"Unidad D","Bloque_GeoJSON":"3","potrero":"D","bloque":"D3","campo_id":"e95e16e6-808f-49ea-86da-26954722880f","especie":"PALTOS","variedad":"GEM","hectareas":2.01,"plantas_supabase":2512.5,"precipitacion":3.5,"caudal":75.15,"normalizacion_estado":"COINCIDENCIA"},"geometry":{"type":"MultiPolygon","coordinates":[[[[-71.2749711667629,-32.80300295711278],[-71.27520750231226,-32.80279821130687],[-71.27531222119586,-32.80267876246807],[-71.27530210811405,-32.80261930568808],[-71.27525486723432,-32.8025632735891],[-71.27517765221405,-32.80258472563312],[-71.27506562299227,-32.80264623674424],[-71.27496918379869,-32.80269709778377],[-71.27482912344058,-32.802749960724675],[-71.27475168942757,-32.8027396769542],[-71.27468720715092,-32.802719012162974],[-71.27457923668317,-32.802690075837305],[-71.27448313505744,-32.802786875405175],[-71.27440940691676,-32.80288213736533],[-71.27433793915137,-32.8029712328521],[-71.27432397895022,-32.803021708416075],[-71.27438055985148,-32.80306562031843],[-71.27444460896731,-32.80310167851317],[-71.27452196342038,-32.80313753302638],[-71.27459857404153,-32.80314889084411],[-71.27470307473666,-32.80312287538293],[-71.27478338061074,-32.803087832391846],[-71.27488245686288,-32.8030479873675],[-71.2749711667629,-32.80300295711278]]],[[[-71.27551942434228,-32.80205524172221],[-71.27550165559381,-32.80205841608647],[-71.27513710579447,-32.80214936147983],[-71.27507380112392,-32.802137800257164],[-71.27495401406344,-32.80215806120893],[-71.2748813978567,-32.80220570126612],[-71.27483408384653,-32.802242819060695],[-71.27480397045377,-32.80226299701929],[-71.27472253624468,-32.80229096466991],[-71.27456906987874,-32.802316723784074],[-71.2744961208023,-32.80234765535981],[-71.27443457202902,-32.802375317050846],[-71.27431433900722,-32.80242446293426],[-71.27418864897984,-32.80244920641963],[-71.27413616815906,-32.80245322265796],[-71.27404778406955,-32.802447682263555],[-71.27393599472387,-32.80240122085061],[-71.27386265514394,-32.802369374215296],[-71.2737448507397,-32.80232404279603],[-71.27364342274792,-32.8022809660121],[-71.27358913611145,-32.80225477600804],[-71.27345122475631,-32.80222860009847],[-71.27335216206208,-32.80220293543466],[-71.2732972824216,-32.80217217238693],[-71.27323108004579,-32.80214757130455],[-71.27318670533586,-32.80212148228392],[-71.27313902516953,-32.80210039901739],[-71.27307354496914,-32.80209147466651],[-71.27304349308457,-32.80208401061631],[-71.27299579963058,-32.802052584714936],[-71.27289191900893,-32.80198028064908],[-71.27294079636681,-32.8020771047051],[-71.273023642212,-32.80215544282239],[-71.2731019384653,-32.80224545953599],[-71.27317646985296,-32.802353223794846],[-71.27325550278354,-32.802411442384376],[-71.2733501055747,-32.80246822500127],[-71.27342388662868,-32.80249519774143],[-71.27348438310085,-32.80251316010505],[-71.27364897442153,-32.80256758193982],[-71.27374646810145,-32.802581108473674],[-71.27383858631106,-32.80261867240173],[-71.27392808872382,-32.802636006477506],[-71.27405483407965,-32.80265326417417],[-71.27411445151559,-32.80265259542224],[-71.27420395400425,-32.80266992929669],[-71.27431425768368,-32.802682239951686],[-71.27444786661842,-32.802659904664],[-71.27452872843338,-32.802654862091025],[-71.27461966751412,-32.802637216188955],[-71.27469693172158,-32.802653631405306],[-71.27477160846685,-32.802696897598416],[-71.27482149792563,-32.802698437288164],[-71.27489377120958,-32.80268562970722],[-71.2749952831634,-32.80262713595751],[-71.27504523383517,-32.802601033987244],[-71.27510321658484,-32.80255269651799],[-71.27516614116833,-32.80249571476412],[-71.2751964365874,-32.80236402250456],[-71.27526721490823,-32.80229535694669],[-71.27536352229914,-32.80223235261327],[-71.27544051190861,-32.80215259344626],[-71.27551942434228,-32.80205524172221]]],[[[-71.2731932888878,-32.802820772409014],[-71.2732937948935,-32.80287509611924],[-71.27333726595242,-32.80277834256744],[-71.27314875248749,-32.80268580243062],[-71.27309118515211,-32.80265622112612],[-71.27298166303005,-32.80262758331736],[-71.27286287784248,-32.802567465918735],[-71.27278340628774,-32.80253215686859],[-71.27268976080262,-32.802462394749305],[-71.2726028194495,-32.80237107205873],[-71.2724700821756,-32.802237703244394],[-71.27245013939466,-32.80226154588291],[-71.27253682072715,-32.80234266447115],[-71.27264631576477,-32.80246522539903],[-71.27269121554946,-32.80251953838205],[-71.27277527302327,-32.802592537284404],[-71.27292219856555,-32.80271339736398],[-71.27296777442383,-32.802699298089856],[-71.27309099007401,-32.80279098261926],[-71.2731932888878,-32.802820772409014]]]]}},{"type":"Feature","properties":{"fid":85,"Bloque":"D2","HAS":2.05,"Plantas":2563,"ID_Potrero":11,"Variedad":"Gem","Potrero_Nombre":"D","Potrero_HAS":12.46,"Potrero_Plantas":13796,"Potrero_Alias:":"D","Potrero_Especie":"Paltas","Potrero_Nombre_GeoJSON":"D","Potrero_Alias_GeoJSON":"Unidad D","Bloque_GeoJSON":"2","potrero":"D","bloque":"D2","campo_id":"84417d86-2910-41d3-bea3-ed57e1a1bcda","especie":"PALTOS","variedad":"GEM","hectareas":2.05,"plantas_supabase":2562.5,"precipitacion":3.5,"caudal":75.79,"normalizacion_estado":"COINCIDENCIA"},"geometry":{"type":"MultiPolygon","coordinates":[[[[-71.27452748901011,-32.803596150571664],[-71.27471762085878,-32.80338413888887],[-71.27487569605876,-32.80327686317959],[-71.27493622983889,-32.80309829934088],[-71.27496497413844,-32.80309564803985],[-71.27500493909753,-32.803132903867194],[-71.27500608381732,-32.8032167295948],[-71.27490442427998,-32.80346152349299],[-71.27484161344532,-32.803706828233885],[-71.27486934442909,-32.80392126355507],[-71.27491329387395,-32.80406313001361],[-71.27503488048161,-32.804192653690535],[-71.2751749068834,-32.80428669916885],[-71.27532273043572,-32.80431451792406],[-71.27554109308188,-32.804302052650044],[-71.27558340482241,-32.8043012203999],[-71.27561957692693,-32.80430914289188],[-71.27538221791043,-32.80448866429862],[-71.2753801088078,-32.80450984167307],[-71.27539793756448,-32.80453992727865],[-71.27536247734702,-32.80463122366512],[-71.27528611680877,-32.804626496277756],[-71.2752133493968,-32.80460144464862],[-71.27506179723214,-32.80456479118226],[-71.27491793427863,-32.80452074172717],[-71.27477108333231,-32.804444214034795],[-71.27455183552404,-32.80428582634946],[-71.27441568717525,-32.80412335629766],[-71.27434503812837,-32.804003463727256],[-71.27432930499356,-32.803928660189136],[-71.27446034463766,-32.80369548678749],[-71.27452748901011,-32.803596150571664]]],[[[-71.27504788769951,-32.80302454000232],[-71.27505068757468,-32.802961845034865],[-71.2752004868586,-32.80280752687087],[-71.27524808875005,-32.80277807655],[-71.27536250306991,-32.8026833364027],[-71.27536247418445,-32.80263625563587],[-71.27534976527448,-32.80254735526733],[-71.27529307385194,-32.802493218463034],[-71.2751769406098,-32.80248550665337],[-71.2752044817236,-32.80235953746551],[-71.27527655930425,-32.80229442141012],[-71.2753757442539,-32.802225749846414],[-71.27545490427458,-32.802142053889156],[-71.27552508563758,-32.80205216062682],[-71.27555370895004,-32.80204389079096],[-71.27561660666692,-32.80202887692882],[-71.275715317973,-32.80203307761007],[-71.27572265364681,-32.802085113921166],[-71.27570570169647,-32.80223048684869],[-71.27572181349507,-32.80228478427348],[-71.27578026177164,-32.8023981888823],[-71.27582511770656,-32.80244983480412],[-71.27582337944982,-32.80254416203669],[-71.27583823710863,-32.80265435878407],[-71.27587594650466,-32.80274914138049],[-71.27600206160655,-32.802876199269484],[-71.27605514604274,-32.802907126789364],[-71.2760830894954,-32.802935767474146],[-71.27604090354829,-32.80297036557765],[-71.27604089217766,-32.80303587403135],[-71.276031233983,-32.80310176059126],[-71.27593927318152,-32.803173192108424],[-71.27583625402914,-32.80323643164544],[-71.27578278511164,-32.803289214954034],[-71.27575202411042,-32.80334655666842],[-71.27574855619834,-32.803486079770096],[-71.27576312474156,-32.803591697201476],[-71.27579064622574,-32.80370609944424],[-71.27582895780158,-32.803784449670005],[-71.27591540080549,-32.803862454232394],[-71.2759624951504,-32.803879860516076],[-71.27602795886234,-32.803885848533874],[-71.27608878944082,-32.80387358406178],[-71.27608201296822,-32.80389967005021],[-71.27601034516582,-32.80396733954824],[-71.27587560747546,-32.8040877027542],[-71.2757273358545,-32.80422397178449],[-71.2756773540058,-32.804263894830726],[-71.27557851958571,-32.80425407581658],[-71.2754264575271,-32.80427782596662],[-71.27531927408542,-32.80428310660369],[-71.27520530285584,-32.8042593302196],[-71.27511833079834,-32.804210033449074],[-71.27503790115202,-32.80415040941701],[-71.27498095742214,-32.80408964261849],[-71.27490899901431,-32.80391862950717],[-71.27488363069698,-32.80377869559808],[-71.27490590006872,-32.80357602525378],[-71.27497854159178,-32.803397368176775],[-71.27503610749346,-32.80317711237762],[-71.27504788769951,-32.80302454000232]]]]}},{"type":"Feature","properties":{"fid":86,"Bloque":"D5","HAS":1.45,"Plantas":967,"ID_Potrero":11,"Variedad":"Hass","Potrero_Nombre":"D","Potrero_HAS":12.46,"Potrero_Plantas":13796,"Potrero_Alias:":"D","Potrero_Especie":"Paltas","Potrero_Nombre_GeoJSON":"D","Potrero_Alias_GeoJSON":"Unidad D","Bloque_GeoJSON":"5","potrero":"D","bloque":"D5","campo_id":"ebcacd76-ad0f-44cf-8ddb-484eaa1eac96","especie":"PALTOS","variedad":"Hass","hectareas":1.45,"plantas_supabase":966.6666667,"precipitacion":1.86,"caudal":61.56,"normalizacion_estado":"COINCIDENCIA"},"geometry":{"type":"MultiPolygon","coordinates":[[[[-71.27271337572226,-32.80079151415199],[-71.27271019536596,-32.800963764104196],[-71.2726773971569,-32.80111315663202],[-71.272660141005,-32.8012140324896],[-71.27266601201006,-32.80132505817652],[-71.2726949208212,-32.8014267944554],[-71.27266413937473,-32.80150742303122],[-71.27268629594244,-32.80159442873161],[-71.27272570164426,-32.80170236184392],[-71.27278709908434,-32.80179291358425],[-71.27278013333404,-32.80181402700009],[-71.27270900991469,-32.80178885592895],[-71.27264112854175,-32.801741891259304],[-71.27249866174992,-32.801671098185075],[-71.27242990654132,-32.80159862521023],[-71.27235069613482,-32.801501527570736],[-71.27223346371079,-32.80139155932834],[-71.272026965271,-32.801219197640876],[-71.27187345932046,-32.801147374783376],[-71.27174155914554,-32.801111430811176],[-71.27161623883696,-32.80110763359344],[-71.27145468564326,-32.80112355411245],[-71.27147902775354,-32.80093771856107],[-71.27155847520403,-32.80078212170761],[-71.27159825864504,-32.80063541181544],[-71.27162732373469,-32.80049502180276],[-71.27162952411607,-32.800248946338215],[-71.27164771509847,-32.800108753668724],[-71.27188534670573,-32.79994565315735],[-71.27197424202829,-32.79981770020538],[-71.27200158221586,-32.79972920071817],[-71.2720816680351,-32.79958634645354],[-71.27217024467151,-32.79955206994509],[-71.27231910189748,-32.79951159458044],[-71.27243227237726,-32.799479655620445],[-71.2724710783857,-32.79949859509373],[-71.27250257439944,-32.79957348046363],[-71.27249465850026,-32.7996622358953],[-71.27245386255093,-32.799759141255365],[-71.27241595654016,-32.79999088888234],[-71.27241605898153,-32.80012291757132],[-71.27244179368134,-32.80027510061902],[-71.2724368092193,-32.80048027056472],[-71.2725325102392,-32.80063930755743],[-71.27271337572226,-32.80079151415199]]]]}},{"type":"Feature","properties":{"fid":87,"Bloque":"D4","HAS":1.78,"Plantas":1187,"ID_Potrero":11,"Variedad":"Hass","Potrero_Nombre":"D","Potrero_HAS":12.46,"Potrero_Plantas":13796,"Potrero_Alias:":"D","Potrero_Especie":"Paltas","Potrero_Nombre_GeoJSON":"D","Potrero_Alias_GeoJSON":"Unidad D","Bloque_GeoJSON":"4","potrero":"D","bloque":"D4","campo_id":"603e8180-98af-4ba6-824b-1fe0559e5386","especie":"PALTOS","variedad":"Hass","hectareas":1.78,"plantas_supabase":1186.666667,"precipitacion":1.86,"caudal":36.07,"normalizacion_estado":"COINCIDENCIA"},"geometry":{"type":"MultiPolygon","coordinates":[[[[-71.27331045050964,-32.80288795594881],[-71.27319627703834,-32.802843177795545],[-71.27317234575791,-32.80294774357271],[-71.27312366470451,-32.80298231718883],[-71.27307181353613,-32.803034813996305],[-71.27295809407393,-32.80317367895082],[-71.27311251091311,-32.80313769557148],[-71.27318319425751,-32.803135172845586],[-71.27333422276439,-32.8031268739645],[-71.27348622186605,-32.803130768006255],[-71.27360416641206,-32.8031618560696],[-71.27372066578506,-32.80321457189945],[-71.27385237090266,-32.803309897959224],[-71.27396009442893,-32.80336035230681],[-71.27416954951867,-32.80343366570018],[-71.27435461785265,-32.80352458129197],[-71.27439470961053,-32.803534701481695],[-71.27446143254492,-32.803535200515846],[-71.2745681106222,-32.80342761195429],[-71.27462697865991,-32.80335916985087],[-71.27466856651789,-32.803324627428225],[-71.2747356980804,-32.80329079961081],[-71.27480049554548,-32.80322955112554],[-71.27484542694857,-32.803127145774745],[-71.27474096353002,-32.803144606829676],[-71.27470976335188,-32.803153596240335],[-71.27465725309924,-32.80316833261906],[-71.2745892889753,-32.80319330353193],[-71.27448462263321,-32.8031768014409],[-71.27440661415868,-32.80313588946463],[-71.27430295176427,-32.80308403738434],[-71.27413796673524,-32.803026582007604],[-71.27404582746261,-32.80299823218756],[-71.27371132908853,-32.802885785313066],[-71.2735751786942,-32.80284511735846],[-71.27344397049859,-32.80279580505017],[-71.27341128200153,-32.80277732516963],[-71.27336305879014,-32.80286365669284],[-71.27331045050964,-32.80288795594881]]],[[[-71.27455034122742,-32.802700929416055],[-71.27447389155037,-32.80269095181286],[-71.27426530481937,-32.80272261327227],[-71.274059643215,-32.802705625190285],[-71.27377650715397,-32.80265408087464],[-71.2734608704434,-32.8025562706515],[-71.27329470981046,-32.802489710682536],[-71.27320504911629,-32.80242428383243],[-71.27311194693753,-32.80235098589469],[-71.27304852513794,-32.80227290359523],[-71.27296469480935,-32.80215883197512],[-71.27287588130858,-32.802071832201904],[-71.27283384587113,-32.80200917790693],[-71.27281713360006,-32.80192678790394],[-71.27274846739286,-32.80187375435485],[-71.27267008915913,-32.80182059286079],[-71.2726269354205,-32.80178209509494],[-71.27246216732992,-32.801688793355396],[-71.27239619978548,-32.80161913394346],[-71.2723336738574,-32.80155734553531],[-71.27223756554783,-32.801460782554905],[-71.27212590857994,-32.801356441378125],[-71.27197437827763,-32.80123428244157],[-71.27185011846568,-32.80117306879996],[-71.2717241650147,-32.801155000357326],[-71.27159392324323,-32.8011506333832],[-71.27142431623218,-32.80119800303572],[-71.27135701245483,-32.801249245329906],[-71.27131586396541,-32.80132468815132],[-71.27149419082768,-32.801363516420004],[-71.27178459578654,-32.80137870329589],[-71.2719156910201,-32.80141779212149],[-71.27203520839996,-32.801517314428274],[-71.27220966582728,-32.80179805660358],[-71.27230160663153,-32.80191393963009],[-71.27248581257979,-32.80212008681802],[-71.27261709480624,-32.802254348002684],[-71.27269316751551,-32.80232716963639],[-71.27277483637886,-32.80239640449627],[-71.27303643213004,-32.802563683940434],[-71.27323730473377,-32.80263625494966],[-71.27328952772483,-32.802665215939605],[-71.27341764518445,-32.80272811961489],[-71.27347361268501,-32.80274854678001],[-71.27369785474932,-32.802842503509375],[-71.27381142117846,-32.8028678538327],[-71.2739071943527,-32.80287744472858],[-71.27397723154476,-32.80291295087365],[-71.27407414090747,-32.80295007276096],[-71.27418982082072,-32.80298239268798],[-71.27430869120795,-32.803015953575034],[-71.27433008719167,-32.80297737327902],[-71.27435583690108,-32.80294423679353],[-71.27444601273285,-32.80283029989933],[-71.27455034122742,-32.802700929416055]]],[[[-71.27277598372353,-32.80099454490737],[-71.27273892519383,-32.80102662192022],[-71.27271411151916,-32.80111591213141],[-71.27271198452803,-32.8011744507197],[-71.27270276779531,-32.80130938593651],[-71.27273361763898,-32.801435508441905],[-71.27274671606546,-32.80152744368543],[-71.27274548388635,-32.80160227657673],[-71.272769905112,-32.80168804986735],[-71.27283141271253,-32.80178882694378],[-71.27283132189291,-32.80184205199978],[-71.27289748744585,-32.80192961309406],[-71.27299853906302,-32.80201753132414],[-71.2730531569454,-32.80204627153128],[-71.27315953618753,-32.802072285215026],[-71.27324459840825,-32.80211152382686],[-71.27333562845135,-32.80215942396819],[-71.27347310614427,-32.80220099327188],[-71.27362249157134,-32.80221280475959],[-71.27359644534687,-32.802198488939105],[-71.27338546344565,-32.80210176324441],[-71.27326189123231,-32.80197231239249],[-71.27301530633387,-32.80178282089939],[-71.2729378625979,-32.80163721857658],[-71.27290349976407,-32.80152197114468],[-71.27286267381798,-32.80136651575721],[-71.27281207162899,-32.80123063485497],[-71.2728329204238,-32.80111621453053],[-71.2728140058123,-32.80100741529103],[-71.27279442352213,-32.80095906716706],[-71.27277598372353,-32.80099454490737]]]]}},{"type":"Feature","properties":{"fid":88,"Bloque":"D7","HAS":1.59,"Plantas":1187,"ID_Potrero":11,"Variedad":"Gem","Potrero_Nombre":"D","Potrero_HAS":12.46,"Potrero_Plantas":13796,"Potrero_Alias:":"D","Potrero_Especie":"Paltas","Potrero_Nombre_GeoJSON":"D","Potrero_Alias_GeoJSON":"Unidad D","Bloque_GeoJSON":"7","potrero":"D","bloque":"D7","campo_id":"3997f8f0-c376-4b31-855c-35504156112e","especie":"PALTOS","variedad":"GEM","hectareas":1.627,"plantas_supabase":2034,"precipitacion":3.5,"caudal":58.92,"normalizacion_estado":"COINCIDENCIA"},"geometry":{"type":"MultiPolygon","coordinates":[[[[-71.2686709274224,-32.79965706835379],[-71.26891377245461,-32.79999614706469],[-71.26922573473975,-32.80038047365071],[-71.26951533400117,-32.80079692526321],[-71.26943603058004,-32.800844410923325],[-71.26937920244924,-32.80092513691684],[-71.26943298050661,-32.80108804106506],[-71.2694240786057,-32.80114106280013],[-71.26941834014845,-32.80126544136151],[-71.26942346941212,-32.80140826542949],[-71.26945083144616,-32.801544945575756],[-71.26947349163876,-32.80170150664351],[-71.26945113759315,-32.80181922865887],[-71.26940755458035,-32.801969614323774],[-71.26937450064885,-32.8019951797591],[-71.26933402017869,-32.80201017081167],[-71.26917770620116,-32.801944744847425],[-71.26903954693574,-32.801794737507755],[-71.26903928098638,-32.80173641970874],[-71.2689288120046,-32.801641242223894],[-71.26886403664082,-32.80157140719521],[-71.268738529918,-32.801416138945285],[-71.26867482997777,-32.801345245113055],[-71.26864296292204,-32.80126278046812],[-71.26852729338954,-32.801169553449384],[-71.26842907263924,-32.801009722434486],[-71.26833802310003,-32.800942885020824],[-71.26815382032608,-32.80076948552724],[-71.26805010548544,-32.80065622043125],[-71.26803360119315,-32.80060119076488],[-71.26805899379056,-32.80055151085946],[-71.26810009095406,-32.80048503001181],[-71.26812222885923,-32.8004476768195],[-71.26813590625889,-32.80040112394103],[-71.2681465836019,-32.80035114815914],[-71.26816825926085,-32.80031856057456],[-71.26819243837431,-32.800246068315346],[-71.2682794850572,-32.80010078268574],[-71.2683801305817,-32.79992773675023],[-71.26846482874558,-32.79980477943988],[-71.26855169422396,-32.79969390485179],[-71.2686709274224,-32.79965706835379]]]]}},{"type":"Feature","properties":{"fid":89,"Bloque":"D6","HAS":1.58,"Plantas":1187,"ID_Potrero":11,"Variedad":"Gem","Potrero_Nombre":"D","Potrero_HAS":12.46,"Potrero_Plantas":13796,"Potrero_Alias:":"D","Potrero_Especie":"Paltas","Potrero_Nombre_GeoJSON":"D","Potrero_Alias_GeoJSON":"Unidad D","Bloque_GeoJSON":"6","potrero":"D","bloque":"D6","campo_id":"bc10b2a2-cc40-4119-89d4-c7e284e3e3c9","especie":"PALTOS","variedad":"GEM","hectareas":1.627,"plantas_supabase":2034,"precipitacion":3.5,"caudal":58.64,"normalizacion_estado":"COINCIDENCIA"},"geometry":{"type":"MultiPolygon","coordinates":[[[[-71.26975279236655,-32.79895388131683],[-71.26975995782013,-32.798951743270166],[-71.2698134326288,-32.79890734840627],[-71.26993597030517,-32.79883829477139],[-71.27040620544823,-32.79861318358536],[-71.27047182129832,-32.798572332862605],[-71.27055366261509,-32.79856325143638],[-71.27052897020093,-32.79868630714364],[-71.2704727915673,-32.79881891906591],[-71.27037288613761,-32.79893202103044],[-71.2703072856182,-32.79902455956455],[-71.27021428849433,-32.799083288027404],[-71.2701008321294,-32.799129061287935],[-71.27008400702114,-32.79933174018647],[-71.27008836848857,-32.79940298657304],[-71.27006757157547,-32.79950930616924],[-71.26998697337632,-32.799673340461176],[-71.26992434757096,-32.799802964053775],[-71.26991410164895,-32.799920593421035],[-71.26987765917224,-32.80003244966],[-71.26985973330474,-32.80010472734117],[-71.26981700950485,-32.800228933502886],[-71.26978565035597,-32.800328550205585],[-71.26978041997513,-32.80040528690338],[-71.26973747398556,-32.80048089488652],[-71.2697055029318,-32.80055702632639],[-71.26965210717096,-32.800664304198826],[-71.2695836728038,-32.80074430913648],[-71.26951536668611,-32.80079717813727],[-71.26924692296093,-32.80040561189066],[-71.26893110244362,-32.800012167245725],[-71.26867084439913,-32.799657012035745],[-71.26896116776075,-32.79943532691021],[-71.26911210918809,-32.799318094902006],[-71.26923964875057,-32.7991937461976],[-71.2692903642086,-32.7990657328072],[-71.2693247574354,-32.79891926498283],[-71.26928932127774,-32.79882324765603],[-71.26920822120393,-32.79871148102176],[-71.26918052554245,-32.79860502632615],[-71.2692048459423,-32.79857284531583],[-71.26932623512307,-32.79857790282093],[-71.2694102835534,-32.79862926400067],[-71.26953241957587,-32.79874441201794],[-71.26957130291406,-32.79878739864664],[-71.2696200393199,-32.798826917970146],[-71.26967486317476,-32.79888071750681],[-71.26975279236655,-32.79895388131683]]]]}},{"type":"Feature","properties":{"fid":90,"Bloque":"4","HAS":1.98,"Plantas":2475,"ID_Potrero":21,"Variedad":"Lane Late","Potrero_Nombre":"20","Potrero_HAS":8.01,"Potrero_Plantas":10013,"Potrero_Alias:":"20","Potrero_Especie":"Naranjas","Potrero_Nombre_GeoJSON":"20","Potrero_Alias_GeoJSON":"P20","Bloque_GeoJSON":"4","potrero":"20","bloque":"4","campo_id":"79d29558-ab6e-4f85-8f51-8b0edc42b4c1","especie":"NARANJA","variedad":"LANE LATE","hectareas":2.03,"plantas_supabase":2537.5,"precipitacion":3.5,"caudal":48.934089,"normalizacion_estado":"COINCIDENCIA"},"geometry":{"type":"MultiPolygon","coordinates":[[[[-71.27295194459141,-32.80995213781347],[-71.27198562383747,-32.810363749156345],[-71.27112895712781,-32.81071415150683],[-71.27108355220079,-32.81073513813371],[-71.27110960298604,-32.81076120859618],[-71.27112945616,-32.81078126616759],[-71.27115069948485,-32.81080844475832],[-71.27116456279461,-32.81083065281319],[-71.27117811448772,-32.810840615805475],[-71.27119562887249,-32.81086377848906],[-71.27122653915823,-32.81089078162596],[-71.27127141669624,-32.810944074481625],[-71.27133154783165,-32.81102669637116],[-71.27138033628897,-32.81109114802422],[-71.2714389995414,-32.81116358756829],[-71.27148760634682,-32.81122089622136],[-71.27155228565275,-32.811292205617484],[-71.27161580864076,-32.81136557775167],[-71.27167681109117,-32.81143491203272],[-71.27180764330187,-32.81159673028648],[-71.27187448251502,-32.81157782178197],[-71.27198725187301,-32.811472409137096],[-71.2720240493029,-32.8113982368077],[-71.2720778677748,-32.81132783901435],[-71.272141560958,-32.81126542905574],[-71.27218837118237,-32.81122282862283],[-71.27219721008723,-32.811197448372724],[-71.27225756487846,-32.81116837981833],[-71.27231044961339,-32.81113582890025],[-71.2723341601287,-32.81109042211476],[-71.27244162821408,-32.811025471782706],[-71.27271802815196,-32.810950853428196],[-71.27280205869877,-32.81086019690754],[-71.2728657473185,-32.810762204224524],[-71.27291275645021,-32.8106851970969],[-71.27297277403412,-32.810627590377464],[-71.2730422611499,-32.81060877081467],[-71.27329519876655,-32.81049332558931],[-71.27338139034563,-32.81044750558191],[-71.27337092601653,-32.81036658652266],[-71.2733204809773,-32.81031391972852],[-71.27324181253763,-32.81026794987715],[-71.27309168899187,-32.81004433031139],[-71.27305609964267,-32.81001281157402],[-71.27302231361747,-32.809948372898816],[-71.27300066405196,-32.80993092191097],[-71.27295194459141,-32.80995213781347]]],[[[-71.27341883424188,-32.81062637904876],[-71.27328027605282,-32.81069219135583],[-71.27307004763966,-32.810791973860326],[-71.27311490019441,-32.81084424558884],[-71.27334630864485,-32.81091150461273],[-71.27362693587989,-32.81101257934775],[-71.2738123752198,-32.811078630852116],[-71.27386915601019,-32.8111245602112],[-71.27387975893107,-32.81116111967614],[-71.27402694702549,-32.81124420013731],[-71.27401826814337,-32.81128315174209],[-71.27425976135089,-32.811366560044824],[-71.27427888721654,-32.81135804533316],[-71.27428041979779,-32.811323307152406],[-71.27416449288113,-32.811233533567794],[-71.27411412999288,-32.81115481917764],[-71.27405456830691,-32.811094647976454],[-71.27396865535061,-32.810949200622325],[-71.27386328011666,-32.81089394533853],[-71.27379589663714,-32.810811456492836],[-71.27357992254916,-32.810590784053176],[-71.2734917769268,-32.810547466127915],[-71.2734033981481,-32.81058990733465],[-71.27341883424188,-32.81062637904876]]]]}},{"type":"Feature","properties":{"fid":91,"Bloque":"3","HAS":2.03,"Plantas":2538,"ID_Potrero":21,"Variedad":"Lane Late","Potrero_Nombre":"20","Potrero_HAS":8.01,"Potrero_Plantas":10013,"Potrero_Alias:":"20","Potrero_Especie":"Naranjas","Potrero_Nombre_GeoJSON":"20","Potrero_Alias_GeoJSON":"P20","Bloque_GeoJSON":"3","potrero":"20","bloque":"3","campo_id":"7e2d6809-f5e3-463a-9383-72214bff9c20","especie":"NARANJA","variedad":"LANE LATE","hectareas":1.98,"plantas_supabase":2475,"precipitacion":3.5,"caudal":47.193468,"normalizacion_estado":"COINCIDENCIA"},"geometry":{"type":"MultiPolygon","coordinates":[[[[-71.27300014085658,-32.809926875955284],[-71.27107992061983,-32.81073494881412],[-71.2710473086973,-32.8106885795494],[-71.27099237503751,-32.810620155693464],[-71.2709548258976,-32.8105697924229],[-71.27089757952538,-32.81050549406018],[-71.27084773917927,-32.81044718664226],[-71.27078298317755,-32.81037281555518],[-71.27054185194112,-32.81006581817137],[-71.27031494873385,-32.80979531432012],[-71.27019826057082,-32.809722905881685],[-71.2701196024368,-32.80967226715012],[-71.27005058522694,-32.80962043259835],[-71.27003096909799,-32.80951461548406],[-71.27003746945927,-32.80938994856512],[-71.27038293250718,-32.80931456131317],[-71.2703735284415,-32.80935432322167],[-71.27037972749689,-32.809496025068874],[-71.27042034750725,-32.80953833974933],[-71.2704653663437,-32.80957717820849],[-71.27060054809178,-32.80963841027308],[-71.27070931066332,-32.809673418646625],[-71.27090165600433,-32.80969867343755],[-71.27100649547512,-32.80970333677937],[-71.27111358933293,-32.809711374597235],[-71.27119169583491,-32.80971082601077],[-71.27161982416206,-32.809675444574886],[-71.27171150882262,-32.80967210833434],[-71.27176303376544,-32.809658145378165],[-71.27182475337905,-32.809666784020976],[-71.27188026397192,-32.80965552415504],[-71.27216072190546,-32.80949046022093],[-71.2723667933076,-32.809387526772014],[-71.27254817239648,-32.809318600024774],[-71.27263632216989,-32.80943790336751],[-71.27272562872467,-32.80957552389874],[-71.27290652080238,-32.80978402383696],[-71.27300014085658,-32.809926875955284]]]]}},{"type":"Feature","properties":{"fid":92,"Bloque":"6","HAS":2,"Plantas":2500,"ID_Potrero":21,"Variedad":"Lane Late","Potrero_Nombre":"20","Potrero_HAS":8.01,"Potrero_Plantas":10013,"Potrero_Alias:":"20","Potrero_Especie":"Naranjas","Potrero_Nombre_GeoJSON":"20","Potrero_Alias_GeoJSON":"P20","Bloque_GeoJSON":"6","potrero":"20","bloque":"6","campo_id":"d884f06a-5e5c-4ad6-a645-26779612e770","especie":"NARANJA","variedad":"LANE LATE","hectareas":2,"plantas_supabase":2500,"precipitacion":3.5,"caudal":50.543783,"normalizacion_estado":"COINCIDENCIA"},"geometry":{"type":"MultiPolygon","coordinates":[[[[-71.27089503444583,-32.810509935342644],[-71.27014932869956,-32.810840906085815],[-71.26959473371456,-32.81105561328782],[-71.26916481414926,-32.80936135510573],[-71.26917433148684,-32.809295600431966],[-71.2694380620663,-32.80930306899183],[-71.26947950906464,-32.80931660990444],[-71.26959069819262,-32.80931799911319],[-71.26966600940504,-32.80932956203716],[-71.2697743971527,-32.80931330379665],[-71.26989711330494,-32.8093255743401],[-71.27003495138138,-32.80938860918682],[-71.27002788541475,-32.809512086545126],[-71.27004773534006,-32.80961875272447],[-71.27013607287115,-32.80968328048855],[-71.27026110756158,-32.809759778116245],[-71.27031500713876,-32.80979761027078],[-71.27087434216457,-32.81048113669026],[-71.27089503444583,-32.810509935342644]]]]}},{"type":"Feature","properties":{"fid":93,"Bloque":"5","HAS":2,"Plantas":2500,"ID_Potrero":21,"Variedad":"Lane Late","Potrero_Nombre":"20","Potrero_HAS":8.01,"Potrero_Plantas":10013,"Potrero_Alias:":"20","Potrero_Especie":"Naranjas","Potrero_Nombre_GeoJSON":"20","Potrero_Alias_GeoJSON":"P20","Bloque_GeoJSON":"5","potrero":"20","bloque":"5","campo_id":"575b06f8-f4e6-45e4-b70e-32771b2a05a3","especie":"NARANJA","variedad":"LANE LATE","hectareas":2,"plantas_supabase":2500,"precipitacion":3.5,"caudal":47.479701,"normalizacion_estado":"COINCIDENCIA"},"geometry":{"type":"MultiPolygon","coordinates":[[[[-71.27100145631682,-32.81063932590631],[-71.27180676789087,-32.811601000245766],[-71.27171147465724,-32.81165683742352],[-71.27154526964046,-32.81170485388393],[-71.27133363053737,-32.81173665051921],[-71.27102189220123,-32.81182759169633],[-71.27087259862418,-32.81185173962164],[-71.2707134940861,-32.81191792200141],[-71.27060511531407,-32.81198216293688],[-71.27045370196457,-32.81206556062889],[-71.27021657101854,-32.81215357584352],[-71.27002949111426,-32.812149624777476],[-71.26986854517926,-32.81212352074651],[-71.26967704167188,-32.81137351388104],[-71.26960496989089,-32.81105978736157],[-71.27090326737051,-32.81051736465969],[-71.27100145631682,-32.81063932590631]]]]}},{"type":"Feature","properties":{"fid":94,"Bloque":"8","HAS":1.53,"Plantas":1700,"ID_Potrero":22,"Variedad":"Lane Late","Potrero_Nombre":"20A","Potrero_HAS":2.93,"Potrero_Plantas":3256,"Potrero_Alias:":"20A","Potrero_Especie":"Naranjas","Potrero_Nombre_GeoJSON":"20","Potrero_Alias_GeoJSON":"P20A","Bloque_GeoJSON":"8","potrero":"20A","bloque":"8","campo_id":"e2213472-1553-4b1f-b367-0853fe4721af","especie":"NARANJA","variedad":"LANE LATE","hectareas":1.53,"plantas_supabase":1700,"precipitacion":3.1,"caudal":41.556369,"normalizacion_estado":"COINCIDENCIA"},"geometry":{"type":"MultiPolygon","coordinates":[[[[-71.27116089537543,-32.807025823530196],[-71.27044391982106,-32.80788313383292],[-71.27018295434719,-32.808195853627026],[-71.26988129568429,-32.80855630001336],[-71.2695940360951,-32.80890315400495],[-71.26941138366261,-32.80912163191984],[-71.26929531962034,-32.80925515760202],[-71.26923000714729,-32.809246848947154],[-71.26917283856184,-32.809226530458155],[-71.26912324407323,-32.80915228917227],[-71.26910566016797,-32.80904439045355],[-71.26905471156122,-32.80892216718462],[-71.26921005646147,-32.80871746627837],[-71.26917621073775,-32.80868066803348],[-71.26937541201029,-32.808440193832844],[-71.2693807001549,-32.80839671726216],[-71.26973243398386,-32.807957941545446],[-71.26969682570288,-32.80793563562769],[-71.26996034672244,-32.80761144075945],[-71.26992739554693,-32.807590937039],[-71.27010085408634,-32.807376376413195],[-71.27006537672094,-32.80735508208629],[-71.27021671031757,-32.80715689077396],[-71.2703336703494,-32.80709595342872],[-71.27106655040583,-32.806971062431494],[-71.27116089537543,-32.807025823530196]]]]}},{"type":"Feature","properties":{"fid":96,"Bloque":"10","HAS":1.83,"Plantas":1830,"ID_Potrero":23,"Variedad":"Lane Late","Potrero_Nombre":"20B","Potrero_HAS":3.82,"Potrero_Plantas":3820,"Potrero_Alias:":"20B","Potrero_Especie":"Naranjas","Potrero_Nombre_GeoJSON":"20","Potrero_Alias_GeoJSON":"20B","Bloque_GeoJSON":"10","potrero":"20B","bloque":"10","campo_id":"a3433a2c-2fa1-4295-81fb-4bbddc554553","especie":"NARANJA","variedad":"LANE LATE","hectareas":1.83,"plantas_supabase":1830,"precipitacion":1.4,"caudal":46.208305,"normalizacion_estado":"COINCIDENCIA"},"geometry":{"type":"MultiPolygon","coordinates":[[[[-71.27066971193167,-32.80689563710689],[-71.27116059533755,-32.806304083807646],[-71.2716232666051,-32.80576890590768],[-71.2718801177809,-32.805458996556546],[-71.2722173376385,-32.80508557083217],[-71.27211703670221,-32.805017541877845],[-71.27186841689685,-32.804875676057115],[-71.27171758953281,-32.804763687259054],[-71.27147844269678,-32.80461071170835],[-71.27122882344877,-32.8044704721911],[-71.27093806413868,-32.80481355879192],[-71.2709577875931,-32.80485831174309],[-71.27094461568291,-32.80488767387846],[-71.27097466087929,-32.80492789269511],[-71.2708752074205,-32.80504453545688],[-71.2708359861064,-32.805031774987505],[-71.27067698961059,-32.805208155761655],[-71.27070591289787,-32.80524438388326],[-71.27066959478286,-32.805300957079666],[-71.2706954688514,-32.80533234859733],[-71.27071291722149,-32.80538294087705],[-71.27068417765838,-32.8054418859676],[-71.27070806947702,-32.805467318950996],[-71.27072244778216,-32.80552228849606],[-71.27069455531442,-32.80555966093239],[-71.27071908014163,-32.80559936525099],[-71.2706807379026,-32.80566840767023],[-71.2707135577379,-32.80568789972819],[-71.27066842141639,-32.805760639216864],[-71.27069790964397,-32.80578248555896],[-71.27066945233582,-32.80583423976325],[-71.2706934750264,-32.805860684236926],[-71.27065608971549,-32.80591837936091],[-71.2706872987762,-32.80594416124472],[-71.27064325012984,-32.806006564930776],[-71.27066646742865,-32.80603615431895],[-71.27063772765027,-32.806095099403734],[-71.27066493044721,-32.80612739197626],[-71.2706330106012,-32.806180488964095],[-71.27065542251009,-32.80621322326334],[-71.27060499278005,-32.80627314461909],[-71.27063992591087,-32.80629960670789],[-71.27059080376435,-32.80636964299322],[-71.27062425681945,-32.806403406400676],[-71.27058780746036,-32.80645896809327],[-71.2706230230427,-32.80647823929829],[-71.27058855597394,-32.80653975952017],[-71.27061963447984,-32.80656452991648],[-71.27057225383086,-32.80662928786894],[-71.27059932601503,-32.80666056895373],[-71.27055390676911,-32.806740499301156],[-71.27057553421508,-32.80676716464696],[-71.27054509423174,-32.80681296030361],[-71.27057362573323,-32.80684615394673],[-71.27057940024154,-32.80688144578137],[-71.27066971193167,-32.80689563710689]]]]}},{"type":"Feature","properties":{"fid":97,"Bloque":"9","HAS":1.99,"Plantas":1990,"ID_Potrero":23,"Variedad":"Lane Late","Potrero_Nombre":"20B","Potrero_HAS":3.82,"Potrero_Plantas":3820,"Potrero_Alias:":"20B","Potrero_Especie":"Naranjas","Potrero_Nombre_GeoJSON":"20","Potrero_Alias_GeoJSON":"20B","Bloque_GeoJSON":"9","potrero":"20B","bloque":"9","campo_id":"2e2d6dcf-e8da-403f-88c6-d764f591484b","especie":"NARANJA","variedad":"LANE LATE","hectareas":1.99,"plantas_supabase":1990,"precipitacion":1.4,"caudal":46.208305,"normalizacion_estado":"COINCIDENCIA"},"geometry":{"type":"MultiPolygon","coordinates":[[[[-71.27221853534917,-32.80508546038615],[-71.27195696420796,-32.80537775099124],[-71.27170429851402,-32.80567331398939],[-71.2712221737107,-32.80623773320112],[-71.27105167619597,-32.806441839145066],[-71.27092039600731,-32.80660348068905],[-71.27066984269769,-32.80689664860006],[-71.27133823596331,-32.80675108931014],[-71.27155126359237,-32.80650219343521],[-71.27167031447823,-32.806477572957455],[-71.27176869426003,-32.80644822311702],[-71.27181954693226,-32.806451383620384],[-71.27196048756413,-32.80647364887986],[-71.27204593285408,-32.80640333322757],[-71.27216174514122,-32.806312455416844],[-71.27224918450085,-32.80632822313233],[-71.27240335150483,-32.806327385231974],[-71.2724848863933,-32.80633931392724],[-71.27258383651944,-32.80629845904885],[-71.27266731932644,-32.80621297064442],[-71.27273965073381,-32.806116227921564],[-71.27279700365405,-32.80605362007819],[-71.27287839850702,-32.806019717972745],[-71.2729611214414,-32.805992693334616],[-71.27313977868991,-32.805920677849926],[-71.27328757293841,-32.805873270793185],[-71.27339522947862,-32.805806023510016],[-71.27340517565217,-32.80576109352534],[-71.27336767459683,-32.80575226937996],[-71.27333128896308,-32.805780190208814],[-71.27315425320461,-32.80569518524368],[-71.273178682289,-32.805659155158956],[-71.27300724312029,-32.805570563221046],[-71.27266945949644,-32.80537653204285],[-71.27260052902204,-32.80532147557118],[-71.27244544600205,-32.80523751590134],[-71.27221853534917,-32.80508546038615]]]]}},{"type":"Feature","properties":{"fid":98,"Bloque":"11","HAS":2.59,"Plantas":2590,"ID_Potrero":24,"Variedad":"Fukumoto","Potrero_Nombre":"24","Potrero_HAS":5.18,"Potrero_Plantas":5180,"Potrero_Alias:":"24","Potrero_Especie":"Naranjas","Potrero_Nombre_GeoJSON":"24","Potrero_Alias_GeoJSON":"P24","Bloque_GeoJSON":"11","potrero":"24","bloque":"11","campo_id":"a36af9c3-1b79-4cae-aaf8-695e2ac3d5de","especie":"NARANJA","variedad":"FUKUMOTO","hectareas":2.59,"plantas_supabase":2590,"precipitacion":2.8,"caudal":42.903715,"normalizacion_estado":"COINCIDENCIA"},"geometry":{"type":"MultiPolygon","coordinates":[[[[-71.27348533877289,-32.80412215929962],[-71.2728021622118,-32.80482971997831],[-71.27247771545144,-32.805205880708264],[-71.27259102993655,-32.80528550371088],[-71.27265647737352,-32.80535111689517],[-71.27272634404666,-32.805404039901624],[-71.27282153485542,-32.80543722713993],[-71.27288543374048,-32.80548148844631],[-71.27310894594463,-32.80560724391736],[-71.2733191663292,-32.805667693980666],[-71.27343508898699,-32.80553315347342],[-71.27345823053435,-32.80547779458778],[-71.27345047254182,-32.80543654444753],[-71.27343844688318,-32.80539978209435],[-71.27335367676231,-32.8052878443745],[-71.27330464561905,-32.80519922299449],[-71.27325694307784,-32.805111502623504],[-71.27319574862898,-32.80492881265572],[-71.27316621172332,-32.80486909997408],[-71.27318100334455,-32.804739791927204],[-71.27335179167436,-32.804523425219216],[-71.27343956036167,-32.804424234736366],[-71.27346366418482,-32.80423572536939],[-71.27346032531634,-32.80418178505758],[-71.27348533877289,-32.80412215929962]]],[[[-71.2734310956643,-32.80463996122903],[-71.27326981994545,-32.80482679132006],[-71.27330670909821,-32.804990228187435],[-71.27336192851354,-32.80510796185318],[-71.27338410743793,-32.805185753453536],[-71.27343738575146,-32.805279100872546],[-71.27352639562937,-32.805339469949836],[-71.27353820829292,-32.80541207624574],[-71.27357059511625,-32.80544696078459],[-71.27355058569317,-32.80550012514857],[-71.27357784383545,-32.80552617320313],[-71.2735596792974,-32.80556874658535],[-71.27358688294078,-32.80560103848559],[-71.27344626245566,-32.805713291634476],[-71.27342377482171,-32.80577370796478],[-71.27348329631114,-32.80581223137879],[-71.27361708941399,-32.80577839777457],[-71.2737084596669,-32.80573517034458],[-71.27378527775768,-32.80565438997499],[-71.27385448364727,-32.80564596022658],[-71.27393905204032,-32.80555013523669],[-71.27400367205423,-32.80545000867922],[-71.27408525998099,-32.80537800014969],[-71.27417754520309,-32.8053418528197],[-71.27427388524659,-32.805337061550986],[-71.27435247231985,-32.80529808326717],[-71.27438732871505,-32.80523959659509],[-71.2743445956503,-32.80519031322412],[-71.27416318228839,-32.80509957214151],[-71.274104225223,-32.80504666727552],[-71.2740477534274,-32.805012980657054],[-71.27398772958094,-32.8049611976817],[-71.27391028393973,-32.804905903700494],[-71.27388488340343,-32.80484069191798],[-71.27381858912462,-32.80479665204177],[-71.27376575177757,-32.80474420617954],[-71.27367023067332,-32.80468034359045],[-71.2736313399066,-32.80469826005702],[-71.27359127943947,-32.804763367764785],[-71.27352395957028,-32.80470202194851],[-71.2734310956643,-32.80463996122903]]],[[[-71.2749642800211,-32.805180176741516],[-71.27480496660566,-32.80519964942173],[-71.27465805157249,-32.8053166595899],[-71.27450133830428,-32.805333800166586],[-71.27444721312759,-32.80539195377888],[-71.27411671412074,-32.80542041906984],[-71.2739659607315,-32.805614120397344],[-71.27449521124072,-32.8056626389861],[-71.27497413735145,-32.805715608993374],[-71.2752082725926,-32.80579227406422],[-71.27526501875116,-32.805762474634875],[-71.27529194426916,-32.805680153962555],[-71.27527701095171,-32.805574058374965],[-71.2749642800211,-32.805180176741516]]],[[[-71.27398595854434,-32.80387434886278],[-71.27413166503906,-32.80371710131307],[-71.27428727558967,-32.80353335129241],[-71.27406252851578,-32.803426135917384],[-71.27393568676963,-32.80338716865367],[-71.27383175246668,-32.80333790013862],[-71.27375432893437,-32.80327339211937],[-71.27362836479594,-32.80319903108041],[-71.27352844054298,-32.803171398859654],[-71.27342309590274,-32.80315808440569],[-71.2733246794266,-32.8031702314871],[-71.27308166661814,-32.803170124789546],[-71.27301827892235,-32.80319541801066],[-71.27295846361271,-32.80322959371096],[-71.27289363038678,-32.80327651475334],[-71.27285270606093,-32.80331150713503],[-71.27280019031912,-32.80338339275962],[-71.27279086697294,-32.80344720096607],[-71.2728584124949,-32.80349624368892],[-71.27295536685804,-32.80354308604296],[-71.27306246044463,-32.80360741719497],[-71.27316448796905,-32.80364662667917],[-71.27323781581202,-32.803698206605894],[-71.27332223296877,-32.803788682307136],[-71.27337794684473,-32.80386338117242],[-71.27344220632227,-32.80392449750475],[-71.27349276886815,-32.80407183180148],[-71.27354132404098,-32.80410522519863],[-71.27358878434994,-32.80409265972477],[-71.27374869884075,-32.80391874905269],[-71.27391662323959,-32.803881767136495],[-71.27398595854434,-32.80387434886278]]]]}},{"type":"Feature","properties":{"fid":99,"Bloque":"12","HAS":2.59,"Plantas":2590,"ID_Potrero":24,"Variedad":"Fukumoto","Potrero_Nombre":"24","Potrero_HAS":5.18,"Potrero_Plantas":5180,"Potrero_Alias:":"24","Potrero_Especie":"Naranjas","Potrero_Nombre_GeoJSON":"24","Potrero_Alias_GeoJSON":"P24","Bloque_GeoJSON":"12","potrero":"24","bloque":"12","campo_id":"bfd12d4c-b1fe-46f1-aab2-7fa466f20b43","especie":"NARANJA","variedad":"FUKUMOTO","hectareas":2.59,"plantas_supabase":2590,"precipitacion":2.8,"caudal":48.580625,"normalizacion_estado":"COINCIDENCIA"},"geometry":{"type":"MultiPolygon","coordinates":[[[[-71.27348520798114,-32.804121147810214],[-71.27292936814926,-32.80469646719367],[-71.27247625617419,-32.805203968175356],[-71.27235423431297,-32.80515073680578],[-71.27217359062415,-32.80501437393287],[-71.27208222084656,-32.80496855127149],[-71.27194856688575,-32.80488159143685],[-71.2718794442641,-32.80485316464071],[-71.27178750705218,-32.80479357616729],[-71.27172258375337,-32.80473200844501],[-71.27151096651973,-32.80461385403333],[-71.27143329531125,-32.80457086200244],[-71.27130496684549,-32.804482898702936],[-71.27126716778778,-32.80442957699372],[-71.2720162445304,-32.80355951210751],[-71.2722595039749,-32.80328381515443],[-71.27233911266887,-32.803282039525214],[-71.2726604226615,-32.8034612135739],[-71.27277707636675,-32.80348583235636],[-71.27290227619777,-32.803544911454665],[-71.27296723029859,-32.803592657779824],[-71.2732030518895,-32.80371523058964],[-71.27326579677447,-32.803769321821946],[-71.27332335193628,-32.80385357463961],[-71.27334198519638,-32.80388051565236],[-71.27340073454323,-32.803936510637406],[-71.27344871867956,-32.80401704010657],[-71.27347148222944,-32.804071236083345],[-71.27348520798114,-32.804121147810214]]]]}},{"type":"Feature","properties":{"fid":100,"Bloque":"1","HAS":4.49,"Plantas":2993,"ID_Potrero":25,"Variedad":"Hass","Potrero_Nombre":"Mirador 2","Potrero_HAS":26.7,"Potrero_Plantas":17799,"Potrero_Alias:":"Mirador 2","Potrero_Especie":"Paltas","Potrero_Nombre_GeoJSON":"4","Potrero_Alias_GeoJSON":"Mirador 2","Bloque_GeoJSON":"1","potrero":"Mirador 2","bloque":"1","campo_id":"832f91cb-c27d-4b91-81af-3960d0e70695","especie":"PALTOS","variedad":"Hass","hectareas":4.49,"plantas_supabase":2993.333333,"precipitacion":2.84,"caudal":65.29,"normalizacion_estado":"COINCIDENCIA"},"geometry":{"type":"MultiPolygon","coordinates":[[[[-71.26547399623634,-32.80258367160664],[-71.26558915257417,-32.80266824853183],[-71.26576195161438,-32.80276747200797],[-71.26597917500408,-32.80287283637563],[-71.26612379788979,-32.80292025615885],[-71.26630035947848,-32.80292318467219],[-71.26645743344248,-32.802920340449504],[-71.26665865948222,-32.802847275564105],[-71.26679112568432,-32.802755139179936],[-71.26692075563702,-32.80267973092072],[-71.2669321852236,-32.80262750001536],[-71.26691674283059,-32.80257365178254],[-71.26686553685015,-32.80239310935259],[-71.26680137239352,-32.802177937133514],[-71.26676020736892,-32.80202819917192],[-71.26669602219431,-32.80182224075954],[-71.26657654678814,-32.80159169557299],[-71.26644593066119,-32.80151877997871],[-71.26630571203228,-32.801455961236435],[-71.26611006476607,-32.80119865921445],[-71.26596956410204,-32.801143030956084],[-71.26589574343117,-32.80113448146486],[-71.26582722094525,-32.8011416100867],[-71.26574419812403,-32.80120436674559],[-71.26550301248598,-32.80106832224525],[-71.2652754275962,-32.80092962335229],[-71.26513766573171,-32.80086235482592],[-71.26508138415342,-32.800806640619555],[-71.26501672183514,-32.800836141396346],[-71.26500943040749,-32.8009391680877],[-71.26505998603395,-32.80102560466832],[-71.26510358493931,-32.80112854733938],[-71.2651536501792,-32.8011971170057],[-71.26500625163887,-32.80127569630452],[-71.26484393469552,-32.80130447289026],[-71.26459543635458,-32.80123371887174],[-71.26446305881554,-32.80117529327644],[-71.26440202055785,-32.801162494316785],[-71.26450605909054,-32.80130643883269],[-71.26459777298872,-32.80145817210398],[-71.26466890659022,-32.80153503587613],[-71.26475547046641,-32.801670355127214],[-71.2648593776645,-32.801756992863616],[-71.26509382449508,-32.80192064887433],[-71.2650985663347,-32.80196130641601],[-71.26519918272557,-32.80207010078707],[-71.26532672955273,-32.8021755422847],[-71.26539507800457,-32.802277739284754],[-71.26546501752019,-32.80241100781488],[-71.26547399623634,-32.80258367160664]]],[[[-71.26797031107198,-32.80061429777716],[-71.2679821953904,-32.800579701047184],[-71.2677408592442,-32.80028972681015],[-71.2676892585097,-32.800256972134065],[-71.26751877452794,-32.80004155556504],[-71.26745331191768,-32.799957005767375],[-71.26738276556807,-32.79988469535937],[-71.26693165853528,-32.79990836457866],[-71.26677130097164,-32.79986787371715],[-71.26630309964604,-32.79979306870562],[-71.26601682940138,-32.79980131428685],[-71.26575450000242,-32.7998443949526],[-71.26559658335213,-32.79984154890541],[-71.26541961509332,-32.79984581425703],[-71.2651556176901,-32.799866324101465],[-71.26498062857264,-32.799853279874306],[-71.26488268052002,-32.79980805858373],[-71.26482874050814,-32.79974701076803],[-71.26479090266987,-32.799834044842214],[-71.26479878845893,-32.79993260219178],[-71.2648383593351,-32.80007941689331],[-71.26487342436319,-32.80027577710194],[-71.26493455529427,-32.800476899960195],[-71.26504054065717,-32.80072033254244],[-71.26523584227019,-32.800867124795126],[-71.265327514379,-32.80090128141264],[-71.26548856959081,-32.800928403775664],[-71.26553843895229,-32.800995456028396],[-71.26561935989103,-32.801040199054945],[-71.26571075340475,-32.80104405848295],[-71.26576166620102,-32.80106290774991],[-71.2658289970443,-32.80105874933089],[-71.26594018540463,-32.80107511387085],[-71.26616073502794,-32.80114997652029],[-71.26635617934515,-32.80126502400369],[-71.26640363008475,-32.80128521566226],[-71.26660164656987,-32.801438920541],[-71.266752884554,-32.801511982312775],[-71.26684928812237,-32.80153585010744],[-71.26686657529618,-32.801482055739385],[-71.26687342371986,-32.80128183259094],[-71.26665239299604,-32.80118449744575],[-71.26644495051634,-32.80107976821776],[-71.26634166559347,-32.80104015761748],[-71.26611839793246,-32.801047429636895],[-71.26600176540877,-32.801026449285274],[-71.26598403790892,-32.80098304705761],[-71.26601850631893,-32.80092152800914],[-71.26616030579764,-32.80081838656545],[-71.26631904016226,-32.8005836934773],[-71.26638103581499,-32.80058514421992],[-71.26660504680308,-32.800658663463494],[-71.26688820569926,-32.80081475561817],[-71.2669323703766,-32.8008751683426],[-71.26721636056716,-32.8010751957691],[-71.26724578268256,-32.80112468472523],[-71.26810602189137,-32.80119789691727],[-71.26814908225084,-32.801334153679825],[-71.26827564286157,-32.80131941617977],[-71.26839839118949,-32.80128455900382],[-71.26848168384439,-32.801281998350724],[-71.26854032731438,-32.80129501610798],[-71.26858254929796,-32.80127474701272],[-71.26847133104819,-32.801155009090415],[-71.26847792670972,-32.80112164748866],[-71.26843519889738,-32.8010723618396],[-71.26838687499851,-32.80102666270348],[-71.26829980864964,-32.8009343811176],[-71.26818264744142,-32.80083606800202],[-71.26797031107198,-32.80061429777716]]]]}},{"type":"Feature","properties":{"fid":101,"Bloque":"2","HAS":4.47,"Plantas":2980,"ID_Potrero":25,"Variedad":"Hass","Potrero_Nombre":"Mirador 2","Potrero_HAS":26.7,"Potrero_Plantas":17799,"Potrero_Alias:":"Mirador 2","Potrero_Especie":"Paltas","Potrero_Nombre_GeoJSON":"4","Potrero_Alias_GeoJSON":"Mirador 2","Bloque_GeoJSON":"2","potrero":"Mirador 2","bloque":"2","campo_id":"c41b664e-78cb-4c63-9213-725333548e42","especie":"PALTOS","variedad":"Hass","hectareas":4.47,"plantas_supabase":2980,"precipitacion":2.84,"caudal":65.525,"normalizacion_estado":"COINCIDENCIA"},"geometry":{"type":"MultiPolygon","coordinates":[[[[-71.26691604896024,-32.802723025827234],[-71.26691001958682,-32.80277015301148],[-71.26684787354391,-32.80287243387153],[-71.26671679760287,-32.80304223460113],[-71.26658000722469,-32.803177428242385],[-71.26654245880705,-32.80320833292138],[-71.2663974978188,-32.80329641279061],[-71.26624175447664,-32.803329191127254],[-71.266125761783,-32.803317875481746],[-71.26588874180366,-32.80320000618362],[-71.2657654657103,-32.80320266759721],[-71.26566313981894,-32.80323615158945],[-71.26555399719447,-32.80325439874916],[-71.26546756343227,-32.80317638659704],[-71.2654314770188,-32.803103458067035],[-71.26546702084295,-32.80295176796477],[-71.26547370385977,-32.80262361689973],[-71.26565378745835,-32.80273701060178],[-71.26590305616885,-32.80287934007087],[-71.26611929835367,-32.80294897047683],[-71.266286846064,-32.80296065216101],[-71.26647316330988,-32.80293938544407],[-71.26660507061642,-32.802886285694974],[-71.26675501757349,-32.80279928129745],[-71.26691604896024,-32.802723025827234]]],[[[-71.26528186996066,-32.80330097255291],[-71.26519231019586,-32.80340483551233],[-71.26512403561065,-32.803475133028186],[-71.26495900292454,-32.803671245961766],[-71.2648802469472,-32.80379330516195],[-71.26482404674194,-32.80386359513524],[-71.26475169382701,-32.80391395087247],[-71.26461746893726,-32.80396290045006],[-71.26458683651153,-32.804004702484626],[-71.2645907730857,-32.804047070006035],[-71.26463607790645,-32.80410601730388],[-71.26471405805025,-32.804200094944925],[-71.26472806141793,-32.804268176061115],[-71.26470210548221,-32.80434286948297],[-71.2646092294961,-32.80457359188184],[-71.26456234671222,-32.804668873869836],[-71.2644554847486,-32.80479004755593],[-71.26437732720137,-32.80478947741992],[-71.26399830956795,-32.80433488907386],[-71.26332081245347,-32.80412254524784],[-71.26302093723741,-32.80406466862991],[-71.26283618924562,-32.80388442460762],[-71.26285680920661,-32.80381623231906],[-71.263000691575,-32.80362302242774],[-71.26310764136986,-32.803541963722836],[-71.263165341497,-32.803411254642626],[-71.26325891168923,-32.80336752007728],[-71.263345480028,-32.80332067620077],[-71.26345246572801,-32.80302168004616],[-71.26354315542937,-32.80297512052785],[-71.26377383681755,-32.80253808844373],[-71.26394030168305,-32.802428904337475],[-71.26402602186043,-32.802186422288514],[-71.26410014105521,-32.802058490421544],[-71.26412336761311,-32.80189934738159],[-71.26409530992868,-32.80176386175853],[-71.26405022967863,-32.80152681585861],[-71.26406288854461,-32.80133377449269],[-71.26410902268061,-32.80117590835524],[-71.26434600176351,-32.801398488942674],[-71.26445813300217,-32.80150874509781],[-71.26462226072496,-32.80175717938271],[-71.2648318080534,-32.80201154179967],[-71.26503579975063,-32.80214118891817],[-71.26510756024145,-32.80233553216167],[-71.26522705042343,-32.80250151655838],[-71.26529706483495,-32.8028878941807],[-71.26519352215922,-32.80298772076744],[-71.26528186996066,-32.80330097255291]]]]}},{"type":"Feature","properties":{"fid":102,"Bloque":"3","HAS":2.64,"Plantas":1760,"ID_Potrero":25,"Variedad":"Hass","Potrero_Nombre":"Mirador 2","Potrero_HAS":26.7,"Potrero_Plantas":17799,"Potrero_Alias:":"Mirador 2","Potrero_Especie":"Paltas","Potrero_Nombre_GeoJSON":"4","Potrero_Alias_GeoJSON":"Mirador 2","Bloque_GeoJSON":"3","potrero":"Mirador 2","bloque":"3","campo_id":"5a6e0300-4bc7-4327-8f2c-efeb7a915504","especie":"PALTOS","variedad":"Hass","hectareas":4.46,"plantas_supabase":2973.333333,"precipitacion":2.84,"caudal":68.175,"normalizacion_estado":"COINCIDENCIA"},"geometry":{"type":"MultiPolygon","coordinates":[[[[-71.26533374721582,-32.803449211889436],[-71.2652702937057,-32.803530290432064],[-71.26524341015161,-32.803616382914946],[-71.26514998528977,-32.804001462280766],[-71.26510931021856,-32.80409937712165],[-71.26510443467765,-32.80416482167465],[-71.26536164620421,-32.804354527091306],[-71.26530237050552,-32.804641465332416],[-71.26528176305307,-32.80474930160654],[-71.26523229686893,-32.805023053188016],[-71.26517759387252,-32.805317246504714],[-71.26518787968243,-32.805500025273766],[-71.26535240193064,-32.80569929636701],[-71.26557043082484,-32.80589056547096],[-71.26555259643217,-32.80603979178881],[-71.26547784257373,-32.8062022602214],[-71.26523505549994,-32.80635871966892],[-71.26478500551873,-32.80689968488714],[-71.26406768114302,-32.80685421993672],[-71.2635432153096,-32.806725473504976],[-71.26361875974503,-32.80668166492237],[-71.26375748019531,-32.80664841169218],[-71.2639578083486,-32.80661357556253],[-71.26369841621823,-32.80647268647611],[-71.26345903765785,-32.806308458319364],[-71.26320858312178,-32.80622808574441],[-71.26301369254459,-32.80620107869889],[-71.26284088404569,-32.806174294458955],[-71.26258243367332,-32.80616465704655],[-71.26308665921954,-32.80585147701915],[-71.26311513138232,-32.80558997558083],[-71.26319105026535,-32.8054888090216],[-71.2632053320954,-32.80547603251895],[-71.26319605968423,-32.80530495713976],[-71.26304134976114,-32.80489585653841],[-71.26312036581801,-32.80460803288346],[-71.2629881847786,-32.804319133557065],[-71.262810044196,-32.804054281020086],[-71.26281290052509,-32.80395586729942],[-71.26283618924562,-32.80388442460761],[-71.26301968443912,-32.804069799219135],[-71.26332279304299,-32.80412914525751],[-71.2636390198509,-32.80422908914011],[-71.26399304051785,-32.80434162020911],[-71.26420311968062,-32.80459355437108],[-71.2643732664444,-32.80479618671022],[-71.26446811445577,-32.804813864475356],[-71.26454040666205,-32.804753988084016],[-71.26459116454888,-32.80469155283273],[-71.26464076884092,-32.80459234352443],[-71.26466184569847,-32.80449766387839],[-71.26471329914119,-32.80443662695394],[-71.26474030331366,-32.80433819851435],[-71.26475517961836,-32.80424045432692],[-71.26472829106024,-32.80416213831384],[-71.2646751124882,-32.80408031881536],[-71.26464185594604,-32.80405263398853],[-71.26462857465707,-32.80401654418939],[-71.26464330078988,-32.803992891062876],[-71.26469933352134,-32.8039762969069],[-71.26472311169337,-32.803957826740564],[-71.2648412738361,-32.80389038728433],[-71.26500465138068,-32.80369486209035],[-71.26518502646874,-32.80344657819383],[-71.26529389197036,-32.803337735861064],[-71.26533374721582,-32.803449211889436]]]]}},{"type":"Feature","properties":{"fid":103,"Bloque":"4","HAS":2.66,"Plantas":1760,"ID_Potrero":25,"Variedad":"Hass","Potrero_Nombre":"Mirador 2","Potrero_HAS":26.7,"Potrero_Plantas":17799,"Potrero_Alias:":"Mirador 2","Potrero_Especie":"Paltas","Potrero_Nombre_GeoJSON":"4","Potrero_Alias_GeoJSON":"Mirador 2","Bloque_GeoJSON":"4","potrero":"Mirador 2","bloque":"4","campo_id":"696460ea-904a-4242-ba37-2617734cf44f","especie":"PALTOS","variedad":"Hass","hectareas":3.84,"plantas_supabase":2560,"precipitacion":2.84,"caudal":54.945,"normalizacion_estado":"COINCIDENCIA"},"geometry":{"type":"MultiPolygon","coordinates":[[[[-71.26399693439684,-32.80835044644076],[-71.264028415463,-32.808401793525604],[-71.26400078066115,-32.808441187621476],[-71.26389913464234,-32.808494054550685],[-71.2638288283807,-32.80854353480527],[-71.26371718585892,-32.808658274678834],[-71.26363076353773,-32.80877268666975],[-71.26354124767765,-32.80888256928867],[-71.26344631398142,-32.808952686275504],[-71.26323347732519,-32.80918827871164],[-71.26307479028577,-32.809461685664765],[-71.26274180370828,-32.809821957396636],[-71.26259636532878,-32.8099084282912],[-71.26236328098206,-32.81000745742019],[-71.26214776037219,-32.810041980167036],[-71.26200433467142,-32.810106847251426],[-71.2619078868971,-32.8102127218417],[-71.26176762742334,-32.810307137417695],[-71.26161661464285,-32.81035886954559],[-71.26145734305028,-32.810370935793756],[-71.26126598025975,-32.81016613084657],[-71.26125952476808,-32.81014991315263],[-71.26131587830452,-32.810131539675986],[-71.26144236856703,-32.810113940608616],[-71.26151572362461,-32.81014630461996],[-71.26167271918864,-32.81004444060086],[-71.26179252091589,-32.81000143966139],[-71.26198506838712,-32.809871368546005],[-71.26236473693335,-32.80977875045882],[-71.26245805012735,-32.80969232922151],[-71.26253145288577,-32.809535826069386],[-71.26253556545191,-32.809364241236686],[-71.26251651988932,-32.809232890000054],[-71.26249589290052,-32.809182218113264],[-71.26226505038213,-32.80904142391955],[-71.26214769273153,-32.80908540199707],[-71.26193783518015,-32.8091524906392],[-71.26177049524534,-32.80918001649761],[-71.26173680255215,-32.80909078655403],[-71.26179498899883,-32.80895395581656],[-71.2619573631342,-32.80873050765741],[-71.261896170141,-32.80870098675323],[-71.26163682285966,-32.80877101110237],[-71.2616051214766,-32.808760354125575],[-71.26172514026993,-32.80863057319742],[-71.26174927424312,-32.808581134035656],[-71.26172648975715,-32.808540709953824],[-71.26168627834512,-32.80852816499553],[-71.2615782516327,-32.80855870225607],[-71.26127524224982,-32.80857540735219],[-71.26141021994778,-32.80841575044489],[-71.2615514388098,-32.80821616566893],[-71.26147679261436,-32.80813278014954],[-71.26106000084508,-32.80819135562051],[-71.26146273059902,-32.807959481886016],[-71.26153280018893,-32.807862251487165],[-71.26155025813692,-32.80769246724002],[-71.2615426541687,-32.80744095103818],[-71.26158477184724,-32.80729786878068],[-71.26177102569389,-32.807268889365716],[-71.26179701165614,-32.80731640187038],[-71.2618836489954,-32.80730054357121],[-71.26186226356016,-32.807243759875846],[-71.26186831402443,-32.80724104021059],[-71.26213722137729,-32.80718351221594],[-71.2621988083224,-32.80724743917021],[-71.26235246944414,-32.80719848142827],[-71.26270582854694,-32.807100417879184],[-71.26286546017923,-32.80734159630481],[-71.26302095236318,-32.80741938867193],[-71.26316438075598,-32.80753514005556],[-71.26328035616321,-32.807675994921816],[-71.2633397819431,-32.80780454778725],[-71.26341851627183,-32.80790421877221],[-71.26352333349459,-32.807985526075356],[-71.26357428950358,-32.80806423432628],[-71.2635953210339,-32.80833889837344],[-71.26389458033924,-32.80838962471558],[-71.26394367747743,-32.80836507752573],[-71.26399693439684,-32.80835044644076]]]]}},{"type":"Feature","properties":{"fid":104,"Bloque":"5B","HAS":2.47,"Plantas":1643,"ID_Potrero":25,"Variedad":"Hass","Potrero_Nombre":"Mirador 2","Potrero_HAS":26.7,"Potrero_Plantas":17799,"Potrero_Alias:":"Mirador 2","Potrero_Especie":"Paltas","Potrero_Nombre_GeoJSON":"4","Potrero_Alias_GeoJSON":"Mirador 2","Bloque_GeoJSON":"5B","potrero":"Mirador 2","bloque":"5B","campo_id":"c3a82281-5343-4235-9da9-9596223ea7c4","especie":"PALTOS","variedad":"Hass","hectareas":2.465,"plantas_supabase":1643,"precipitacion":2.84,"caudal":72.215,"normalizacion_estado":"COINCIDENCIA"},"geometry":{"type":"MultiPolygon","coordinates":[[[[-71.25578751122595,-32.81147119011192],[-71.25554001942993,-32.81076714807252],[-71.25527773635129,-32.81024304993236],[-71.25507742859074,-32.80987505267429],[-71.2549046861668,-32.80954535249774],[-71.2547396076834,-32.8092318483287],[-71.25487869422005,-32.809186464719815],[-71.25504147677317,-32.809026313419345],[-71.25504345363603,-32.808626085780645],[-71.25511347247215,-32.808430853502095],[-71.25517640260901,-32.80833783872576],[-71.25531270985384,-32.80827821217869],[-71.2554508056921,-32.808269677285544],[-71.25558244060092,-32.80828007459706],[-71.25603052840704,-32.808108313232026],[-71.2560977605056,-32.80803763924655],[-71.25611125743403,-32.80812339746192],[-71.25609154473725,-32.80818662515035],[-71.25588148566419,-32.80839020512443],[-71.25598413750669,-32.80852814285978],[-71.2559319985009,-32.808574909065086],[-71.25593186436653,-32.80863019265938],[-71.25564227209394,-32.80881857766842],[-71.2557469169975,-32.80912214578993],[-71.25580329222471,-32.809177969694765],[-71.25589905217969,-32.80921151496283],[-71.25601138881268,-32.809471385920155],[-71.25608036638195,-32.809723990404876],[-71.25636334268965,-32.80995600657005],[-71.25684935518193,-32.81014835986978],[-71.2569734569017,-32.810418701399875],[-71.25751121822961,-32.81074729506461],[-71.25758534480282,-32.810908329498496],[-71.25761340992673,-32.81107872354683],[-71.25743674167886,-32.81111853476271],[-71.2573774496753,-32.811048454732145],[-71.2573092803337,-32.81094808229036],[-71.25699705869684,-32.810642136296885],[-71.25691854777249,-32.810644248480344],[-71.25690704479995,-32.81072412048533],[-71.25683743521886,-32.810842096684716],[-71.25672997325792,-32.81098607642342],[-71.25669245353902,-32.81106693409589],[-71.25664984411239,-32.81110706827764],[-71.25661018244584,-32.81116599176696],[-71.25653018665348,-32.811231699998025],[-71.2561551088904,-32.81138701595572],[-71.25600189565226,-32.81141135927554],[-71.25578751122595,-32.81147119011192]]]]}},{"type":"Feature","properties":{"fid":105,"Bloque":"6","HAS":4.51,"Plantas":3007,"ID_Potrero":25,"Variedad":"Hass","Potrero_Nombre":"Mirador 2","Potrero_HAS":26.7,"Potrero_Plantas":17799,"Potrero_Alias:":"Mirador 2","Potrero_Especie":"Paltas","Potrero_Nombre_GeoJSON":"4","Potrero_Alias_GeoJSON":"Mirador 2","Bloque_GeoJSON":"6","potrero":"Mirador 2","bloque":"6","campo_id":"84df33fb-0425-4ff7-b42b-d94f101ef3df","especie":"PALTOS","variedad":"Hass","hectareas":4.51,"plantas_supabase":3006.666667,"precipitacion":2.84,"caudal":66.535,"normalizacion_estado":"COINCIDENCIA"},"geometry":{"type":"MultiPolygon","coordinates":[[[[-71.25473301328167,-32.809234008930865],[-71.25487636368987,-32.809500943288604],[-71.25506065156326,-32.80985697881896],[-71.25524347474959,-32.81020283143975],[-71.25550573170918,-32.810725909235956],[-71.25558267020524,-32.810900116949234],[-71.25564980140283,-32.811087587139426],[-71.25578060042359,-32.811471653954214],[-71.25562261797529,-32.811487224062525],[-71.25552801205629,-32.81148672313518],[-71.25532787056433,-32.811438620978215],[-71.25500681612549,-32.811374015607996],[-71.2548757755718,-32.81136356274885],[-71.25470806160925,-32.81133192127293],[-71.25455633375203,-32.81129266652649],[-71.25438988533433,-32.811233272525],[-71.2542221537464,-32.811154549179776],[-71.2541635370128,-32.811019720707755],[-71.25415517933824,-32.81095498357419],[-71.25411824961685,-32.81087547673274],[-71.25403088093493,-32.81079958996387],[-71.25395141518989,-32.8107567523979],[-71.2538543288686,-32.81073703132593],[-71.25376240304782,-32.81072911757692],[-71.25371446768551,-32.81074274244605],[-71.25366348375422,-32.81075153024993],[-71.25351536836055,-32.810759024575134],[-71.25341784516824,-32.810754696484594],[-71.25326296742679,-32.810644082418044],[-71.25317656416442,-32.81050055259031],[-71.25299211475847,-32.81052412895762],[-71.25294634637177,-32.81043511384196],[-71.25292881090151,-32.81041092795665],[-71.25295818557197,-32.81034870104927],[-71.2529353298622,-32.81022798027513],[-71.25289635231773,-32.81017015598069],[-71.25297846185128,-32.810111420360876],[-71.25302921231028,-32.81003510068898],[-71.25307107307329,-32.81000258802043],[-71.25296015772382,-32.80976305476099],[-71.25291504890357,-32.80960139384306],[-71.25291736466346,-32.809525438720975],[-71.25301083875823,-32.809498410148606],[-71.25301978434551,-32.80932358487563],[-71.25305393569325,-32.80928768773782],[-71.25307206656251,-32.809165240957725],[-71.2531791861603,-32.80899980171553],[-71.25323219222703,-32.80854661153917],[-71.25316056173108,-32.808348497730826],[-71.2531688848202,-32.808236175718626],[-71.25316732732813,-32.80819434389739],[-71.25328146178286,-32.807989364186405],[-71.25326155907703,-32.80796663145461],[-71.25318302762881,-32.80797795514066],[-71.25304161998466,-32.80780264150066],[-71.2529613966926,-32.80774452008277],[-71.25279161821555,-32.80774377262563],[-71.25276610692013,-32.80762124921918],[-71.25270731471235,-32.80747881057778],[-71.25271539108951,-32.807359797520526],[-71.25276356328085,-32.80735741008885],[-71.25287322542171,-32.80745581025724],[-71.25296534638746,-32.807437094493714],[-71.25300088257279,-32.80748704720686],[-71.25305226832647,-32.8075846707565],[-71.25337355863469,-32.80776389524823],[-71.25345743826763,-32.807850338934166],[-71.25351911017981,-32.807877414631605],[-71.25349405452924,-32.80800254611689],[-71.25340766808436,-32.80817835951264],[-71.25339436390307,-32.80839452773176],[-71.25345995344205,-32.808451949022576],[-71.25347906582999,-32.808647117619394],[-71.25351697562928,-32.8089037014218],[-71.25358991257248,-32.809064344366895],[-71.25370875921777,-32.80917384871236],[-71.2539311024398,-32.80926580900234],[-71.25409194575296,-32.80931599885434],[-71.25434487611987,-32.809278774309774],[-71.25473301328167,-32.809234008930865]]]]}},{"type":"Feature","properties":{"fid":106,"Bloque":"5A","HAS":2.47,"Plantas":1643,"ID_Potrero":25,"Variedad":"Hass","Potrero_Nombre":"Mirador 2","Potrero_HAS":26.7,"Potrero_Plantas":17799,"Potrero_Alias:":"Mirador 2","Potrero_Especie":"Paltas","Potrero_Nombre_GeoJSON":"4","Potrero_Alias_GeoJSON":"Mirador 2","Bloque_GeoJSON":"5A","potrero":"Mirador 2","bloque":"5A","campo_id":"04145a14-a147-44e4-8963-caa810353811","especie":"PALTOS","variedad":"Hass","hectareas":2.465,"plantas_supabase":1643,"precipitacion":2.84,"caudal":72.215,"normalizacion_estado":"COINCIDENCIA"},"geometry":{"type":"MultiPolygon","coordinates":[[[[-71.25862927730097,-32.80861144720659],[-71.25842280559228,-32.80886018855395],[-71.25840013622614,-32.808919809660985],[-71.25852996654265,-32.808890923429026],[-71.25842623494114,-32.809186813706674],[-71.25850156595872,-32.80920178863354],[-71.2585586479106,-32.809259970523215],[-71.25846127769688,-32.809425071215],[-71.25835890833329,-32.80948817235358],[-71.25818727001565,-32.80948922769919],[-71.25827127584934,-32.80968753157274],[-71.25813932784135,-32.80979227826216],[-71.25833292237382,-32.80989270379249],[-71.2585197313072,-32.81000651217013],[-71.25842252907628,-32.810091395242104],[-71.25816879298243,-32.81028790250836],[-71.25801684065833,-32.810307689831276],[-71.25791045285929,-32.81033795857764],[-71.25781293012444,-32.810333633903014],[-71.25769909646375,-32.810306246273264],[-71.25760767366113,-32.81025530026829],[-71.25741968965545,-32.810132386888704],[-71.2573152016935,-32.81009299695109],[-71.25716503624226,-32.80989152596183],[-71.25716749540015,-32.80979755906223],[-71.2572898615076,-32.809664677185125],[-71.25733510814902,-32.80963731774655],[-71.25730780158565,-32.80960922515243],[-71.25744749720441,-32.80949236491399],[-71.2574703738248,-32.80944090740369],[-71.25742280441875,-32.80937642803521],[-71.25745658676763,-32.809373776879085],[-71.25745560597409,-32.80933500047591],[-71.25731697594274,-32.809302790498464],[-71.25720661472832,-32.809145521038644],[-71.25707795252383,-32.809029417420845],[-71.25699039940308,-32.80862672101482],[-71.25700066764108,-32.808459108650545],[-71.25707371801849,-32.80828832225031],[-71.25711012309937,-32.808293791077496],[-71.25715723623128,-32.80843586703012],[-71.25735007360598,-32.808603899751894],[-71.25801863921258,-32.808749057253095],[-71.25853512969672,-32.80861722985703],[-71.25862927730097,-32.80861144720659]]]]}},{"type":"Feature","properties":{"fid":109,"Bloque":"1","HAS":1.27,"Plantas":2110,"ID_Potrero":26,"Variedad":"Fukumoto","Potrero_Nombre":"7","Potrero_HAS":12.34,"Potrero_Plantas":20567,"Potrero_Alias:":"7","Potrero_Especie":"Naranjas","Potrero_Nombre_GeoJSON":"7","Potrero_Alias_GeoJSON":"P7","Bloque_GeoJSON":"1","potrero":"7","bloque":"1","campo_id":"962f22aa-86a2-4c51-95ea-19fc94a2cdfd","especie":"NARANJA","variedad":"FUKUMOTO","hectareas":1.266,"plantas_supabase":2110,"precipitacion":3.6,"caudal":51.972857,"normalizacion_estado":"COINCIDENCIA"},"geometry":{"type":"MultiPolygon","coordinates":[[[[-71.26640005065799,-32.805393554747766],[-71.26630312693818,-32.806341080980864],[-71.26612420861704,-32.80638874064764],[-71.26604908625016,-32.80638193366626],[-71.26604012044086,-32.80626603678629],[-71.26601348197838,-32.80616306650295],[-71.26604073616251,-32.80594253906657],[-71.2660109421426,-32.80588080150827],[-71.26603658509687,-32.805666563845165],[-71.2660818346407,-32.805604051256765],[-71.26608729491878,-32.805486863603846],[-71.26605554311264,-32.80546624839586],[-71.2660711748015,-32.805380876821424],[-71.26640005065799,-32.805393554747766]]],[[[-71.26584965442395,-32.805792160039196],[-71.26585034970935,-32.80593353740238],[-71.26563502399637,-32.80606801940342],[-71.26561177950069,-32.805878758306726],[-71.26546983142855,-32.80575570844941],[-71.26533165044896,-32.805614910979735],[-71.2652171230639,-32.80549067722814],[-71.26521937722323,-32.805358048099706],[-71.26530092364202,-32.80535718601536],[-71.26540855765016,-32.80545972885403],[-71.26552123873847,-32.80556263810511],[-71.26565604290835,-32.80566792243285],[-71.26584965442395,-32.805792160039196]]],[[[-71.26572106617779,-32.806086701913806],[-71.2657842258832,-32.80621905990361],[-71.26585988337372,-32.806298065136815],[-71.26585126441243,-32.80640019065681],[-71.26578408421878,-32.806452441725575],[-71.26568001655603,-32.80657564644155],[-71.26542965029473,-32.80672973409203],[-71.26518294062852,-32.80685584845154],[-71.26496209658305,-32.806844470489615],[-71.26497509402466,-32.80674808286922],[-71.26519045360297,-32.806463835222345],[-71.26541660501074,-32.806277001633475],[-71.26572106617779,-32.806086701913806]]],[[[-71.26517144020738,-32.80695436078912],[-71.26515002785443,-32.807101197286066],[-71.26508674778893,-32.80722684217338],[-71.26504381573429,-32.80733160872185],[-71.26499846814579,-32.80740835258809],[-71.26494277142716,-32.80748024617511],[-71.26486002470148,-32.80754399344707],[-71.26478957231622,-32.8075969033361],[-71.26472925599057,-32.80762947954291],[-71.2646634669589,-32.80766467352948],[-71.26457119995746,-32.80764709241936],[-71.26453518216451,-32.807604565077874],[-71.2643702305584,-32.80746793732962],[-71.26437396959412,-32.807396984055536],[-71.26449316493026,-32.80730037323142],[-71.26470005457071,-32.80709152913574],[-71.26483440454476,-32.807021270858826],[-71.26500201438161,-32.80697721751753],[-71.26517144020738,-32.80695436078912]]],[[[-71.26471762090766,-32.807019785907045],[-71.26464393351426,-32.807121510602485],[-71.2645273348657,-32.807244881577844],[-71.26444061203485,-32.8073198551102],[-71.26435030887609,-32.80733768110653],[-71.26425620951979,-32.807306639447624],[-71.26415563982486,-32.807272476341275],[-71.26390257441793,-32.80707195371698],[-71.26386662730232,-32.807015391689355],[-71.26389783942324,-32.80693566547478],[-71.26406716474861,-32.806959229553776],[-71.26424778211658,-32.80699122492275],[-71.26439850876166,-32.80698705863614],[-71.26455782905695,-32.807002527076676],[-71.26465476647998,-32.806994296181514],[-71.26471762090766,-32.807019785907045]]]]}},{"type":"Feature","properties":{"fid":110,"Bloque":"2","HAS":1.3,"Plantas":2173,"ID_Potrero":26,"Variedad":"Fukumoto","Potrero_Nombre":"7","Potrero_HAS":12.34,"Potrero_Plantas":20567,"Potrero_Alias:":"7","Potrero_Especie":"Naranjas","Potrero_Nombre_GeoJSON":"7","Potrero_Alias_GeoJSON":"P7","Bloque_GeoJSON":"2","potrero":"7","bloque":"2","campo_id":"5d619e60-d997-4769-beab-7abb64b08ba8","especie":"NARANJA","variedad":"FUKUMOTO","hectareas":1.304,"plantas_supabase":2173.333333,"precipitacion":3.6,"caudal":54.342593,"normalizacion_estado":"COINCIDENCIA"},"geometry":{"type":"MultiPolygon","coordinates":[[[[-71.2664120352421,-32.80538789046918],[-71.26637353234058,-32.80573391585924],[-71.26630917402358,-32.806341492949926],[-71.26657388746425,-32.806292800767054],[-71.26660895427004,-32.806293186595255],[-71.26689782377592,-32.80619607419687],[-71.26696551477673,-32.80619586901205],[-71.26711280467605,-32.80609315334457],[-71.26736367124023,-32.80597528949662],[-71.26765336835982,-32.80591082903254],[-71.26803040407388,-32.80588760291703],[-71.26804527463,-32.80584324311154],[-71.26810892325814,-32.80575061972468],[-71.26814036509728,-32.80570525168878],[-71.26813774405059,-32.80565240488382],[-71.26817114067252,-32.805616896608605],[-71.26817409256579,-32.805565388108576],[-71.2682163730944,-32.80540162104932],[-71.26826220327803,-32.80535548468185],[-71.26825691904337,-32.80530991210303],[-71.26804991434307,-32.80525602984158],[-71.26795309998577,-32.80523547506703],[-71.26779029490396,-32.80526721113799],[-71.26765815523991,-32.80535179981202],[-71.26740786856769,-32.80540871458495],[-71.26733871918273,-32.8054373140315],[-71.26725075114817,-32.805429552165435],[-71.2670663706643,-32.805417059809216],[-71.26683954872473,-32.805411093088935],[-71.2667292890406,-32.805397977390946],[-71.2665535722919,-32.80539108457087],[-71.2664120352421,-32.80538789046918]]]]}},{"type":"Feature","properties":{"fid":111,"Bloque":"3","HAS":1.39,"Plantas":2312,"ID_Potrero":26,"Variedad":"Fukumoto","Potrero_Nombre":"7","Potrero_HAS":12.34,"Potrero_Plantas":20567,"Potrero_Alias:":"7","Potrero_Especie":"Naranjas","Potrero_Nombre_GeoJSON":"7","Potrero_Alias_GeoJSON":"P7","Bloque_GeoJSON":"3","potrero":"7","bloque":"3","campo_id":"4bcfdef4-6116-405c-a745-06f1ff2efcbe","especie":"NARANJA","variedad":"FUKUMOTO","hectareas":1.387,"plantas_supabase":2311.666667,"precipitacion":3.6,"caudal":62.418824,"normalizacion_estado":"COINCIDENCIA"},"geometry":{"type":"MultiPolygon","coordinates":[[[[-71.26629775546583,-32.80341581389972],[-71.26626955664157,-32.80382876625193],[-71.26568990054751,-32.80380904684477],[-71.26567149766736,-32.8037698009973],[-71.26560588051605,-32.803665305275665],[-71.26558259187941,-32.80343817698461],[-71.26560320945383,-32.8033257337204],[-71.26576517913082,-32.80324734626778],[-71.26588690946778,-32.80325148037967],[-71.26611330368463,-32.80339028819909],[-71.26629775546583,-32.80341581389972]]],[[[-71.26639045692205,-32.80390312997276],[-71.26631991753558,-32.804660915416726],[-71.26592532204253,-32.8046461060045],[-71.26594170877917,-32.804407132731654],[-71.26591529243345,-32.8043809080322],[-71.26590901590392,-32.804276061111445],[-71.26572054437632,-32.80390550673742],[-71.26571344363133,-32.803869313452445],[-71.26581914590957,-32.803843194882276],[-71.26594980517432,-32.80384138831561],[-71.26619457456148,-32.80385977099587],[-71.26639045692205,-32.80390312997276]]],[[[-71.26536200588198,-32.80353111215492],[-71.26552982756299,-32.803942524261075],[-71.26559141106941,-32.80401715907825],[-71.26561284490523,-32.804112509346865],[-71.26571707490406,-32.80424559628018],[-71.26576332041374,-32.80444371421971],[-71.26569760359094,-32.804524795356144],[-71.26544204983219,-32.804400931159265],[-71.26543806995427,-32.804315964245916],[-71.26532691899834,-32.804301253815126],[-71.26528580137034,-32.804242165566386],[-71.26513741025391,-32.80415873288806],[-71.26528843246183,-32.80353685994791],[-71.26536200588198,-32.80353111215492]]],[[[-71.265713997365,-32.80463266955142],[-71.26595085704992,-32.80503380544283],[-71.26593168649454,-32.805160487339315],[-71.26588416968444,-32.80519950719243],[-71.26583147803422,-32.80527035648697],[-71.26582802449364,-32.80538328036207],[-71.26586286348154,-32.80557812383886],[-71.26576971638083,-32.80560404623919],[-71.26538854543071,-32.80529904539427],[-71.26524918864018,-32.80523110279229],[-71.26524565107796,-32.8050280486948],[-71.2652880828286,-32.80500798818851],[-71.26531936011602,-32.80462041152488],[-71.26537504792574,-32.80461167883315],[-71.26538402633173,-32.80452613279854],[-71.265713997365,-32.80463266955142]]],[[[-71.26624325514743,-32.805361946382405],[-71.26607045452059,-32.80534716613941],[-71.26611495398348,-32.80509127218122],[-71.26603221500935,-32.80491056504612],[-71.26595359501948,-32.80478986754792],[-71.26592149144747,-32.804691495133135],[-71.2663154761947,-32.804682819261515],[-71.26624325514743,-32.805361946382405]]]]}},{"type":"Feature","properties":{"fid":112,"Bloque":"4","HAS":1.23,"Plantas":2050,"ID_Potrero":26,"Variedad":"Fukumoto","Potrero_Nombre":"7","Potrero_HAS":12.34,"Potrero_Plantas":20567,"Potrero_Alias:":"7","Potrero_Especie":"Naranjas","Potrero_Nombre_GeoJSON":"7","Potrero_Alias_GeoJSON":"P7","Bloque_GeoJSON":"4","potrero":"7","bloque":"4","campo_id":"2770b169-8ae1-4def-b9ee-ac477c11eb10","especie":"NARANJA","variedad":"FUKUMOTO","hectareas":1.23,"plantas_supabase":2050,"precipitacion":3.6,"caudal":44.124274,"normalizacion_estado":"COINCIDENCIA"},"geometry":{"type":"MultiPolygon","coordinates":[[[[-71.26639790457797,-32.80390449063428],[-71.26669855290828,-32.803923863369874],[-71.26693803014398,-32.80392942625933],[-71.26716548788873,-32.803954520441934],[-71.26727040888326,-32.80397862650127],[-71.26716257863902,-32.80472118981706],[-71.26709125050121,-32.80539637759623],[-71.2662541653877,-32.80536196437881],[-71.26639790457797,-32.80390449063428]]]]}},{"type":"Feature","properties":{"fid":113,"Bloque":"5","HAS":1.25,"Plantas":2082,"ID_Potrero":26,"Variedad":"Fukumoto","Potrero_Nombre":"7","Potrero_HAS":12.34,"Potrero_Plantas":20567,"Potrero_Alias:":"7","Potrero_Especie":"Naranjas","Potrero_Nombre_GeoJSON":"7","Potrero_Alias_GeoJSON":"P7","Bloque_GeoJSON":"5","potrero":"7","bloque":"5","campo_id":"77caba84-cc6a-4fa4-8dd1-c8218742ef4c","especie":"NARANJA","variedad":"FUKUMOTO","hectareas":1.249,"plantas_supabase":2081.666667,"precipitacion":3.6,"caudal":57.834576,"normalizacion_estado":"COINCIDENCIA"},"geometry":{"type":"MultiPolygon","coordinates":[[[[-71.2672769328816,-32.80398815746296],[-71.2671649111456,-32.804813028117216],[-71.26710083229466,-32.805395494416956],[-71.26736014126917,-32.80539974051326],[-71.26758663560469,-32.805330128092905],[-71.26780220987546,-32.8052506759453],[-71.26792479247139,-32.805206442920884],[-71.26824916345547,-32.80526866153319],[-71.26840222283407,-32.8051307027096],[-71.26841725759184,-32.804956337008065],[-71.26844447610287,-32.80492312144077],[-71.268504053788,-32.80458702304392],[-71.26850625085031,-32.80426644970441],[-71.26839992085648,-32.80404390606346],[-71.26828486191208,-32.80407402601372],[-71.26817037128122,-32.80413531278704],[-71.26802204872982,-32.804197212533225],[-71.26793836540716,-32.80419085515415],[-71.26772878412511,-32.8041446671012],[-71.26764955873787,-32.80411307510856],[-71.26746476972723,-32.80405417551555],[-71.2672769328816,-32.80398815746296]]]]}},{"type":"Feature","properties":{"fid":114,"Bloque":"6","HAS":1.19,"Plantas":1982,"ID_Potrero":26,"Variedad":"Fukumoto","Potrero_Nombre":"7","Potrero_HAS":12.34,"Potrero_Plantas":20567,"Potrero_Alias:":"7","Potrero_Especie":"Naranjas","Potrero_Nombre_GeoJSON":"7","Potrero_Alias_GeoJSON":"P7","Bloque_GeoJSON":"6","potrero":"7","bloque":"6","campo_id":"ca926cb6-4347-4fc0-b41e-fd88160d2810","especie":"NARANJA","variedad":"FUKUMOTO","hectareas":1.189,"plantas_supabase":1981.666667,"precipitacion":3.6,"caudal":38.033136,"normalizacion_estado":"COINCIDENCIA"},"geometry":{"type":"MultiPolygon","coordinates":[[[[-71.2672164806609,-32.80200456667158],[-71.26715845623742,-32.802654972663134],[-71.2671080138499,-32.80314387430229],[-71.26703083999719,-32.80389733013128],[-71.26676475191857,-32.80389217307385],[-71.26665796601722,-32.803891153631206],[-71.2666078951332,-32.803888206726484],[-71.26645970500684,-32.80387627655614],[-71.26627738956155,-32.80383473791298],[-71.26629886011177,-32.80341171031602],[-71.26655984358113,-32.80326405905106],[-71.26672290499833,-32.80311613890987],[-71.26689484501708,-32.80288944881847],[-71.26698122987011,-32.802706910373296],[-71.26697336249732,-32.802599139425105],[-71.26689568871478,-32.80235142166389],[-71.26685237112164,-32.80215993034009],[-71.26671844977767,-32.801789467132366],[-71.26679627442137,-32.80173521067134],[-71.26691545848696,-32.80180406191419],[-71.26704940377884,-32.80181832793583],[-71.26715197919586,-32.80199311178677],[-71.2672164806609,-32.80200456667158]]]]}},{"type":"Feature","properties":{"fid":115,"Bloque":"7","HAS":1.19,"Plantas":1982,"ID_Potrero":26,"Variedad":"Fukumoto","Potrero_Nombre":"7","Potrero_HAS":12.34,"Potrero_Plantas":20567,"Potrero_Alias:":"7","Potrero_Especie":"Naranjas","Potrero_Nombre_GeoJSON":"7","Potrero_Alias_GeoJSON":"P7","Bloque_GeoJSON":"7","potrero":"7","bloque":"7","campo_id":"aa856087-5235-46ab-9ba7-455a3efcda36","especie":"NARANJA","variedad":"FUKUMOTO","hectareas":1.188,"plantas_supabase":1980,"precipitacion":3.6,"caudal":41.61381,"normalizacion_estado":"COINCIDENCIA"},"geometry":{"type":"MultiPolygon","coordinates":[[[[-71.26765790328157,-32.803139017184414],[-71.26755766731851,-32.80403505558632],[-71.26740250617533,-32.803987944898374],[-71.26724004945383,-32.80393127100962],[-71.26703534813988,-32.80390407943926],[-71.26711675675602,-32.80315494578579],[-71.26717071047595,-32.802613914880425],[-71.26753318348786,-32.80246442326705],[-71.26789470621084,-32.80232515680046],[-71.26796875615568,-32.80232996180204],[-71.26800156736705,-32.80238046245934],[-71.26806907610236,-32.802488626069774],[-71.26815620019325,-32.80263097741013],[-71.26820657239246,-32.80276895715253],[-71.26828596932488,-32.80287546588474],[-71.26831196710584,-32.80292608992527],[-71.26817780404782,-32.802952981802584],[-71.26810271043469,-32.80294719635657],[-71.26800055273083,-32.80297048634406],[-71.26794562866338,-32.802996057802495],[-71.26790495474279,-32.80301407528993],[-71.26784814379783,-32.8030496390509],[-71.26780421932709,-32.80306482793948],[-71.2677625455057,-32.80307076307084],[-71.26768360375434,-32.80310384111173],[-71.26765444992664,-32.80309824394745],[-71.26765790328157,-32.803139017184414]]]]}},{"type":"Feature","properties":{"fid":116,"Bloque":"8","HAS":1.24,"Plantas":2062,"ID_Potrero":26,"Variedad":"Fukumoto","Potrero_Nombre":"7","Potrero_HAS":12.34,"Potrero_Plantas":20567,"Potrero_Alias:":"7","Potrero_Especie":"Naranjas","Potrero_Nombre_GeoJSON":"7","Potrero_Alias_GeoJSON":"P7","Bloque_GeoJSON":"8","potrero":"7","bloque":"8","campo_id":"5a05c01d-15f5-4c77-a999-8a6b2560679e","especie":"NARANJA","variedad":"FUKUMOTO","hectareas":1.237,"plantas_supabase":2061.666667,"precipitacion":3.6,"caudal":48.073505,"normalizacion_estado":"COINCIDENCIA"},"geometry":{"type":"MultiPolygon","coordinates":[[[[-71.26832984242606,-32.802958869898504],[-71.2684000717195,-32.80307346085046],[-71.2685036174628,-32.80322486974292],[-71.2684883523737,-32.803361880022706],[-71.26844189831867,-32.803411658210486],[-71.26844015119055,-32.803544105577735],[-71.26838273093324,-32.80400068505109],[-71.2681933700508,-32.804088955729945],[-71.26808106254687,-32.80414101480633],[-71.26800079605212,-32.804148764296954],[-71.26791404887577,-32.80414806051474],[-71.26779699859429,-32.8041332614352],[-71.26772290141835,-32.80409914967796],[-71.26764094326224,-32.804069856681025],[-71.267572356002,-32.80404086646359],[-71.26760815543268,-32.803678951099066],[-71.2676645228079,-32.803137876357724],[-71.26780726921015,-32.803094454211454],[-71.26793723290338,-32.80302369936333],[-71.2680293616513,-32.80298629862835],[-71.26818252556357,-32.802972293244004],[-71.26832984242606,-32.802958869898504]]],[[[-71.26878822343468,-32.80304033815369],[-71.26885382483684,-32.80303986864081],[-71.26877772601124,-32.80326433974888],[-71.26871925395697,-32.80354534369359],[-71.26868117252849,-32.803924570120486],[-71.26863980780071,-32.80427767935396],[-71.26850279685692,-32.804089694147265],[-71.2684560866726,-32.80393820645422],[-71.26848240386462,-32.80378459525308],[-71.26849278010668,-32.803622084917535],[-71.26856181683908,-32.80343707257146],[-71.26861155268097,-32.803396356195755],[-71.26864781673119,-32.80321559933577],[-71.26867529825724,-32.80308988201549],[-71.26869467949896,-32.80304779097914],[-71.26878822343468,-32.80304033815369]]]]}},{"type":"Feature","properties":{"fid":117,"Bloque":"9","HAS":1.15,"Plantas":1922,"ID_Potrero":26,"Variedad":"Cara Cara","Potrero_Nombre":"7","Potrero_HAS":12.34,"Potrero_Plantas":20567,"Potrero_Alias:":"7","Potrero_Especie":"Naranjas","Potrero_Nombre_GeoJSON":"7","Potrero_Alias_GeoJSON":"P7","Bloque_GeoJSON":"9","potrero":"7","bloque":"9","campo_id":"48fbe59b-63f4-431e-90fc-26c667ab2280","especie":"NARANJA","variedad":"CARA CARA","hectareas":1.153,"plantas_supabase":1921.666667,"precipitacion":3.6,"caudal":54.591146,"normalizacion_estado":"COINCIDENCIA"},"geometry":{"type":"MultiPolygon","coordinates":[[[[-71.2671739805293,-32.80257608252062],[-71.26722418959932,-32.802007950289735],[-71.26767036550042,-32.80209374300146],[-71.26782188803735,-32.80215961249481],[-71.26793604620309,-32.802273962257516],[-71.26790845722576,-32.80229492931587],[-71.26754624900795,-32.80243151791577],[-71.26729263896601,-32.80253615998371],[-71.2671739805293,-32.80257608252062]]],[[[-71.26812556759427,-32.80154019949372],[-71.26829733627505,-32.80153767134168],[-71.26839853089422,-32.80156109629632],[-71.268540568791,-32.80146918912292],[-71.26859659777415,-32.80146197689614],[-71.26873306877768,-32.801477031804865],[-71.26883207068761,-32.801586636693955],[-71.26906858258546,-32.801897486288844],[-71.26903795323109,-32.802153958356186],[-71.26900313774227,-32.80248470378905],[-71.26891958858089,-32.80272208644644],[-71.26885440327348,-32.80300302525393],[-71.26878561204752,-32.80300527277657],[-71.26873648572088,-32.80301901354879],[-71.26867712418418,-32.80302858010637],[-71.26859541980808,-32.803034065041295],[-71.2685417641941,-32.802759582440366],[-71.26846684566935,-32.80264878070376],[-71.26835046392678,-32.802517236022155],[-71.26825265516086,-32.8023512255574],[-71.26816705994976,-32.80213905299684],[-71.26806490347286,-32.80207068034302],[-71.26812556759427,-32.80154019949372]]]]}},{"type":"Feature","properties":{"fid":118,"Bloque":"10","HAS":1.14,"Plantas":1895,"ID_Potrero":26,"Variedad":"Fukumoto","Potrero_Nombre":"7","Potrero_HAS":12.34,"Potrero_Plantas":20567,"Potrero_Alias:":"7","Potrero_Especie":"Naranjas","Potrero_Nombre_GeoJSON":"7","Potrero_Alias_GeoJSON":"P7","Bloque_GeoJSON":"10","potrero":"7","bloque":"10","campo_id":"459721e4-4202-4a70-a74d-e37d7920303d","especie":"NARANJA","variedad":"FUKUMOTO","hectareas":1.137,"plantas_supabase":1895,"precipitacion":3.6,"caudal":49.494308,"normalizacion_estado":"COINCIDENCIA"},"geometry":{"type":"MultiPolygon","coordinates":[[[[-71.2686753571354,-32.80140558592151],[-71.26870573744338,-32.80144372720004],[-71.26862403451554,-32.80144921209133],[-71.26859217922657,-32.80144475624977],[-71.26855469787435,-32.801444414691794],[-71.26851845069014,-32.80144507164931],[-71.26844536259226,-32.80144521224008],[-71.26838450070068,-32.801471293805086],[-71.2683178907588,-32.80150916426029],[-71.26821543515632,-32.801513491308754],[-71.26816195330242,-32.801512280166094],[-71.26810368076666,-32.801511510619726],[-71.26805115628045,-32.80149895213875],[-71.26804707882735,-32.801420514743604],[-71.26811092669132,-32.80139120333155],[-71.26823095075193,-32.80136159931758],[-71.26837911163142,-32.801326446627414],[-71.26853877247069,-32.8013240107366],[-71.2686753571354,-32.80140558592151]]],[[[-71.26812226847153,-32.80153928815236],[-71.26807115331549,-32.802072151315606],[-71.26793750751352,-32.801985186796955],[-71.26766462046744,-32.80181484379442],[-71.26737318967149,-32.80178234149945],[-71.26709978466158,-32.80166424604742],[-71.26695819447731,-32.80161895475158],[-71.2668965446003,-32.801582671749955],[-71.26694778868182,-32.80128521360143],[-71.26653902212423,-32.801076215364915],[-71.2663800549165,-32.80100898351192],[-71.26611236429152,-32.801010114469385],[-71.26603882648294,-32.80099437416231],[-71.26604827456248,-32.80093618468698],[-71.26617668363193,-32.80087010155001],[-71.26636085167222,-32.80062589940611],[-71.26646951352801,-32.8006414727702],[-71.26661119002203,-32.800706203998715],[-71.2672324139303,-32.80115252926568],[-71.2680499295729,-32.80123275058855],[-71.26806324231637,-32.80134513731386],[-71.26798287539708,-32.80146411255362],[-71.26800487174702,-32.801503026839235],[-71.26802477652326,-32.801525757145775],[-71.26812226847153,-32.80153928815236]]]]}},{"type":"Feature","properties":{"fid":119,"Bloque":"1","HAS":1.76,"Plantas":1956,"ID_Potrero":20,"Variedad":"Murcott","Potrero_Nombre":"29","Potrero_HAS":10.09,"Potrero_Plantas":11211,"Potrero_Alias:":"29","Potrero_Especie":"Mandarina","Potrero_Nombre_GeoJSON":"29","Potrero_Alias_GeoJSON":"El Peumo","Bloque_GeoJSON":"1","potrero":"29","bloque":"1","campo_id":"2a66f485-7e66-43d4-b71e-a58010d52f60","especie":"MANDARINA","variedad":"MURCOTT","hectareas":1.76,"plantas_supabase":1955.555556,"precipitacion":1.98,"caudal":47.764912,"normalizacion_estado":"COINCIDENCIA"},"geometry":{"type":"MultiPolygon","coordinates":[[[[-71.27303362800535,-32.810833471054416],[-71.27315680348649,-32.81092311407286],[-71.27364199568657,-32.81108172641636],[-71.27369552773783,-32.81109504632811],[-71.27389923643162,-32.81121385216306],[-71.27392579581536,-32.81130729165196],[-71.27384892822911,-32.81132706439373],[-71.27356619590847,-32.811333222123274],[-71.27337888605959,-32.81138358596577],[-71.27312568693962,-32.81136266300046],[-71.27295968558954,-32.81139528400355],[-71.27286291200012,-32.811392958055386],[-71.27272480695758,-32.81142915566907],[-71.27265585184733,-32.81142734524709],[-71.27226202628225,-32.81153352314812],[-71.27213215823237,-32.811608364477735],[-71.272072350375,-32.81158596980601],[-71.27225030722339,-32.81135814240224],[-71.27245823825072,-32.811215525455914],[-71.27260872560308,-32.811190843547124],[-71.27271663414751,-32.81115570490459],[-71.27278541361082,-32.81112689171357],[-71.2728907427916,-32.81106168344027],[-71.27293398395715,-32.811003217664876],[-71.27298887317285,-32.81085623311761],[-71.27303362800535,-32.810833471054416]]],[[[-71.27364916569907,-32.81148178590244],[-71.27333721274375,-32.81171715387577],[-71.27283821923994,-32.811871184166826],[-71.27267116436927,-32.81190994929961],[-71.27236667884915,-32.81201144241205],[-71.27197092718599,-32.81213705139563],[-71.27151922138128,-32.81228485832952],[-71.27093258026756,-32.81246293169551],[-71.27005946774047,-32.81273807958684],[-71.27002881668948,-32.812721280403764],[-71.26995923180804,-32.81235620598536],[-71.27001914327549,-32.81234147067248],[-71.27015282237892,-32.81236292351403],[-71.27030359499277,-32.81235721155392],[-71.27045113246781,-32.81233282599888],[-71.27048723531111,-32.81230256509012],[-71.2705399758526,-32.8122847634692],[-71.27073903774371,-32.81212597590556],[-71.2708667117299,-32.81205985338354],[-71.27104553999487,-32.812008626265865],[-71.2712618148177,-32.81195620883242],[-71.27133342770357,-32.8119436792767],[-71.2714154225012,-32.81191156428212],[-71.27146211390347,-32.81191735260955],[-71.27151368458394,-32.811901103160466],[-71.27156585264922,-32.8119083233803],[-71.27161123855132,-32.811886571244855],[-71.27175385987823,-32.81186152266995],[-71.27189993069373,-32.811853256040266],[-71.27207447658962,-32.811800063431974],[-71.27211832917266,-32.811765577797395],[-71.27229981001639,-32.81168801277236],[-71.27247134737917,-32.81163538469612],[-71.27266176698322,-32.81157654335245],[-71.27270964064732,-32.81158128885369],[-71.27276175009612,-32.811562476884006],[-71.2728069081482,-32.81155553140342],[-71.27285415163038,-32.81155926740196],[-71.27289433324205,-32.81154679736275],[-71.27294161570548,-32.81155206395885],[-71.2729870530454,-32.811532352186326],[-71.27309225939763,-32.811533503972164],[-71.27313824889418,-32.811511740331824],[-71.27323169640849,-32.811525866742286],[-71.27327187794513,-32.811513396584694],[-71.27332710579924,-32.81152209182855],[-71.2733787538519,-32.811508902894595],[-71.27347027185287,-32.81151847016212],[-71.27355389599514,-32.811479177946545],[-71.2736263332614,-32.81147530970066],[-71.27364916569907,-32.81148178590244]]]]}},{"type":"Feature","properties":{"fid":120,"Bloque":"2","HAS":2.19,"Plantas":2433,"ID_Potrero":20,"Variedad":"Murcott","Potrero_Nombre":"29","Potrero_HAS":10.09,"Potrero_Plantas":11211,"Potrero_Alias:":"29","Potrero_Especie":"Mandarina","Potrero_Nombre_GeoJSON":"29","Potrero_Alias_GeoJSON":"El Peumo","Bloque_GeoJSON":"2A","potrero":"29","bloque":"2","campo_id":"3f3ab43b-74a3-4ddb-a3b4-63f7f3887236","especie":"MANDARINA","variedad":"MURCOTT","hectareas":1.85,"plantas_supabase":2055.555556,"precipitacion":1.98,"caudal":42.744138,"normalizacion_estado":"COINCIDENCIA"},"geometry":{"type":"MultiPolygon","coordinates":[[[[-71.27289880517478,-32.81397496878203],[-71.27283139815165,-32.81400772392812],[-71.272761057285,-32.814026397798486],[-71.27272275243376,-32.814039053458],[-71.2724865211292,-32.813133268772305],[-71.27225750157301,-32.8122104570634],[-71.27289342167805,-32.812021273649655],[-71.27300290506962,-32.812427642050935],[-71.27305485282766,-32.81247365954388],[-71.27308104790467,-32.81255281333576],[-71.27311282983352,-32.81256652853907],[-71.27317213202369,-32.81261649596027],[-71.27323055048768,-32.81263176907093],[-71.27333621265784,-32.81260330646606],[-71.27337729779555,-32.81260256010889],[-71.273522433175,-32.812510084952144],[-71.27353573792249,-32.81246288220255],[-71.27362762712636,-32.81246325455558],[-71.27387073534841,-32.812609929484985],[-71.2739440214169,-32.81282911049759],[-71.27399308505305,-32.81285680393221],[-71.27402185388421,-32.81294203608131],[-71.27406891688622,-32.81298610010792],[-71.27411540783865,-32.81300771489022],[-71.27412632318492,-32.813056519341174],[-71.27396873964801,-32.81313492891135],[-71.27398295582545,-32.813218383718855],[-71.27372043954624,-32.81354371376443],[-71.27347034240651,-32.81378714631676],[-71.27342273423461,-32.81381659619673],[-71.2733836687093,-32.813826990666094],[-71.27333113810926,-32.81383718676447],[-71.27328827364678,-32.81384775088264],[-71.27325059859999,-32.81385985162398],[-71.27318662361296,-32.81387569191127],[-71.27312934647634,-32.81390173957688],[-71.27309101405308,-32.813913308576645],[-71.2730501630342,-32.813927097854815],[-71.27300358981668,-32.81394370923374],[-71.27294995205222,-32.81396099254653],[-71.27289880517478,-32.81397496878203]]]]}},{"type":"Feature","properties":{"fid":121,"Bloque":"3","HAS":1.98,"Plantas":2200,"ID_Potrero":20,"Variedad":"Murcott","Potrero_Nombre":"29","Potrero_HAS":10.09,"Potrero_Plantas":11211,"Potrero_Alias:":"29","Potrero_Especie":"Mandarina","Potrero_Nombre_GeoJSON":"29","Potrero_Alias_GeoJSON":"El Peumo","Bloque_GeoJSON":"3","potrero":"29","bloque":"3","campo_id":"17d752f7-fa58-4cf2-95a9-624929561652","especie":"MANDARINA","variedad":"MURCOTT","hectareas":0.34,"plantas_supabase":377.7777778,"precipitacion":1.98,"caudal":13.860566,"normalizacion_estado":"COINCIDENCIA"},"geometry":{"type":"MultiPolygon","coordinates":[[[[-71.27203610912964,-32.815212999507864],[-71.2718026121877,-32.814287043946145],[-71.27157411544862,-32.81338463938216],[-71.2713462472017,-32.812506724190285],[-71.2716652363138,-32.812404970222545],[-71.27178139714418,-32.812408986912125],[-71.27188700763591,-32.81237848467996],[-71.27192432505116,-32.81232472078902],[-71.27225518873824,-32.81221458262801],[-71.27249446659701,-32.813184169103025],[-71.27265651565224,-32.81382694060887],[-71.27281287596631,-32.81443612567262],[-71.27283421603829,-32.81449748835285],[-71.27264507095286,-32.81455311256292],[-71.27278149307742,-32.81505621593419],[-71.27263516260975,-32.815100891268074],[-71.27247791846713,-32.815121612498814],[-71.27225257376006,-32.815174196885145],[-71.27212452436822,-32.815196172388085],[-71.27203610912964,-32.815212999507864]]]]}},{"type":"Feature","properties":{"fid":122,"Bloque":"4","HAS":2.21,"Plantas":2456,"ID_Potrero":20,"Variedad":"Murcott","Potrero_Nombre":"29","Potrero_HAS":10.09,"Potrero_Plantas":11211,"Potrero_Alias:":"29","Potrero_Especie":"Mandarina","Potrero_Nombre_GeoJSON":"29","Potrero_Alias_GeoJSON":"El Peumo","Bloque_GeoJSON":"4","potrero":"29","bloque":"4","campo_id":"4d94cd51-1415-4496-814b-64f25fec1720","especie":"MANDARINA","variedad":"MURCOTT","hectareas":1.98,"plantas_supabase":2200,"precipitacion":1.98,"caudal":53.924259,"normalizacion_estado":"COINCIDENCIA"},"geometry":{"type":"MultiPolygon","coordinates":[[[[-71.27134088737762,-32.81250988414919],[-71.27169321604927,-32.81386025508039],[-71.27041086223737,-32.8142321878676],[-71.27007230330078,-32.81292186272589],[-71.2701401952912,-32.81288183721654],[-71.27077938689484,-32.81267831249634],[-71.27134088737762,-32.81250988414919]]]]}},{"type":"Feature","properties":{"fid":123,"Bloque":"5","HAS":1.95,"Plantas":2167,"ID_Potrero":20,"Variedad":"Murcott","Potrero_Nombre":"29","Potrero_HAS":10.09,"Potrero_Plantas":11211,"Potrero_Alias:":"29","Potrero_Especie":"Mandarina","Potrero_Nombre_GeoJSON":"29","Potrero_Alias_GeoJSON":"El Peumo","Bloque_GeoJSON":"5A","potrero":"29","bloque":"5","campo_id":"cab3b73f-6340-40ce-874c-f8e6a21f8164","especie":"MANDARINA","variedad":"MURCOTT","hectareas":2.21,"plantas_supabase":2455.555556,"precipitacion":1.98,"caudal":58.456897,"normalizacion_estado":"COINCIDENCIA"},"geometry":{"type":"MultiPolygon","coordinates":[[[[-71.27169959578224,-32.813873410869576],[-71.27179582153786,-32.81432199410088],[-71.27165992141985,-32.81437610864225],[-71.27148394688173,-32.81443266142353],[-71.27134151113958,-32.81447013499294],[-71.27122357623871,-32.814515372715015],[-71.27107622960298,-32.814550882870826],[-71.27098475478155,-32.814585378923155],[-71.27090960573493,-32.81459289942603],[-71.27082779546133,-32.814625167734285],[-71.27076753487044,-32.81464473146559],[-71.2707263947866,-32.814651634729266],[-71.27066375713456,-32.814673293792595],[-71.27060122384621,-32.81469905542721],[-71.27052850387672,-32.8147065316292],[-71.27041255684252,-32.814273477583406],[-71.27105180945924,-32.81407199194605],[-71.27169959578224,-32.813873410869576]]]]}},{"type":"Feature","properties":{"fid":124,"Bloque":"E1","HAS":3.06,"Plantas":1518,"ID_Potrero":17,"Variedad":"Hass","Potrero_Nombre":"E","Potrero_HAS":14.51,"Potrero_Plantas":8955,"Potrero_Alias:":"E","Potrero_Especie":"Paltas","Potrero_Nombre_GeoJSON":"E","Potrero_Alias_GeoJSON":"Unidad E","Bloque_GeoJSON":"1","potrero":"E","bloque":"E1","campo_id":"714b0c0a-16ab-4088-bd30-41e6d45f400a","especie":"PALTOS","variedad":"Hass","hectareas":1.67,"plantas_supabase":1518.181818,"precipitacion":1.82,"caudal":58.69,"normalizacion_estado":"COINCIDENCIA"},"geometry":{"type":"MultiPolygon","coordinates":[[[[-71.27621385709001,-32.80294417559082],[-71.27705913013767,-32.8029541597903],[-71.27704230686837,-32.80301149549273],[-71.27701035094675,-32.803143923110675],[-71.27700348130797,-32.803212623185054],[-71.27699012112943,-32.80337052340334],[-71.27698467038283,-32.803459563649355],[-71.27698730403418,-32.80361227798748],[-71.27701651058574,-32.80370221518155],[-71.27709067234451,-32.803810587218514],[-71.27716884811171,-32.803927736917835],[-71.27726729951704,-32.8039908147923],[-71.27734370968693,-32.80403340785544],[-71.27730619865746,-32.80409009327671],[-71.27733770079406,-32.80410407565075],[-71.27744376654121,-32.8041229498895],[-71.27746298983399,-32.804154441904984],[-71.27728131218892,-32.80442709128551],[-71.27721946433898,-32.804539246666735],[-71.27718971750758,-32.80466532917843],[-71.27717085566955,-32.80477249529935],[-71.27708227525602,-32.80494034157331],[-71.27702264136475,-32.805013397541174],[-71.2769342491958,-32.80488286046355],[-71.27691532799803,-32.804834963644275],[-71.27690917890001,-32.80478742389737],[-71.27694671066357,-32.80472152473077],[-71.27696026344773,-32.804638901940436],[-71.27692171115207,-32.80459383970052],[-71.27684411784108,-32.804574897244535],[-71.27671098819245,-32.80452013589334],[-71.27654007137986,-32.8044355947784],[-71.27650508207907,-32.804404021708216],[-71.27641102784506,-32.804330430015106],[-71.27627966896023,-32.804196819226775],[-71.27624153657206,-32.804051921626076],[-71.27623420524857,-32.803861705244614],[-71.27619582960669,-32.80382737382363],[-71.27611855851242,-32.803843713814366],[-71.2760270146714,-32.803853949596494],[-71.27594562272085,-32.80383842768664],[-71.27584248480976,-32.80377424579248],[-71.27577537338513,-32.80358800845745],[-71.2757736958602,-32.803443842224695],[-71.27580079182086,-32.80334410524583],[-71.27584801139173,-32.80325940058953],[-71.27594203050771,-32.80318982638436],[-71.27605470367402,-32.80313797884425],[-71.27612571965402,-32.8030920210581],[-71.27619339965139,-32.803020270355226],[-71.27621385709001,-32.80294417559082]]]]}},{"type":"Feature","properties":{"fid":125,"Bloque":"E2","HAS":1.01,"Plantas":464,"ID_Potrero":null,"Variedad":"Hass","Potrero_Nombre":"E","Potrero_HAS":null,"Potrero_Plantas":null,"Potrero_Alias:":"E","Potrero_Especie":null,"Potrero_Nombre_GeoJSON":"","Potrero_Alias_GeoJSON":"Unidad E","Bloque_GeoJSON":"2","potrero":"E","bloque":"E2","campo_id":"1c27b6e7-0433-415a-98a5-80376cf39f4b","especie":"PALTOS","variedad":"Hass","hectareas":0.51,"plantas_supabase":463.6363636,"precipitacion":1.82,"caudal":18.44,"normalizacion_estado":"COINCIDENCIA"},"geometry":{"type":"MultiPolygon","coordinates":[[[[-71.27705767080532,-32.80295224731287],[-71.2762150547648,-32.80294406510799],[-71.27616552831898,-32.802898479691585],[-71.27605129259543,-32.80284453373347],[-71.27599446404287,-32.80282214001921],[-71.27589424438153,-32.80271725867138],[-71.27586419919575,-32.80261613955205],[-71.27585310024297,-32.80252094938118],[-71.27584583561877,-32.802436664596414],[-71.27581714819831,-32.80238352722049],[-71.27586615227204,-32.802364165316135],[-71.27596209205836,-32.80232819112758],[-71.27606106086569,-32.80230626718927],[-71.27604872544745,-32.802379565597285],[-71.27606163246496,-32.80240908156432],[-71.2761885164723,-32.80230781593544],[-71.27624579807669,-32.802305602474306],[-71.27627871921788,-32.802279023820326],[-71.27634664113735,-32.80229984858668],[-71.27640360806463,-32.802298209533376],[-71.27649035408467,-32.80223800598375],[-71.27648551923053,-32.80216782680828],[-71.27652059420028,-32.80212979030355],[-71.27661771926695,-32.80222011510932],[-71.27658329842035,-32.802263209065664],[-71.27658391113908,-32.80234759571044],[-71.27661273445577,-32.80242989167123],[-71.27671355672562,-32.8025218584831],[-71.27684758358835,-32.80262106151105],[-71.27699457400482,-32.80269399139962],[-71.27717857171362,-32.80275787745277],[-71.27706770530197,-32.802926756293594],[-71.27705767080532,-32.80295224731287]]]]}},{"type":"Feature","properties":{"fid":126,"Bloque":"E3","HAS":3.44,"Plantas":1238,"ID_Potrero":17,"Variedad":"Gem","Potrero_Nombre":"E","Potrero_HAS":14.51,"Potrero_Plantas":8955,"Potrero_Alias:":"E","Potrero_Especie":"Paltas","Potrero_Nombre_GeoJSON":"E","Potrero_Alias_GeoJSON":"Unidad E","Bloque_GeoJSON":"3","potrero":"E","bloque":"E3","campo_id":"14d238e7-54a4-4eeb-8da4-a68bc017a724","especie":"PALTOS","variedad":"GEM","hectareas":0.99,"plantas_supabase":1237.5,"precipitacion":3.5,"caudal":67.98,"normalizacion_estado":"COINCIDENCIA"},"geometry":{"type":"MultiPolygon","coordinates":[[[[-71.27675266162397,-32.80255714600859],[-71.27661586381568,-32.802428688849275],[-71.27658478414958,-32.802347582755466],[-71.27658506684013,-32.80226386442104],[-71.27662022121787,-32.80222034750505],[-71.27652119384071,-32.80212924747014],[-71.27648467507956,-32.802166663818916],[-71.27649006921698,-32.802235986408576],[-71.27640093407832,-32.802295798466744],[-71.27634476372268,-32.8022973304997],[-71.2762783550023,-32.802276589069194],[-71.27624640887683,-32.80230371326434],[-71.2761890432733,-32.80230577741094],[-71.27605988115054,-32.80240766330603],[-71.27605009085863,-32.802379256343684],[-71.27606392490028,-32.802305500497226],[-71.27596110123929,-32.8023262568014],[-71.27581420253506,-32.802380664310625],[-71.27574739763384,-32.80226707098742],[-71.27575536267072,-32.802094379334626],[-71.2757490545848,-32.801998747227536],[-71.27567995352776,-32.80196110861904],[-71.27565465144075,-32.80197163100621],[-71.27556602240954,-32.80200216054398],[-71.27541142388989,-32.80204012687355],[-71.27516209721452,-32.802098949300536],[-71.27500696061747,-32.802070781520754],[-71.2749554686414,-32.801903002925236],[-71.27508812705821,-32.80184342166321],[-71.27520906670738,-32.80179676296564],[-71.27544964834594,-32.80175211569071],[-71.27541889011387,-32.801732372290466],[-71.27519939542474,-32.801778207542995],[-71.2751651373113,-32.801747590270125],[-71.27542440783203,-32.801643837769525],[-71.2755327975662,-32.8015729382207],[-71.27567142070116,-32.80148747885667],[-71.27575961412383,-32.8014946967935],[-71.27588603086532,-32.801544448625776],[-71.27597944807806,-32.80153583123767],[-71.27605701823583,-32.80156398821708],[-71.2761749817311,-32.80158586006132],[-71.27642827033402,-32.80159985408903],[-71.2765987612697,-32.80151247738804],[-71.27674086321076,-32.801599164653034],[-71.27666296323854,-32.80175118395846],[-71.27665222777667,-32.801883700969114],[-71.27669348081278,-32.801940284957396],[-71.27674162240223,-32.802040758032625],[-71.27677888393055,-32.802188294725504],[-71.27670121951456,-32.802384305100695],[-71.2767374049498,-32.802476669181175],[-71.27675266162397,-32.80255714600859]]]]}},{"type":"Feature","properties":{"fid":127,"Bloque":"E4","HAS":2.09,"Plantas":1400,"ID_Potrero":17,"Variedad":"Gem","Potrero_Nombre":"E","Potrero_HAS":14.51,"Potrero_Plantas":8955,"Potrero_Alias:":"E","Potrero_Especie":"Paltas","Potrero_Nombre_GeoJSON":"E","Potrero_Alias_GeoJSON":"Unidad E","Bloque_GeoJSON":"4","potrero":"E","bloque":"E4","campo_id":"24dc025a-0fe3-4cd2-81fb-baa9b6a983d8","especie":"PALTOS","variedad":"GEM","hectareas":1.12,"plantas_supabase":1400,"precipitacion":3.5,"caudal":70.63,"normalizacion_estado":"COINCIDENCIA"},"geometry":{"type":"MultiPolygon","coordinates":[[[[-71.27463781050054,-32.80139118334572],[-71.27451669332434,-32.80182684848472],[-71.27474756015731,-32.801812719216],[-71.27507606875696,-32.801749718679204],[-71.27516433810288,-32.801717980957214],[-71.27525816842015,-32.8017031847011],[-71.27535073141135,-32.801659845790624],[-71.2754021985958,-32.801597802566256],[-71.27553528456379,-32.8015312549143],[-71.27568070698955,-32.80140934398882],[-71.27562221378322,-32.801388127258384],[-71.27553792436619,-32.80142046768127],[-71.2755517236806,-32.80137722911287],[-71.27563113235463,-32.801325891388075],[-71.27560647588282,-32.80128517656517],[-71.2755463637594,-32.80121395503787],[-71.27548372228118,-32.80126374605995],[-71.27532859971373,-32.801320020569115],[-71.27518443806467,-32.80135368408915],[-71.27501110262308,-32.80138235710662],[-71.27479529687041,-32.80140465551418],[-71.27463781050054,-32.80139118334572]]],[[[-71.27495691090807,-32.801912164748956],[-71.27492332632252,-32.80187500212698],[-71.2749819320046,-32.80185045637925],[-71.27507448101005,-32.801800988689585],[-71.27487551788735,-32.801827529142884],[-71.27459615992585,-32.801869672957814],[-71.27433338935616,-32.80187139123749],[-71.27415255487172,-32.80182256269186],[-71.27378264221215,-32.801701759756995],[-71.27367601814501,-32.80164448486247],[-71.27356041681806,-32.80156695506998],[-71.27348549303284,-32.80152033400767],[-71.27312472344285,-32.80183111281947],[-71.27322472156139,-32.801913009974264],[-71.27328866744459,-32.801955746997976],[-71.27341095992728,-32.8020586778352],[-71.27351689583907,-32.802136383314675],[-71.27362313060003,-32.802178351998336],[-71.27370599296664,-32.80220441087733],[-71.27382268625769,-32.80222985510239],[-71.27380418601011,-32.80226285978214],[-71.2736973405686,-32.802244382900625],[-71.27371364551466,-32.802267567255114],[-71.27376519753676,-32.80229827844589],[-71.27396910605522,-32.802378287244096],[-71.27409556959329,-32.802407637272005],[-71.27420086911343,-32.802412870282176],[-71.27435057425927,-32.802358084501954],[-71.27447490604428,-32.80230375963684],[-71.27455770305006,-32.802279795362644],[-71.27465364880598,-32.802253320396794],[-71.27472334892043,-32.80223390749669],[-71.27481840995549,-32.80220127556336],[-71.27486116014822,-32.802152296096494],[-71.27487516017729,-32.80213872213997],[-71.2749300177709,-32.80208964944311],[-71.27497809605802,-32.8020678144005],[-71.2750033022192,-32.80207060718942],[-71.27495691090807,-32.801912164748956]]]]}},{"type":"Feature","properties":{"fid":128,"Bloque":"E5","HAS":1.79,"Plantas":1673,"ID_Potrero":17,"Variedad":"Hass","Potrero_Nombre":"E","Potrero_HAS":14.51,"Potrero_Plantas":8955,"Potrero_Alias:":"E","Potrero_Especie":"Paltas","Potrero_Nombre_GeoJSON":"E","Potrero_Alias_GeoJSON":"Unidad E","Bloque_GeoJSON":"5","potrero":"E","bloque":"E5","campo_id":"e91c9182-9cb7-49b3-b600-e32b07a663b6","especie":"PALTOS","variedad":"Hass","hectareas":1.84,"plantas_supabase":1672.727273,"precipitacion":1.82,"caudal":66.37,"normalizacion_estado":"COINCIDENCIA"},"geometry":{"type":"MultiPolygon","coordinates":[[[[-71.27363061856126,-32.799671922062416],[-71.27335191177312,-32.799637425713044],[-71.27327076176685,-32.79969404035467],[-71.2731616323927,-32.7997685886117],[-71.27306931800494,-32.799879457436475],[-71.27301569268509,-32.79994274541835],[-71.27299496113999,-32.800021423735664],[-71.27293982831695,-32.80004493218677],[-71.2728746117953,-32.80014511337977],[-71.27283703734481,-32.800229439157114],[-71.27279018454115,-32.80029824375709],[-71.27272691559588,-32.80039005683238],[-71.27269702923017,-32.80048697972186],[-71.27272557284616,-32.800632762385185],[-71.27277313449966,-32.800752225943576],[-71.272805216358,-32.80080351554878],[-71.27283854405917,-32.80089256166307],[-71.27285463661592,-32.8009842207775],[-71.27286934571414,-32.80106986616602],[-71.27287966100286,-32.801274071620206],[-71.2729189603436,-32.80144078455837],[-71.27296645771642,-32.80159713966436],[-71.27303014316858,-32.8017246157397],[-71.27310644393965,-32.80182531943336],[-71.27347708734969,-32.80152252847521],[-71.27351854406679,-32.80148910685691],[-71.27365000825958,-32.80157247390107],[-71.27380972997885,-32.80167370354235],[-71.27396126692783,-32.80173832950492],[-71.27427538405918,-32.801826544467275],[-71.27439290064608,-32.80185361968161],[-71.27449855662266,-32.801845921707155],[-71.27463088957292,-32.801388470620594],[-71.27455441127213,-32.80137812424189],[-71.27438385392288,-32.8013150419773],[-71.27416401339259,-32.8012176100037],[-71.27406020210384,-32.80117395997826],[-71.27389841389774,-32.80105684357945],[-71.27377515491222,-32.800933162927],[-71.27359615467769,-32.80073938206062],[-71.27352547225901,-32.80064701788214],[-71.273487415173,-32.800530772194634],[-71.27350495856862,-32.80030090211875],[-71.27352579932939,-32.80014340011936],[-71.273533824406,-32.80006487002954],[-71.27373017277803,-32.79971820087007],[-71.27373064741899,-32.79968437987155],[-71.27363061856126,-32.799671922062416]]]]}},{"type":"Feature","properties":{"fid":129,"Bloque":"E6","HAS":1.4,"Plantas":1250,"ID_Potrero":17,"Variedad":"Gem","Potrero_Nombre":"E","Potrero_HAS":14.51,"Potrero_Plantas":8955,"Potrero_Alias:":"E","Potrero_Especie":"Paltas","Potrero_Nombre_GeoJSON":"E","Potrero_Alias_GeoJSON":"Unidad E","Bloque_GeoJSON":"6","potrero":"E","bloque":"E6","campo_id":"d7d4e0b1-8d56-4e6e-b33f-5e7aa4d0616c","especie":"PALTOS","variedad":"GEM","hectareas":1,"plantas_supabase":1250,"precipitacion":3.5,"caudal":28.09,"normalizacion_estado":"COINCIDENCIA"},"geometry":{"type":"MultiPolygon","coordinates":[[[[-71.27269865865183,-32.79890134798124],[-71.27324551971626,-32.798875479640465],[-71.2732583082944,-32.79892752490504],[-71.27327878514339,-32.798992167285235],[-71.27331796988541,-32.79907964955028],[-71.27336476694799,-32.799094781103115],[-71.2734084736511,-32.7991235038312],[-71.27343872429421,-32.79916063242788],[-71.27346530126226,-32.79920837636298],[-71.27363768936324,-32.799190389191324],[-71.2737806480966,-32.79921814626069],[-71.27378120654578,-32.7993255677428],[-71.27377119937374,-32.79939813936227],[-71.27375575509734,-32.799522390054406],[-71.27373145270005,-32.7996812349443],[-71.27363041067683,-32.79966375868793],[-71.27356843138983,-32.79966258749068],[-71.27349080056237,-32.79965200205849],[-71.27329777721087,-32.79963115926656],[-71.27326446372308,-32.79965470267037],[-71.27320449940035,-32.79969708077659],[-71.2731395930589,-32.79974810304203],[-71.27309334638431,-32.7997840982236],[-71.27303266607703,-32.79984906040918],[-71.27298394143781,-32.799922131935915],[-71.27292064543131,-32.79996686425139],[-71.27290603968741,-32.80001324750809],[-71.27287253320341,-32.800063420936965],[-71.272809291954,-32.800202314889816],[-71.27276202614745,-32.80027729887651],[-71.27271442299072,-32.800354361054765],[-71.27267395059192,-32.800425647850744],[-71.272651986637,-32.80049011001966],[-71.27265902778822,-32.80055394442924],[-71.27269099243368,-32.80062776300159],[-71.27272059621619,-32.8007161290101],[-71.27262926508807,-32.80068463309023],[-71.272489746614,-32.80048664780904],[-71.27248768244489,-32.80033944675566],[-71.27250578540298,-32.80021699824302],[-71.27246331088412,-32.80011344230126],[-71.27246498463637,-32.7999014127946],[-71.27255314328492,-32.79962715945016],[-71.27252937680625,-32.79954644351665],[-71.27252841342488,-32.79950149609131],[-71.2726750620308,-32.79942655899504],[-71.27278251205296,-32.79932964789783],[-71.27269865865183,-32.79890134798124]]]]}},{"type":"Feature","properties":{"fid":130,"Bloque":"E7","HAS":1.72,"Plantas":1413,"ID_Potrero":17,"Variedad":"Gem","Potrero_Nombre":"E","Potrero_HAS":14.51,"Potrero_Plantas":8955,"Potrero_Alias:":"E","Potrero_Especie":"Paltas","Potrero_Nombre_GeoJSON":"E","Potrero_Alias_GeoJSON":"Unidad E","Bloque_GeoJSON":"7","potrero":"E","bloque":"E7","campo_id":"be54783f-e70e-4294-a42c-a000b3a98002","especie":"PALTOS","variedad":"GEM","hectareas":1.13,"plantas_supabase":1412.5,"precipitacion":3.5,"caudal":33.7,"normalizacion_estado":"COINCIDENCIA"},"geometry":{"type":"MultiPolygon","coordinates":[[[[-71.27367579178659,-32.798988305906335],[-71.27346567798148,-32.79908075777744],[-71.27340034468436,-32.79907000528278],[-71.27335759469436,-32.79902993524595],[-71.27331364005158,-32.798933680935214],[-71.27328227440667,-32.79885980727327],[-71.27319691176817,-32.79887431405435],[-71.27288850216104,-32.79889114450981],[-71.27269761247926,-32.798893256047315],[-71.27264859329334,-32.798682830809696],[-71.27265134689745,-32.79858226880278],[-71.27265793394736,-32.798523215107515],[-71.2726755889868,-32.79845106564606],[-71.27272373537146,-32.79827978656327],[-71.27273371597931,-32.79816013412441],[-71.27271147102817,-32.79805368911363],[-71.2726553693112,-32.79797595522803],[-71.27266148154204,-32.79792011975258],[-71.27272452879642,-32.7978078560189],[-71.27277362423368,-32.79774703296132],[-71.2728901147008,-32.79769615853061],[-71.27303495137204,-32.797612388752015],[-71.27313188889056,-32.79757478919634],[-71.27320313281652,-32.79754467695108],[-71.27336282763098,-32.79752380746107],[-71.27347863094886,-32.79755713988251],[-71.27351726430734,-32.797593495314516],[-71.27376068144443,-32.79755466814388],[-71.27365234691706,-32.797691580373986],[-71.27352067251924,-32.79785418680375],[-71.27349794563955,-32.797903366276294],[-71.27341798842701,-32.79808167380178],[-71.27339794592763,-32.798179736178255],[-71.27338632794613,-32.798258597638664],[-71.27338706493991,-32.79840489762193],[-71.27337601127617,-32.79846937730296],[-71.2733849319159,-32.79858523951702],[-71.2734544494666,-32.7986729948804],[-71.27354341849878,-32.7988080867368],[-71.27362214563281,-32.79888271000891],[-71.27367579178659,-32.798988305906335]]]]}},{"type":"Feature","properties":{"fid":131,"Bloque":"2","HAS":0.34,"Plantas":378,"ID_Potrero":20,"Variedad":"Murcott","Potrero_Nombre":"29","Potrero_HAS":10.09,"Potrero_Plantas":11211,"Potrero_Alias:":"29","Potrero_Especie":"Mandarina","Potrero_Nombre_GeoJSON":"29","Potrero_Alias_GeoJSON":"El Peumo","Bloque_GeoJSON":"2B","potrero":"29","bloque":"2","campo_id":"3f3ab43b-74a3-4ddb-a3b4-63f7f3887236","especie":"MANDARINA","variedad":"MURCOTT","hectareas":1.85,"plantas_supabase":2055.555556,"precipitacion":1.98,"caudal":42.744138,"normalizacion_estado":"COINCIDENCIA"},"geometry":{"type":"MultiPolygon","coordinates":[[[[-71.27338894836052,-32.81385733833829],[-71.2733286275797,-32.81396607397756],[-71.27326030793304,-32.814064082186285],[-71.27321311927727,-32.81413235019361],[-71.2731802399716,-32.81425689634231],[-71.27313609576187,-32.81434359262587],[-71.27306080119922,-32.81447108374699],[-71.27309207705997,-32.814586853628164],[-71.27303868808977,-32.81461391790613],[-71.27310580654168,-32.81482254202058],[-71.27306531501401,-32.814850459304054],[-71.27310618136323,-32.814988887653705],[-71.27306708749302,-32.8150211286343],[-71.27300046845424,-32.81503429869663],[-71.27278754751396,-32.81506643504606],[-71.2726591517183,-32.814575145898296],[-71.27284175119203,-32.81451529146718],[-71.27272203631442,-32.81404885190373],[-71.27329138055207,-32.81386862440875],[-71.2733477028826,-32.81385564126717],[-71.27338894836052,-32.81385733833829]]]]}},{"type":"Feature","properties":{"fid":132,"Bloque":"5","HAS":1.2,"Plantas":1333,"ID_Potrero":20,"Variedad":"Murcott","Potrero_Nombre":"29","Potrero_HAS":10.09,"Potrero_Plantas":11211,"Potrero_Alias:":"29","Potrero_Especie":"Mandarina","Potrero_Nombre_GeoJSON":"29","Potrero_Alias_GeoJSON":"El Peumo","Bloque_GeoJSON":"5B","potrero":"29","bloque":"5","campo_id":"cab3b73f-6340-40ce-874c-f8e6a21f8164","especie":"MANDARINA","variedad":"MURCOTT","hectareas":2.21,"plantas_supabase":2455.555556,"precipitacion":1.98,"caudal":58.456897,"normalizacion_estado":"COINCIDENCIA"},"geometry":{"type":"MultiPolygon","coordinates":[[[[-71.27192653712665,-32.814803456726395],[-71.27203298849427,-32.815216861616015],[-71.27189895404693,-32.81523723508407],[-71.27187034252198,-32.81525134541873],[-71.27171824852444,-32.815270415657714],[-71.27167498867125,-32.815290771861974],[-71.27140582593117,-32.81533914865104],[-71.27134481803257,-32.815345148728966],[-71.27124757328876,-32.815369202824094],[-71.27089954055899,-32.81517709209541],[-71.27088058932164,-32.815123931992574],[-71.27078279369829,-32.81510107968252],[-71.27071062341271,-32.81503466510812],[-71.27069743326078,-32.81499385949771],[-71.27065138235776,-32.81499879960221],[-71.27063544981833,-32.81494573025886],[-71.27055082047016,-32.8148672281669],[-71.2705401400143,-32.81473402584747],[-71.27097173344026,-32.81459895483946],[-71.27120580094198,-32.814533139431944],[-71.27154343641043,-32.81443055545256],[-71.27180357146152,-32.814338612671975],[-71.27192653712665,-32.814803456726395]]]]}},{"type":"Feature","properties":{"fid":133,"Bloque":"7","HAS":1.4,"Plantas":1556,"ID_Potrero":22,"Variedad":"Lane Late","Potrero_Nombre":"20A","Potrero_HAS":2.93,"Potrero_Plantas":3256,"Potrero_Alias:":"20A","Potrero_Especie":"Naranjas","Potrero_Nombre_GeoJSON":"20","Potrero_Alias_GeoJSON":"P20A","Bloque_GeoJSON":"7","potrero":"20A","bloque":"7","campo_id":"1eea43bb-c1ca-4e28-a522-c5bac69ebd01","especie":"NARANJA","variedad":"LANE LATE","hectareas":1.4,"plantas_supabase":1555.555556,"precipitacion":3.1,"caudal":40.024483,"normalizacion_estado":"COINCIDENCIA"},"geometry":{"type":"MultiPolygon","coordinates":[[[[-71.27108863686952,-32.807113206852236],[-71.2711618315703,-32.80702369010839],[-71.27108925128522,-32.807465391113915],[-71.27083591087191,-32.808055796451164],[-71.27072998786684,-32.80829586136605],[-71.27068048979554,-32.80853174734657],[-71.2706706311163,-32.80859611639968],[-71.27052965440015,-32.80884420525676],[-71.27050613227351,-32.808908112444854],[-71.27037554692637,-32.80928555930598],[-71.27014814853655,-32.80934541943023],[-71.2700845358857,-32.809350260643264],[-71.27003631630626,-32.809314787797305],[-71.26996945548551,-32.809285127739],[-71.26934201174711,-32.80926006506516],[-71.26930276776181,-32.809256518068025],[-71.27115795601881,-32.807031212303194],[-71.27108863686952,-32.807113206852236]]]]}},{"type":"Feature","properties":{"fid":134,"Bloque":"J1","HAS":null,"Plantas":null,"ID_Potrero":12,"Variedad":null,"Potrero_Nombre":"J","Potrero_HAS":3.74,"Potrero_Plantas":3400,"Potrero_Alias:":"J","Potrero_Especie":"Paltas","Potrero_Nombre_GeoJSON":"J","Potrero_Alias_GeoJSON":"Unidad J","Bloque_GeoJSON":"1","potrero":"J","bloque":"J1","campo_id":"98354a71-ea09-4a31-bea0-3cc918be4316","especie":"PALTOS","variedad":"Hass","hectareas":2.75,"plantas_supabase":2500,"precipitacion":1.82,"caudal":34.2,"normalizacion_estado":"COINCIDENCIA"},"geometry":{"type":"MultiPolygon","coordinates":[[[[-71.27858116889632,-32.79426971124509],[-71.27842090092861,-32.79439216742101],[-71.27818924606319,-32.79456398856912],[-71.27767146803531,-32.79496158185925],[-71.27756382032489,-32.795048899275066],[-71.27746199909619,-32.795175500707],[-71.27737725202674,-32.79525649437459],[-71.27716583069198,-32.79542149455117],[-71.27706367383513,-32.7954856711054],[-71.27700777323712,-32.79547313507228],[-71.27697323520015,-32.795449709074035],[-71.27687214715309,-32.79538022153344],[-71.2767186074226,-32.79532683200983],[-71.27643545959063,-32.79522705662545],[-71.27624944636865,-32.79511934332316],[-71.27619350354698,-32.79508970333222],[-71.27607719978063,-32.79504311350322],[-71.27591538849836,-32.79500072163461],[-71.27568977499705,-32.79493350858938],[-71.27559635626874,-32.79488583078664],[-71.27545683735376,-32.794809651774365],[-71.27538473392644,-32.79474874847979],[-71.27534409021081,-32.794659354304436],[-71.27532008985504,-32.79462369674139],[-71.27530710059612,-32.79454198710156],[-71.2753106361085,-32.7944474940439],[-71.27534751124504,-32.79437653795264],[-71.27539246680304,-32.794321213319385],[-71.27541947933035,-32.79425833186038],[-71.27545276163148,-32.79418770715401],[-71.27562142190155,-32.793939952174725],[-71.2757979199728,-32.79376670581044],[-71.27584592965576,-32.7937290680648],[-71.27589847304233,-32.793762579883015],[-71.27593638003273,-32.793702147713724],[-71.27602640731193,-32.793711999897845],[-71.27608364148072,-32.79366270531025],[-71.27613961982723,-32.79367087869732],[-71.27619303849454,-32.79363199356819],[-71.27629698384426,-32.793654230415996],[-71.27634386780966,-32.79362580418162],[-71.27639221225138,-32.79354794853283],[-71.27648093833895,-32.793560121860914],[-71.27652752945163,-32.79352021185387],[-71.2766581985628,-32.79352357995061],[-71.27709986041432,-32.793371511169894],[-71.2771510514154,-32.79354104020242],[-71.27702976094763,-32.793745453468695],[-71.27711947024797,-32.79384952068711],[-71.27733236106691,-32.793876668219504],[-71.27732816934498,-32.79397899683234],[-71.27740372659963,-32.794061492136365],[-71.27750178250731,-32.79411945109375],[-71.27783655411145,-32.794071999321865],[-71.27823641655219,-32.79412331655781],[-71.27835103194917,-32.79410090878136],[-71.27862291619206,-32.794237094309395],[-71.27858116889632,-32.79426971124509]]]]}},{"type":"Feature","properties":{"fid":135,"Bloque":"J2","HAS":2.61,"Plantas":null,"ID_Potrero":12,"Variedad":null,"Potrero_Nombre":"J","Potrero_HAS":3.74,"Potrero_Plantas":3400,"Potrero_Alias:":"J","Potrero_Especie":"Paltas","Potrero_Nombre_GeoJSON":"J","Potrero_Alias_GeoJSON":"Unidad J","Bloque_GeoJSON":"2","potrero":"J","bloque":"J2","campo_id":"8bbfbaf9-0352-4fbe-bb7d-4aa32c5a8492","especie":"PALTOS","variedad":"Hass","hectareas":2.61,"plantas_supabase":2372.727273,"precipitacion":1.82,"caudal":25.8,"normalizacion_estado":"COINCIDENCIA"},"geometry":{"type":"MultiPolygon","coordinates":[[[[-71.2765158185802,-32.793196109415284],[-71.27620066008983,-32.79337861971387],[-71.27584186694916,-32.79347983018294],[-71.2756446640166,-32.79357153420527],[-71.27552464558386,-32.793629508438464],[-71.27545202316863,-32.793664547347454],[-71.27532646601713,-32.79364140869138],[-71.27522303464227,-32.793613873537566],[-71.2751172336894,-32.79359855387902],[-71.27500472163626,-32.79356196453676],[-71.27493783456694,-32.79353846943214],[-71.2748154667444,-32.79349475270656],[-71.27454550509837,-32.79341942236724],[-71.2743092970345,-32.7933107931088],[-71.27424384937001,-32.79318884353869],[-71.27409034126782,-32.79306385603535],[-71.27390333725819,-32.79291255667824],[-71.27341971745278,-32.793037362950116],[-71.27306340062796,-32.79295630790266],[-71.27284308994646,-32.79282189552565],[-71.27257934577884,-32.79259056821328],[-71.27246805222715,-32.79247860172685],[-71.27238381259593,-32.79234070053646],[-71.27280095891152,-32.792018645929524],[-71.27300702208686,-32.79216145906667],[-71.27325003323381,-32.79228833479755],[-71.27380718090045,-32.7923067127688],[-71.274338556706,-32.79216475364088],[-71.27459103110212,-32.79233850386931],[-71.2745483630102,-32.79253165428601],[-71.27457260354824,-32.792735718743124],[-71.27464558427539,-32.79282400715688],[-71.27485931190284,-32.79287974660153],[-71.27519082966555,-32.792869245820555],[-71.27545108538783,-32.79294034300569],[-71.27558591643766,-32.79302810191458],[-71.27571955766672,-32.79309439685741],[-71.27601693818663,-32.79317114588894],[-71.2765158185802,-32.793196109415284]]]]}},{"type":"Feature","properties":{"fid":136,"Bloque":"J3","HAS":null,"Plantas":null,"ID_Potrero":12,"Variedad":null,"Potrero_Nombre":"J","Potrero_HAS":3.74,"Potrero_Plantas":3400,"Potrero_Alias:":"J","Potrero_Especie":"Paltas","Potrero_Nombre_GeoJSON":"J","Potrero_Alias_GeoJSON":"Unidad J","Bloque_GeoJSON":"3","potrero":"J","bloque":"J3","campo_id":"b095863c-8078-4384-b64c-48ab0493a0a5","especie":"PALTOS","variedad":"Hass","hectareas":1.2,"plantas_supabase":1090.909091,"precipitacion":1.82,"caudal":52.8,"normalizacion_estado":"COINCIDENCIA"},"geometry":{"type":"MultiPolygon","coordinates":[[[[-71.27280499327281,-32.79200938758078],[-71.27236481734086,-32.7923491872692],[-71.27241867648111,-32.79246455635352],[-71.27244115155204,-32.79260200124879],[-71.2726393923781,-32.79278541212257],[-71.2728531637817,-32.79288305053081],[-71.27310403023775,-32.793046269833134],[-71.2733034708879,-32.793077912810226],[-71.27348021687838,-32.7930629480663],[-71.27362326720049,-32.79301653628414],[-71.27265916932339,-32.79422128749717],[-71.27214784856886,-32.793903569800854],[-71.27191192672159,-32.793681302898435],[-71.27142695675404,-32.79301900586982],[-71.2713954827796,-32.79282615542724],[-71.27134252568467,-32.79258453790883],[-71.27130689299442,-32.7923276452377],[-71.2713842919077,-32.791838946799786],[-71.27148694656691,-32.79164686846972],[-71.27155322400765,-32.7915665874078],[-71.27158498942632,-32.79152219727465],[-71.27162074579344,-32.791469846107816],[-71.27167179213595,-32.791387242173705],[-71.27167439070027,-32.79131437430901],[-71.27166301956586,-32.79125092978183],[-71.27163814415714,-32.79118468365994],[-71.27165162272544,-32.79110849084089],[-71.27168125831686,-32.79100953205071],[-71.27171844584606,-32.79092026354136],[-71.2717522275804,-32.79085527179799],[-71.27179732614833,-32.7908064242601],[-71.27183458998715,-32.7907612384479],[-71.27188587275548,-32.79072706184056],[-71.27195733774029,-32.79066643870056],[-71.27207539078532,-32.79053429052456],[-71.27212228872513,-32.79047306364268],[-71.27221347517035,-32.790425086488526],[-71.27218333667123,-32.79051422894661],[-71.27212942261885,-32.79062609990138],[-71.27211607777701,-32.79068298727736],[-71.27211441023212,-32.79073140528715],[-71.27209732767191,-32.79080548889037],[-71.27213994172986,-32.790950977423314],[-71.27217750209962,-32.79102838692535],[-71.27233764094981,-32.79120116085687],[-71.2723845464686,-32.79135970203387],[-71.27244016795562,-32.791469698988884],[-71.27248947195208,-32.79158433046679],[-71.27257163724092,-32.79171215526198],[-71.27267703032808,-32.79181387011542],[-71.27280499327281,-32.79200938758078]]]]}},{"type":"Feature","properties":{"fid":137,"Bloque":"J6","HAS":null,"Plantas":null,"ID_Potrero":12,"Variedad":null,"Potrero_Nombre":"J","Potrero_HAS":3.74,"Potrero_Plantas":3400,"Potrero_Alias:":"J","Potrero_Especie":"Paltas","Potrero_Nombre_GeoJSON":"J","Potrero_Alias_GeoJSON":"Unidad J","Bloque_GeoJSON":"6","potrero":"J","bloque":"J6","campo_id":"efb0bf75-51b0-46f9-b12a-6f5727b9144f","especie":"PALTOS","variedad":"Hass","hectareas":0.87,"plantas_supabase":790.9090909,"precipitacion":1.82,"caudal":31.9,"normalizacion_estado":"COINCIDENCIA"},"geometry":{"type":"MultiPolygon","coordinates":[[[[-71.26983738117228,-32.79209552354085],[-71.26977522326483,-32.79216778540993],[-71.26974620431255,-32.792233921139626],[-71.26962884949334,-32.79230103663468],[-71.26963941700737,-32.79239218185646],[-71.26965583705714,-32.792425468639834],[-71.26970390459283,-32.79252926223046],[-71.26977326154365,-32.79267769449761],[-71.26976775923438,-32.79275701521391],[-71.26967378984077,-32.79283630425762],[-71.26968154464852,-32.79287755483315],[-71.26975223042314,-32.792974416160675],[-71.26977877499044,-32.79300165168993],[-71.26980508376033,-32.793073945181234],[-71.26980439271703,-32.79314361033638],[-71.2698300479214,-32.79321084633116],[-71.26989722549115,-32.79327118323308],[-71.26999413213927,-32.79342089856458],[-71.27005350155441,-32.79358021619269],[-71.2700974965572,-32.793714339055555],[-71.2700808452461,-32.793782405155845],[-71.27004968028473,-32.79371970995927],[-71.2699906434708,-32.7936179535077],[-71.26992662306348,-32.7935642788473],[-71.26990066945434,-32.79351114420035],[-71.26986284066263,-32.79348801976477],[-71.2697800649316,-32.79339841448834],[-71.26966360598433,-32.79332010316752],[-71.26959719071033,-32.79326097530029],[-71.26950961249001,-32.7931482709931],[-71.26943270611412,-32.79306656865751],[-71.26934819079345,-32.79299631508667],[-71.26916277855106,-32.792747798236604],[-71.26908420836156,-32.792608674412016],[-71.26889494966483,-32.79244290764313],[-71.26879677448315,-32.79232555036247],[-71.26870945144711,-32.79217495069789],[-71.26862178271273,-32.79205918355594],[-71.26862092251933,-32.792057215759144],[-71.26849054517042,-32.79169768684343],[-71.26845039029918,-32.791630763826014],[-71.26852108735291,-32.791605822260905],[-71.2685817522769,-32.79166266599183],[-71.26862702227814,-32.79170352864397],[-71.26875039377916,-32.79173923795232],[-71.26899007847739,-32.79175603524614],[-71.26920219457345,-32.79172829051589],[-71.26930020297452,-32.791802161960504],[-71.26937998269867,-32.791819371618125],[-71.26946908568527,-32.79188996980509],[-71.26969490673146,-32.791977645427494],[-71.26974988843615,-32.79201863582352],[-71.26979520118603,-32.79204107023033],[-71.26983738117228,-32.79209552354085]]]]}},{"type":"Feature","properties":{"fid":138,"Bloque":"2","HAS":1.48,"Plantas":1850,"ID_Potrero":29,"Variedad":"Cara Cara","Potrero_Nombre":"30","Potrero_HAS":11.4,"Potrero_Plantas":8056,"Potrero_Alias:":"30","Potrero_Especie":"Naranjas","Potrero_Nombre_GeoJSON":"30","Potrero_Alias_GeoJSON":"P30 Barnfield","Bloque_GeoJSON":"2","potrero":"30","bloque":"2","campo_id":"97ccdd72-b649-488f-b53f-77396338f39e","especie":"NARANJA","variedad":"BARNFIELD","hectareas":1.48,"plantas_supabase":1850,"precipitacion":3.5,"caudal":51.8,"normalizacion_estado":"COINCIDENCIA"},"geometry":{"type":"MultiPolygon","coordinates":[[[[-71.24616727957381,-32.8167196081602],[-71.2469621911369,-32.81792129231831],[-71.24738976889616,-32.81775185203668],[-71.24768120725737,-32.817623925332775],[-71.24775186565024,-32.81759318259752],[-71.2478292220766,-32.817570544678304],[-71.24787429639937,-32.817523125669574],[-71.24795560600569,-32.81749630407389],[-71.24799974790076,-32.81750853427875],[-71.24804566782119,-32.81759133192775],[-71.24808646935092,-32.81759985223917],[-71.24820009562407,-32.81756696645096],[-71.24827672328091,-32.81750445895436],[-71.24786343274148,-32.81685671733719],[-71.24764960426586,-32.816956227486216],[-71.24734392959708,-32.81648486631791],[-71.24720128294155,-32.81627178923193],[-71.24711907757464,-32.81629434559649],[-71.24693496726665,-32.81636482385897],[-71.24656434555678,-32.816539408838956],[-71.24641299921883,-32.8166216359074],[-71.24630322251112,-32.81667844106056],[-71.24616532465275,-32.816714502514046],[-71.24616727957381,-32.8167196081602]]]]}},{"type":"Feature","properties":{"fid":139,"Bloque":"1","HAS":1.65,"Plantas":2063,"ID_Potrero":29,"Variedad":"Cara Cara","Potrero_Nombre":"30","Potrero_HAS":11.4,"Potrero_Plantas":8056,"Potrero_Alias:":"30","Potrero_Especie":"Naranjas","Potrero_Nombre_GeoJSON":"30","Potrero_Alias_GeoJSON":"P30 Barnfield","Bloque_GeoJSON":"1","potrero":"30","bloque":"1","campo_id":"84130a0d-fa57-4384-8e89-e40f5e4fe1aa","especie":"NARANJA","variedad":"BARNFIELD","hectareas":1.65,"plantas_supabase":2062.5,"precipitacion":3.5,"caudal":57.8,"normalizacion_estado":"COINCIDENCIA"},"geometry":{"type":"MultiPolygon","coordinates":[[[[-71.24920878304037,-32.81563100421813],[-71.24950621018063,-32.816095178177996],[-71.24907450180444,-32.81629348777945],[-71.24878873211496,-32.816420630295006],[-71.24863636963379,-32.816494653089094],[-71.24848355804956,-32.8165669701949],[-71.24833567477755,-32.816625489949594],[-71.24816705842257,-32.81669877607517],[-71.24798492480215,-32.81678327170764],[-71.2478240589399,-32.816858131728736],[-71.24775980575104,-32.8168853322827],[-71.24766855305538,-32.816920214796156],[-71.24761131781572,-32.8168554414347],[-71.24736863757012,-32.81646978965561],[-71.24920878304037,-32.81563100421813]]]]}},{"type":"Feature","properties":{"fid":140,"Bloque":"3","HAS":1.87,"Plantas":2078,"ID_Potrero":29,"Variedad":"Cara Cara","Potrero_Nombre":"30","Potrero_HAS":11.4,"Potrero_Plantas":8056,"Potrero_Alias:":"30","Potrero_Especie":"Naranjas","Potrero_Nombre_GeoJSON":"30","Potrero_Alias_GeoJSON":"P30 Barnfield","Bloque_GeoJSON":"3","potrero":"30","bloque":"3","campo_id":"0ea53b1a-6d8c-4675-8308-eab295217cd5","especie":"NARANJA","variedad":"BARNFIELD","hectareas":1.87,"plantas_supabase":2077.777778,"precipitacion":3.1,"caudal":58.2,"normalizacion_estado":"COINCIDENCIA"},"geometry":{"type":"MultiPolygon","coordinates":[[[[-71.24515127825026,-32.81717446103092],[-71.245919733942,-32.81835743458391],[-71.2463358876763,-32.81818546113097],[-71.24637611148083,-32.818171030418135],[-71.24642942078523,-32.81816047736687],[-71.24673282554659,-32.818024112813816],[-71.24678639399384,-32.81799162115907],[-71.24681579372066,-32.817966417754455],[-71.24695664535044,-32.81791865017591],[-71.24668719001248,-32.817501262635574],[-71.24616005941829,-32.816714939739484],[-71.2456463912087,-32.81694692416252],[-71.24543272328005,-32.81703643735161],[-71.24515127825026,-32.81717446103092]]]]}},{"type":"Feature","properties":{"fid":141,"Bloque":"4","HAS":1.14,"Plantas":1267,"ID_Potrero":32,"Variedad":"Cara Cara","Potrero_Nombre":"30","Potrero_HAS":null,"Potrero_Plantas":null,"Potrero_Alias:":"30","Potrero_Especie":"Naranjas","Potrero_Nombre_GeoJSON":"30","Potrero_Alias_GeoJSON":"P30 4,5","Bloque_GeoJSON":"4","potrero":"30","bloque":"4","campo_id":"70437f54-9156-4ad6-882c-531674da4cfd","especie":"NARANJA","variedad":"CARA CARA","hectareas":1.14,"plantas_supabase":1266.666667,"precipitacion":3.1,"caudal":58.4,"normalizacion_estado":"COINCIDENCIA"},"geometry":{"type":"MultiPolygon","coordinates":[[[[-71.24689969423916,-32.81917058478217],[-71.24727399130293,-32.820366109258806],[-71.24713153085385,-32.82038237633885],[-71.24687664827734,-32.82044727132657],[-71.2467879131823,-32.820404997078626],[-71.24663030326145,-32.81988415760817],[-71.2465765789068,-32.81987826787214],[-71.24654239910122,-32.8197459078819],[-71.24647693583555,-32.81972514936988],[-71.24643094827373,-32.81957518011439],[-71.24636203259618,-32.819546258343046],[-71.24635126212516,-32.81944089528438],[-71.2462993678268,-32.81944319774339],[-71.24625710927027,-32.819312353541164],[-71.24633717838212,-32.81926841943848],[-71.24689969423916,-32.81917058478217]]],[[[-71.2451495520764,-32.81717037941146],[-71.24592063155237,-32.818360845630586],[-71.24559372880326,-32.818499000818115],[-71.24516620599353,-32.81783220759023],[-71.24520962574935,-32.81775123304214],[-71.24517403094265,-32.817691553709714],[-71.24517011632173,-32.81756824625026],[-71.24519002131088,-32.81755280961635],[-71.24511531063213,-32.8174225471873],[-71.24515221988287,-32.8174054346123],[-71.24504129314433,-32.81722304366718],[-71.2451495520764,-32.81717037941146]]]]}},{"type":"Feature","properties":{"fid":142,"Bloque":"5","HAS":1.86,"Plantas":2067,"ID_Potrero":32,"Variedad":"Cara Cara","Potrero_Nombre":"30","Potrero_HAS":null,"Potrero_Plantas":null,"Potrero_Alias:":"30","Potrero_Especie":"Naranjas","Potrero_Nombre_GeoJSON":"30","Potrero_Alias_GeoJSON":"P30 4,5","Bloque_GeoJSON":"5","potrero":"30","bloque":"5","campo_id":"d9b28577-ed25-4236-948b-0a696933a152","especie":"NARANJA","variedad":"CARA CARA","hectareas":1.86,"plantas_supabase":2066.666667,"precipitacion":3.1,"caudal":57.9,"normalizacion_estado":"COINCIDENCIA"},"geometry":{"type":"MultiPolygon","coordinates":[[[[-71.24817282491148,-32.81892495250025],[-71.24854030118462,-32.82012299437077],[-71.24846299450945,-32.82013158054932],[-71.24812711255785,-32.82020341695611],[-71.24784531722598,-32.82026331396745],[-71.2476858867919,-32.820298735874196],[-71.24764631833136,-32.82030698637366],[-71.24727360936774,-32.82036303167881],[-71.24710752263931,-32.81982400983564],[-71.24690065670637,-32.819168511206286],[-71.24817282491148,-32.81892495250025]]]]}},{"type":"Feature","properties":{"fid":143,"Bloque":"6","HAS":1.86,"Plantas":2067,"ID_Potrero":33,"Variedad":"Cara Cara","Potrero_Nombre":"30","Potrero_HAS":null,"Potrero_Plantas":null,"Potrero_Alias:":"30","Potrero_Especie":"Naranjas","Potrero_Nombre_GeoJSON":"30","Potrero_Alias_GeoJSON":"P30 6,7","Bloque_GeoJSON":"6","potrero":"30","bloque":"6","campo_id":"296e8d6a-5ffc-40c9-8abe-14af0996abd2","especie":"NARANJA","variedad":"CARA CARA","hectareas":1.86,"plantas_supabase":2066.666667,"precipitacion":3.1,"caudal":57.9,"normalizacion_estado":"COINCIDENCIA"},"geometry":{"type":"MultiPolygon","coordinates":[[[[-71.24890972634103,-32.81877342516772],[-71.24928279682467,-32.81999980947134],[-71.2485444660706,-32.82012720347108],[-71.24834468848537,-32.81946352635833],[-71.24817885416593,-32.818922616525306],[-71.24869749887624,-32.81880739815967],[-71.24890972634103,-32.81877342516772]]],[[[-71.25010033150281,-32.81953683956483],[-71.25031379696986,-32.82027600742545],[-71.24954211308848,-32.820448902855404],[-71.24933079348297,-32.819665827406624],[-71.2497377287911,-32.81957900176392],[-71.25010033150281,-32.81953683956483]]]]}},{"type":"Feature","properties":{"fid":144,"Bloque":"7","HAS":1.54,"Plantas":2067,"ID_Potrero":33,"Variedad":"Cara Cara","Potrero_Nombre":"30","Potrero_HAS":null,"Potrero_Plantas":null,"Potrero_Alias:":"30","Potrero_Especie":"Naranjas","Potrero_Nombre_GeoJSON":"30","Potrero_Alias_GeoJSON":"P30 6,7","Bloque_GeoJSON":"7","potrero":"30","bloque":"7","campo_id":"e99471f9-3af1-4ea1-9967-bef49df4679b","especie":"NARANJA","variedad":"CARA CARA","hectareas":1.54,"plantas_supabase":1711.111111,"precipitacion":3.1,"caudal":47.9,"normalizacion_estado":"COINCIDENCIA"},"geometry":{"type":"MultiPolygon","coordinates":[[[[-71.25032358552859,-32.82027788767925],[-71.25059301365997,-32.82124018413392],[-71.24980509344641,-32.82138115816951],[-71.2495493983663,-32.820448086451194],[-71.2502276646441,-32.82029674844687],[-71.25032358552859,-32.82027788767925]]],[[[-71.2495976708629,-32.82109083783436],[-71.24971659164154,-32.8214608884841],[-71.24886464461972,-32.8216221998807],[-71.24784154104371,-32.82181691072775],[-71.24773847566426,-32.82144760145131],[-71.2495976708629,-32.82109083783436]]]]}},{"type":"Feature","properties":{"fid":151,"Bloque":"8","HAS":1.6,"Plantas":1778,"ID_Potrero":28,"Variedad":"Murcott","Potrero_Nombre":"25","Potrero_HAS":11.84,"Potrero_Plantas":13156,"Potrero_Alias:":"25","Potrero_Especie":"Mandarina","Potrero_Nombre_GeoJSON":"25","Potrero_Alias_GeoJSON":"P25","Bloque_GeoJSON":"8","potrero":"25","bloque":"8","campo_id":"2ddd0a08-5db4-4294-81bc-f19671018293","especie":"MANDARINA","variedad":"MURCOTT","hectareas":1.6,"plantas_supabase":1777.777778,"precipitacion":2,"caudal":44.674067,"normalizacion_estado":"COINCIDENCIA"},"geometry":{"type":"MultiPolygon","coordinates":[[[[-71.27085790558975,-32.79931999593058],[-71.27142191802348,-32.79951711035439],[-71.27171107004727,-32.79959958703535],[-71.27174504756385,-32.79959897036476],[-71.27171147513491,-32.79974385176273],[-71.27172076770798,-32.799832278974975],[-71.27173384457974,-32.7998630976867],[-71.27178136613847,-32.79987781121269],[-71.27185107159461,-32.799824740754765],[-71.27193043532749,-32.79969706750003],[-71.27196391502213,-32.799648645222845],[-71.27201571235136,-32.79959580832036],[-71.27214271836608,-32.79952049588241],[-71.27238773928953,-32.79947406019369],[-71.27238126486658,-32.799442278020614],[-71.2726213604549,-32.799378107003335],[-71.27261932165997,-32.79926091257914],[-71.27260964071456,-32.799177351604655],[-71.27260291297128,-32.79909852196601],[-71.27258385516501,-32.798980440296056],[-71.27258012121942,-32.79890793624047],[-71.2725504986013,-32.798819952357015],[-71.27254084010383,-32.79869229142512],[-71.27252705264797,-32.798647497812006],[-71.27254389777774,-32.79858033103626],[-71.27255631324607,-32.798492549295574],[-71.27257856282388,-32.79841511250018],[-71.27260595484088,-32.79832768988085],[-71.2726127070704,-32.79827016280932],[-71.2726184220469,-32.79821484673294],[-71.27260222021567,-32.79818870382329],[-71.27262258654662,-32.798163384254345],[-71.27260713778159,-32.79813853212136],[-71.27260749264563,-32.798087050910326],[-71.27258139021433,-32.79806021577707],[-71.27245054436789,-32.798083288604786],[-71.27234318648357,-32.79818421219488],[-71.27231453647593,-32.798195333157736],[-71.27229679464008,-32.79822677919409],[-71.2722456965366,-32.7982336067171],[-71.27222341415919,-32.79826052564614],[-71.27218378936635,-32.798260974222494],[-71.27216536100313,-32.79828147673437],[-71.27214332273887,-32.79827300231167],[-71.2721104310079,-32.79829150303488],[-71.27209615550332,-32.79831749603872],[-71.27207637638948,-32.79831289394435],[-71.2720492546052,-32.79832337883335],[-71.27203080399852,-32.79834709890354],[-71.2719846561295,-32.79835427245524],[-71.27195184113106,-32.7984168558122],[-71.27191512796867,-32.798415992488174],[-71.27185444965956,-32.798507115146265],[-71.27182324153203,-32.79850245674985],[-71.27177385825244,-32.79857885263809],[-71.27174261114459,-32.79857543228651],[-71.27170605851636,-32.7986450668254],[-71.27166115812223,-32.79863991252144],[-71.27164536141358,-32.79866851021286],[-71.2716024281922,-32.79866968812325],[-71.27156246209995,-32.79873182039492],[-71.27152450686901,-32.79872453426196],[-71.27149716595594,-32.79876331009774],[-71.27147488499585,-32.798759726969124],[-71.27140640163245,-32.79881440176539],[-71.27138193349928,-32.79881763700181],[-71.27135904794048,-32.798845964549706],[-71.27134314045053,-32.79883309457242],[-71.27132484764381,-32.79883781272604],[-71.27129704484219,-32.79887699564855],[-71.27125832824935,-32.7988769006898],[-71.2712216144805,-32.79893698011151],[-71.2711902455982,-32.79892877687526],[-71.27114603194357,-32.79899098609344],[-71.27109979520152,-32.79899222377607],[-71.27102543262927,-32.799149881667006],[-71.27099971542674,-32.7991782605292],[-71.2709583294494,-32.79918459385818],[-71.27092617679222,-32.7992569515907],[-71.27088197959561,-32.799264133392136],[-71.27085790558975,-32.79931999593058]]]]}},{"type":"Feature","properties":{"fid":152,"Bloque":"7","HAS":1.61,"Plantas":1789,"ID_Potrero":28,"Variedad":"Murcott","Potrero_Nombre":"25","Potrero_HAS":11.84,"Potrero_Plantas":13156,"Potrero_Alias:":"25","Potrero_Especie":"Mandarina","Potrero_Nombre_GeoJSON":"25","Potrero_Alias_GeoJSON":"P25","Bloque_GeoJSON":"7","potrero":"25","bloque":"7","campo_id":"e718a9ba-1bed-45f8-b3b2-2defba7a8bfd","especie":"MANDARINA","variedad":"MURCOTT","hectareas":1.61,"plantas_supabase":1788.888889,"precipitacion":2,"caudal":60.714849,"normalizacion_estado":"COINCIDENCIA"},"geometry":{"type":"MultiPolygon","coordinates":[[[[-71.27176167274472,-32.799606926807584],[-71.27175123882279,-32.799766158881454],[-71.27170158167857,-32.79989083996927],[-71.27161848722118,-32.8000744195528],[-71.27155078779353,-32.80022677473544],[-71.27147602676193,-32.80040300649285],[-71.271417778691,-32.800524964779875],[-71.27138409338544,-32.80060761619373],[-71.27143581785802,-32.800631145650925],[-71.27138238702753,-32.800741502099264],[-71.27139942955677,-32.800775016388116],[-71.27132793665544,-32.800979255113965],[-71.2712603459287,-32.801135926079645],[-71.2711579379066,-32.80119679565861],[-71.27112721148427,-32.80122829815337],[-71.27102013214682,-32.80130652399043],[-71.27095572357287,-32.80134664487474],[-71.27083970384632,-32.80141558617573],[-71.27067271394519,-32.80152443663313],[-71.27056294229516,-32.8015894299547],[-71.27049354849288,-32.80162697471553],[-71.27045708327903,-32.801641193573815],[-71.27038167727514,-32.801632593814325],[-71.27036620007121,-32.80162711735455],[-71.270349340666,-32.80160079610457],[-71.27033389201813,-32.801562934856996],[-71.27033590863941,-32.80150820485129],[-71.27033907991054,-32.80143186439048],[-71.27039180924037,-32.80126035079863],[-71.27047208577619,-32.80109985189515],[-71.2704874208039,-32.80096571875212],[-71.27051733436967,-32.800868742971275],[-71.270542218911,-32.80080856058077],[-71.27050480891309,-32.80077829423462],[-71.27051527741057,-32.8007543558736],[-71.27048414036958,-32.800736209785406],[-71.2705032641914,-32.80068404805413],[-71.27048568128903,-32.80066277749264],[-71.27048247784415,-32.800603824268826],[-71.27045278817317,-32.80057557681022],[-71.2704881330985,-32.80045763264954],[-71.27046453344782,-32.80043431227374],[-71.27052479932144,-32.80025762436195],[-71.27049214198493,-32.800246702352624],[-71.27051492054768,-32.80017072585845],[-71.27055693251064,-32.800046903535616],[-71.27062706058784,-32.799889467237286],[-71.27067762583776,-32.79976692901529],[-71.27073833812399,-32.799641328090836],[-71.27077137327552,-32.79956660478419],[-71.27082169020966,-32.79946781947813],[-71.27089773257359,-32.79934194036165],[-71.27176167274472,-32.799606926807584]]]]}},{"type":"Feature","properties":{"fid":153,"Bloque":"6","HAS":1.49,"Plantas":1656,"ID_Potrero":28,"Variedad":"Murcott","Potrero_Nombre":"25","Potrero_HAS":11.84,"Potrero_Plantas":13156,"Potrero_Alias:":"25","Potrero_Especie":"Mandarina","Potrero_Nombre_GeoJSON":"25","Potrero_Alias_GeoJSON":"P25","Bloque_GeoJSON":"6","potrero":"25","bloque":"6","campo_id":"3b3ca92f-a495-498f-a452-30043078e0ac","especie":"MANDARINA","variedad":"MURCOTT","hectareas":1.49,"plantas_supabase":1655.555556,"precipitacion":2,"caudal":47.713728,"normalizacion_estado":"COINCIDENCIA"},"geometry":{"type":"MultiPolygon","coordinates":[[[[-71.27174552261083,-32.80259982013616],[-71.2713316695349,-32.80263286382303],[-71.27103479648316,-32.80265204925987],[-71.27076307456431,-32.80266891495412],[-71.27050864307192,-32.8026882800441],[-71.27031346270098,-32.80268785195904],[-71.270268248817,-32.80261934862647],[-71.27024638180585,-32.802347053351596],[-71.27032434038301,-32.80211570809002],[-71.27035989979353,-32.80205266847646],[-71.27040509687855,-32.801999765952246],[-71.27041565087654,-32.80192202659698],[-71.27046054505064,-32.80183805036681],[-71.27049249357546,-32.80177114071732],[-71.27054608993032,-32.80176219353194],[-71.27059811394469,-32.801728552564526],[-71.27062951529616,-32.801700868148515],[-71.27076173648487,-32.80162749255482],[-71.27087134417152,-32.80156578019975],[-71.27098444780658,-32.80155944559549],[-71.27100110721129,-32.80178206705718],[-71.27108382038269,-32.80185939505559],[-71.27114695786192,-32.80194466933256],[-71.27121272565716,-32.80198466482041],[-71.27127825869592,-32.80206971815085],[-71.27143133796552,-32.80221322968491],[-71.27149722211068,-32.80231974510676],[-71.27163102934598,-32.8024547979922],[-71.27174552261083,-32.80259982013616]]]]}},{"type":"Feature","properties":{"fid":154,"Bloque":"5","HAS":1.56,"Plantas":1733,"ID_Potrero":28,"Variedad":"Murcott","Potrero_Nombre":"25","Potrero_HAS":11.84,"Potrero_Plantas":13156,"Potrero_Alias:":"25","Potrero_Especie":"Mandarina","Potrero_Nombre_GeoJSON":"25","Potrero_Alias_GeoJSON":"P25","Bloque_GeoJSON":"5","potrero":"25","bloque":"5","campo_id":"6441f211-fc92-4aa3-8701-a2d7d6454f1e","especie":"MANDARINA","variedad":"MURCOTT","hectareas":1.56,"plantas_supabase":1733.333333,"precipitacion":2,"caudal":56.945605,"normalizacion_estado":"COINCIDENCIA"},"geometry":{"type":"MultiPolygon","coordinates":[[[[-71.271782567619,-32.80263325197503],[-71.27192950877253,-32.80278551739062],[-71.27207379352187,-32.80293598051133],[-71.27223181779979,-32.80307084677491],[-71.27223074327189,-32.80319377199201],[-71.27223406062092,-32.80325692624758],[-71.272128973681,-32.803306535325085],[-71.2721454448216,-32.80337768856747],[-71.27201835121434,-32.80351018739859],[-71.27187841272337,-32.80367457706209],[-71.27167578673598,-32.80390718359844],[-71.27097897488733,-32.804685873096666],[-71.27086081494326,-32.804690626611574],[-71.27082914375933,-32.80439876435061],[-71.2708738927713,-32.804379285078326],[-71.27087849394186,-32.8042273753998],[-71.27091949815701,-32.804216429793],[-71.27089610100523,-32.80391356913133],[-71.27084875783721,-32.803903604658025],[-71.27081608458491,-32.80381961548333],[-71.27047639717615,-32.803413879544124],[-71.27031353687246,-32.80324158568411],[-71.27030980238395,-32.80312831595291],[-71.27034303522984,-32.803060407382695],[-71.27038193845571,-32.802993509788166],[-71.27042567950357,-32.80295591112716],[-71.27041325243597,-32.802803524400495],[-71.27036869753547,-32.80279637334404],[-71.27036021945082,-32.80272141232275],[-71.27113760375501,-32.80266918208054],[-71.271782567619,-32.80263325197503]]]]}},{"type":"Feature","properties":{"fid":155,"Bloque":"1","HAS":1.56,"Plantas":1733,"ID_Potrero":28,"Variedad":"Murcott","Potrero_Nombre":"25","Potrero_HAS":11.84,"Potrero_Plantas":13156,"Potrero_Alias:":"25","Potrero_Especie":"Mandarina","Potrero_Nombre_GeoJSON":"25","Potrero_Alias_GeoJSON":"P25","Bloque_GeoJSON":"1","potrero":"25","bloque":"1","campo_id":"dc299a5a-1fcc-483f-9809-6cdf82c3f603","especie":"MANDARINA","variedad":"MURCOTT","hectareas":1.56,"plantas_supabase":0,"precipitacion":2,"caudal":53.438159,"normalizacion_estado":"COINCIDENCIA"},"geometry":{"type":"MultiPolygon","coordinates":[[[[-71.2685601319624,-32.805199053471874],[-71.26950932538848,-32.80532604635642],[-71.26951603556338,-32.805359204859876],[-71.26949731115646,-32.805401873078154],[-71.27009678766692,-32.80519204862876],[-71.2703817564474,-32.805105321606135],[-71.27046101216118,-32.80509494360239],[-71.27048645974457,-32.805108974130675],[-71.27042873043897,-32.805454627111075],[-71.2704612976327,-32.80550849541672],[-71.27050075976699,-32.80553249285664],[-71.2704132185632,-32.805999114462935],[-71.27044859108794,-32.80606647807981],[-71.27035748792407,-32.80663680652065],[-71.27033465292863,-32.80673205489172],[-71.27020301180245,-32.80675442738097],[-71.27001434985304,-32.80669198444475],[-71.26994276781069,-32.806685493465416],[-71.26994100417632,-32.80661614359422],[-71.26979117953094,-32.806591746135595],[-71.26975149135514,-32.80660874585903],[-71.26970480061196,-32.80660383848708],[-71.26968461175593,-32.806588299419204],[-71.26962313498646,-32.80659089647951],[-71.26939028829426,-32.80653354967355],[-71.26944977428882,-32.80617801176557],[-71.26941016039221,-32.80616221637847],[-71.26946081179841,-32.805888353303864],[-71.26869588937015,-32.80576177314267],[-71.2687180827686,-32.805656860568796],[-71.26865444717055,-32.80561462004268],[-71.2686615067271,-32.805523896954504],[-71.2686069322485,-32.805504874505736],[-71.26857957856512,-32.80548078382684],[-71.2685105660898,-32.80546258052368],[-71.2685601319624,-32.805199053471874]]]]}},{"type":"Feature","properties":{"fid":156,"Bloque":"2","HAS":1.31,"Plantas":1456,"ID_Potrero":28,"Variedad":"Murcott","Potrero_Nombre":"25","Potrero_HAS":11.84,"Potrero_Plantas":13156,"Potrero_Alias:":"25","Potrero_Especie":"Mandarina","Potrero_Nombre_GeoJSON":"25","Potrero_Alias_GeoJSON":"P25","Bloque_GeoJSON":"2","potrero":"25","bloque":"2","campo_id":"2b35b4f2-df3f-418b-bf81-e9e2c3a60cb1","especie":"MANDARINA","variedad":"MURCOTT","hectareas":1.31,"plantas_supabase":1455.555556,"precipitacion":2,"caudal":52.277463,"normalizacion_estado":"COINCIDENCIA"},"geometry":{"type":"MultiPolygon","coordinates":[[[[-71.26856751222799,-32.805171760854336],[-71.26963985576089,-32.80532322434865],[-71.26968500374666,-32.805312898310085],[-71.26974486490961,-32.80529028042779],[-71.26984982963332,-32.80525886960105],[-71.26992832508208,-32.805226343767316],[-71.27003310721581,-32.80518775866661],[-71.27011730635186,-32.80515672425248],[-71.27020727006655,-32.80512957268429],[-71.27026257375287,-32.805113417168684],[-71.27032426344853,-32.80508247479122],[-71.27044088617396,-32.80505176302125],[-71.27048024748548,-32.80482653534219],[-71.27043538280691,-32.80477949437583],[-71.27035631768499,-32.804617898421306],[-71.27021618544576,-32.804396425544],[-71.27017454818368,-32.80439309957876],[-71.2701811589816,-32.80429422929156],[-71.27015633144723,-32.80427092959769],[-71.2701834024672,-32.80406781792961],[-71.2702196368146,-32.80404810037896],[-71.26877637868684,-32.803843387167966],[-71.2686831067982,-32.80436887785298],[-71.26871808073268,-32.80437691277823],[-71.26856751222799,-32.805171760854336]]]]}},{"type":"Feature","properties":{"fid":157,"Bloque":"3","HAS":1.37,"Plantas":1522,"ID_Potrero":28,"Variedad":"Murcott","Potrero_Nombre":"25","Potrero_HAS":11.84,"Potrero_Plantas":13156,"Potrero_Alias:":"25","Potrero_Especie":"Mandarina","Potrero_Nombre_GeoJSON":"25","Potrero_Alias_GeoJSON":"P25","Bloque_GeoJSON":"3","potrero":"25","bloque":"3","campo_id":"262bfea8-6344-4b17-b600-addc2880e420","especie":"MANDARINA","variedad":"MURCOTT","hectareas":1.37,"plantas_supabase":1522.222222,"precipitacion":2,"caudal":54.953927,"normalizacion_estado":"COINCIDENCIA"},"geometry":{"type":"MultiPolygon","coordinates":[[[[-71.26886741826715,-32.80318811138092],[-71.26874318879544,-32.80381164617452],[-71.27026972052606,-32.804023011719494],[-71.2703749610636,-32.803965201745214],[-71.2703987734541,-32.803849392192326],[-71.27038060375425,-32.8037650892421],[-71.27024035278232,-32.80365519432766],[-71.27013978820872,-32.8036460423463],[-71.27008980927964,-32.803625061559075],[-71.2700301756814,-32.80352001625357],[-71.26996581939741,-32.80344406573688],[-71.26997833000246,-32.803325204069395],[-71.26988499385807,-32.803296961564975],[-71.26897333805812,-32.80318244097815],[-71.26887238187474,-32.803170253458305],[-71.26886741826715,-32.80318811138092]]]]}},{"type":"Feature","properties":{"fid":158,"Bloque":"4","HAS":1.34,"Plantas":1489,"ID_Potrero":28,"Variedad":"Murcott","Potrero_Nombre":"25","Potrero_HAS":11.84,"Potrero_Plantas":13156,"Potrero_Alias:":"25","Potrero_Especie":"Mandarina","Potrero_Nombre_GeoJSON":"25","Potrero_Alias_GeoJSON":"P25","Bloque_GeoJSON":"4","potrero":"25","bloque":"4","campo_id":"a72e4fd4-4a48-4bde-8ef6-f3536823083d","especie":"MANDARINA","variedad":"MURCOTT","hectareas":1.34,"plantas_supabase":1488.888889,"precipitacion":2,"caudal":53.47178,"normalizacion_estado":"COINCIDENCIA"},"geometry":{"type":"MultiPolygon","coordinates":[[[[-71.26985232680128,-32.80326926685229],[-71.26889202134817,-32.80313466580392],[-71.26900915616733,-32.80258752743534],[-71.2690464361208,-32.80257590220821],[-71.2691369801552,-32.80201995597745],[-71.269181205458,-32.80199643135376],[-71.2693505842307,-32.802050417343786],[-71.26950477900525,-32.802286971273155],[-71.26964650701326,-32.8023895658585],[-71.26978603859145,-32.80252204574267],[-71.26977922875717,-32.80259125141607],[-71.26986766359764,-32.802609710349756],[-71.26982189928835,-32.8029588659268],[-71.26986351492093,-32.80297140591959],[-71.26983998444318,-32.80308002451672],[-71.26988308026984,-32.80308526318911],[-71.26985232680128,-32.80326926685229]]]]}},{"type":"Feature","properties":{"fid":159,"Bloque":"6","HAS":null,"Plantas":null,"ID_Potrero":31,"Variedad":"Fukumoto","Potrero_Nombre":"27 GRAV","Potrero_HAS":4,"Potrero_Plantas":3333,"Potrero_Alias:":"27 GRAV","Potrero_Especie":"Naranjas","Potrero_Nombre_GeoJSON":"27","Potrero_Alias_GeoJSON":"P27 R","Bloque_GeoJSON":"6","potrero":"27 GRAV","bloque":"6","campo_id":null,"especie":"Naranjas","variedad":"Fukumoto","hectareas":0,"plantas_supabase":null,"precipitacion":null,"caudal":null,"normalizacion_estado":"SIN_COINCIDENCIA"},"geometry":{"type":"MultiPolygon","coordinates":[]}},{"type":"Feature","properties":{"fid":160,"Bloque":"2","HAS":2.4,"Plantas":667,"ID_Potrero":35,"Variedad":"Hass","Potrero_Nombre":"Los pinos Paltos","Potrero_HAS":7.77,"Potrero_Plantas":2158,"Potrero_Alias:":"Los pinos Paltos","Potrero_Especie":"Paltas","Potrero_Nombre_GeoJSON":"11","Potrero_Alias_GeoJSON":"Los Pinos 80","Bloque_GeoJSON":"2","potrero":"Los pinos Paltos","bloque":"2","campo_id":"54fb48d3-1e01-4f95-a9f0-b43e7f0cd48c","especie":"PALTOS","variedad":"Hass","hectareas":2.4,"plantas_supabase":0,"precipitacion":1.89,"caudal":12.6,"normalizacion_estado":"COINCIDENCIA"},"geometry":{"type":"MultiPolygon","coordinates":[[[[-71.26813685620544,-32.81064842108788],[-71.26857625781689,-32.81054700805339],[-71.26881763389422,-32.81049478277969],[-71.26908706427875,-32.810431680986056],[-71.26936390955537,-32.81036706157682],[-71.26984583668438,-32.81219163318072],[-71.2696691171341,-32.812226648542456],[-71.26935325167982,-32.81239506523786],[-71.26924273051371,-32.81239718262677],[-71.26910970531895,-32.812380786277245],[-71.26896236935903,-32.81233807320223],[-71.26882858074535,-32.812306393707686],[-71.26872678761397,-32.812306565312284],[-71.26854283334598,-32.81231565466487],[-71.26845836357516,-32.8123363256804],[-71.26837703039222,-32.81239510129458],[-71.26831026008507,-32.812417164496175],[-71.26821433279125,-32.81249492505866],[-71.268215458677,-32.81240986678928],[-71.26822314023394,-32.81137806195539],[-71.26821023475215,-32.811319246052854],[-71.26813685620544,-32.81064842108788]]]]}},{"type":"Feature","properties":{"fid":161,"Bloque":"1","HAS":2.56,"Plantas":711,"ID_Potrero":35,"Variedad":"Hass","Potrero_Nombre":"Los pinos Paltos","Potrero_HAS":7.77,"Potrero_Plantas":2158,"Potrero_Alias:":"Los pinos Paltos","Potrero_Especie":"Paltas","Potrero_Nombre_GeoJSON":"11","Potrero_Alias_GeoJSON":"Los Pinos 80","Bloque_GeoJSON":"1","potrero":"Los pinos Paltos","bloque":"1","campo_id":"4aca53c3-5c3e-4a7e-be81-4265e5f33f87","especie":"PALTOS","variedad":"Hass","hectareas":2.56,"plantas_supabase":0,"precipitacion":1.89,"caudal":13.43,"normalizacion_estado":"COINCIDENCIA"},"geometry":{"type":"MultiPolygon","coordinates":[[[[-71.26792521179387,-32.80986339441754],[-71.26797291090514,-32.810142449954085],[-71.26801136541523,-32.810392165763446],[-71.26805046843491,-32.81066738955814],[-71.26810277394992,-32.81065668046397],[-71.2681222002777,-32.81094762455099],[-71.26816524129195,-32.811327487662226],[-71.26816676811026,-32.81135805336651],[-71.26787632612377,-32.81143294838742],[-71.26754405228134,-32.81151313620908],[-71.26728863485972,-32.811570398452595],[-71.26697788850596,-32.81164301733686],[-71.26669784656842,-32.811697534485525],[-71.26641746762509,-32.8117759819046],[-71.26617963958525,-32.81181936598509],[-71.26610460986686,-32.81183778551585],[-71.26607922329902,-32.81176796510934],[-71.26619174144581,-32.811560050714284],[-71.26628836025688,-32.81134049639885],[-71.2663077910755,-32.81128750998547],[-71.26634278841648,-32.81114093499002],[-71.26687224448317,-32.81075572649815],[-71.26698718254528,-32.810744872068746],[-71.26727257002538,-32.81052916395328],[-71.26735171568527,-32.81041049861532],[-71.2673807841535,-32.810253663373445],[-71.26761646045513,-32.8101257818729],[-71.26792521179387,-32.80986339441754]]]]}},{"type":"Feature","properties":{"fid":162,"Bloque":"3","HAS":2.81,"Plantas":781,"ID_Potrero":35,"Variedad":"Hass","Potrero_Nombre":"Los pinos Paltos","Potrero_HAS":7.77,"Potrero_Plantas":2158,"Potrero_Alias:":"Los pinos Paltos","Potrero_Especie":"Paltas","Potrero_Nombre_GeoJSON":"11","Potrero_Alias_GeoJSON":"Los Pinos 80","Bloque_GeoJSON":"3","potrero":"Los pinos Paltos","bloque":"3","campo_id":"0dec7841-2553-428e-b79d-d707ddacb725","especie":"PALTOS","variedad":"Hass","hectareas":2.81,"plantas_supabase":0,"precipitacion":1.89,"caudal":14.76,"normalizacion_estado":"COINCIDENCIA"},"geometry":{"type":"MultiPolygon","coordinates":[[[[-71.26817225950542,-32.811400536201155],[-71.26819051396048,-32.811738671511236],[-71.2681868789857,-32.812048118095134],[-71.26817526398406,-32.812239568677064],[-71.26818165833373,-32.812410935331236],[-71.2681873735542,-32.8125301636352],[-71.26808466313787,-32.812644551270054],[-71.26756578455715,-32.81274008351515],[-71.26737242215432,-32.81278665165683],[-71.26718632770881,-32.81282192293578],[-71.2669313362718,-32.81282175735238],[-71.26697927276706,-32.812701265087426],[-71.26691447315015,-32.812655166481626],[-71.26685059112934,-32.812573540999],[-71.2668412435711,-32.81250121890227],[-71.26688084228904,-32.812409032372166],[-71.2668832352838,-32.81234094309817],[-71.2668039274303,-32.81226741535833],[-71.26665827643698,-32.81224377159227],[-71.26643350933024,-32.812225592333256],[-71.26633867191008,-32.81218110840245],[-71.26619478487429,-32.81205721405656],[-71.26612682104697,-32.81198619990622],[-71.2661185397377,-32.81188460842884],[-71.26616299996861,-32.8118707068497],[-71.2670484900655,-32.811671245614725],[-71.26817225950542,-32.811400536201155]]]]}},{"type":"Feature","properties":{"fid":163,"Bloque":"5","HAS":1.45,"Plantas":806,"ID_Potrero":34,"Variedad":"Hass","Potrero_Nombre":"Los pinos Paltos","Potrero_HAS":3.71,"Potrero_Plantas":1747,"Potrero_Alias:":"Los pinos Paltos","Potrero_Especie":"Paltas","Potrero_Nombre_GeoJSON":"11","Potrero_Alias_GeoJSON":"Los pinos 2004","Bloque_GeoJSON":"5","potrero":"Los pinos Paltos","bloque":"5","campo_id":"5556ad2f-1352-4bca-8c58-2b91e8850094","especie":"PALTOS","variedad":"Hass","hectareas":1.45,"plantas_supabase":0,"precipitacion":1.89,"caudal":8.06,"normalizacion_estado":"COINCIDENCIA"},"geometry":{"type":"MultiPolygon","coordinates":[[[[-71.2695469760295,-32.81471306152743],[-71.26901381230512,-32.812416372532034],[-71.26887132699507,-32.812383866238115],[-71.26874394508592,-32.81235108596813],[-71.26850779379626,-32.81234898702622],[-71.2683790271537,-32.81241033558024],[-71.26823722381738,-32.81255128519476],[-71.26810916316333,-32.81280771745896],[-71.2679423328104,-32.813317468833965],[-71.2680524487093,-32.813344166560825],[-71.2681414003664,-32.81343218082481],[-71.26813467832773,-32.813811513162555],[-71.26823709374978,-32.81394741664008],[-71.26836458739618,-32.81393975876253],[-71.26848001854927,-32.81397006039434],[-71.26866254805725,-32.81405281499942],[-71.26884248482396,-32.81420481767912],[-71.26893379275388,-32.814320639597256],[-71.2691946492968,-32.8144770030547],[-71.26940641501025,-32.814732160685324],[-71.2695469760295,-32.81471306152743]]]]}},{"type":"Feature","properties":{"fid":164,"Bloque":"4","HAS":1.17,"Plantas":488,"ID_Potrero":34,"Variedad":null,"Potrero_Nombre":"Los pinos Paltos","Potrero_HAS":3.71,"Potrero_Plantas":1747,"Potrero_Alias:":"Los pinos Paltos","Potrero_Especie":"Paltas","Potrero_Nombre_GeoJSON":"11","Potrero_Alias_GeoJSON":"Los pinos 2004","Bloque_GeoJSON":"4","potrero":"Los pinos Paltos","bloque":"4","campo_id":"3a5e8240-d697-4b8f-bb7e-06084a577b40","especie":"PALTOS","variedad":"Hass","hectareas":1.17,"plantas_supabase":0,"precipitacion":1.89,"caudal":6.36,"normalizacion_estado":"COINCIDENCIA"},"geometry":{"type":"MultiPolygon","coordinates":[[[[-71.26955642801198,-32.814711166625294],[-71.26925101340412,-32.81338820188328],[-71.26901746652644,-32.81241152132286],[-71.26921944150511,-32.81244374622944],[-71.26936705493226,-32.81241794220063],[-71.2697139898536,-32.8122457720021],[-71.26984799705568,-32.81223647016836],[-71.27002410577177,-32.813087692183124],[-71.27032887120204,-32.81430115991477],[-71.27039149104571,-32.81456048594417],[-71.27034216547955,-32.814600857685],[-71.26961233436657,-32.814702942103914],[-71.26955642801198,-32.814711166625294]]]]}},{"type":"Feature","properties":{"fid":165,"Bloque":"6","HAS":1.09,"Plantas":454,"ID_Potrero":34,"Variedad":"Hass","Potrero_Nombre":"Los pinos Paltos","Potrero_HAS":3.71,"Potrero_Plantas":1747,"Potrero_Alias:":"Los pinos Paltos","Potrero_Especie":"Paltas","Potrero_Nombre_GeoJSON":"11","Potrero_Alias_GeoJSON":"Los pinos 2004","Bloque_GeoJSON":"6","potrero":"Los pinos Paltos","bloque":"6","campo_id":"389a18ed-b495-4efa-848b-56f1c6d9589f","especie":"PALTOS","variedad":"Hass","hectareas":1.09,"plantas_supabase":0,"precipitacion":1.89,"caudal":4.69,"normalizacion_estado":"COINCIDENCIA"},"geometry":{"type":"MultiPolygon","coordinates":[[[[-71.2690659472079,-32.80915910650712],[-71.26935781082256,-32.810357388319616],[-71.26884716819774,-32.81047710125504],[-71.26835043914159,-32.810588982226086],[-71.26813250734422,-32.810630014260504],[-71.26802939250733,-32.80981351580915],[-71.26829474290433,-32.80962528838382],[-71.26859402212703,-32.809437003339944],[-71.26897318136707,-32.809165333948876],[-71.2690659472079,-32.80915910650712]]]]}},{"type":"Feature","properties":{"fid":166,"Bloque":"4","HAS":3,"Plantas":1200,"ID_Potrero":36,"Variedad":"Hass","Potrero_Nombre":"19","Potrero_HAS":3,"Potrero_Plantas":1200,"Potrero_Alias:":"19","Potrero_Especie":"Paltas","Potrero_Nombre_GeoJSON":"19","Potrero_Alias_GeoJSON":"P19","Bloque_GeoJSON":"1","potrero":"19","bloque":"4","campo_id":"34ee8de2-1dae-4513-8c94-0c301e64c152","especie":"PALTOS","variedad":"Hass","hectareas":3,"plantas_supabase":1200,"precipitacion":1.6,"caudal":48,"normalizacion_estado":"COINCIDENCIA"},"geometry":{"type":"MultiPolygon","coordinates":[[[[-71.26943335288439,-32.80591033221588],[-71.26939763911035,-32.80616848847287],[-71.26941702234029,-32.806187172500074],[-71.2694171579779,-32.80624447875342],[-71.26939310333113,-32.8063490512948],[-71.26938113574762,-32.806462745007515],[-71.269360977685,-32.80655058152082],[-71.26962135137559,-32.80661460254949],[-71.2697439596683,-32.8066442409105],[-71.26993394984424,-32.806707585336895],[-71.27017363860334,-32.806799101033775],[-71.27020868169812,-32.806835788604346],[-71.27015395182882,-32.80692250577197],[-71.27004194985962,-32.80701146400107],[-71.26994784122876,-32.80709850261421],[-71.26990055435745,-32.8071758674524],[-71.26987643211108,-32.80725178694308],[-71.26979609412082,-32.80747413897269],[-71.26965427823153,-32.80769908806954],[-71.26945728362665,-32.8079941192928],[-71.26930010992325,-32.80818465951799],[-71.2692574426635,-32.808253076546386],[-71.2691827990217,-32.80836947754994],[-71.26913478844634,-32.8084762584245],[-71.26906868392761,-32.808494634999725],[-71.26895527592868,-32.80848461870337],[-71.26884520363103,-32.80812065870917],[-71.26877573652209,-32.80789266987471],[-71.26869666219258,-32.80754932989693],[-71.2686243700456,-32.80724790592414],[-71.26853808069536,-32.806871006084265],[-71.26846129191107,-32.80655822575863],[-71.26839138436432,-32.80623304026308],[-71.26830818636677,-32.80595974554584],[-71.26829025636852,-32.805858531731026],[-71.26835612272572,-32.80580902317024],[-71.2683824305545,-32.80582502191974],[-71.268474373011,-32.805823711211865],[-71.26856578816731,-32.80576205966481],[-71.26866968675266,-32.80576885858069],[-71.26877578692057,-32.80580206672754],[-71.269130386224,-32.805854331696914],[-71.26943335288439,-32.80591033221588]]]]}},{"type":"Feature","properties":{"fid":167,"Bloque":"3","HAS":3.62,"Plantas":3218,"ID_Potrero":37,"Variedad":"Hass","Potrero_Nombre":"6","Potrero_HAS":3.62,"Potrero_Plantas":3218,"Potrero_Alias:":"6","Potrero_Especie":"Paltas","Potrero_Nombre_GeoJSON":"6","Potrero_Alias_GeoJSON":"P6","Bloque_GeoJSON":"1","potrero":"6","bloque":"3","campo_id":"a541d7d1-5c36-48f4-a4b9-5e0fe811fdde","especie":"PALTOS","variedad":"Hass","hectareas":3.62,"plantas_supabase":3217.777778,"precipitacion":2.49,"caudal":90.1,"normalizacion_estado":"COINCIDENCIA"},"geometry":{"type":"MultiPolygon","coordinates":[[[[-71.26818695009686,-32.80591257903571],[-71.26846853172987,-32.806970560259856],[-71.26826368813298,-32.80703140865274],[-71.26781857806944,-32.80713692216506],[-71.26770858055829,-32.8072939405837],[-71.26755810250816,-32.807348752965005],[-71.26745274658472,-32.807396335412896],[-71.26702357190833,-32.80745636455134],[-71.26682034786653,-32.80750631393623],[-71.26668180398975,-32.80752414516054],[-71.26642438548275,-32.8076170160474],[-71.26618586777482,-32.80792708793701],[-71.2660391158053,-32.8079652178847],[-71.26564548692201,-32.80821592824184],[-71.26550961884266,-32.808332495517476],[-71.26540621994145,-32.80838859677118],[-71.26532529982175,-32.808474595815504],[-71.26519717667655,-32.808523966984566],[-71.26514812190977,-32.80850216960449],[-71.26478664973988,-32.807740184966946],[-71.2649446404726,-32.80760280000043],[-71.26507357814877,-32.8074281738777],[-71.26518879357013,-32.80720363484527],[-71.2652306652309,-32.80704931471808],[-71.26527674303217,-32.80697444359917],[-71.26541080616599,-32.80682659663234],[-71.26569333582417,-32.80663065005076],[-71.26581155818806,-32.80657413872859],[-71.26600923606087,-32.80647486057965],[-71.26656205344379,-32.80634123879107],[-71.26710600190167,-32.80615593818495],[-71.26740407864979,-32.80599422970527],[-71.26757875123253,-32.80595597540538],[-71.26818695009686,-32.80591257903571]]]]}},{"type":"Feature","properties":{"fid":168,"Bloque":"1","HAS":5.5,"Plantas":1528,"ID_Potrero":38,"Variedad":"Hass","Potrero_Nombre":"5","Potrero_HAS":11,"Potrero_Plantas":3056,"Potrero_Alias:":"5","Potrero_Especie":"Paltas","Potrero_Nombre_GeoJSON":"5","Potrero_Alias_GeoJSON":"P5","Bloque_GeoJSON":"1","potrero":"5","bloque":"1","campo_id":null,"especie":"Paltas","variedad":"Hass","hectareas":5.5,"plantas_supabase":null,"precipitacion":null,"caudal":null,"normalizacion_estado":"SIN_COINCIDENCIA"},"geometry":{"type":"MultiPolygon","coordinates":[[[[-71.26510516698937,-32.80935157762206],[-71.26532751032707,-32.8093430261591],[-71.26568227804742,-32.809293539382445],[-71.26599667913742,-32.809253554929924],[-71.26631095845076,-32.80920878693933],[-71.26651473752067,-32.809163626939124],[-71.26675441331106,-32.809156096112595],[-71.26716688007355,-32.8091103450407],[-71.26778064871955,-32.80918216400327],[-71.26817610012925,-32.80921008726968],[-71.26851290686554,-32.80923428735276],[-71.26843010129753,-32.809320322517586],[-71.26824009320157,-32.8094242504986],[-71.2679136324706,-32.80950991621562],[-71.26757394738598,-32.8097441543762],[-71.26736337336779,-32.80985642862898],[-71.26722293938965,-32.809893351777355],[-71.26713073838006,-32.810005228333495],[-71.26715372622633,-32.81019246584912],[-71.26711130301466,-32.81034268094409],[-71.26705496581984,-32.810429830739864],[-71.26631596447477,-32.81095033874132],[-71.26620727325924,-32.811028421910876],[-71.26600132263505,-32.81116050456838],[-71.26583615147207,-32.81129394639178],[-71.26574477290654,-32.81136531585997],[-71.2655655167396,-32.811403841948746],[-71.26541306584515,-32.81135903733619],[-71.26517195120654,-32.81121902508655],[-71.26495899867005,-32.81112810629793],[-71.26477614378054,-32.811026225277246],[-71.2645983439518,-32.810982220317655],[-71.26437044428587,-32.81096790857708],[-71.26417847877937,-32.81095028523924],[-71.26416229417947,-32.81084379248903],[-71.26424888146796,-32.81074471820155],[-71.26451640348076,-32.81037154918394],[-71.26458528144578,-32.810191711043444],[-71.26464833206468,-32.809971467989506],[-71.26470058292949,-32.80981772705611],[-71.26472571296298,-32.809768328168715],[-71.26493358880609,-32.809608946148245],[-71.26510516698937,-32.80935157762206]]]]}},{"type":"Feature","properties":{"fid":169,"Bloque":"2","HAS":5.5,"Plantas":1528,"ID_Potrero":38,"Variedad":"Hass","Potrero_Nombre":"5","Potrero_HAS":11,"Potrero_Plantas":3056,"Potrero_Alias:":"5","Potrero_Especie":"Paltas","Potrero_Nombre_GeoJSON":"5","Potrero_Alias_GeoJSON":"P5","Bloque_GeoJSON":"2","potrero":"5","bloque":"2","campo_id":"73ed20f6-ac07-4eb5-bc5e-4e7c285eb9b8","especie":"PALTOS","variedad":"Hass","hectareas":5.5,"plantas_supabase":1527.777778,"precipitacion":1.56,"caudal":85.56,"normalizacion_estado":"COINCIDENCIA"},"geometry":{"type":"MultiPolygon","coordinates":[[[[-71.2671639470595,-32.809106410709],[-71.26752863337458,-32.80915004572775],[-71.26777675149872,-32.80917744966583],[-71.26851467314768,-32.80922947038037],[-71.2686547012852,-32.80896876581296],[-71.2687233129109,-32.808843197532774],[-71.26889120346954,-32.8086511584516],[-71.26884007642448,-32.808470738508134],[-71.26877538196369,-32.80815364351505],[-71.26866394187246,-32.80769001349739],[-71.26851931810819,-32.8071337405977],[-71.2684740755442,-32.806990008413784],[-71.26781855693277,-32.80714613604792],[-71.26771282084754,-32.807299288512006],[-71.26745626388372,-32.80740010540003],[-71.26719112639933,-32.80743989723647],[-71.26711161036314,-32.80745495310762],[-71.26680442005568,-32.80754718857548],[-71.26669394402886,-32.807564535835525],[-71.26649376863911,-32.80761932141426],[-71.26621463172778,-32.80795876544071],[-71.26603329251358,-32.8080092553314],[-71.26592183811887,-32.80807531052841],[-71.26580290488204,-32.80818197320833],[-71.26564105725953,-32.80826137254354],[-71.26546426234657,-32.80841737985892],[-71.26523900259582,-32.80855827788895],[-71.26514183111917,-32.80857542114699],[-71.2651507845781,-32.808644708986876],[-71.26517109894709,-32.808806604379654],[-71.26519496394063,-32.80898659640165],[-71.26513069720464,-32.809244311372105],[-71.26511709969643,-32.80931260674663],[-71.26531060769523,-32.809323433272766],[-71.26612151286179,-32.80922338233025],[-71.26651453509054,-32.80915565567388],[-71.2671639470595,-32.809106410709]]]]}},{"type":"Feature","properties":{"fid":170,"Bloque":"1","HAS":null,"Plantas":null,"ID_Potrero":40,"Variedad":"Murcott","Potrero_Nombre":"CirrusAgro","Potrero_HAS":null,"Potrero_Plantas":null,"Potrero_Alias:":"CirrusAgro","Potrero_Especie":"Mandarina","Potrero_Nombre_GeoJSON":"Cirrus","Potrero_Alias_GeoJSON":"CirrusAgro","Bloque_GeoJSON":"1","potrero":"CirrusAgro","bloque":"1","campo_id":"ebc0ea9a-6278-41e8-bf34-a11d7f57535c","especie":"MANDARINA","variedad":"MURCOTT","hectareas":0,"plantas_supabase":0,"precipitacion":0,"caudal":0,"normalizacion_estado":"COINCIDENCIA"},"geometry":{"type":"MultiPolygon","coordinates":[[[[-71.25684644196139,-32.81676529188477],[-71.25741669614013,-32.81928547414754],[-71.25728750607948,-32.819280053542975],[-71.25722126938848,-32.81930352364542],[-71.25715824802371,-32.81931505558287],[-71.25707764767951,-32.81932690457615],[-71.25693903672558,-32.81933979985075],[-71.2568323307056,-32.819362514660156],[-71.25672715724438,-32.81937629164055],[-71.25659393246671,-32.81939354444544],[-71.25643808019854,-32.81942011524653],[-71.2558415119907,-32.816898253331296],[-71.25684644196139,-32.81676529188477]]]]}},{"type":"Feature","properties":{"fid":171,"Bloque":"2","HAS":null,"Plantas":null,"ID_Potrero":40,"Variedad":"Murcott","Potrero_Nombre":"CirrusAgro","Potrero_HAS":null,"Potrero_Plantas":null,"Potrero_Alias:":"CirrusAgro","Potrero_Especie":"Mandarina","Potrero_Nombre_GeoJSON":"Cirrus","Potrero_Alias_GeoJSON":"CirrusAgro","Bloque_GeoJSON":"2","potrero":"CirrusAgro","bloque":"2","campo_id":"26a60ae1-bff9-4f54-82d0-21fcd6487047","especie":"MANDARINA","variedad":"MURCOTT","hectareas":0,"plantas_supabase":0,"precipitacion":0,"caudal":0,"normalizacion_estado":"COINCIDENCIA"},"geometry":{"type":"MultiPolygon","coordinates":[[[[-71.2573937684805,-32.819309321924095],[-71.2576069168556,-32.8202959822327],[-71.25775843558527,-32.8203066135377],[-71.25784243981923,-32.82029024761832],[-71.2579658992558,-32.82023455926073],[-71.25807032206446,-32.82019109444744],[-71.25819019024605,-32.82013250065053],[-71.2583145134336,-32.82011095173287],[-71.25844463634853,-32.82011008823402],[-71.2586020297898,-32.820144372739186],[-71.25849253103678,-32.819639958804125],[-71.25838314641234,-32.81913999769509],[-71.2573937684805,-32.819309321924095]]]]}},{"type":"Feature","properties":{"fid":172,"Bloque":"4","HAS":null,"Plantas":null,"ID_Potrero":40,"Variedad":"Murcott","Potrero_Nombre":"CirrusAgro","Potrero_HAS":null,"Potrero_Plantas":null,"Potrero_Alias:":"CirrusAgro","Potrero_Especie":"Mandarina","Potrero_Nombre_GeoJSON":"Cirrus","Potrero_Alias_GeoJSON":"CirrusAgro","Bloque_GeoJSON":"4","potrero":"CirrusAgro","bloque":"4","campo_id":"8fbb4ca8-a6bd-483c-9963-734cc7582299","especie":"MANDARINA","variedad":"MURCOTT","hectareas":0,"plantas_supabase":0,"precipitacion":0,"caudal":0,"normalizacion_estado":"COINCIDENCIA"},"geometry":{"type":"MultiPolygon","coordinates":[[[[-71.2573829582064,-32.81929912183021],[-71.25759412314365,-32.82027690785168],[-71.25741369647143,-32.82030540828864],[-71.25738623853982,-32.82026283818008],[-71.2572808763538,-32.82026919397371],[-71.25710501691707,-32.820339192029905],[-71.25695125908648,-32.820379090872535],[-71.25676604632703,-32.82042698192379],[-71.25664953561255,-32.82040977799842],[-71.25654685375041,-32.81989632906394],[-71.25645285668793,-32.81944806410263],[-71.2573829582064,-32.81929912183021]]]]}},{"type":"Feature","properties":{"fid":173,"Bloque":"3","HAS":3,"Plantas":null,"ID_Potrero":40,"Variedad":"Murcott","Potrero_Nombre":"CirrusAgro","Potrero_HAS":null,"Potrero_Plantas":null,"Potrero_Alias:":"CirrusAgro","Potrero_Especie":"Mandarina","Potrero_Nombre_GeoJSON":"Cirrus","Potrero_Alias_GeoJSON":"CirrusAgro","Bloque_GeoJSON":"3","potrero":"CirrusAgro","bloque":"3","campo_id":"28783af1-8a27-4f29-ac8c-512c3f0f370e","especie":"MANDARINA","variedad":"MURCOTT","hectareas":3,"plantas_supabase":0,"precipitacion":0,"caudal":0,"normalizacion_estado":"COINCIDENCIA"},"geometry":{"type":"MultiPolygon","coordinates":[[[[-71.25746025082974,-32.82054662602188],[-71.25767606323708,-32.82156887826815],[-71.25817100501743,-32.82145896589017],[-71.25840364568909,-32.82140873169457],[-71.25874004177362,-32.82135810917205],[-71.25888841377572,-32.8213138502941],[-71.25888418379073,-32.821285711366954],[-71.25871031055019,-32.82046169654503],[-71.25850150713684,-32.82027241348625],[-71.25837912144695,-32.82023155696571],[-71.25813305919178,-32.820307278527785],[-71.25778557095147,-32.820475415733306],[-71.25746025082974,-32.82054662602188]]]]}},{"type":"Feature","properties":{"fid":174,"Bloque":"5","HAS":null,"Plantas":null,"ID_Potrero":40,"Variedad":"Murcott","Potrero_Nombre":"CirrusAgro","Potrero_HAS":null,"Potrero_Plantas":null,"Potrero_Alias:":"CirrusAgro","Potrero_Especie":"Mandarina","Potrero_Nombre_GeoJSON":"Cirrus","Potrero_Alias_GeoJSON":"CirrusAgro","Bloque_GeoJSON":"5","potrero":"CirrusAgro","bloque":"5","campo_id":"ecda8245-bcf1-44c6-bebe-12a8cc83266e","especie":"MANDARINA","variedad":"MURCOTT","hectareas":0,"plantas_supabase":0,"precipitacion":0,"caudal":0,"normalizacion_estado":"COINCIDENCIA"},"geometry":{"type":"MultiPolygon","coordinates":[[[[-71.25745333183187,-32.82055120589684],[-71.25766712327781,-32.821563099510485],[-71.25707067019694,-32.82169266125563],[-71.25694126546074,-32.82179152148528],[-71.25676235139694,-32.82201898592705],[-71.25660920497405,-32.82222222515841],[-71.2565147891178,-32.8223137713737],[-71.25643884368817,-32.822335931186515],[-71.25621113529057,-32.82237270772323],[-71.25608342060637,-32.82236461546024],[-71.25598266956038,-32.822310001412056],[-71.25595928110758,-32.822184939220826],[-71.25617904337875,-32.821973074511355],[-71.25642688751785,-32.82168942225135],[-71.25663506901438,-32.821263180778665],[-71.25668713284672,-32.82106176461437],[-71.256726305549,-32.820802665291154],[-71.25680389143078,-32.82074112281563],[-71.25731144735163,-32.8205738132924],[-71.25745333183187,-32.82055120589684]]]]}},{"type":"Feature","properties":{"fid":175,"Bloque":"1","HAS":78,"Plantas":1295,"ID_Potrero":30,"Variedad":"Cara Cara","Potrero_Nombre":"28","Potrero_HAS":3.79,"Potrero_Plantas":6312,"Potrero_Alias:":"28","Potrero_Especie":"Naranjas","Potrero_Nombre_GeoJSON":"28","Potrero_Alias_GeoJSON":"Casa verde","Bloque_GeoJSON":"1","potrero":"28","bloque":"1","campo_id":"4db377bb-a701-4c99-a087-fc2fc50076a1","especie":"NARANJA","variedad":"CARA CARA","hectareas":0.777,"plantas_supabase":1295,"precipitacion":3.5,"caudal":17.2,"normalizacion_estado":"COINCIDENCIA"},"geometry":{"type":"MultiPolygon","coordinates":[[[[-71.26464274955687,-32.81669924034966],[-71.2647590116214,-32.81761773632998],[-71.26424756958873,-32.81772941642144],[-71.26417239319116,-32.81768548318456],[-71.26400828182406,-32.81705501849433],[-71.26395169652804,-32.816863606112],[-71.26393868250045,-32.81679001711689],[-71.26415538344774,-32.81675280474197],[-71.26426416089964,-32.816727604275314],[-71.26464274955687,-32.81669924034966]]]]}},{"type":"Feature","properties":{"fid":176,"Bloque":"2","HAS":0.75,"Plantas":1250,"ID_Potrero":30,"Variedad":"Cara Cara","Potrero_Nombre":"28","Potrero_HAS":3.79,"Potrero_Plantas":6312,"Potrero_Alias:":"28","Potrero_Especie":"Naranjas","Potrero_Nombre_GeoJSON":"28","Potrero_Alias_GeoJSON":"Casa verde","Bloque_GeoJSON":"2","potrero":"28","bloque":"2","campo_id":"e6593bc4-62e2-421c-a751-0b01ab71dd45","especie":"NARANJA","variedad":"CARA CARA","hectareas":0.75,"plantas_supabase":1250,"precipitacion":3.5,"caudal":25.27,"normalizacion_estado":"COINCIDENCIA"},"geometry":{"type":"MultiPolygon","coordinates":[[[[-71.26487875762275,-32.81758391881721],[-71.26500926108353,-32.817543233833085],[-71.26507947001444,-32.81733614913454],[-71.26516710528674,-32.81718887128743],[-71.26541529270239,-32.81704612515321],[-71.26543172378179,-32.81683701532243],[-71.2654334849677,-32.816693515167024],[-71.26531920169096,-32.81666125355513],[-71.26525330560546,-32.81665738689608],[-71.26494560971439,-32.81668353072457],[-71.26484101626203,-32.816682528393734],[-71.2647846238629,-32.81668192640021],[-71.26464503134076,-32.81669989522927],[-71.26475954933346,-32.81761703773911],[-71.26487875762275,-32.81758391881721]]],[[[-71.26528271987388,-32.81726253882915],[-71.26523990589443,-32.817281954144626],[-71.26519557783938,-32.81732726431977],[-71.26518029452497,-32.81736049150088],[-71.2651751190522,-32.81739232091571],[-71.26519804135754,-32.81741125822079],[-71.26524443061457,-32.81742564639646],[-71.26526816985945,-32.817409354057276],[-71.2653037058951,-32.81739537266591],[-71.26532123306549,-32.817422970918884],[-71.26535993417795,-32.81744697394509],[-71.26534579873193,-32.81753426400228],[-71.26523775917639,-32.817535497325714],[-71.26513533109535,-32.81752437032296],[-71.26506195204969,-32.817660180354174],[-71.2666630037335,-32.81779922700132],[-71.26656030677616,-32.81763456568126],[-71.26614784181575,-32.81741476783146],[-71.26586276915573,-32.817279092666695],[-71.26566926709849,-32.81718594590452],[-71.26556214909004,-32.817164338476275],[-71.2654777483398,-32.81716375868789],[-71.26541899892116,-32.81720063136266],[-71.26539006969959,-32.81722349422325],[-71.26535277758767,-32.81724341964057],[-71.26528271987388,-32.81726253882915]]]]}},{"type":"Feature","properties":{"fid":177,"Bloque":"3","HAS":0.63,"Plantas":1050,"ID_Potrero":30,"Variedad":"Cara Cara","Potrero_Nombre":"28","Potrero_HAS":3.79,"Potrero_Plantas":6312,"Potrero_Alias:":"28","Potrero_Especie":"Naranjas","Potrero_Nombre_GeoJSON":"28","Potrero_Alias_GeoJSON":"Casa verde","Bloque_GeoJSON":"3","potrero":"28","bloque":"3","campo_id":"c553db82-1bb2-445b-9a42-fe887f008fb4","especie":"NARANJA","variedad":"CARA CARA","hectareas":0.63,"plantas_supabase":1050,"precipitacion":3.5,"caudal":20.08,"normalizacion_estado":"COINCIDENCIA"},"geometry":{"type":"MultiPolygon","coordinates":[[[[-71.26585143493216,-32.81772867680479],[-71.26592926863742,-32.818368385210775],[-71.26704397896106,-32.818439655812384],[-71.26685573450945,-32.81812742316022],[-71.26674552352303,-32.817933280030196],[-71.26667357457048,-32.81781322573874],[-71.26666394387655,-32.81780078994115],[-71.26585143493216,-32.81772867680479]]]]}},{"type":"Feature","properties":{"fid":178,"Bloque":"4","HAS":0.63,"Plantas":1050,"ID_Potrero":30,"Variedad":"Cara Cara","Potrero_Nombre":"28","Potrero_HAS":3.79,"Potrero_Plantas":6312,"Potrero_Alias:":"28","Potrero_Especie":"Naranjas","Potrero_Nombre_GeoJSON":"28","Potrero_Alias_GeoJSON":"Casa verde","Bloque_GeoJSON":"4","potrero":"28","bloque":"4","campo_id":"2d898fb6-ca10-4047-8c9f-fa8c317aa4b4","especie":"NARANJA","variedad":"CARA CARA","hectareas":0.63,"plantas_supabase":1050,"precipitacion":3.5,"caudal":20.08,"normalizacion_estado":"COINCIDENCIA"},"geometry":{"type":"MultiPolygon","coordinates":[[[[-71.26585056919757,-32.817729012473826],[-71.26592895282035,-32.81836828637194],[-71.26498736889839,-32.81831175902005],[-71.26488890739235,-32.81796259106091],[-71.26489342759695,-32.817734947381],[-71.26492014386062,-32.817726981185245],[-71.26495912186859,-32.81768389689994],[-71.26499788689512,-32.817671379588134],[-71.26506020423443,-32.817660725244004],[-71.26506020423443,-32.817660725244004],[-71.26585056919757,-32.817729012473826]]]]}},{"type":"Feature","properties":{"fid":179,"Bloque":"5","HAS":0.49,"Plantas":817,"ID_Potrero":30,"Variedad":"Cara Cara","Potrero_Nombre":"28","Potrero_HAS":3.79,"Potrero_Plantas":6312,"Potrero_Alias:":"28","Potrero_Especie":"Naranjas","Potrero_Nombre_GeoJSON":"28","Potrero_Alias_GeoJSON":"Casa verde","Bloque_GeoJSON":"5","potrero":"28","bloque":"5","campo_id":"015d7447-a5b7-4922-9eda-47efb1fc46a9","especie":"NARANJA","variedad":"CARA CARA","hectareas":0.49,"plantas_supabase":816.6666667,"precipitacion":3.5,"caudal":16.27,"normalizacion_estado":"COINCIDENCIA"},"geometry":{"type":"MultiPolygon","coordinates":[[[[-71.26613890305764,-32.8183842503567],[-71.26614916970586,-32.818895077386756],[-71.26635721654367,-32.818929128539864],[-71.26644499230368,-32.818951745558664],[-71.26653921346447,-32.81894920338812],[-71.2666596117911,-32.81890535384622],[-71.26676877308768,-32.81888710493658],[-71.26689758148234,-32.818889563211506],[-71.26706738013085,-32.818890290587916],[-71.26711847662544,-32.81889172255116],[-71.26713287802292,-32.818646791077775],[-71.26710604347406,-32.818626746266624],[-71.26709558339171,-32.81854582657271],[-71.26707223297504,-32.818515225170586],[-71.26706281894471,-32.818442397440705],[-71.26706281894471,-32.818442397440705],[-71.26613890305764,-32.8183842503567]]]]}},{"type":"Feature","properties":{"fid":180,"Bloque":"6","HAS":0.51,"Plantas":850,"ID_Potrero":30,"Variedad":"Cara Cara","Potrero_Nombre":"28","Potrero_HAS":3.79,"Potrero_Plantas":6312,"Potrero_Alias:":"28","Potrero_Especie":"Naranjas","Potrero_Nombre_GeoJSON":"28","Potrero_Alias_GeoJSON":"Casa verde","Bloque_GeoJSON":"6","potrero":"28","bloque":"6","campo_id":"ee9ddb96-f97a-4c3a-8cbf-0e5726f1f19c","especie":"NARANJA","variedad":"CARA CARA","hectareas":0.51,"plantas_supabase":850,"precipitacion":3.5,"caudal":16.88,"normalizacion_estado":"COINCIDENCIA"},"geometry":{"type":"MultiPolygon","coordinates":[[[[-71.2661370408387,-32.81838391020138],[-71.26614803717014,-32.81889569353164],[-71.2659118699865,-32.81882226809316],[-71.2657174565424,-32.81876239473575],[-71.26550914880991,-32.81872631949263],[-71.26540429870722,-32.8187216519998],[-71.26534601486303,-32.818720881660965],[-71.26523907308207,-32.81870003004646],[-71.26511431484273,-32.81867263175143],[-71.26507846308665,-32.81863908781274],[-71.26503642184367,-32.81852013637523],[-71.26501616169067,-32.81841964874663],[-71.26498553402566,-32.81831397519221],[-71.26498553402566,-32.81831397519221],[-71.2661370408387,-32.81838391020138]]]]}},{"type":"Feature","properties":{"fid":181,"Bloque":"5","HAS":1.64,"Plantas":2733,"ID_Potrero":25,"Variedad":"Fukumoto","Potrero_Nombre":"Mirador 2","Potrero_HAS":26.7,"Potrero_Plantas":17799,"Potrero_Alias:":"Mirador 2","Potrero_Especie":"Paltas","Potrero_Nombre_GeoJSON":"4","Potrero_Alias_GeoJSON":"Mirador 2","Bloque_GeoJSON":"5","potrero":"Mirador 2","bloque":"5","campo_id":null,"especie":"Paltas","variedad":"Fukumoto","hectareas":1.64,"plantas_supabase":null,"precipitacion":null,"caudal":null,"normalizacion_estado":"SIN_COINCIDENCIA"},"geometry":{"type":"MultiPolygon","coordinates":[[[[-71.27684590448055,-32.80763635259725],[-71.27924852785108,-32.80628286023414],[-71.27911058512888,-32.80608674942267],[-71.2789997281997,-32.8059445525846],[-71.27882193449807,-32.80602237050962],[-71.27868815408455,-32.80611250411133],[-71.27859951266737,-32.80606438718199],[-71.27854206255401,-32.806051263845205],[-71.27845769929569,-32.80605495336561],[-71.27826319471005,-32.80613959947342],[-71.27818213544104,-32.80618273314775],[-71.27804022146256,-32.80621936806226],[-71.27781548396855,-32.80634655190881],[-71.27766104887736,-32.80638945932178],[-71.27756822066247,-32.80643077711274],[-71.27751262236175,-32.806422600223044],[-71.27745907724376,-32.806449034716316],[-71.27734810200963,-32.80645313146527],[-71.27725276745721,-32.806484444696686],[-71.27715019637796,-32.806478553965846],[-71.2770303540635,-32.806460950270704],[-71.27694653383473,-32.80645947088139],[-71.27650972555008,-32.806699359299984],[-71.2765052664208,-32.806730477240265],[-71.27634284763653,-32.80683348550841],[-71.27634649061578,-32.80687102091815],[-71.27626011240137,-32.806943472828934],[-71.27629369856712,-32.806978246098126],[-71.27639032154099,-32.80701422789124],[-71.27645007593827,-32.80708510587223],[-71.27650375017072,-32.80718488035923],[-71.27659512234062,-32.807292604862226],[-71.2766592382302,-32.80740082511424],[-71.2766592382302,-32.80740082511424],[-71.27684590448055,-32.80763635259725]]]]}},{"type":"Feature","properties":{"fid":182,"Bloque":"4","HAS":1.64,"Plantas":2733,"ID_Potrero":24,"Variedad":"Fukumoto","Potrero_Nombre":"24","Potrero_HAS":5.18,"Potrero_Plantas":5180,"Potrero_Alias:":"24","Potrero_Especie":"Naranjas","Potrero_Nombre_GeoJSON":"24","Potrero_Alias_GeoJSON":"P24","Bloque_GeoJSON":"4","potrero":"24","bloque":"4","campo_id":null,"especie":"Naranjas","variedad":"Fukumoto","hectareas":1.64,"plantas_supabase":null,"precipitacion":null,"caudal":null,"normalizacion_estado":"SIN_COINCIDENCIA"},"geometry":{"type":"MultiPolygon","coordinates":[[[[-71.27684633953915,-32.80763670450663],[-71.27924937960465,-32.806282844722425],[-71.2797201532977,-32.8068985649357],[-71.27738353444865,-32.808167386230735],[-71.27738353444865,-32.808167386230735],[-71.27684633953915,-32.80763670450663]]]]}},{"type":"Feature","properties":{"fid":183,"Bloque":"3","HAS":1.66,"Plantas":2767,"ID_Potrero":23,"Variedad":"Fukumoto","Potrero_Nombre":"20B","Potrero_HAS":3.82,"Potrero_Plantas":3820,"Potrero_Alias:":"20B","Potrero_Especie":"Naranjas","Potrero_Nombre_GeoJSON":"20","Potrero_Alias_GeoJSON":"20B","Bloque_GeoJSON":"3","potrero":"20B","bloque":"3","campo_id":null,"especie":"Naranjas","variedad":"Fukumoto","hectareas":1.66,"plantas_supabase":null,"precipitacion":null,"caudal":null,"normalizacion_estado":"SIN_COINCIDENCIA"},"geometry":{"type":"MultiPolygon","coordinates":[[[[-71.27738523799401,-32.808167355231234],[-71.27972016248364,-32.80689892459233],[-71.28014806705843,-32.80747080569238],[-71.2779335088266,-32.80871438474241],[-71.2779335088266,-32.80871438474241],[-71.27738523799401,-32.808167355231234]]]]}},{"type":"Feature","properties":{"fid":184,"Bloque":"1","HAS":1.68,"Plantas":2800,"ID_Potrero":21,"Variedad":"Fukumoto","Potrero_Nombre":"20","Potrero_HAS":8.01,"Potrero_Plantas":10013,"Potrero_Alias:":"20","Potrero_Especie":"Naranjas","Potrero_Nombre_GeoJSON":"20","Potrero_Alias_GeoJSON":"P20","Bloque_GeoJSON":"1","potrero":"20","bloque":"1","campo_id":null,"especie":"Naranjas","variedad":"Fukumoto","hectareas":1.68,"plantas_supabase":null,"precipitacion":null,"caudal":null,"normalizacion_estado":"SIN_COINCIDENCIA"},"geometry":{"type":"MultiPolygon","coordinates":[[[[-71.28015151086751,-32.80747218224516],[-71.2808888391711,-32.8083439627495],[-71.28091926284253,-32.80839642716386],[-71.28085226099064,-32.80843126981753],[-71.28083206987034,-32.80841573265662],[-71.28075878781347,-32.80846292569436],[-71.28071414421836,-32.80846448657572],[-71.28067716495092,-32.80845971061649],[-71.28053849090419,-32.808535456141705],[-71.28051757605085,-32.808547109930274],[-71.28047062218164,-32.80854018369382],[-71.28038017878968,-32.808585889459664],[-71.28030906382057,-32.80858426337152],[-71.28025423532202,-32.808619517686246],[-71.28020277795247,-32.80863398979682],[-71.2801668555729,-32.80863269860003],[-71.28010700810904,-32.80861979711729],[-71.28003524457262,-32.808641260704796],[-71.27985391468027,-32.808752671707026],[-71.27986089074989,-32.80878785241574],[-71.27984348944608,-32.808836029847264],[-71.27980636506614,-32.80886760320913],[-71.27967094572291,-32.80894509448449],[-71.27967110796142,-32.80899318658536],[-71.27948067285024,-32.80909980759285],[-71.27948778963929,-32.80913139289032],[-71.27935848924405,-32.80920934274519],[-71.27930484775978,-32.80924909307245],[-71.27929339931914,-32.80928239137729],[-71.27922798649186,-32.80932015713577],[-71.27920505401578,-32.809372427248206],[-71.27917131617757,-32.80940675858971],[-71.27909093125278,-32.809445905715066],[-71.27899351254801,-32.8095782325439],[-71.27896138487729,-32.80960627392997],[-71.27889146233908,-32.80963729070696],[-71.27886435641909,-32.80961983234498],[-71.27858123320347,-32.809333258769946],[-71.27843607978805,-32.80920683075443],[-71.27839557904699,-32.80916768332976],[-71.27895309067728,-32.8087627498079],[-71.27907986106929,-32.80892164239648],[-71.2798104117078,-32.808430490254786],[-71.27959863722307,-32.80814648876449],[-71.27939619008481,-32.807893981496136],[-71.28015151086751,-32.80747218224516]]]]}},{"type":"Feature","properties":{"fid":185,"Bloque":"2","HAS":1.57,"Plantas":2617,"ID_Potrero":22,"Variedad":"Fukumoto","Potrero_Nombre":"20A","Potrero_HAS":2.93,"Potrero_Plantas":3256,"Potrero_Alias:":"20A","Potrero_Especie":"Naranjas","Potrero_Nombre_GeoJSON":"20","Potrero_Alias_GeoJSON":"P20A","Bloque_GeoJSON":"2","potrero":"20A","bloque":"2","campo_id":null,"especie":"Naranjas","variedad":"Fukumoto","hectareas":1.57,"plantas_supabase":null,"precipitacion":null,"caudal":null,"normalizacion_estado":"SIN_COINCIDENCIA"},"geometry":{"type":"MultiPolygon","coordinates":[[[[-71.27939626356475,-32.80789685874923],[-71.2798069678655,-32.80842911369419],[-71.27908236130133,-32.80891943792168],[-71.27895301720919,-32.80875987255429],[-71.27839338984212,-32.8091648146482],[-71.27793611923568,-32.808716496172934],[-71.27920550196349,-32.80800180331175],[-71.27939626356475,-32.80789685874923]]]]}},{"type":"Feature","properties":{"fid":187,"Bloque":"4","HAS":1.18,"Plantas":1311,"ID_Potrero":29,"Variedad":"Fukumoto","Potrero_Nombre":"30","Potrero_HAS":11.4,"Potrero_Plantas":8056,"Potrero_Alias:":"30","Potrero_Especie":"Naranjas","Potrero_Nombre_GeoJSON":"30","Potrero_Alias_GeoJSON":"P30 Barnfield","Bloque_GeoJSON":"4","potrero":"30","bloque":"4","campo_id":"70437f54-9156-4ad6-882c-531674da4cfd","especie":"NARANJA","variedad":"CARA CARA","hectareas":1.14,"plantas_supabase":1266.666667,"precipitacion":3.1,"caudal":58.4,"normalizacion_estado":"COINCIDENCIA"},"geometry":{"type":"MultiPolygon","coordinates":[[[[-71.28093222170989,-32.806543619329254],[-71.28156014139071,-32.80614736681071],[-71.2813733194093,-32.80590609222178],[-71.28274399829641,-32.805256445610006],[-71.28331537768089,-32.805988966028714],[-71.2832857496538,-32.80603161951824],[-71.28318695570053,-32.80606428029273],[-71.28301514695933,-32.80601974869035],[-71.28288080111338,-32.80600246574006],[-71.28276321686032,-32.80604914319551],[-71.2826551552884,-32.80612257763649],[-71.28253098659643,-32.80613710878067],[-71.28241305509674,-32.806096815637616],[-71.28234119275744,-32.80610344823598],[-71.2821489643076,-32.80608843612243],[-71.28199954189924,-32.806184111329145],[-71.28187000809346,-32.806268375553806],[-71.28174049570178,-32.806336475439295],[-71.28168018442828,-32.806385542720136],[-71.28159618335779,-32.80649974498035],[-71.28139665458818,-32.80666248057521],[-71.2812815395956,-32.80695304671844],[-71.28117831474493,-32.80684844647894],[-71.28093222170989,-32.806543619329254]]]]}},{"type":"Feature","properties":{"fid":191,"Bloque":"1","HAS":0.68,"Plantas":756,"ID_Potrero":27,"Variedad":"Fukumoto","Potrero_Nombre":"","Potrero_HAS":null,"Potrero_Plantas":null,"Potrero_Alias:":"","Potrero_Especie":null,"Potrero_Nombre_GeoJSON":"","Potrero_Alias_GeoJSON":"","Bloque_GeoJSON":"1","potrero":"","bloque":"1","campo_id":null,"especie":"","variedad":"Fukumoto","hectareas":0.68,"plantas_supabase":null,"precipitacion":null,"caudal":null,"normalizacion_estado":"POTRERO_SIN_COINCIDENCIA"},"geometry":{"type":"MultiPolygon","coordinates":[[[[-71.28094428133585,-32.806590380960195],[-71.28066578992475,-32.806229875130526],[-71.27969081742748,-32.80679891355105],[-71.2799598816993,-32.80715484815414],[-71.28038928323413,-32.80691426103919],[-71.28094428133585,-32.806590380960195]]],[[[-71.28058815586269,-32.80607840963846],[-71.28121416261159,-32.80572822678045],[-71.28103442617652,-32.80543068995193],[-71.2809108434661,-32.805463167450924],[-71.2807943686932,-32.80550702966278],[-71.28066593260256,-32.805549670439504],[-71.28059004735613,-32.805581278448905],[-71.2804320507771,-32.8056676365085],[-71.28031729884117,-32.80571641447513],[-71.2803850946605,-32.805805944815035],[-71.28058815586269,-32.80607840963846]]]]}},{"type":"Feature","properties":{"fid":192,"Bloque":"2","HAS":0.66,"Plantas":733,"ID_Potrero":26,"Variedad":"Fukumoto","Potrero_Nombre":"7","Potrero_HAS":12.34,"Potrero_Plantas":20567,"Potrero_Alias:":"7","Potrero_Especie":"Naranjas","Potrero_Nombre_GeoJSON":"7","Potrero_Alias_GeoJSON":"P7","Bloque_GeoJSON":"2","potrero":"7","bloque":"2","campo_id":"5d619e60-d997-4769-beab-7abb64b08ba8","especie":"NARANJA","variedad":"FUKUMOTO","hectareas":1.304,"plantas_supabase":2173.333333,"precipitacion":3.6,"caudal":54.342593,"normalizacion_estado":"COINCIDENCIA"},"geometry":{"type":"MultiPolygon","coordinates":[[[[-71.27995339387154,-32.80716400417372],[-71.28094441724105,-32.8065957187687],[-71.28127658453914,-32.806999052234985],[-71.28116133665289,-32.80738226227125],[-71.28100527540253,-32.80830711698926],[-71.28094624539126,-32.80834736536141],[-71.28066078044135,-32.80803484276316],[-71.28039331508771,-32.80770580005054],[-71.27995339387154,-32.80716400417372]]],[[[-71.28058485607993,-32.80608058373272],[-71.28122517634533,-32.80572780114279],[-71.2815529842454,-32.80615073569853],[-71.2809299016149,-32.80653973921434],[-71.28058485607993,-32.80608058373272]]]]}},{"type":"Feature","properties":{"fid":193,"Bloque":"3","HAS":0.66,"Plantas":733,"ID_Potrero":30,"Variedad":"Fukumoto","Potrero_Nombre":"28","Potrero_HAS":3.79,"Potrero_Plantas":6312,"Potrero_Alias:":"28","Potrero_Especie":"Naranjas","Potrero_Nombre_GeoJSON":"28","Potrero_Alias_GeoJSON":"Casa verde","Bloque_GeoJSON":"3","potrero":"28","bloque":"3","campo_id":"c553db82-1bb2-445b-9a42-fe887f008fb4","especie":"NARANJA","variedad":"CARA CARA","hectareas":0.63,"plantas_supabase":1050,"precipitacion":3.5,"caudal":20.08,"normalizacion_estado":"COINCIDENCIA"},"geometry":{"type":"MultiPolygon","coordinates":[[[[-71.282741655205,-32.80525437438154],[-71.28255870459186,-32.804997918363306],[-71.28248132367916,-32.80490433610715],[-71.28245115066582,-32.80485738962983],[-71.28242765714613,-32.804838387587466],[-71.28239906589674,-32.80485330193753],[-71.2823855611215,-32.80489168953177],[-71.2823409764554,-32.804880988214876],[-71.28233943277704,-32.80492059697933],[-71.28228863535689,-32.80496686109382],[-71.28223584015169,-32.80500164725759],[-71.28216006631585,-32.805037572050296],[-71.2821045870673,-32.805067369569514],[-71.28206073791777,-32.80508544064588],[-71.28202894768071,-32.805075225578065],[-71.2819442024399,-32.8050602188422],[-71.28189813490869,-32.805058180176175],[-71.28182941975314,-32.80507022770526],[-71.28178179583344,-32.80507397455312],[-71.28171196553805,-32.8051090710734],[-71.28163043144033,-32.80515301669054],[-71.28153954648513,-32.80519785236523],[-71.28141177307073,-32.805266389126466],[-71.28130534818916,-32.80533669557362],[-71.28126331251795,-32.805359051207915],[-71.28121272262122,-32.8053801234503],[-71.28118637371058,-32.805382762649266],[-71.28115846836955,-32.80539118739278],[-71.28111291536452,-32.805409289199986],[-71.28106834275654,-32.805432410656785],[-71.2810533054629,-32.80544419908575],[-71.28109069634132,-32.805506846608765],[-71.28115118855104,-32.80560649474676],[-71.28123785833996,-32.805730133731196],[-71.2812987430283,-32.80581178344133],[-71.28137264305857,-32.805902551290295],[-71.282741655205,-32.80525437438154]]],[[[-71.2820207515871,-32.80467129289137],[-71.28193467102534,-32.804670703438184],[-71.28186966322589,-32.80466109395833],[-71.2817936869593,-32.80463909058019],[-71.2817376070166,-32.80461204671925],[-71.28167527698226,-32.80459051413149],[-71.28159390861242,-32.804590918007996],[-71.28157507866149,-32.80463767854901],[-71.28155172041203,-32.80469063864121],[-71.28154493726079,-32.80472530538423],[-71.28154507245297,-32.804847283206506],[-71.28146683526462,-32.804936866243416],[-71.28140376370467,-32.80496968044556],[-71.28131048903603,-32.805021036342886],[-71.28125530361774,-32.80506234250017],[-71.2812473805913,-32.805102427363714],[-71.28128838673757,-32.80513982126428],[-71.2813559193875,-32.805114841925366],[-71.28140650910026,-32.805093769632364],[-71.28144932281431,-32.80506852117973],[-71.28145851428386,-32.805078068874906],[-71.28149365009969,-32.80506915243901],[-71.28158098709824,-32.80503553601704],[-71.28162615990634,-32.805019240095824],[-71.28165013112886,-32.80500692890954],[-71.2816809652134,-32.80497973982841],[-71.28169083674815,-32.80496588655929],[-71.28170268755619,-32.80496279192085],[-71.28173956977106,-32.80497219459453],[-71.28179316797348,-32.804952146772706],[-71.28185386802583,-32.804926572091304],[-71.28187044935657,-32.80492519030987],[-71.28188536398441,-32.8049252782091],[-71.28190722124154,-32.80493027705987],[-71.28192970958038,-32.8049266286292],[-71.28193497925335,-32.80491609765941],[-71.28196151188062,-32.804920651432965],[-71.2819897295995,-32.804924454829],[-71.28201192998034,-32.80492620899096],[-71.2820261337073,-32.80491515529758],[-71.28204863414763,-32.80489531455421],[-71.28207548521763,-32.804878992717214],[-71.2821233722788,-32.80485221223957],[-71.28214897329956,-32.80483699265215],[-71.28217363062254,-32.80481819202957],[-71.28219272405457,-32.8047984133862],[-71.28219230107719,-32.804781869204795],[-71.2822026627451,-32.804770525726646],[-71.28222618036203,-32.80475714323317],[-71.28224619906963,-32.80474022630014],[-71.28227104025451,-32.80472861878225],[-71.28228507839849,-32.804711091252116],[-71.28231877371778,-32.80467917213558],[-71.282230119559,-32.8046779101695],[-71.28215685182658,-32.80467852652446],[-71.28202160332366,-32.80467127736153],[-71.2820207515871,-32.80467129289137]]]]}},{"type":"Feature","properties":{"fid":194,"Bloque":"5","HAS":1.18,"Plantas":1311,"ID_Potrero":28,"Variedad":"Fukumoto","Potrero_Nombre":"25","Potrero_HAS":11.84,"Potrero_Plantas":13156,"Potrero_Alias:":"25","Potrero_Especie":"Mandarina","Potrero_Nombre_GeoJSON":"25","Potrero_Alias_GeoJSON":"P25","Bloque_GeoJSON":"5","potrero":"25","bloque":"5","campo_id":"6441f211-fc92-4aa3-8701-a2d7d6454f1e","especie":"MANDARINA","variedad":"MURCOTT","hectareas":1.56,"plantas_supabase":1733.333333,"precipitacion":2,"caudal":56.945605,"normalizacion_estado":"COINCIDENCIA"},"geometry":{"type":"MultiPolygon","coordinates":[[[[-71.28264850667664,-32.805110704506966],[-71.28391881654076,-32.80440242562281],[-71.28387312775871,-32.80434856616262],[-71.28381903213214,-32.804299177971146],[-71.28377545178694,-32.80426111223861],[-71.28373375896493,-32.804230208521695],[-71.28369258142735,-32.80421944551285],[-71.28364125673092,-32.80421174622466],[-71.28359544725582,-32.804219778528164],[-71.28351985866938,-32.80426289721159],[-71.28335338688268,-32.804350852772366],[-71.28324917030851,-32.80440744722807],[-71.28316720906855,-32.80446795349873],[-71.28313032149892,-32.804491655122895],[-71.28309720879552,-32.804529680824864],[-71.28309461134327,-32.80456139269286],[-71.28306090989044,-32.8045764004085],[-71.28300902215386,-32.80461332927579],[-71.2829466927886,-32.80464181281471],[-71.28289617731139,-32.80466576295233],[-71.28284406870668,-32.80469406001307],[-71.28280529353039,-32.80471059950006],[-71.28278129774857,-32.80470527998751],[-71.28273404197766,-32.80472341342707],[-71.28267982513819,-32.80473591662861],[-71.28265749604095,-32.80472912739957],[-71.2826269806679,-32.804735441122894],[-71.28255109686451,-32.804767050264736],[-71.28252942991644,-32.80478615624712],[-71.28249398801596,-32.80479975625997],[-71.28244384016656,-32.80483809246557],[-71.28246705212148,-32.80487940871244],[-71.28252158884112,-32.804946060991135],[-71.28252158884112,-32.804946060991135],[-71.28264850667664,-32.805110704506966]]]]}},{"type":"Feature","properties":{"fid":195,"Bloque":"6","HAS":1.2,"Plantas":2000,"ID_Potrero":31,"Variedad":"Fukumoto","Potrero_Nombre":"27 GRAV","Potrero_HAS":4,"Potrero_Plantas":3333,"Potrero_Alias:":"27 GRAV","Potrero_Especie":"Naranjas","Potrero_Nombre_GeoJSON":"27","Potrero_Alias_GeoJSON":"P27 R","Bloque_GeoJSON":"6","potrero":"27 GRAV","bloque":"6","campo_id":null,"especie":"Naranjas","variedad":"Fukumoto","hectareas":1.2,"plantas_supabase":null,"precipitacion":null,"caudal":null,"normalizacion_estado":"SIN_COINCIDENCIA"},"geometry":{"type":"MultiPolygon","coordinates":[[[[-71.28265206079219,-32.80511639686549],[-71.28290989359508,-32.80546863926093],[-71.28295754347899,-32.80553253835601],[-71.28433735207115,-32.804726750703345],[-71.28426165151586,-32.804679709999185],[-71.28420118334675,-32.804647709823655],[-71.284127576152,-32.80456845269068],[-71.28406659275839,-32.80451631172732],[-71.28400793866338,-32.80448859623039],[-71.28396095121086,-32.804450592744175],[-71.28392411097799,-32.80440952548099],[-71.28265206079219,-32.80511639686549]]]]}},{"type":"Feature","properties":{"fid":196,"Bloque":"7","HAS":1.19,"Plantas":1983,"ID_Potrero":32,"Variedad":"Fukumoto","Potrero_Nombre":"30","Potrero_HAS":null,"Potrero_Plantas":null,"Potrero_Alias:":"30","Potrero_Especie":"Naranjas","Potrero_Nombre_GeoJSON":"30","Potrero_Alias_GeoJSON":"P30 4,5","Bloque_GeoJSON":"7","potrero":"30","bloque":"7","campo_id":"e99471f9-3af1-4ea1-9967-bef49df4679b","especie":"NARANJA","variedad":"CARA CARA","hectareas":1.54,"plantas_supabase":1711.111111,"precipitacion":3.1,"caudal":47.9,"normalizacion_estado":"COINCIDENCIA"},"geometry":{"type":"MultiPolygon","coordinates":[[[[-71.28295799694662,-32.80553360955537],[-71.2843413180995,-32.804729350919914],[-71.28444721302353,-32.80483824376461],[-71.28451610181284,-32.8048995956423],[-71.28454993382792,-32.804939638155744],[-71.28458894994085,-32.80498246461801],[-71.28462992054168,-32.80501841874252],[-71.2846783058541,-32.80506107414764],[-71.28469780572642,-32.80510713541851],[-71.284469372626,-32.8052379630667],[-71.28441815279575,-32.805267683848925],[-71.28438372844533,-32.80528774264527],[-71.2843558971119,-32.80529904533197],[-71.28424164332571,-32.805363020290386],[-71.28422393160898,-32.805386156269066],[-71.2841656179461,-32.805403821950556],[-71.28410945728132,-32.80541002972763],[-71.2840460939719,-32.80543027790069],[-71.2839632070443,-32.80548792300035],[-71.28389515447374,-32.80552586687214],[-71.28384346239592,-32.805553796926674],[-71.28380613951309,-32.80557714687385],[-71.28376789125169,-32.80559763510739],[-71.28369737529155,-32.80563922206154],[-71.28363943301443,-32.80567266343466],[-71.28359194428839,-32.80569835775122],[-71.28356134323234,-32.80571798674536],[-71.2835394180051,-32.80580963475779],[-71.28350713292517,-32.80585048645492],[-71.28342849113957,-32.80591711178158],[-71.28332204026881,-32.80598425682018],[-71.28321390793943,-32.80587725052996],[-71.28311497972172,-32.80574088296325],[-71.28295799694662,-32.80553360955537]]]]}},{"type":"Feature","properties":{"fid":197,"Bloque":"J4","HAS":1.5,"Plantas":1173,"ID_Potrero":12,"Variedad":"Hass","Potrero_Nombre":"J","Potrero_HAS":3.74,"Potrero_Plantas":3400,"Potrero_Alias:":"J","Potrero_Especie":"Paltas","Potrero_Nombre_GeoJSON":"J","Potrero_Alias_GeoJSON":"Unidad J","Bloque_GeoJSON":"4","potrero":"J","bloque":"J4","campo_id":"f8499866-81c7-48a2-9c33-2bf5666fdddf","especie":"PALTOS","variedad":"Hass","hectareas":1.29,"plantas_supabase":1172.727273,"precipitacion":1.82,"caudal":22.7,"normalizacion_estado":"COINCIDENCIA"},"geometry":{"type":"MultiPolygon","coordinates":[[[[-71.26929380121025,-32.790276657853006],[-71.26976507939979,-32.79153388911687],[-71.27000035917413,-32.79188513690116],[-71.27068357001156,-32.79180613807141],[-71.27065833308708,-32.791489392678585],[-71.27082175389722,-32.79099467480718],[-71.27083841571282,-32.79078882478857],[-71.27077570108011,-32.790603176231386],[-71.27077712572049,-32.79039725099728],[-71.27075156964526,-32.79034692886155],[-71.27076039037135,-32.790173217044135],[-71.27051734347376,-32.790283992786165],[-71.2703309500666,-32.790355148546354],[-71.27013561007756,-32.79039794414119],[-71.26999382323727,-32.790408827186546],[-71.26981363103916,-32.79046456792667],[-71.2697097142591,-32.79050781479871],[-71.26962294198923,-32.79049580203903],[-71.2695483952558,-32.79047870137174],[-71.26947548827323,-32.79044487676062],[-71.26942858287141,-32.790397022873606],[-71.26937857652166,-32.79035687609168],[-71.26934371822878,-32.790329675008444],[-71.26929380121025,-32.790276657853006]]]]}},{"type":"Feature","properties":{"fid":198,"Bloque":"J5","HAS":1.58,"Plantas":1436,"ID_Potrero":12,"Variedad":"Hass","Potrero_Nombre":"J","Potrero_HAS":3.74,"Potrero_Plantas":3400,"Potrero_Alias:":"J","Potrero_Especie":"Paltas","Potrero_Nombre_GeoJSON":"J","Potrero_Alias_GeoJSON":"Unidad J","Bloque_GeoJSON":"5","potrero":"J","bloque":"J5","campo_id":"bed2078c-3738-4920-9eea-2f58a70b24cb","especie":"PALTOS","variedad":"Hass","hectareas":1.58,"plantas_supabase":1436.363636,"precipitacion":1.82,"caudal":25.1,"normalizacion_estado":"COINCIDENCIA"},"geometry":{"type":"MultiPolygon","coordinates":[[[[-71.269293219772,-32.79027810293863],[-71.26976460601581,-32.79153348456516],[-71.2700011978995,-32.79188779564173],[-71.2699497867714,-32.7919128004808],[-71.26978577587559,-32.791969425701744],[-71.26974208373275,-32.791979988997184],[-71.26929187919077,-32.79171899826166],[-71.26907013653707,-32.79170975931786],[-71.26874473091284,-32.791714171278926],[-71.26868879258109,-32.791684527714466],[-71.26861815514548,-32.79162553277319],[-71.26856060231084,-32.79154588404922],[-71.26837844034391,-32.79159982715279],[-71.26831611086158,-32.79152390248915],[-71.26825290563382,-32.791464383696386],[-71.26817091837901,-32.7914215037999],[-71.26808037690212,-32.791376168171524],[-71.26801628485862,-32.791334663947474],[-71.26802282235865,-32.7911887738372],[-71.26811936825467,-32.79119230923349],[-71.26828685306872,-32.791183968858185],[-71.26852280504781,-32.79110823494288],[-71.26870314062943,-32.791004713902694],[-71.26882232536518,-32.790929849118726],[-71.26894498741844,-32.79084792251552],[-71.26908492406395,-32.7906645630364],[-71.26916385930599,-32.79051581354471],[-71.2691973291719,-32.79041365648933],[-71.26927927991362,-32.79029693792075],[-71.269293219772,-32.79027810293863]]]]}},{"type":"Feature","properties":{"fid":260,"Bloque":"1","HAS":3.41,"Plantas":null,"ID_Potrero":41,"Variedad":"Hass","Potrero_Nombre":"Mirador 3","Potrero_HAS":18.18,"Potrero_Plantas":null,"Potrero_Alias:":"Mirador 3","Potrero_Especie":"Paltas","Potrero_Nombre_GeoJSON":"E-7","Potrero_Alias_GeoJSON":"Mirador 3","Bloque_GeoJSON":"1","potrero":"Mirador 3","bloque":"1","campo_id":null,"especie":"Paltas","variedad":"Hass","hectareas":3.41,"plantas_supabase":null,"precipitacion":null,"caudal":null,"normalizacion_estado":"POTRERO_SIN_COINCIDENCIA"},"geometry":{"type":"MultiPolygon","coordinates":[[[[-71.2549101770069,-32.80861856031189],[-71.25478416626089,-32.80870126968842],[-71.25473009271819,-32.80873649417496],[-71.25467194170686,-32.808785257587175],[-71.25462656755165,-32.80882504605236],[-71.2545541422218,-32.80886332602405],[-71.25443920610454,-32.80885844625546],[-71.25436803385041,-32.80885753649662],[-71.25430575385984,-32.808851004218404],[-71.2542175456282,-32.808844045703744],[-71.25415202145467,-32.80880589269682],[-71.25412229608055,-32.80870081645649],[-71.25414885216118,-32.8085059459225],[-71.25419928610366,-32.80819560519336],[-71.25420508656319,-32.80792758588069],[-71.25423696196042,-32.80766126007448],[-71.25415366423974,-32.80755429249726],[-71.25407239585856,-32.80748807966357],[-71.25388717640281,-32.80741778984058],[-71.25383685805242,-32.80739103379824],[-71.2537101641078,-32.80736373921416],[-71.25360290260616,-32.807280813020256],[-71.25357128340178,-32.807261206070166],[-71.25341833160977,-32.80727187525335],[-71.25335386534923,-32.80724505677542],[-71.25332747834295,-32.80724407417172],[-71.25328287370006,-32.80722357536232],[-71.25325808050754,-32.807185482242495],[-71.25319873973133,-32.80714138324661],[-71.2531557540587,-32.80710431483656],[-71.2531039250254,-32.8070896289861],[-71.25300395530225,-32.80705379624836],[-71.25296094913872,-32.807083684971026],[-71.2529754287731,-32.807183341294994],[-71.25301215705474,-32.80724977458164],[-71.25306775455456,-32.8073262962141],[-71.25312899556184,-32.80733837978247],[-71.25315629934401,-32.80752192437372],[-71.25322444199347,-32.807546119716655],[-71.25327549251769,-32.80754182900861],[-71.25332980978789,-32.80751120753036],[-71.25337717411911,-32.80750773091331],[-71.25339995903802,-32.807648704601895],[-71.25347999928103,-32.80772149062668],[-71.25369079127145,-32.8077281485131],[-71.25371662826737,-32.807768339182374],[-71.2537165826699,-32.80781524415082],[-71.25369531594029,-32.8078864587866],[-71.25362448455111,-32.807912080482424],[-71.25354970625396,-32.807910969065105],[-71.25352738467707,-32.80796478946677],[-71.25348126729047,-32.80802951943476],[-71.25345863926299,-32.808102697584395],[-71.2534292740394,-32.80816938160067],[-71.25342724323453,-32.80824166907677],[-71.25346568119917,-32.808306016353974],[-71.25347671654775,-32.8083810720264],[-71.25349808467232,-32.80844752642773],[-71.25350241659301,-32.80856197763728],[-71.25350722494542,-32.80867033704355],[-71.25351984773515,-32.80883317788978],[-71.25354097781543,-32.80890267817352],[-71.25365493198724,-32.80909768333715],[-71.253743219652,-32.80915767252419],[-71.2538215490215,-32.80919059333606],[-71.25393177283657,-32.809217134983975],[-71.25407293834948,-32.809249480985116],[-71.2542207391289,-32.80925874310528],[-71.25451333478006,-32.8092230536445],[-71.25458769434302,-32.809198647845676],[-71.25471383115656,-32.80917610951634],[-71.2548643874071,-32.80911924228401],[-71.25496048904228,-32.80901752967845],[-71.25497928252665,-32.8089624926369],[-71.25500346266563,-32.80882311862817],[-71.2550089736098,-32.80869086142907],[-71.25501551765603,-32.808653496434744],[-71.25503297777409,-32.808544084587204],[-71.25499665028532,-32.80854346106416],[-71.2549101770069,-32.80861856031189]]],[[[-71.25294697985828,-32.80728030003092],[-71.25292159678794,-32.80725746987241],[-71.25289717775507,-32.80723775266927],[-71.25284348464781,-32.807244954994744],[-71.25284218282589,-32.80729659677539],[-71.25283647222946,-32.80734625238794],[-71.25286009101849,-32.80737273724754],[-71.25287955826253,-32.80739209832062],[-71.25290609489828,-32.80742240872556],[-71.25295073997614,-32.80741147523747],[-71.25297905139436,-32.80740545716712],[-71.25299515412848,-32.807386233431174],[-71.25299398082946,-32.8073583646819],[-71.25298660814347,-32.80732941799495],[-71.25295604757595,-32.80729559189392],[-71.25294697985828,-32.80728030003092]]],[[[-71.2585522796132,-32.80785003334077],[-71.25841479030521,-32.807849049088425],[-71.25829463518014,-32.8078696685118],[-71.25825749613732,-32.80789492459682],[-71.2581732017958,-32.80790541750464],[-71.25804111454967,-32.80787118194147],[-71.25789842975975,-32.8078174513901],[-71.25784050279854,-32.80778184456338],[-71.2577943398875,-32.807649623641375],[-71.25770770268468,-32.80745425876371],[-71.25752695998402,-32.807218430405534],[-71.2574640648553,-32.80725697602821],[-71.25744332967396,-32.80732166287905],[-71.25739375917507,-32.80742585278902],[-71.25732133734178,-32.80751577043039],[-71.25726897648657,-32.80767344145026],[-71.25727033647358,-32.807771576273154],[-71.25725379821952,-32.80791763665893],[-71.25724311660483,-32.80799250083971],[-71.25723275241312,-32.8080633038167],[-71.25723200631394,-32.808134642939],[-71.25724230679612,-32.80818824279328],[-71.2572467109613,-32.80828638184008],[-71.25723956863246,-32.8083777589013],[-71.25730102302671,-32.80845664414192],[-71.25736242993193,-32.808474343239034],[-71.25742127360934,-32.80849393887388],[-71.25747723663503,-32.808519492252806],[-71.2575415481488,-32.808561826536604],[-71.25762443730574,-32.80858276236859],[-71.25771950790254,-32.8086023376755],[-71.25776743998141,-32.80860704879755],[-71.25783027541675,-32.80860647224359],[-71.25791987818896,-32.808603308706886],[-71.25797983297161,-32.80860868985957],[-71.25810407553651,-32.80862581192058],[-71.25825424378436,-32.80858931376127],[-71.2586768939113,-32.80852721259513],[-71.25872321486354,-32.80852163633405],[-71.25876409199952,-32.80852391445024],[-71.25884761608559,-32.80853672705416],[-71.25891383238405,-32.808554693383115],[-71.2590194329487,-32.8085747270432],[-71.25911052851443,-32.808571773320274],[-71.25920839062546,-32.80853631057261],[-71.25923432786036,-32.80849798681365],[-71.25925873323614,-32.80844836074267],[-71.25929743158194,-32.808432162273256],[-71.25936394073268,-32.80841547413607],[-71.25944088584573,-32.808419761952166],[-71.25954355457871,-32.80841936482831],[-71.25961271848182,-32.80841506115998],[-71.25971888799798,-32.80842008504388],[-71.25976877526084,-32.80842681632769],[-71.25990432984794,-32.80839574777317],[-71.25999307394916,-32.808384249702584],[-71.26008522714926,-32.80836389150187],[-71.26018154238257,-32.80833662709646],[-71.26024583327792,-32.808290370471084],[-71.26026216426122,-32.808266807112574],[-71.26026676509292,-32.80820791964824],[-71.26029430065866,-32.808164586174996],[-71.26032448053579,-32.80808354289492],[-71.26044347209415,-32.807951490849405],[-71.26044624838394,-32.80791595530852],[-71.26037828719558,-32.80792032640748],[-71.26027781041853,-32.807954497085035],[-71.2601617165328,-32.808003093322114],[-71.26008253826376,-32.80801193785866],[-71.25996393565178,-32.80803082222272],[-71.2598304968668,-32.8080386825548],[-71.25969696642309,-32.80803226153628],[-71.25951150072008,-32.808026005446976],[-71.25945262046353,-32.80800183934689],[-71.25934425524412,-32.807988620432674],[-71.259195733367,-32.807927240620906],[-71.25890254932857,-32.807896926250436],[-71.25865265943746,-32.80786398841023],[-71.2585522796132,-32.80785003334077]]],[[[-71.2603350828556,-32.808210579036654],[-71.2603782181545,-32.808230317713274],[-71.26042135347187,-32.80825005637413],[-71.26046342032873,-32.80823710442194],[-71.26051262144054,-32.80822556967666],[-71.26058362194769,-32.80821321005757],[-71.26068154817517,-32.808196232263086],[-71.26075046137753,-32.808179677376835],[-71.26085865268136,-32.808170409412554],[-71.26092107860188,-32.808159611325195],[-71.26095544333722,-32.80813705262292],[-71.26099262168219,-32.808124847870054],[-71.26105561528945,-32.80812223910909],[-71.26119486904243,-32.80807085347559],[-71.26128374853572,-32.80796873447889],[-71.26138492611663,-32.80791012879998],[-71.26146591940292,-32.8077698407352],[-71.2614768894857,-32.80766032214638],[-71.2614597317964,-32.80755535487782],[-71.26144685317522,-32.807488355621686],[-71.26145400375394,-32.80741227499765],[-71.26145347752953,-32.80735718081198],[-71.26143207870258,-32.80726013500813],[-71.26139156095878,-32.807206891736406],[-71.26134776633022,-32.80716468280599],[-71.26127391548901,-32.80712079936553],[-71.26117936345638,-32.80704823010783],[-71.26113804869546,-32.80709793406654],[-71.26112776699011,-32.80716772193497],[-71.26110880650776,-32.80720949383433],[-71.26106104204854,-32.80731084417756],[-71.2610008833907,-32.807447194193394],[-71.26090762910086,-32.807589858056154],[-71.26086750371593,-32.80762433241981],[-71.26065707012387,-32.80786040009749],[-71.26047158285304,-32.80802443757265],[-71.2603932847461,-32.808130204827904],[-71.26034892994872,-32.80818789699276],[-71.2603350828556,-32.808210579036654]]]]}},{"type":"Feature","properties":{"fid":261,"Bloque":"2","HAS":4.08,"Plantas":null,"ID_Potrero":41,"Variedad":"Hass","Potrero_Nombre":"Mirador 3","Potrero_HAS":18.18,"Potrero_Plantas":null,"Potrero_Alias:":"Mirador 3","Potrero_Especie":"Paltas","Potrero_Nombre_GeoJSON":"E-7","Potrero_Alias_GeoJSON":"Mirador 3","Bloque_GeoJSON":"2","potrero":"Mirador 3","bloque":"2","campo_id":null,"especie":"Paltas","variedad":"Hass","hectareas":4.08,"plantas_supabase":null,"precipitacion":null,"caudal":null,"normalizacion_estado":"POTRERO_SIN_COINCIDENCIA"},"geometry":{"type":"MultiPolygon","coordinates":[[[[-71.2541594480492,-32.80878981938326],[-71.2541303023467,-32.80870963239725],[-71.25413422917575,-32.80862738762751],[-71.25417120802817,-32.80845066359133],[-71.2542392216948,-32.807988585038785],[-71.25425307196807,-32.80763896487338],[-71.25421723475824,-32.80762111113711],[-71.25422340240236,-32.80756561328286],[-71.25438041166039,-32.80756446379207],[-71.25453337126734,-32.80755072210278],[-71.2546594948986,-32.80752000375975],[-71.2547347174829,-32.80748305405984],[-71.25482275836272,-32.80746403020204],[-71.25490839148954,-32.80741383937611],[-71.25509864767315,-32.80731034432362],[-71.25523939558032,-32.807211407478334],[-71.2553642573582,-32.807152145413035],[-71.25546965584708,-32.807217500318366],[-71.25565886598183,-32.80754398810188],[-71.25571103573724,-32.807685209609446],[-71.25579123082368,-32.80775561443419],[-71.25584956492725,-32.807769349131675],[-71.25599131825226,-32.807840909129055],[-71.25600685092886,-32.80787359691134],[-71.2559946625204,-32.80792749014702],[-71.25597275096621,-32.807991530956784],[-71.25594265002002,-32.80803676010847],[-71.2559101445197,-32.80808185519195],[-71.25588083726048,-32.80811693132553],[-71.25583036549278,-32.80814470908057],[-71.25572892236893,-32.80817576325628],[-71.25564814418625,-32.80818961448121],[-71.25556015239228,-32.80820306344938],[-71.25547551764872,-32.808204462821685],[-71.2554202135122,-32.80820137919349],[-71.25532659570037,-32.808194119775514],[-71.25526489488148,-32.80821107394083],[-71.25522708055598,-32.808231399429985],[-71.25515419695179,-32.808298716339124],[-71.2551022959348,-32.8083447692214],[-71.25504687895155,-32.80840490221103],[-71.2550081118759,-32.80843741124374],[-71.25499003296525,-32.80848331058514],[-71.25497243034836,-32.80852311812238],[-71.25495578034129,-32.808550742053555],[-71.25488112682774,-32.80860980233791],[-71.25478916511084,-32.80867401580389],[-71.25471578159322,-32.80871683119244],[-71.25466115801098,-32.80876681102618],[-71.25461454189309,-32.808807040094436],[-71.25457128295598,-32.80883521963086],[-71.25452208060182,-32.80884675208605],[-71.25447110881653,-32.80885002803168],[-71.25436338065575,-32.808837902184486],[-71.25427713462966,-32.80882901367915],[-71.25422648041446,-32.80882822832411],[-71.2541594480492,-32.80878981938326]]],[[[-71.25934562127006,-32.80793663507288],[-71.25944661183149,-32.80791777986437],[-71.25996277509002,-32.807660067633456],[-71.26037890521766,-32.807316037137525],[-71.26039644420969,-32.807251644118665],[-71.26045890198783,-32.807247255378634],[-71.26049891492164,-32.807206721872085],[-71.26043477355563,-32.8071730534064],[-71.26048837710114,-32.80701253683555],[-71.26050996781484,-32.80684814558203],[-71.26055024323496,-32.806697045086615],[-71.26056586669776,-32.806542756587326],[-71.26062112330595,-32.80650764241405],[-71.26078622373737,-32.80653473981139],[-71.26073619331504,-32.806610314396835],[-71.26073837049003,-32.806664702868254],[-71.26074928708134,-32.80677424001935],[-71.26078421712545,-32.806856999969035],[-71.26109451810528,-32.80699496934313],[-71.26111039365512,-32.807100885013845],[-71.26105127045744,-32.807278081537916],[-71.2609344304189,-32.80749081177873],[-71.26086598931347,-32.80759406925231],[-71.26058418387727,-32.80787816608638],[-71.26039937792643,-32.80789438190257],[-71.26034304273729,-32.807904499365435],[-71.26007287689173,-32.80798701282961],[-71.25987928797134,-32.80800211555461],[-71.25970773829631,-32.80800017593642],[-71.25944719127219,-32.80797231548201],[-71.25932465635137,-32.807949483916445],[-71.25934562127006,-32.80793663507288]]],[[[-71.26218995455375,-32.80611746135027],[-71.26225804357318,-32.80598153904655],[-71.26215659118238,-32.80597177995899],[-71.26203890744898,-32.805923939127624],[-71.26205882584944,-32.80582793785779],[-71.26196849432017,-32.805766659148546],[-71.26177168763898,-32.80571928409738],[-71.26164224480927,-32.8056929971734],[-71.26182691368128,-32.8052460948544],[-71.26204055798425,-32.80462320225778],[-71.26208492427604,-32.804541325243015],[-71.26212391868455,-32.80440535405022],[-71.26241526326486,-32.80453409018035],[-71.2624990317062,-32.80459460849466],[-71.26261018284227,-32.80485458347098],[-71.26266660013145,-32.80492853955147],[-71.26270687359445,-32.80500261833348],[-71.2627297546819,-32.805079664323976],[-71.26287618500456,-32.80527497583619],[-71.26299012381176,-32.80540640930138],[-71.26304253659036,-32.80559946552171],[-71.26302906603992,-32.80574536782585],[-71.26299799867854,-32.80583011401207],[-71.26282038692942,-32.80599386946539],[-71.26263406294561,-32.80609019097742],[-71.2625422790942,-32.80604269373817],[-71.26226527467914,-32.80615009897532],[-71.26218995455375,-32.80611746135027]]]]}},{"type":"Feature","properties":{"fid":262,"Bloque":"3","HAS":4.02,"Plantas":null,"ID_Potrero":41,"Variedad":"Hass","Potrero_Nombre":"Mirador 3","Potrero_HAS":18.18,"Potrero_Plantas":null,"Potrero_Alias:":"Mirador 3","Potrero_Especie":"Paltas","Potrero_Nombre_GeoJSON":"E-7","Potrero_Alias_GeoJSON":"Mirador 3","Bloque_GeoJSON":"3","potrero":"Mirador 3","bloque":"3","campo_id":null,"especie":"Paltas","variedad":"Hass","hectareas":4.02,"plantas_supabase":null,"precipitacion":null,"caudal":null,"normalizacion_estado":"POTRERO_SIN_COINCIDENCIA"},"geometry":{"type":"MultiPolygon","coordinates":[[[[-71.25375767558899,-32.80705304933875],[-71.25372128551079,-32.807134188616516],[-71.25369654329236,-32.80716785504181],[-71.25366909916445,-32.80721814685356],[-71.25364643103515,-32.80727414020806],[-71.25377870184627,-32.80734111670977],[-71.25392633381901,-32.80740190233329],[-71.25415047643132,-32.80747952634144],[-71.25422779734785,-32.80752767882706],[-71.25436935102098,-32.80753511708645],[-71.25445878494713,-32.80752688300558],[-71.25463794390618,-32.80750015243694],[-71.25468172252413,-32.80747165979644],[-71.25474342296855,-32.80745470593436],[-71.25487834707249,-32.807396967242326],[-71.25499339988431,-32.80734627817254],[-71.25505684662261,-32.80730698755201],[-71.25510858832634,-32.8072629653078],[-71.25515953615117,-32.80722909604925],[-71.2552100076436,-32.80720131857459],[-71.25525263055088,-32.807181261257966],[-71.25528563544063,-32.80716066762731],[-71.2553223149085,-32.80712396325435],[-71.25526982307674,-32.807023142525004],[-71.25523253996538,-32.80694864742425],[-71.25512177415405,-32.80682919767038],[-71.25506434683788,-32.80673486059828],[-71.25504054128608,-32.80667564000963],[-71.25498819353902,-32.80660812964307],[-71.25494118923176,-32.80653193893852],[-71.25479892881566,-32.80665005687827],[-71.2546209877522,-32.80674292858636],[-71.25436491212508,-32.80677469378085],[-71.25415892642198,-32.80678137599556],[-71.2538391258447,-32.80675411885101],[-71.25382090572413,-32.806750678576094],[-71.25382861490336,-32.80691680593883],[-71.25353455042898,-32.80695786686365],[-71.25351385181281,-32.80698843154879],[-71.25361838597607,-32.80706314335373],[-71.25375767558899,-32.80705304933875]]],[[[-71.25775297287412,-32.807072743507625],[-71.25788439644401,-32.806976709327365],[-71.25769322938615,-32.806760265049355],[-71.25762865561593,-32.80668569331898],[-71.25758252327745,-32.80654118702168],[-71.25750967563059,-32.80644008275402],[-71.25745671845647,-32.80633032303911],[-71.25749740294648,-32.80623241030844],[-71.25762369142787,-32.80602153011968],[-71.25767082616774,-32.80582339844627],[-71.25769391201045,-32.8057769188068],[-71.257808453712,-32.805913077682526],[-71.25791491577806,-32.80623694774861],[-71.25810085273297,-32.80652552136118],[-71.25832390283036,-32.80672606370834],[-71.25854533005513,-32.80686397785887],[-71.2587312212884,-32.80687688057577],[-71.25890689259872,-32.806860700391574],[-71.25908761720528,-32.806808571672356],[-71.25931480358547,-32.80661569066504],[-71.2593434929286,-32.80656255329594],[-71.25943339094674,-32.80650787217434],[-71.25948484526982,-32.806430802281895],[-71.25957770599186,-32.8063239885977],[-71.25963485305329,-32.806165875485185],[-71.25969499209522,-32.8059433446538],[-71.2597353532173,-32.80590550875476],[-71.25982150292407,-32.805934420813905],[-71.25994092898792,-32.80592069055235],[-71.25995515554382,-32.805980792720355],[-71.25994020001126,-32.80607770111451],[-71.25997300943459,-32.80615656241077],[-71.26008987870232,-32.806248151395195],[-71.2603106688901,-32.80635609720208],[-71.26039972322512,-32.80635744681096],[-71.26053689352067,-32.80640662326453],[-71.26058122746052,-32.80649903506742],[-71.26053268470783,-32.80655322858185],[-71.2605421141269,-32.80660908676101],[-71.26052538714397,-32.80664663630396],[-71.26050527390557,-32.80674952716384],[-71.26046481417579,-32.80686556043559],[-71.26047752088564,-32.806919293930726],[-71.26046393680056,-32.80696952309316],[-71.26043211823718,-32.80706768286003],[-71.26039834623397,-32.80712902382242],[-71.26038024556202,-32.80714433080515],[-71.26035266072992,-32.807126478258965],[-71.26032655331089,-32.80715153631419],[-71.26029597894893,-32.807202858218076],[-71.26028429850963,-32.80722872013568],[-71.26033257200815,-32.80725996211174],[-71.2603055374422,-32.80732779679356],[-71.26023889540944,-32.80737710900896],[-71.26016696833221,-32.80743224503754],[-71.26011541253465,-32.80750483168306],[-71.26007680642665,-32.807535311591195],[-71.26003531981722,-32.80757174931231],[-71.25993007124349,-32.80765154126313],[-71.25981037075951,-32.8076999361899],[-71.25975765468486,-32.80772555087829],[-71.25967177590786,-32.80777379090792],[-71.25960191079203,-32.80780252880871],[-71.25952900644636,-32.80783925508824],[-71.25945657804202,-32.807869889521484],[-71.25938959330456,-32.807892669496965],[-71.25934055087185,-32.80790217319732],[-71.25928284237344,-32.80789895727843],[-71.25922384006806,-32.80788139312035],[-71.25912509606746,-32.80787792975134],[-71.2590305020415,-32.80785226368461],[-71.25895162894234,-32.80784174978406],[-71.25877305981098,-32.8078399557951],[-71.25861914639064,-32.80780078620853],[-71.25856273166501,-32.80781191817685],[-71.25850609701571,-32.80783654543725],[-71.25843367867414,-32.80785140362021],[-71.2582483641221,-32.80789303620536],[-71.25803378326378,-32.80785820990136],[-71.2578484156441,-32.80777429220035],[-71.25778883896753,-32.80761328271924],[-71.25766625563176,-32.8073898396726],[-71.25759570417749,-32.807218923060105],[-71.25762079488906,-32.8071504232455],[-71.25764033702976,-32.807139070445544],[-71.25775297287412,-32.807072743507625]]]]}},{"type":"Feature","properties":{"fid":263,"Bloque":"5","HAS":3.46,"Plantas":null,"ID_Potrero":41,"Variedad":"Hass","Potrero_Nombre":"Mirador 3","Potrero_HAS":18.18,"Potrero_Plantas":null,"Potrero_Alias:":"Mirador 3","Potrero_Especie":"Paltas","Potrero_Nombre_GeoJSON":"E-7","Potrero_Alias_GeoJSON":"Mirador 3","Bloque_GeoJSON":"5","potrero":"Mirador 3","bloque":"5","campo_id":null,"especie":"Paltas","variedad":"Hass","hectareas":3.46,"plantas_supabase":null,"precipitacion":null,"caudal":null,"normalizacion_estado":"POTRERO_SIN_COINCIDENCIA"},"geometry":{"type":"MultiPolygon","coordinates":[[[[-71.25350967999849,-32.80666544083589],[-71.2536071501125,-32.806725727067764],[-71.25368134550506,-32.806727767094316],[-71.25378848240894,-32.806734621489284],[-71.25394427516896,-32.806759042987444],[-71.2539408953319,-32.8067404993772],[-71.25407538785554,-32.8067500395948],[-71.25415040334869,-32.80674810483879],[-71.2542302278116,-32.806746438230064],[-71.25429081636567,-32.80674369881322],[-71.25437032324972,-32.806746093316995],[-71.25442417467814,-32.80673685975305],[-71.25451488730688,-32.806719484525225],[-71.25462105126172,-32.80674302935879],[-71.2547160408151,-32.806693341899404],[-71.25479832618655,-32.80665164767542],[-71.25483856919074,-32.80660075288567],[-71.25487510219108,-32.80653324727321],[-71.25489619303546,-32.80639619793939],[-71.25501246228332,-32.80629542095168],[-71.25504487053159,-32.806246036440946],[-71.25500616971006,-32.80618409316216],[-71.25495855339962,-32.80614071214018],[-71.25484078180551,-32.806103387686484],[-71.25477615578454,-32.80606511306819],[-71.25471785499826,-32.80597863658552],[-71.25451710050112,-32.805950719803164],[-71.25444080462456,-32.80581035448927],[-71.25429671983001,-32.80589595051882],[-71.2539789993992,-32.80596341444106],[-71.25355258168963,-32.80586483558799],[-71.2534813920382,-32.80610202725788],[-71.2535331489151,-32.80626512302677],[-71.25350570493958,-32.806315414801304],[-71.2534102623908,-32.80631464837188],[-71.25339898000173,-32.80641189983439],[-71.25343256620934,-32.80658758621783],[-71.25347943290073,-32.80664707227453],[-71.25350967999849,-32.80666544083589]]],[[[-71.25712462277494,-32.80575769899195],[-71.25722857201461,-32.805761773310785],[-71.25729491959957,-32.8057624867869],[-71.25735589447362,-32.805784165871906],[-71.25745083989455,-32.805843658141164],[-71.25750322209775,-32.80582382206494],[-71.25755508181349,-32.80579993991331],[-71.25761123962057,-32.80575928521947],[-71.25768972570592,-32.80572885665942],[-71.25773792802005,-32.80567665206136],[-71.25774963277414,-32.805604608455845],[-71.25771877081618,-32.80552829676699],[-71.25763793553811,-32.805502988035705],[-71.25750065356708,-32.805491066065244],[-71.25729740219515,-32.80546884262341],[-71.25715651869467,-32.805479087527864],[-71.25709594782579,-32.8055105953593],[-71.25695450809434,-32.80560413936775],[-71.2568533709501,-32.80568441869529],[-71.25675089992178,-32.80572933796921],[-71.25683774518707,-32.805763646879264],[-71.25690687909537,-32.80578593954089],[-71.2569549631561,-32.80578287619326],[-71.25705040500111,-32.80578363994147],[-71.25712462277494,-32.80575769899195]]],[[[-71.26059221502705,-32.804413404124666],[-71.26051753425368,-32.80448579058263],[-71.2604257216427,-32.8046006969365],[-71.26013954111278,-32.80483722704895],[-71.25999447564838,-32.80496522685368],[-71.2600719414567,-32.805064539624816],[-71.26021235583511,-32.80525085507454],[-71.26031618754449,-32.805304067742775],[-71.2603242589536,-32.805341536541036],[-71.2603852341796,-32.80536321413112],[-71.2604085202253,-32.805418387537564],[-71.26055184180915,-32.80542702049332],[-71.26063552329387,-32.80544933572247],[-71.2606675212992,-32.80542182298394],[-71.26070666236342,-32.80537454604733],[-71.26073558305005,-32.80529818663843],[-71.26077902152518,-32.805234137078685],[-71.26086270434286,-32.80510633215469],[-71.26096891941225,-32.804902756202225],[-71.26111386790588,-32.80467377621382],[-71.26118070858104,-32.80461575891832],[-71.26131653913963,-32.80434121792959],[-71.26139087138888,-32.804116013681494],[-71.26116950432915,-32.804103653974344],[-71.26110614807052,-32.804188644811276],[-71.26107136338389,-32.80419457879335],[-71.26079819664801,-32.80418153152528],[-71.26070719822957,-32.80425269188218],[-71.2606470353439,-32.804337388279215],[-71.26059221502705,-32.804413404124666]]],[[[-71.25657150113801,-32.80647069685789],[-71.25660323746806,-32.8064786921355],[-71.25667048049152,-32.80648166569609],[-71.25670355126462,-32.80647337805921],[-71.25674671757483,-32.80646559654682],[-71.2567889163179,-32.80646031291641],[-71.2568656557019,-32.806425610362524],[-71.25694537057153,-32.806393790801366],[-71.2570700053812,-32.80632653006238],[-71.25713190563988,-32.806286540917455],[-71.25713556564592,-32.80625181599856],[-71.25714468043425,-32.80622266530195],[-71.25714944350747,-32.80616365931442],[-71.25713717731301,-32.80611976467481],[-71.25717107075339,-32.80607041293118],[-71.25719972333061,-32.8059934913835],[-71.25717919741997,-32.805904650799185],[-71.25717711343843,-32.80589592966788],[-71.25717614795218,-32.805890790988876],[-71.25717592737549,-32.805890966182176],[-71.25717487560468,-32.80588656468726],[-71.25699161648147,-32.80603364112268],[-71.25687038740122,-32.8060994990232],[-71.25684297444529,-32.806113899139994],[-71.25681551331776,-32.806136995834],[-71.25675865217137,-32.806181804338586],[-71.25673066330724,-32.80620083768626],[-71.25654530041334,-32.8063136571879],[-71.25643797272791,-32.80630012016482],[-71.25637705276789,-32.806328930305696],[-71.2564778042995,-32.80640835949401],[-71.25650236676111,-32.8064484040326],[-71.25657150113801,-32.80647069685789]]],[[[-71.2568620546717,-32.805791116671635],[-71.25684158095399,-32.80579024633994],[-71.25681697577072,-32.80578739509039],[-71.25668750426131,-32.8057733882239],[-71.25659990300106,-32.805758254949346],[-71.25655851102482,-32.805752957796145],[-71.25650541091144,-32.80574268130542],[-71.25642832101893,-32.8057362965887],[-71.25640765599769,-32.805733651947016],[-71.2563964715616,-32.80575182187549],[-71.25638072565074,-32.80576989061753],[-71.25637063286032,-32.80582949174167],[-71.25636262649073,-32.805912161800656],[-71.25635459332213,-32.80596098806226],[-71.25640505590717,-32.80600137703189],[-71.25639445438203,-32.80605694218933],[-71.25642391437313,-32.80609058990002],[-71.25646971183045,-32.80616846595398],[-71.25648917896972,-32.8061930318078],[-71.25651024111247,-32.80622778795951],[-71.25651382938055,-32.80622782435943],[-71.25651387848487,-32.80622905267447],[-71.2565642137202,-32.80623389837009],[-71.25660772153032,-32.806207945649795],[-71.25660786234808,-32.80620788053515],[-71.25660822449653,-32.806207645626685],[-71.25661424180993,-32.80620405625378],[-71.25664648616609,-32.806185459379435],[-71.2567030809366,-32.806148845249176],[-71.256770251803,-32.80610823194477],[-71.25691028212934,-32.805998495194515],[-71.25702254320436,-32.80595270199138],[-71.25709634224899,-32.80589476032397],[-71.25713000715751,-32.805877435213304],[-71.25716273336087,-32.805860394676486],[-71.25719094437541,-32.805808431779354],[-71.25712567857354,-32.80582467807074],[-71.25706894578835,-32.805817455589775],[-71.2570532126295,-32.80581477001749],[-71.25699348619173,-32.80580784901251],[-71.2568620546717,-32.805791116671635]]],[[[-71.25921372806854,-32.805557785813434],[-71.25913727839284,-32.80547884981526],[-71.25905068605243,-32.80570927577937],[-71.258953844037,-32.805922904299045],[-71.25874779481366,-32.80617934464856],[-71.25856672027848,-32.806303835545314],[-71.25845176556307,-32.806302140664776],[-71.25829866261567,-32.806155204248434],[-71.25819576084218,-32.806084162850524],[-71.25811748133306,-32.806028595086644],[-71.25803255422414,-32.80593406252186],[-71.25780117355241,-32.80573155754263],[-71.25774704990495,-32.80573790689456],[-71.25773029458468,-32.80577083865072],[-71.25780552422607,-32.80584033475891],[-71.2578782534231,-32.80599057981674],[-71.25793016275928,-32.806167307341866],[-71.25808596017545,-32.80644773896771],[-71.2581935517447,-32.806560280843236],[-71.25822660607795,-32.806610834910856],[-71.25829467962835,-32.80664137695314],[-71.25836433723534,-32.80669504517308],[-71.25839391003487,-32.806717568872315],[-71.25840829650768,-32.80674763250994],[-71.25843599402585,-32.80676448198714],[-71.25848017178131,-32.80678631898071],[-71.25855071961468,-32.80681064540013],[-71.258636646551,-32.806823592231936],[-71.25874613025681,-32.80682867437994],[-71.25902741930017,-32.80679846353781],[-71.25914157168795,-32.80672834606085],[-71.25922046214859,-32.806661361999446],[-71.25928731785395,-32.80657841138342],[-71.25937973784471,-32.806492806502305],[-71.25944630041596,-32.80644451004753],[-71.25952964527984,-32.80633596545933],[-71.2595517125733,-32.80626989353736],[-71.25957924795532,-32.80622656022008],[-71.25963284161864,-32.806096982932154],[-71.25964833576599,-32.805929592215186],[-71.25963766206203,-32.805911662130434],[-71.25951753617116,-32.805826449251384],[-71.25944642133864,-32.8057939339429],[-71.25941288183598,-32.80573596223608],[-71.25941369597005,-32.80569221604688],[-71.25931276863639,-32.80561144061238],[-71.25921372806854,-32.805557785813434]]]]}},{"type":"Feature","properties":{"fid":264,"Bloque":"4","HAS":3.21,"Plantas":null,"ID_Potrero":41,"Variedad":"Hass","Potrero_Nombre":"Mirador 3","Potrero_HAS":18.18,"Potrero_Plantas":null,"Potrero_Alias:":"Mirador 3","Potrero_Especie":"Paltas","Potrero_Nombre_GeoJSON":"E-7","Potrero_Alias_GeoJSON":"Mirador 3","Bloque_GeoJSON":"4","potrero":"Mirador 3","bloque":"4","campo_id":null,"especie":"Paltas","variedad":"Hass","hectareas":3.21,"plantas_supabase":null,"precipitacion":null,"caudal":null,"normalizacion_estado":"POTRERO_SIN_COINCIDENCIA"},"geometry":{"type":"MultiPolygon","coordinates":[[[[-71.26094831247738,-32.8055877000252],[-71.26098161666044,-32.805607832290356],[-71.26102589584156,-32.805712931242375],[-71.26117426952436,-32.805835735096814],[-71.26141123351158,-32.805781151245014],[-71.26158963148575,-32.805660996723574],[-71.26168385355834,-32.80550219626665],[-71.26173083380665,-32.80536548953135],[-71.26180644331643,-32.805200215351405],[-71.26182220968452,-32.805059560659245],[-71.26189935773512,-32.80491870973594],[-71.26194122707032,-32.804767461760214],[-71.26201291574003,-32.80453431228373],[-71.26205908219514,-32.804441351607245],[-71.2620700864614,-32.80436391303978],[-71.26204981942149,-32.80430709702763],[-71.26197534288235,-32.804218427816494],[-71.26175685015416,-32.80404067236686],[-71.26166643342216,-32.804091308977135],[-71.26154674873528,-32.80414054775094],[-71.26146884626505,-32.80415045421318],[-71.26141457848705,-32.80421823119787],[-71.26136370749168,-32.80434983736875],[-71.261318904895,-32.8044658724586],[-71.26123432315345,-32.804599219477005],[-71.26106370704052,-32.80487969438524],[-71.2608514227164,-32.80522542025192],[-71.26068028168905,-32.8055018486813],[-71.26094831247738,-32.8055877000252]]],[[[-71.26255279455526,-32.80323448057933],[-71.26212353716483,-32.803213982354286],[-71.2620716222381,-32.80326243672495],[-71.2620408450852,-32.803374450493656],[-71.26196883771154,-32.80351755743106],[-71.26221709087253,-32.803713041436154],[-71.26218555894067,-32.803844230959996],[-71.26211233169477,-32.80390283727402],[-71.26209444603188,-32.803964533130504],[-71.26217615238194,-32.80407164234046],[-71.2624033261303,-32.804028876162334],[-71.26261185822197,-32.80391686131666],[-71.26273090287903,-32.80383765643696],[-71.26288978342632,-32.80371656860127],[-71.26291765639034,-32.80363211672752],[-71.2630132400701,-32.803571449967905],[-71.2630634700584,-32.80348493805932],[-71.26313053942627,-32.803328638117726],[-71.2632291434403,-32.80334138818523],[-71.26328529702685,-32.80330073110961],[-71.26360833315178,-32.802774204040674],[-71.2637026942557,-32.80262903616769],[-71.26371285455645,-32.802532568932435],[-71.26386917706775,-32.8024417394007],[-71.26393148402812,-32.80234865527538],[-71.26399663701116,-32.80215129740261],[-71.26403970609286,-32.8020326896413],[-71.26406163746326,-32.80193737782852],[-71.26405943680487,-32.80186247595009],[-71.26404686147748,-32.801776119253915],[-71.26402672908193,-32.80172469187648],[-71.26399391576474,-32.801588261523555],[-71.26399423489245,-32.801460474638],[-71.26400588001314,-32.80133195894577],[-71.2640103197267,-32.801275102011815],[-71.26401766538882,-32.8012428801628],[-71.26406256013315,-32.80103053116815],[-71.26402440717318,-32.80096035161462],[-71.26397590406584,-32.800916373302044],[-71.26384620642891,-32.8008880653546],[-71.2636298979892,-32.8008022312652],[-71.26346314390356,-32.80069629615316],[-71.26322415315853,-32.80059465007738],[-71.26319992304877,-32.80052591685815],[-71.26307881759918,-32.80041791807817],[-71.26299502507923,-32.800303239869514],[-71.26293942244054,-32.800289512903205],[-71.26289944212446,-32.80028023183869],[-71.26290250651155,-32.800410281022266],[-71.26290156349917,-32.80047178068023],[-71.2629024787067,-32.8005351562111],[-71.26290182594043,-32.800586393663586],[-71.26297551883955,-32.80075266807016],[-71.26304697366638,-32.80084297977235],[-71.26309412675566,-32.80093280121419],[-71.26309769973817,-32.8010730389991],[-71.26302096368504,-32.80126707740025],[-71.26301132536398,-32.8013675906483],[-71.26314753109574,-32.80168393983023],[-71.2631637352259,-32.80188442651046],[-71.26311728139405,-32.80202517970157],[-71.2630571838376,-32.802385546515175],[-71.26297977871998,-32.8025619049954],[-71.26286805338826,-32.80269775438402],[-71.26284691841279,-32.80293443494787],[-71.26274007072486,-32.8031080471376],[-71.26255279455526,-32.80323448057933]]]]}},{"type":"Feature","properties":{"fid":265,"Bloque":"1","HAS":0.47,"Plantas":522,"ID_Potrero":47,"Variedad":"Hass","Potrero_Nombre":"El parque 4","Potrero_HAS":null,"Potrero_Plantas":null,"Potrero_Alias:":"El parque 4","Potrero_Especie":"Paltas","Potrero_Nombre_GeoJSON":"Parque 4","Potrero_Alias_GeoJSON":"Parque 4","Bloque_GeoJSON":"1","potrero":"El parque 4","bloque":"1","campo_id":"6bdc8c32-c918-4686-94ec-3514385d8822","especie":"PALTOS","variedad":"Hass","hectareas":0.47,"plantas_supabase":522.2222222,"precipitacion":3.11,"caudal":15.7,"normalizacion_estado":"COINCIDENCIA"},"geometry":{"type":"MultiPolygon","coordinates":[[[[-71.28098565594544,-32.81236125543371],[-71.28104485992763,-32.81236750645488],[-71.28116140343195,-32.81252244937211],[-71.28088497818621,-32.81276164113352],[-71.28080630917626,-32.81284312548767],[-71.2807702558269,-32.8129461729507],[-71.28076749912249,-32.813046275104995],[-71.28078496571109,-32.813111154994466],[-71.28074710170434,-32.8132052310214],[-71.28065470627514,-32.81326745701316],[-71.28040591758146,-32.813383577660346],[-71.28029227346926,-32.813448861143584],[-71.280231074848,-32.813226868416045],[-71.28028134633279,-32.81321594132017],[-71.28031517621768,-32.81317229871063],[-71.28038682910265,-32.813148139490316],[-71.28049903451632,-32.813119067643704],[-71.28053868182087,-32.81310966932596],[-71.28056150145412,-32.81306022550028],[-71.28055387336734,-32.81301700972052],[-71.28054741703657,-32.812957930945785],[-71.28054990750226,-32.81287817749654],[-71.28056768154022,-32.812809149399136],[-71.28062523591849,-32.81272054860581],[-71.28068421469261,-32.812633589187605],[-71.28076405535363,-32.81253624191598],[-71.28089701581342,-32.81243125006968],[-71.28098565594544,-32.81236125543371]]]]}},{"type":"Feature","properties":{"fid":266,"Bloque":"2","HAS":0.46,"Plantas":511,"ID_Potrero":47,"Variedad":"Hass","Potrero_Nombre":"El parque 4","Potrero_HAS":null,"Potrero_Plantas":null,"Potrero_Alias:":"El parque 4","Potrero_Especie":"Paltas","Potrero_Nombre_GeoJSON":"Parque 4","Potrero_Alias_GeoJSON":"Parque 4","Bloque_GeoJSON":"2","potrero":"El parque 4","bloque":"2","campo_id":"5151e69d-8d6a-485e-a018-f838c1cad8ad","especie":"PALTOS","variedad":"Hass","hectareas":0.46,"plantas_supabase":511.1111111,"precipitacion":3.11,"caudal":16.3,"normalizacion_estado":"COINCIDENCIA"},"geometry":{"type":"MultiPolygon","coordinates":[[[[-71.28018702064571,-32.81324151678732],[-71.28022373590139,-32.81345595441247],[-71.27992572687752,-32.81353945948201],[-71.27978111495486,-32.81361381474042],[-71.2796606001354,-32.81368839504132],[-71.27961498775109,-32.81371157617363],[-71.27952741206005,-32.81370017505933],[-71.27943051752986,-32.81366426532379],[-71.27933285124695,-32.81361369542092],[-71.27927999717535,-32.81360099060195],[-71.27933703403956,-32.8135152346484],[-71.27941220334758,-32.8134434869921],[-71.27952209393686,-32.81337043573089],[-71.279626019652,-32.813311167458686],[-71.27974781112005,-32.81328625609353],[-71.27989939775965,-32.81326813539962],[-71.28018702064571,-32.81324151678732]]]]}},{"type":"Feature","properties":{"fid":267,"Bloque":"3","HAS":0.35,"Plantas":388,"ID_Potrero":47,"Variedad":"Hass","Potrero_Nombre":"El parque 4","Potrero_HAS":null,"Potrero_Plantas":null,"Potrero_Alias:":"El parque 4","Potrero_Especie":"Paltas","Potrero_Nombre_GeoJSON":"Parque 4","Potrero_Alias_GeoJSON":"Parque 4","Bloque_GeoJSON":"3","potrero":"El parque 4","bloque":"3","campo_id":"35d51932-c0ff-4b43-85e8-ee93c04c1571","especie":"PALTOS","variedad":"Hass","hectareas":0.35,"plantas_supabase":388.8888889,"precipitacion":3.11,"caudal":11.9,"normalizacion_estado":"COINCIDENCIA"},"geometry":{"type":"MultiPolygon","coordinates":[[[[-71.28115979515282,-32.81194568148133],[-71.2811731096586,-32.8116649592498],[-71.28134101506188,-32.81165187357994],[-71.28145397702089,-32.81167531412803],[-71.28158145036372,-32.81169481974136],[-71.28166863815666,-32.811698889464694],[-71.28178885590555,-32.811720362283175],[-71.28191465184044,-32.81172072178371],[-71.28200520788795,-32.81172522971474],[-71.28215962722545,-32.811748242260606],[-71.28224369991928,-32.8117693775204],[-71.2823460383309,-32.811794346263255],[-71.28245316955228,-32.81182139472618],[-71.28247259370644,-32.811847218325376],[-71.28247244773773,-32.81189524575061],[-71.28245649895223,-32.81193539238221],[-71.28244236083269,-32.81198451041462],[-71.28239246353223,-32.812040621440765],[-71.28222390538988,-32.81206672722126],[-71.28208243924855,-32.81204831286117],[-71.28204331180162,-32.81205486731863],[-71.28196507003695,-32.81203012311384],[-71.28181971654409,-32.81201411433238],[-71.28172773568922,-32.812007964894164],[-71.28164016150563,-32.81199656519473],[-71.28115979515282,-32.81194568148133]]]]}},{"type":"Feature","properties":{"fid":268,"Bloque":"4","HAS":0.36,"Plantas":400,"ID_Potrero":47,"Variedad":"Hass","Potrero_Nombre":"El parque 4","Potrero_HAS":null,"Potrero_Plantas":null,"Potrero_Alias:":"El parque 4","Potrero_Especie":"Paltas","Potrero_Nombre_GeoJSON":"Parque 4","Potrero_Alias_GeoJSON":"Parque 4","Bloque_GeoJSON":"4","potrero":"El parque 4","bloque":"4","campo_id":"42497460-1bd2-423a-8e41-e384b45c967b","especie":"PALTOS","variedad":"Hass","hectareas":0.36,"plantas_supabase":400,"precipitacion":3.11,"caudal":12.8,"normalizacion_estado":"COINCIDENCIA"},"geometry":{"type":"MultiPolygon","coordinates":[[[[-71.28116067521884,-32.811657516749634],[-71.28116135283604,-32.81193714851886],[-71.28096363841387,-32.811981296531265],[-71.28085297867821,-32.812039688874584],[-71.280776120751,-32.81213014462417],[-71.28080431703819,-32.81225902748262],[-71.28065040259857,-32.81227102207625],[-71.28045025171393,-32.81224351033804],[-71.28037774959458,-32.81211177139506],[-71.28038776249358,-32.81200970186946],[-71.28044337284804,-32.81192230408088],[-71.28051530498757,-32.81183994300135],[-71.2806235154688,-32.81174774508555],[-71.2806967248641,-32.81171505277875],[-71.28089754066174,-32.811691692391534],[-71.28116067521884,-32.811657516749634]]]]}},{"type":"Feature","properties":{"fid":269,"Bloque":"5","HAS":0.36,"Plantas":400,"ID_Potrero":47,"Variedad":"Hass","Potrero_Nombre":"El parque 4","Potrero_HAS":null,"Potrero_Plantas":null,"Potrero_Alias:":"El parque 4","Potrero_Especie":"Paltas","Potrero_Nombre_GeoJSON":"Parque 4","Potrero_Alias_GeoJSON":"Parque 4","Bloque_GeoJSON":"5","potrero":"El parque 4","bloque":"5","campo_id":"7c51df7a-6b8c-409a-b12f-e39f0f6e2acb","especie":"PALTOS","variedad":"Hass","hectareas":0.36,"plantas_supabase":400,"precipitacion":3.11,"caudal":13.6,"normalizacion_estado":"COINCIDENCIA"},"geometry":{"type":"MultiPolygon","coordinates":[[[[-71.28057210604224,-32.812397689424486],[-71.28078494462326,-32.81245014787675],[-71.28064339588546,-32.81265885053681],[-71.28056419375564,-32.81278103217078],[-71.28051195130631,-32.8128688685007],[-71.28051124383683,-32.81303329959851],[-71.28047728084786,-32.81308711661155],[-71.28031765306528,-32.81313039836754],[-71.28022136985005,-32.81319502988296],[-71.28007729192217,-32.81322868802189],[-71.27995084117069,-32.81324134544182],[-71.27977230835502,-32.81325595820093],[-71.27964262256955,-32.81325800245376],[-71.27956604323813,-32.81329025570354],[-71.27949321805397,-32.81333027745957],[-71.2794901248461,-32.81294113335625],[-71.27964274953564,-32.812917324364264],[-71.27978448339651,-32.81291539272502],[-71.2799209052055,-32.81291422533975],[-71.28000122434808,-32.812927593541104],[-71.28008854664256,-32.81292148995763],[-71.2801512525204,-32.81291800552182],[-71.28020177653904,-32.81292458286157],[-71.2802980456549,-32.81289780448093],[-71.28033666819022,-32.81285624175742],[-71.28032424746768,-32.81281094606978],[-71.280318563284,-32.81276652735167],[-71.28031664718493,-32.812692024046875],[-71.28035049068788,-32.812610528323454],[-71.28040829790069,-32.81253943201928],[-71.28047867278154,-32.812465603900684],[-71.2805302488052,-32.812428639372655],[-71.28057210604224,-32.812397689424486]]]]}},{"type":"Feature","properties":{"fid":270,"Bloque":"6","HAS":0.35,"Plantas":388,"ID_Potrero":47,"Variedad":"Hass","Potrero_Nombre":"El parque 4","Potrero_HAS":null,"Potrero_Plantas":null,"Potrero_Alias:":"El parque 4","Potrero_Especie":"Paltas","Potrero_Nombre_GeoJSON":"Parque 4","Potrero_Alias_GeoJSON":"Parque 4","Bloque_GeoJSON":"6","potrero":"El parque 4","bloque":"6","campo_id":"a352a06a-a4a4-49e4-85ba-b839f8d67639","especie":"PALTOS","variedad":"Hass","hectareas":0.35,"plantas_supabase":388.8888889,"precipitacion":3.11,"caudal":11.9,"normalizacion_estado":"COINCIDENCIA"},"geometry":{"type":"MultiPolygon","coordinates":[[[[-71.27947470800453,-32.8129405822277],[-71.27948842527553,-32.813328197540734],[-71.2794008215686,-32.813392502568014],[-71.27934560947271,-32.81344937687927],[-71.27921976812222,-32.81356257428127],[-71.27908114898715,-32.81354743943705],[-71.27896650816625,-32.81350485100293],[-71.27881689356093,-32.81344606142872],[-71.27871766990742,-32.813404023960864],[-71.27865563087948,-32.813356635880844],[-71.27860577401046,-32.81329918610698],[-71.27875167753717,-32.81323664796694],[-71.27894344562279,-32.81316843320603],[-71.27900435576277,-32.81311812473747],[-71.27908172129594,-32.81306267879021],[-71.27918914864745,-32.81299367503888],[-71.27929294078947,-32.8129445814106],[-71.2794021640156,-32.81292240207454],[-71.27945955790081,-32.812919682376595],[-71.27947470800453,-32.8129405822277]]]]}},{"type":"Feature","properties":{"fid":271,"Bloque":"7","HAS":0.45,"Plantas":500,"ID_Potrero":47,"Variedad":"Hass","Potrero_Nombre":"El parque 4","Potrero_HAS":null,"Potrero_Plantas":null,"Potrero_Alias:":"El parque 4","Potrero_Especie":"Paltas","Potrero_Nombre_GeoJSON":"Parque 4","Potrero_Alias_GeoJSON":"Parque 4","Bloque_GeoJSON":"7","potrero":"El parque 4","bloque":"7","campo_id":"9e476349-99f6-4932-a925-564621a67eb2","especie":"PALTOS","variedad":"Hass","hectareas":0.45,"plantas_supabase":500,"precipitacion":3.11,"caudal":15.2,"normalizacion_estado":"COINCIDENCIA"},"geometry":{"type":"MultiPolygon","coordinates":[[[[-71.28245060427773,-32.81178190922937],[-71.28235192615489,-32.81166132413451],[-71.2822569896231,-32.8115863604962],[-71.28219003740566,-32.81150921563016],[-71.28222777925025,-32.811387460498224],[-71.28223866921152,-32.81136558277739],[-71.28205964774689,-32.81130733677036],[-71.28190094247167,-32.811317253002564],[-71.28178641000898,-32.81134019890353],[-71.28167344839947,-32.81131675863731],[-71.2815343133024,-32.811304470693145],[-71.28136136297277,-32.81129797235322],[-71.2813377452021,-32.81140846244035],[-71.28133795780779,-32.811539526138084],[-71.28135554418667,-32.81163208470918],[-71.28171386737132,-32.81169037664691],[-71.28199966065773,-32.81169263577719],[-71.28217325093755,-32.811723967607676],[-71.28245060427773,-32.81178190922937]]]]}},{"type":"Feature","properties":{"fid":272,"Bloque":"8","HAS":0.43,"Plantas":477,"ID_Potrero":47,"Variedad":"Hass","Potrero_Nombre":"El parque 4","Potrero_HAS":null,"Potrero_Plantas":null,"Potrero_Alias:":"El parque 4","Potrero_Especie":"Paltas","Potrero_Nombre_GeoJSON":"Parque 4","Potrero_Alias_GeoJSON":"Parque 4","Bloque_GeoJSON":"8","potrero":"El parque 4","bloque":"8","campo_id":"2b9a82a0-2e92-4d81-821e-b610dc25d30c","especie":"PALTOS","variedad":"Hass","hectareas":0.43,"plantas_supabase":477.7777778,"precipitacion":3.11,"caudal":15.8,"normalizacion_estado":"COINCIDENCIA"},"geometry":{"type":"MultiPolygon","coordinates":[[[[-71.28135127068289,-32.81162716053719],[-71.28134296426327,-32.811304313017246],[-71.28124761593536,-32.811297724730444],[-71.28097955654492,-32.81133999500434],[-71.28071743388728,-32.81144418782083],[-71.28050390389711,-32.81151830716606],[-71.28034828577137,-32.81158686177503],[-71.28024578698319,-32.811647771963244],[-71.28013848141698,-32.81174445529856],[-71.28009683512498,-32.811906468873765],[-71.2800584306078,-32.81206016873077],[-71.28007982968379,-32.81217433544482],[-71.28015379070911,-32.81221308319441],[-71.2802526207087,-32.812266716081524],[-71.28024522474414,-32.812297784341325],[-71.28023529912178,-32.812337987013755],[-71.28016011747086,-32.81244758823266],[-71.28013404887247,-32.81252427226601],[-71.28009655641459,-32.812663531293005],[-71.2802695734425,-32.81284912248544],[-71.28029267356163,-32.812741476867075],[-71.28030915655478,-32.812660633029424],[-71.28036127965314,-32.81254511801293],[-71.28043904360254,-32.812459148200446],[-71.28056836963172,-32.812374066911936],[-71.28059532934415,-32.81233972163501],[-71.28046346224123,-32.81228761208921],[-71.28040505791863,-32.812220314636335],[-71.28035623914995,-32.812157176928295],[-71.28034396564388,-32.8120638537529],[-71.28035927672401,-32.811998872904944],[-71.2803796332195,-32.8119534763427],[-71.28048046880829,-32.81183556712041],[-71.28054125768575,-32.811757579209605],[-71.28067485610484,-32.81167742205243],[-71.28083253741586,-32.811635342872094],[-71.28104992772403,-32.81163452332815],[-71.28116963955571,-32.81162098797065],[-71.28135127068289,-32.81162716053719]]]]}},{"type":"Feature","properties":{"fid":273,"Bloque":"9","HAS":0.47,"Plantas":522,"ID_Potrero":47,"Variedad":"Hass","Potrero_Nombre":"El parque 4","Potrero_HAS":null,"Potrero_Plantas":null,"Potrero_Alias:":"El parque 4","Potrero_Especie":"Paltas","Potrero_Nombre_GeoJSON":"Parque 4","Potrero_Alias_GeoJSON":"Parque 4","Bloque_GeoJSON":"9","potrero":"El parque 4","bloque":"9","campo_id":"265ef868-dbba-41e2-a0a6-217f7ad5a183","especie":"PALTOS","variedad":"Hass","hectareas":0.47,"plantas_supabase":522.2222222,"precipitacion":3.11,"caudal":16.7,"normalizacion_estado":"COINCIDENCIA"},"geometry":{"type":"MultiPolygon","coordinates":[[[[-71.27994653563817,-32.812654192668646],[-71.27994075372723,-32.81287474576826],[-71.27975898669027,-32.8128787456221],[-71.2794888587278,-32.81289453707222],[-71.27931925929705,-32.81292632767889],[-71.27917699175786,-32.81296895624212],[-71.27904092694574,-32.81305315914095],[-71.27891069323812,-32.81313375321505],[-71.27880262719374,-32.8131779222878],[-71.27856744265628,-32.813285619125026],[-71.27850000200434,-32.81313561024129],[-71.27845340937095,-32.81301306699452],[-71.27840680223835,-32.81292837687139],[-71.2785694277458,-32.812840352859624],[-71.27879655464713,-32.81279566950902],[-71.27891368641008,-32.812758504661005],[-71.27903522492477,-32.81271608959785],[-71.27923488589026,-32.81267074162055],[-71.27937274610053,-32.81263336313227],[-71.27954687097574,-32.81262400111883],[-71.27962162522188,-32.812620629571875],[-71.27994653563817,-32.812654192668646]]]]}}],"crs_original":"EPSG:32719","crs_normalizado":"EPSG:4326"}