{"type":"FeatureCollection","name":"POTREROS","crs":{"type":"name","properties":{"name":"urn:ogc:def:crs:EPSG::32719"}},"features":[{"type":"Feature","properties":{"fid":1,"Nombre":"1","HAS":13.23,"Plantas":14700,"Alias:":"1","Especie":"Mandarina","Nombre_GeoJSON":"1","Alias_GeoJSON":"P1","potrero":"1","potrero_oficial":"1","especie":"MANDARINA","variedades":"MURCOTT","hectareas_supabase":13.229999999999999,"plantas_supabase":14699.999999,"normalizacion_estado":"COINCIDENCIA_ALIAS"},"geometry":{"type":"MultiPolygon","coordinates":[[[[-71.26597507093763,-32.81146399901192],[-71.26578700823985,-32.81169783901587],[-71.26550265921291,-32.812001832247816],[-71.26508213501123,-32.81219037179775],[-71.26496292406732,-32.812262921383564],[-71.26488182389596,-32.8123481843793],[-71.264811962575,-32.81246414158191],[-71.26477493936173,-32.81247778873686],[-71.26481306447825,-32.81279157480516],[-71.26486701177878,-32.812824474751665],[-71.26490395640133,-32.81301656759701],[-71.26471259310571,-32.8132538202975],[-71.2645227425885,-32.81341748022305],[-71.26432043326182,-32.81354731062965],[-71.26422434668287,-32.813610412480706],[-71.26412142025478,-32.81363934394938],[-71.26394596808767,-32.813613545327094],[-71.26383312959781,-32.81355638850731],[-71.26351772289478,-32.81340428270308],[-71.26348527070397,-32.81334074237371],[-71.26344310101398,-32.813108188872235],[-71.26339949256817,-32.8128082139356],[-71.26328712365135,-32.81218121693041],[-71.26325143461607,-32.81154037698293],[-71.26335752658476,-32.81152126832574],[-71.26397361295717,-32.811436313151226],[-71.26482196435184,-32.81134715177134],[-71.2649354544274,-32.8113539208214],[-71.26502914715655,-32.81140362896687],[-71.26514975980123,-32.811492821686755],[-71.26537377903453,-32.811631850577044],[-71.26546239565504,-32.81163289597501],[-71.26566035572958,-32.81157951373945],[-71.26597507093763,-32.81146399901192]]],[[[-71.26319535559875,-32.81156601489407],[-71.26341257044568,-32.81324713344597],[-71.26332652296695,-32.813284744515556],[-71.26282412405973,-32.81309254743931],[-71.26257882839977,-32.81306089934921],[-71.2624052189908,-32.81306744993401],[-71.26222649077982,-32.81311076062934],[-71.262082120451,-32.813182008956076],[-71.26192263264038,-32.813282106597214],[-71.26181278184161,-32.81332189785149],[-71.26171567095228,-32.81335965848647],[-71.26159956395931,-32.813404963451184],[-71.26150879089205,-32.81337237645499],[-71.26147525061404,-32.81309399162056],[-71.26143977280026,-32.8130726948743],[-71.26139390600638,-32.81271765621849],[-71.2613459273508,-32.81269341688422],[-71.26129043504983,-32.81224509886303],[-71.2612361408526,-32.812247029903254],[-71.2612185003355,-32.812054181578475],[-71.2618134265951,-32.81205259899701],[-71.26205490785622,-32.812064128972374],[-71.26226768538196,-32.81211617411392],[-71.26255248523388,-32.812141948488105],[-71.26288477877756,-32.811910905780366],[-71.26287151337117,-32.81178009066669],[-71.26291280513834,-32.81176195661262],[-71.2629108870411,-32.811672061363204],[-71.26306583940911,-32.81158613651033],[-71.26319535559875,-32.81156601489407]]],[[[-71.2614605967057,-32.813852142687026],[-71.26170456360315,-32.81472986812333],[-71.26187838269308,-32.81553144902444],[-71.26171507835667,-32.815607311765724],[-71.26175376463436,-32.81582984653422],[-71.2616298083486,-32.81585999113338],[-71.261254987099,-32.8159180726187],[-71.25951335421982,-32.816178167170825],[-71.25885266078285,-32.816271107557206],[-71.25821540690944,-32.816363621493814],[-71.25777347649465,-32.816423803817074],[-71.2573038876853,-32.816486283795136],[-71.25709246889147,-32.81562956524753],[-71.25694080973655,-32.815040357267094],[-71.25700076992527,-32.81500720018575],[-71.25683741683639,-32.81426789245473],[-71.2569330066968,-32.81424783109066],[-71.25733351857791,-32.814420775158155],[-71.2580370045389,-32.81472678937153],[-71.258422821119,-32.81489265353431],[-71.25855612595777,-32.81493705484452],[-71.25870860973947,-32.8149811098379],[-71.25889709256228,-32.815015513444294],[-71.25935569837876,-32.81494062405851],[-71.25948354645077,-32.81485370277955],[-71.2598094727366,-32.81467499107507],[-71.2601863585551,-32.814488157063884],[-71.260479004194,-32.814237133618725],[-71.26116153429216,-32.81382874238031],[-71.2614605967057,-32.813852142687026]]]]}},{"type":"Feature","properties":{"fid":2,"Nombre":"2","HAS":8.81,"Plantas":11000,"Alias:":"2","Especie":"Naranja","Nombre_GeoJSON":"2","Alias_GeoJSON":"P2B4","potrero":"2","potrero_oficial":"2","especie":"NARANJA","variedades":"LANE LATE / FUKUMOTO","hectareas_supabase":8.81,"plantas_supabase":11012.5,"normalizacion_estado":"COINCIDENCIA_ALIAS"},"geometry":{"type":"MultiPolygon","coordinates":[[[[-71.26107473980174,-32.81202034189093],[-71.26138534787718,-32.81335508910308],[-71.26050591146698,-32.81397380741008],[-71.25986094879141,-32.81426629912769],[-71.2596611155733,-32.81445713633049],[-71.25937389746197,-32.81451887868263],[-71.25880789299181,-32.812323309480455],[-71.25892866430922,-32.81226232149181],[-71.25906700929079,-32.81221121674542],[-71.25925286683739,-32.812142151482306],[-71.2594195003404,-32.812071632754694],[-71.25960263407744,-32.81197921257216],[-71.25962906537771,-32.81197063408586],[-71.25975530541207,-32.81195866720879],[-71.25989843408476,-32.81197823698542],[-71.26002159175258,-32.8120027167972],[-71.26014237573018,-32.81201820324508],[-71.26036321065479,-32.812038803085116],[-71.26049409997144,-32.81205745252294],[-71.2606315229657,-32.81207038224594],[-71.26079987177151,-32.8120599921192],[-71.26094681217243,-32.81204338553801],[-71.26107473980174,-32.81202034189093]]],[[[-71.26101722362779,-32.81169708263054],[-71.26105583646579,-32.81185524558093],[-71.26092679826998,-32.81189783886131],[-71.2608179264612,-32.812021481372604],[-71.26060486623003,-32.812032919562796],[-71.26020274654257,-32.811978865369674],[-71.25978823511909,-32.81193209256271],[-71.25993711524066,-32.81182728376563],[-71.2598578195287,-32.811823328784065],[-71.25972847654582,-32.81182603067824],[-71.25960013484746,-32.81185525233665],[-71.25940840186617,-32.81191745944902],[-71.25939569721996,-32.81183667639276],[-71.25947510494727,-32.81181543968533],[-71.25958578401745,-32.81179106739742],[-71.25982924724117,-32.81175226546238],[-71.25997438169345,-32.8117582669437],[-71.2601973048024,-32.811749069308306],[-71.26037240428019,-32.81175341106187],[-71.26055464696846,-32.811775518353556],[-71.26065818224046,-32.81177007520873],[-71.26077624384466,-32.811755105489446],[-71.2608652916709,-32.8117498261575],[-71.26101722362779,-32.81169708263054]]],[[[-71.25936279223272,-32.81183821872553],[-71.25940562820553,-32.811954027798436],[-71.25921099047305,-32.812051791465336],[-71.25916508380496,-32.811940359334606],[-71.25925274954194,-32.81187436250693],[-71.25936279223272,-32.81183821872553]]],[[[-71.25857045595099,-32.81215070451185],[-71.25859937520804,-32.812243230518845],[-71.25852181983689,-32.81229029151822],[-71.25838019229226,-32.81231050005762],[-71.25821071903705,-32.812355841157554],[-71.25814491464071,-32.81237515729187],[-71.25810044204677,-32.81238744138819],[-71.25804784041065,-32.81236418100773],[-71.25823185959023,-32.81226454570324],[-71.25827542951788,-32.812259258783385],[-71.25838074574645,-32.81220875079882],[-71.25845781823814,-32.812179455621724],[-71.25857045595099,-32.81215070451185]]]]}},{"type":"Feature","properties":{"fid":3,"Nombre":"10","HAS":9.61,"Plantas":16017,"Alias:":"10","Especie":"Naranja","Nombre_GeoJSON":"10","Alias_GeoJSON":"Los Pinos","potrero":"10","potrero_oficial":"10","especie":"NARANJA","variedades":"CARA CARA","hectareas_supabase":9.61,"plantas_supabase":16016.666667,"normalizacion_estado":"COINCIDENCIA_ALIAS"},"geometry":{"type":"MultiPolygon","coordinates":[[[[-71.26604663821018,-32.81181507863785],[-71.26606651723321,-32.81189316055389],[-71.26609217142492,-32.81203086885706],[-71.26613806659252,-32.81205954344457],[-71.26620868945798,-32.812122313436795],[-71.26633224148486,-32.812222266318244],[-71.26656043274836,-32.812281462817445],[-71.2667506988282,-32.812290250690275],[-71.2668125413512,-32.812309280711325],[-71.2668413413496,-32.81240303318711],[-71.26682105081836,-32.81244298147794],[-71.26677674707732,-32.812473450225454],[-71.26678884173566,-32.81251696920437],[-71.26682033212009,-32.81264953404878],[-71.26685371761562,-32.81265540615482],[-71.26692548427424,-32.812759965592335],[-71.26690059896372,-32.81278742046189],[-71.26686850758743,-32.81283505074168],[-71.26684961158266,-32.81287835767016],[-71.2668169213984,-32.81298495272211],[-71.26687641694188,-32.81304576490715],[-71.26702240383615,-32.81312300149773],[-71.26712422691163,-32.81330682654069],[-71.26729835021949,-32.81341809624553],[-71.26770191223963,-32.813469795185085],[-71.26789994612683,-32.81351586226086],[-71.26785356728956,-32.81360234107686],[-71.2677732248079,-32.81369375326061],[-71.26761772347287,-32.813879362151084],[-71.26746255811362,-32.813944063616866],[-71.267096296946,-32.813945050696375],[-71.2667760155619,-32.8139256488296],[-71.26667531275301,-32.81390586964065],[-71.26648080282898,-32.81388598911751],[-71.26622307898062,-32.81381144463316],[-71.26580067921911,-32.81371647779233],[-71.26565050835138,-32.81367959069755],[-71.26552732508111,-32.81369802329545],[-71.26531182613503,-32.81369112282164],[-71.26500755853503,-32.813714633052626],[-71.26476295708171,-32.81373706274145],[-71.26453780794468,-32.81376994158752],[-71.26428042050743,-32.81379260171161],[-71.26436907147051,-32.813679113237306],[-71.26449853175652,-32.81357529994439],[-71.26468431593348,-32.813440961578884],[-71.26478137567894,-32.81337011862015],[-71.2649966764653,-32.81319942648105],[-71.26508265168616,-32.813020571494064],[-71.26495977711525,-32.812529333402324],[-71.26505165538913,-32.81238678208993],[-71.26518171394636,-32.81230519567864],[-71.26530591641236,-32.81228146738482],[-71.26548491433648,-32.81226906599942],[-71.26564195656323,-32.812199322024675],[-71.26576391232807,-32.812111316867146],[-71.26584814304788,-32.81193773971321],[-71.26595503747842,-32.81179874599991],[-71.26604663821018,-32.81181507863785]]],[[[-71.26720192155041,-32.8141510074979],[-71.26734136507744,-32.81464144113689],[-71.2668851285791,-32.81476413097456],[-71.2669660989115,-32.81506635636817],[-71.26662328753211,-32.81513099681797],[-71.26648342041108,-32.81516413476828],[-71.26614777778848,-32.81521161968359],[-71.26594783176046,-32.81522964255974],[-71.26569117172434,-32.81528109686732],[-71.26553806121602,-32.81529647082955],[-71.26536498046158,-32.81532300776126],[-71.26514932569046,-32.81535211537775],[-71.26489656130498,-32.81538909537633],[-71.26456186225295,-32.81543903049404],[-71.26440398430553,-32.81546483731255],[-71.26432185456403,-32.81547649933876],[-71.26406177957148,-32.81551041759835],[-71.26381390621412,-32.81554633278001],[-71.26371552469062,-32.815559888318845],[-71.26345752277408,-32.815600560727404],[-71.26329727221318,-32.81562866302703],[-71.26323130285482,-32.81563345671119],[-71.26320239758385,-32.81562857866785],[-71.2631921006966,-32.81560086065736],[-71.26311121085325,-32.81531157941815],[-71.26298670005785,-32.814857461771126],[-71.26279098375161,-32.81411748782099],[-71.2625970084668,-32.813398836878164],[-71.26265406292482,-32.81339708565457],[-71.2627324313989,-32.813395668671404],[-71.26281518670507,-32.81339920987173],[-71.26287746158441,-32.813401682054824],[-71.26295079754225,-32.81343705812192],[-71.26297872942501,-32.81356393119902],[-71.26300882827626,-32.81364182883232],[-71.26308298756227,-32.81366765455412],[-71.26317152844301,-32.81363888651691],[-71.26324487169204,-32.81360733476092],[-71.26334854554699,-32.813629208194094],[-71.2635818978339,-32.81375740319089],[-71.26370754295448,-32.813805505965014],[-71.26387437414041,-32.81389820151531],[-71.26393332092077,-32.81393743554364],[-71.26427942168382,-32.81394124882374],[-71.2647198326126,-32.813900175392256],[-71.26508514189192,-32.813888526162614],[-71.26528331890752,-32.813869865856866],[-71.2654697536053,-32.81386559076141],[-71.26564013607029,-32.81386264706253],[-71.26576138871394,-32.81387196615758],[-71.26591374577252,-32.81389799353412],[-71.26607694599565,-32.81394829247311],[-71.26615100753246,-32.81397861592603],[-71.26630637708499,-32.814022579512184],[-71.26668286547101,-32.814081968487066],[-71.26720192155041,-32.8141510074979]]]]}},{"type":"Feature","properties":{"fid":4,"Nombre":"Mirador 1","HAS":15.94,"Plantas":10780,"Alias:":"Mirador 1","Especie":"Palta","Nombre_GeoJSON":"3","Alias_GeoJSON":"Mirador 1","potrero":"Mirador 1","potrero_oficial":"Mirador 1","especie":"PALTOS","variedades":"Hass","hectareas_supabase":15.94,"plantas_supabase":10780,"normalizacion_estado":"COINCIDENCIA_EXACTA"},"geometry":{"type":"MultiPolygon","coordinates":[[[[-71.26436919204166,-32.80751336368905],[-71.26445210049468,-32.80756406583854],[-71.26450989998509,-32.80762680543396],[-71.26464307351509,-32.80774759439576],[-71.26478301839866,-32.807817605453664],[-71.26509069603104,-32.80848219287556],[-71.26514309264178,-32.80873760100927],[-71.26515196396662,-32.808928186696],[-71.26510627397488,-32.80919365751905],[-71.26504443116907,-32.80935288857693],[-71.26497028245545,-32.80948254722556],[-71.26488359157544,-32.80958614934385],[-71.26468408680401,-32.809762760225006],[-71.26459347717612,-32.80983083579506],[-71.26462187223636,-32.8099097427124],[-71.26451373367938,-32.81023598342128],[-71.26444215465398,-32.810404299630896],[-71.26433398791306,-32.81057086952366],[-71.26412017611894,-32.810792210095286],[-71.26404347547177,-32.810873996546434],[-71.2638996025839,-32.81096676081743],[-71.26379012072367,-32.81102094924656],[-71.2636570621277,-32.81107016322036],[-71.2634648863903,-32.811142049587225],[-71.26324333431086,-32.81123246967878],[-71.26314404979881,-32.81126847039626],[-71.26290955203255,-32.811352823059806],[-71.26228350773174,-32.81154957004961],[-71.26222230483593,-32.811574079986514],[-71.26183757084249,-32.8116188399109],[-71.2616990626688,-32.81162134318747],[-71.26145197000683,-32.81162940909548],[-71.2609771904785,-32.81165419022674],[-71.26085927344904,-32.811712129096875],[-71.26059352222238,-32.811710524674474],[-71.26054883474725,-32.811477178948984],[-71.2604644765712,-32.81110716706596],[-71.26043169290256,-32.8110753542529],[-71.26040948376405,-32.8111243628475],[-71.26040303398625,-32.81120639189597],[-71.26028901430158,-32.811249857624226],[-71.25992446086474,-32.81133385323505],[-71.25947235781244,-32.811412227407104],[-71.25949592605724,-32.81150827391912],[-71.25937923567894,-32.81156201077134],[-71.25928402449392,-32.8113691423313],[-71.25925911226227,-32.81127010612596],[-71.25924439185351,-32.81119367268316],[-71.2592408491463,-32.810894100838084],[-71.25926809621023,-32.81079537815397],[-71.25930006847187,-32.81072385590538],[-71.25931311504664,-32.81066533580695],[-71.2593213263881,-32.810625684842925],[-71.25931414085832,-32.81057005180053],[-71.25927121777922,-32.81049109830027],[-71.25921137285177,-32.81042189174053],[-71.25913412754787,-32.81033995822331],[-71.25922866885895,-32.81025550821234],[-71.25941902908596,-32.81038741201158],[-71.25958351794641,-32.8104879216024],[-71.25980800722928,-32.81053684486012],[-71.25982127186978,-32.81044248057964],[-71.26033475681766,-32.81036239552622],[-71.2607459896826,-32.81020768354915],[-71.26085263596568,-32.81018370919763],[-71.26095679008927,-32.81016899680681],[-71.26122309339982,-32.81014753519719],[-71.26144771522962,-32.81039855716242],[-71.26170026341326,-32.8103680772602],[-71.26184166095635,-32.81031856060363],[-71.2620216081084,-32.81016829923509],[-71.26211881158015,-32.81008663850442],[-71.26228898531993,-32.81003411269625],[-71.26254329826715,-32.809962063883226],[-71.262685137776,-32.809877859268965],[-71.2628955547946,-32.80971466430667],[-71.26301730936385,-32.80957859672583],[-71.26311318587683,-32.80945027194915],[-71.26321239470994,-32.80926267489975],[-71.26332770769629,-32.80913808206076],[-71.26349479012717,-32.80895742446174],[-71.26367041810164,-32.808801375660195],[-71.263722311329,-32.80874953769835],[-71.26373110798352,-32.80868629084522],[-71.26386149236966,-32.808544475293814],[-71.2640360012214,-32.80846167565995],[-71.26420580848587,-32.80867837342396],[-71.26435663850829,-32.80856232728451],[-71.26440726337847,-32.808333298443436],[-71.2643693448081,-32.80821806123968],[-71.26431602907644,-32.808086842570525],[-71.26428353550334,-32.80804173013285],[-71.2642783008112,-32.80777609047742],[-71.26432106420248,-32.807525475229404],[-71.26436919204166,-32.80751336368905]]],[[[-71.25891723668951,-32.81039678242444],[-71.25911145150805,-32.8105303787494],[-71.25913684044421,-32.81070818388776],[-71.25909580669544,-32.810840929740166],[-71.25903918072116,-32.81092802870393],[-71.25904640868897,-32.81102152893837],[-71.25906988351318,-32.81110943859157],[-71.25913051128813,-32.81124100925713],[-71.25907532365449,-32.81128293985093],[-71.25910794660236,-32.811329065193505],[-71.25913616884714,-32.81143496135439],[-71.25921086822588,-32.81146902287612],[-71.25928395330298,-32.81162196404817],[-71.25936283116646,-32.81180098375653],[-71.25923140148568,-32.811862603118456],[-71.25908236918455,-32.81191931852241],[-71.25903555276876,-32.81194759403061],[-71.25889814168394,-32.81200384034567],[-71.25877271763692,-32.812036886572],[-71.25870851339114,-32.812065317813406],[-71.25854432259032,-32.81211728739612],[-71.25847108019913,-32.81214143320567],[-71.25839966671249,-32.81217974012713],[-71.25833963457593,-32.81220589213918],[-71.2582792727162,-32.8122235815419],[-71.25821162740633,-32.812244141085706],[-71.25814278423113,-32.8122648109103],[-71.2580312773004,-32.81226484482555],[-71.25792815519183,-32.81226410644349],[-71.25784669653501,-32.81227149538792],[-71.25772846695163,-32.81224769607208],[-71.25763733885798,-32.812212262736956],[-71.25756130443092,-32.81219833203924],[-71.25749687350743,-32.81221887044533],[-71.25742290214038,-32.81223929969277],[-71.25732739780481,-32.81225632477201],[-71.25711027635498,-32.812294390175694],[-71.25649118681129,-32.81243737685595],[-71.25633766608951,-32.812478125480965],[-71.25619494807442,-32.81250866731892],[-71.25612779180322,-32.812542833048845],[-71.256005991448,-32.81257383328449],[-71.25593647260837,-32.81259080945374],[-71.25575701299985,-32.81262780449732],[-71.25568046344196,-32.812641810844156],[-71.25564718729974,-32.812674815636164],[-71.2555732806919,-32.812725581603374],[-71.25547806151744,-32.81275789034972],[-71.25534823539108,-32.81279440894948],[-71.25524681041995,-32.81280681808447],[-71.25515869231523,-32.812819025487336],[-71.25506859272001,-32.812825274020724],[-71.25487763530657,-32.81282954953133],[-71.25482081415383,-32.81283068686227],[-71.25475001064437,-32.81283618212642],[-71.25469521583638,-32.812824850351035],[-71.25463255851113,-32.8128183365983],[-71.25455208657213,-32.81280527463179],[-71.25434621446968,-32.81275974546342],[-71.25408685399339,-32.812440737370125],[-71.2540129211542,-32.812365660653626],[-71.25390015774094,-32.81228085270735],[-71.25375246370594,-32.812169577759136],[-71.253594256448,-32.81186889206761],[-71.25358468354395,-32.81175718395249],[-71.25347590656466,-32.811675079303434],[-71.25340492049207,-32.811538318607546],[-71.25333688772238,-32.811499545830195],[-71.25328706101357,-32.811470355951684],[-71.25324995599794,-32.81140826519693],[-71.25319746023449,-32.81127389639496],[-71.25320218883299,-32.8112448019804],[-71.2532661157719,-32.81116726925247],[-71.2532295486532,-32.81094033906784],[-71.25322025499672,-32.81087773514808],[-71.25320617523575,-32.810759277133165],[-71.25329891225957,-32.81070775130117],[-71.25337391030587,-32.81078170675517],[-71.25351651379523,-32.810797237905945],[-71.25360874600484,-32.81078874699182],[-71.2537454732687,-32.81075875954515],[-71.253915820139,-32.810801418800665],[-71.25399413317345,-32.810825938788284],[-71.25409770393857,-32.81091466351211],[-71.25412330837608,-32.811000330719274],[-71.25414668829741,-32.811125097254894],[-71.25420637684003,-32.811202508799944],[-71.25435712276598,-32.811262325170134],[-71.25451583940338,-32.811327548766194],[-71.25470149586678,-32.811380354693654],[-71.25488572063867,-32.811394824662905],[-71.25508499248733,-32.811417419064554],[-71.25520111439536,-32.81143436301935],[-71.25531812794917,-32.8114853615575],[-71.25547383069886,-32.8115141658415],[-71.25564333257407,-32.81152210024341],[-71.25585219091072,-32.81148751597868],[-71.25608385238817,-32.81143240789441],[-71.25652724883635,-32.81126733526164],[-71.25665060720493,-32.81119393508347],[-71.25676538996908,-32.810994010034435],[-71.25687401238167,-32.810838016987326],[-71.2569270398762,-32.81078158065122],[-71.2569697526935,-32.81067119896998],[-71.25710914939506,-32.810802681576746],[-71.25723088492964,-32.81091941378708],[-71.25734382199497,-32.811043097402255],[-71.25738484837814,-32.811135532210265],[-71.25759250975536,-32.81109329904144],[-71.25770168348664,-32.81107360081192],[-71.2578582498896,-32.81103768757137],[-71.25775977682808,-32.810819529985814],[-71.25771685728189,-32.810684280857046],[-71.25777790595335,-32.81058449273441],[-71.25765275175225,-32.810450675660746],[-71.25750279643486,-32.81022804721071],[-71.25775089107414,-32.810359529208405],[-71.25781667887803,-32.81039668432223],[-71.25806204369826,-32.810355715706415],[-71.25820673341934,-32.81030269720602],[-71.25833731727116,-32.81019772504984],[-71.25845094497959,-32.81009665931227],[-71.2585415247369,-32.81005361828918],[-71.2586284346947,-32.810034047035124],[-71.25881375680636,-32.81004602612568],[-71.25883300653011,-32.8101199953494],[-71.2588418900245,-32.81018877807669],[-71.25886061724887,-32.81025870124961],[-71.25890861438845,-32.81033002272917],[-71.25891723668951,-32.81039678242444]]]]}},{"type":"Feature","properties":{"fid":5,"Nombre":"27 IMP","HAS":8.8,"Plantas":8889,"Alias:":"27 IMP","Especie":"Naranja","Nombre_GeoJSON":"27","Alias_GeoJSON":"P27 C","potrero":"27 IMP","potrero_oficial":"27 IMP","especie":"NARANJA","variedades":"FUKUMOTO","hectareas_supabase":6.75,"plantas_supabase":8827.7777772,"normalizacion_estado":"COINCIDENCIA_ALIAS"},"geometry":{"type":"MultiPolygon","coordinates":[[[[-71.28368879348403,-32.80420669591138],[-71.2837610750004,-32.80423416290853],[-71.28386360367224,-32.80431145323249],[-71.28392010214482,-32.80438814415175],[-71.28397434511703,-32.80444328678508],[-71.28410261028664,-32.80452730371083],[-71.28422472445358,-32.80463734005632],[-71.28434428870075,-32.804714319045544],[-71.28444784930166,-32.804831890261006],[-71.28451064706233,-32.80488831578938],[-71.28455633651144,-32.80494217498326],[-71.28458962302877,-32.804977549736215],[-71.28464197919867,-32.80502553002627],[-71.28468200604911,-32.80505790312469],[-71.28470029275144,-32.80510650530562],[-71.28454907408835,-32.8051938656743],[-71.28452067795332,-32.80520878611895],[-71.28449547787159,-32.80522364821956],[-71.28447032383312,-32.80524030973968],[-71.28446212335811,-32.80525306127575],[-71.28443775835281,-32.805258906798436],[-71.28440225007124,-32.805287459018864],[-71.28437566224153,-32.805289744571816],[-71.28433471202636,-32.80531389543848],[-71.28428632732172,-32.80533908211518],[-71.284248504056,-32.805360475485834],[-71.28422571087968,-32.80538609519473],[-71.28418863061091,-32.80539487313296],[-71.28416433461513,-32.805403417741644],[-71.28412339883607,-32.80540633314689],[-71.2840667246759,-32.80542095145257],[-71.28404091120042,-32.805432674195046],[-71.28400254364355,-32.805453627360315],[-71.28397326614059,-32.80547576482897],[-71.28394705808236,-32.80549289554859],[-71.28391715579113,-32.80551144387619],[-71.28388498464881,-32.805524632804406],[-71.28385406301481,-32.8055449999838],[-71.28383688744326,-32.80556106572299],[-71.28381110842457,-32.80557413798968],[-71.28378063886834,-32.805591346438305],[-71.28375849651404,-32.80560075180422],[-71.28372741369266,-32.80561482096677],[-71.28369864572846,-32.80563604894356],[-71.28368489963277,-32.80564035036223],[-71.2836632899355,-32.80564974599253],[-71.28363932757478,-32.80567133633668],[-71.2836124601156,-32.80568352829125],[-71.28359734614223,-32.805696855984976],[-71.2835783537888,-32.80570440357971],[-71.28356799940505,-32.80571629422807],[-71.28355493427702,-32.80576933356662],[-71.28353733677683,-32.80581427277087],[-71.28351263085678,-32.80584782731398],[-71.28346922328191,-32.805883162361475],[-71.2834274823657,-32.80591702769244],[-71.28333029886365,-32.80598212969955],[-71.2832855188531,-32.806030443374944],[-71.28318955903886,-32.80606579910706],[-71.28310742227188,-32.80604009348266],[-71.28301779144165,-32.806017724978],[-71.28288101564708,-32.806004217539865],[-71.28277469021573,-32.80604839747925],[-71.2826539513898,-32.80612544296991],[-71.2825434118785,-32.80613999424059],[-71.28241631876567,-32.80609667305649],[-71.28234545583184,-32.80610519868728],[-71.28226452334917,-32.806092244740164],[-71.28220859816724,-32.80608849153445],[-71.28215027850054,-32.8060900101154],[-71.28185168936159,-32.80627680558136],[-71.2817407291133,-32.806336400389135],[-71.28167891297845,-32.806385024104344],[-71.281594939249,-32.806500259304045],[-71.28139796995991,-32.806662172415436],[-71.2812834062336,-32.806980905643925],[-71.2811619085048,-32.807383169081504],[-71.28109638683566,-32.80779895550356],[-71.281012239355,-32.80824091347588],[-71.2810044531934,-32.80830661711603],[-71.2809461529362,-32.808347821699314],[-71.2806826296542,-32.80807223844489],[-71.28030109525004,-32.807623461486365],[-71.27996190306348,-32.807162274322145],[-71.27968746893234,-32.8067976232252],[-71.28066602583662,-32.80623077039138],[-71.28062930921051,-32.806127810185984],[-71.28053437960648,-32.80601439635108],[-71.28046018626429,-32.8059121189673],[-71.28041239087717,-32.80584246435056],[-71.28031542760397,-32.8057161337229],[-71.28062330772254,-32.80555939778666],[-71.28079385325006,-32.805497278832895],[-71.28089344015946,-32.80545948157554],[-71.28110997145664,-32.80539961530107],[-71.28116923389861,-32.80538105104077],[-71.2817235073983,-32.80508758695237],[-71.28177976675825,-32.80506335176543],[-71.28182905737806,-32.80505813523644],[-71.281924231636,-32.80504776423834],[-71.28199614559074,-32.80506084599966],[-71.282048990267,-32.80506132176353],[-71.28229392906327,-32.80490516093866],[-71.28234144799876,-32.80487388991006],[-71.28238009716476,-32.80488478682116],[-71.28239171312346,-32.80485177475587],[-71.28242869753855,-32.804827764003605],[-71.28250364031248,-32.80478240264091],[-71.28253013926361,-32.80477350300792],[-71.28256768394435,-32.80475369018221],[-71.2826251216114,-32.80473236685246],[-71.28267667310625,-32.80471115085149],[-71.28270639717532,-32.80472208559308],[-71.28278915154479,-32.80469049901754],[-71.28282949768945,-32.80469994711474],[-71.28295187738313,-32.804631914209075],[-71.28308390507378,-32.80455146320515],[-71.28308506824166,-32.80451787667355],[-71.28313616863957,-32.80447839686318],[-71.28323248713184,-32.8044186816233],[-71.28331021427267,-32.80437594693392],[-71.28345964527267,-32.80428523143796],[-71.28359873646596,-32.804209661408194],[-71.28368879348403,-32.80420669591138]]],[[[-71.28221709405176,-32.80467496349794],[-71.28232039062301,-32.804677838289365],[-71.28227227727018,-32.80472909098286],[-71.28220864868335,-32.80477343009947],[-71.28219908988734,-32.80479951171329],[-71.28213901528581,-32.804849543171244],[-71.28208516606166,-32.804876432367266],[-71.28205494481823,-32.80489425495152],[-71.28201827743166,-32.80492658801464],[-71.28197572725772,-32.80492880312837],[-71.28195526515591,-32.80492304718036],[-71.28192028054698,-32.80493669215497],[-71.28186118433419,-32.804928588114116],[-71.28174006711322,-32.80497517347866],[-71.28170536246175,-32.80496432930631],[-71.28164223802413,-32.80501692298034],[-71.28141892440279,-32.80510038724665],[-71.28135514654609,-32.80512002848077],[-71.28128418854273,-32.80514435060691],[-71.28124401575421,-32.8051062218676],[-71.28125306013857,-32.80505999955932],[-71.28130987550371,-32.80501578510215],[-71.28146627687774,-32.80493377294148],[-71.28154243068067,-32.80484602700301],[-71.28154066571174,-32.80477697299733],[-71.28154238123776,-32.80471073413472],[-71.28156309236145,-32.80465422406129],[-71.28159206342734,-32.804587488340665],[-71.28167557032708,-32.80458740530314],[-71.28174263087446,-32.80461065076859],[-71.28180817185346,-32.80464112037768],[-71.28187334512248,-32.80465720370215],[-71.28193322411171,-32.80466618704335],[-71.28202021157222,-32.8046689189049],[-71.28213012114075,-32.804675019145165],[-71.28221709405176,-32.80467496349794]]]]}},{"type":"Feature","properties":{"fid":7,"Nombre":"El parque 1","HAS":6.72,"Plantas":2800,"Alias:":"El parque 1","Especie":"Palta","Nombre_GeoJSON":"16","Alias_GeoJSON":"El Parque 1","potrero":"El parque 1","potrero_oficial":"El parque 1","especie":"PALTOS","variedades":"Hass","hectareas_supabase":6.72,"plantas_supabase":2800,"normalizacion_estado":"COINCIDENCIA_EXACTA"},"geometry":{"type":"MultiPolygon","coordinates":[[[[-71.27861963301477,-32.81015470043378],[-71.27875154685394,-32.810148076260056],[-71.27888338334792,-32.810141624780776],[-71.27897332668874,-32.810143561631556],[-71.27902333119599,-32.810155324766995],[-71.27907865025084,-32.810170691742954],[-71.27913168471036,-32.81019650503187],[-71.27922814041027,-32.81020193504018],[-71.27930097361181,-32.81024025122645],[-71.27935673654335,-32.8102965193042],[-71.2793800488634,-32.81034554601541],[-71.27941333597427,-32.81039672301754],[-71.27943806803648,-32.81046608981023],[-71.27948144387757,-32.81065144510167],[-71.27941605008456,-32.810679997164094],[-71.27934370096058,-32.81070377636222],[-71.27927415082017,-32.81072584616776],[-71.27922926462941,-32.81074906698093],[-71.27913402133697,-32.810776644711446],[-71.27903874283348,-32.81078031797284],[-71.27898246740075,-32.810776298298855],[-71.27888507504048,-32.81077300160024],[-71.27870698645965,-32.81077778075409],[-71.27857843344708,-32.81078972285271],[-71.27850526950817,-32.810797808257355],[-71.27841030868575,-32.81081038645533],[-71.27833664334959,-32.81081972877168],[-71.27826534179748,-32.810807661583866],[-71.27820091299674,-32.81075935742257],[-71.27815338161696,-32.81076705669766],[-71.27805459518682,-32.810794458757385],[-71.27799127366563,-32.81076360664975],[-71.2779134811513,-32.81072261636883],[-71.27786492459234,-32.81067629318709],[-71.27783557238804,-32.81066004265065],[-71.27780402705942,-32.81064830546257],[-71.27777499020188,-32.8106319148586],[-71.27770644405052,-32.8105982782171],[-71.27766624348921,-32.81059856510766],[-71.27758749587123,-32.81057212632759],[-71.27753270824807,-32.81054151872596],[-71.27738139183253,-32.81047826263177],[-71.27740304527688,-32.81045426508317],[-71.27742713361695,-32.810451426368196],[-71.27745146077622,-32.8104393819367],[-71.2775223746522,-32.81039648523318],[-71.27754786107269,-32.81040202229888],[-71.27760978308669,-32.81035948921969],[-71.27765748005054,-32.810335017647624],[-71.27769470851979,-32.81030873628978],[-71.27771257471254,-32.81030341037901],[-71.2777333361209,-32.810309433463225],[-71.2777521207647,-32.810293689287334],[-71.27776110436446,-32.81028372432579],[-71.27777798883507,-32.8102956188261],[-71.27778752249526,-32.810288644296335],[-71.27779933805516,-32.810296830488426],[-71.27784842583071,-32.81024332922859],[-71.27788438270352,-32.81024147458116],[-71.27792330115504,-32.81025356809382],[-71.2780329615815,-32.81020676536542],[-71.27808208511071,-32.81020107045652],[-71.27811112911674,-32.81022534543643],[-71.2782309822523,-32.81016955568982],[-71.2782497801074,-32.81016361265434],[-71.27830350839007,-32.81018983857573],[-71.27834816998842,-32.81015782087876],[-71.2784179853777,-32.81014614830492],[-71.27845835307366,-32.810168616806784],[-71.27854168733309,-32.810142444406225],[-71.27861963301477,-32.81015470043378]]],[[[-71.27734367917405,-32.8104624952643],[-71.27758710805774,-32.81060333801558],[-71.27769282284362,-32.810640041595505],[-71.27775100639019,-32.81065673502218],[-71.27777296746375,-32.810704946109375],[-71.2778225436283,-32.81069875213854],[-71.27787095309046,-32.81072392474524],[-71.2778642759209,-32.81075317303166],[-71.27788371052574,-32.81078077871198],[-71.27792854047517,-32.81077214834138],[-71.27795787716794,-32.81080044574111],[-71.27792675559395,-32.81083826275608],[-71.27796630896678,-32.81084907358513],[-71.27800759942268,-32.81082868146537],[-71.2780360439992,-32.81084812591279],[-71.27807836551197,-32.81084414889991],[-71.27813004780279,-32.81086434993826],[-71.27813025977038,-32.81088912701973],[-71.27815898600798,-32.81089521948188],[-71.2781723398133,-32.810920543155646],[-71.27820150854687,-32.81091762828801],[-71.27824390315605,-32.81093086610067],[-71.27827918199732,-32.810953883171834],[-71.27828958492725,-32.81099286756696],[-71.27831963862161,-32.81097193803243],[-71.27837372345816,-32.81097509700781],[-71.27845081930606,-32.810984320556514],[-71.2784838347655,-32.81103194172007],[-71.27853297225012,-32.81109009868909],[-71.27855825772386,-32.81115377058057],[-71.27849258495432,-32.8112015553797],[-71.27840319546094,-32.8112461804732],[-71.27834769490144,-32.81122478759184],[-71.27827802158184,-32.81124205838969],[-71.27824112674051,-32.811254067398245],[-71.27815764616088,-32.81125913129184],[-71.27811364609454,-32.81125779101991],[-71.27808429442094,-32.81125957879823],[-71.27797323931357,-32.81125726863274],[-71.2778754320367,-32.811267893532076],[-71.27780259579501,-32.81127654843952],[-71.27770935191712,-32.81128848249456],[-71.27764242473818,-32.811296683431095],[-71.27754470286382,-32.811317815627575],[-71.27743879643653,-32.811326143949096],[-71.27736588867405,-32.81133877506374],[-71.27732615928011,-32.811353704555344],[-71.2772316696382,-32.81137792027701],[-71.27720022478483,-32.81138204996524],[-71.27715977533362,-32.811382428974504],[-71.27709989864272,-32.81141232276225],[-71.27705468500898,-32.81142274687345],[-71.27700044975857,-32.81145093772926],[-71.27694411631761,-32.8114711655501],[-71.27687134802258,-32.81151569592503],[-71.27681715330654,-32.8115687381686],[-71.27677232962185,-32.81160423574714],[-71.27668892876812,-32.81164463336708],[-71.27660860551532,-32.811698036797345],[-71.27657254627398,-32.81172516224644],[-71.27649947506582,-32.8117763374021],[-71.27644041904622,-32.8118313932352],[-71.27641088000188,-32.81186052992432],[-71.27637589214127,-32.81190637191213],[-71.27634747190112,-32.81193905348579],[-71.27631654972873,-32.81200325602561],[-71.27627940343207,-32.8120860906804],[-71.27619953842331,-32.812230817902254],[-71.27615871382832,-32.81229432854649],[-71.27612055855116,-32.8123575304418],[-71.27607465940261,-32.812383047767185],[-71.27599960849624,-32.81243673827139],[-71.27592425798832,-32.812478521885495],[-71.27583980246327,-32.81251446918555],[-71.27575876948505,-32.81255139844887],[-71.27568813877001,-32.81257357167163],[-71.2756384541553,-32.81259447813803],[-71.27559598314986,-32.81261913973041],[-71.27550675258335,-32.81262900034275],[-71.27546794728606,-32.81264795589044],[-71.27544628825045,-32.81265718121004],[-71.27541218962425,-32.81266634593711],[-71.27537284692853,-32.812680311438044],[-71.2753451398489,-32.81269224230538],[-71.27532658742815,-32.81270056378312],[-71.27528880066797,-32.812712077410374],[-71.27524194300692,-32.812738394182844],[-71.27519976308687,-32.81274327563735],[-71.27515127830945,-32.812762887952154],[-71.27511313803545,-32.812783256242895],[-71.2750533412429,-32.81281634810961],[-71.27501079452459,-32.81281992200754],[-71.27495411872046,-32.81284535595913],[-71.27488440817915,-32.81287982814727],[-71.27482488417374,-32.812906730745794],[-71.27477345173284,-32.812933346744884],[-71.27474510783316,-32.81295476650924],[-71.27470940341837,-32.81296601458715],[-71.27462227637587,-32.81300421082489],[-71.27457682249329,-32.813023839802334],[-71.27453800828029,-32.81304374814291],[-71.27450282945266,-32.813057589503515],[-71.27447073565071,-32.81304377067223],[-71.27444123769473,-32.812983097680885],[-71.27439541140735,-32.81296952841487],[-71.27435572070729,-32.812955047503195],[-71.27433184558015,-32.81296628302171],[-71.27428425221169,-32.812939143802296],[-71.27426018819753,-32.81292437886493],[-71.27422604272034,-32.81292299910259],[-71.27421502369167,-32.81289959583483],[-71.27418771152645,-32.81290609307191],[-71.27414316325023,-32.81288689965125],[-71.27417947191603,-32.81284303338733],[-71.27415977643145,-32.812813786894175],[-71.27418657903931,-32.81278729594225],[-71.27415577350764,-32.81276825283903],[-71.27415743803492,-32.81274061847525],[-71.27411124027988,-32.81273105644722],[-71.27410459520553,-32.81271197433951],[-71.27413153027629,-32.812690681767656],[-71.27409936533014,-32.812674063710716],[-71.27407173733066,-32.81266816481121],[-71.27405737846837,-32.81266242484264],[-71.27405747497193,-32.81264762088174],[-71.27404339603873,-32.812634274691156],[-71.27403900656553,-32.812610750935],[-71.27404708181022,-32.81259300156982],[-71.27402525312803,-32.81257299518785],[-71.27402640340355,-32.81254376993019],[-71.27400742612619,-32.812524111790026],[-71.27397338213392,-32.812489525157524],[-71.27396482259986,-32.812469677708854],[-71.27396442520889,-32.81245408260243],[-71.27394428210259,-32.81244444712778],[-71.2739296481722,-32.81242791052999],[-71.27388090489016,-32.81242999639636],[-71.27385970316821,-32.81245318503756],[-71.2738284344775,-32.81243455032335],[-71.27381773147317,-32.81242354312325],[-71.27381784839636,-32.812409538909435],[-71.27379382535707,-32.81239637336982],[-71.27378550021204,-32.81238572302175],[-71.27376774032112,-32.81239524708161],[-71.27374800964908,-32.812383203722455],[-71.27372500987576,-32.81235441724855],[-71.27370611421132,-32.81233795805426],[-71.2736637098412,-32.81230992418511],[-71.27364206469812,-32.812297115471814],[-71.2735986114255,-32.812265100038886],[-71.27354700136699,-32.8122476349293],[-71.27351737752953,-32.81223777156455],[-71.27351623653955,-32.81219298560221],[-71.27350605279703,-32.81216516643047],[-71.27350983049824,-32.81212749218412],[-71.27354965766645,-32.81209156337225],[-71.27361192901581,-32.81204402511186],[-71.27363371142215,-32.812043629367366],[-71.27367075844859,-32.81201015138717],[-71.27369670561399,-32.811987276619604],[-71.27373994436974,-32.8119736891108],[-71.27377351939626,-32.81198988159019],[-71.27379075959271,-32.81195996392773],[-71.27377968986805,-32.81193456123504],[-71.273746828045,-32.811946359979586],[-71.27373871203679,-32.81196250982863],[-71.27367993317422,-32.8119611774086],[-71.27364573712651,-32.811957798097836],[-71.27365364939327,-32.81193365076123],[-71.27363125574546,-32.81191005402898],[-71.27361635708367,-32.811883120645795],[-71.27361007404934,-32.81189683682714],[-71.27358008357243,-32.81187257798398],[-71.27359057215082,-32.8118379822916],[-71.27357851469053,-32.81181099728475],[-71.27358881988765,-32.8117692038484],[-71.27358157563786,-32.81171122930826],[-71.27364303156472,-32.81166760925532],[-71.27358623797352,-32.811642715653676],[-71.27361835818706,-32.811570797144306],[-71.27368734078094,-32.811568561107585],[-71.27374304877398,-32.81158508338634],[-71.27379121373698,-32.81159030681087],[-71.27385132965308,-32.81157531741426],[-71.27391309051198,-32.81157047172782],[-71.27397883330036,-32.81156838054199],[-71.27404149697064,-32.81157077898567],[-71.2741215395757,-32.811594820939376],[-71.27424037131416,-32.81162999287572],[-71.27433997425234,-32.81163546794522],[-71.27440606053773,-32.811638848262284],[-71.27448722699849,-32.81163795849527],[-71.27457972964761,-32.81162312726879],[-71.27461529563077,-32.811633733487795],[-71.27493718897033,-32.811475059599616],[-71.27491150544995,-32.81143392028243],[-71.27500478370197,-32.8113762162697],[-71.2751187542664,-32.81131253517433],[-71.27509819335272,-32.81128650503256],[-71.27514103293507,-32.81122011644055],[-71.27514852496992,-32.81119152361265],[-71.27519580587901,-32.811101503133216],[-71.27528259698163,-32.81104951769721],[-71.27535847198259,-32.81101533329868],[-71.27540186179742,-32.81097053783695],[-71.27546502889152,-32.810933082759306],[-71.27548319430139,-32.810951190506636],[-71.2755118304167,-32.810935733453206],[-71.27560314719096,-32.81090608569901],[-71.27564072913279,-32.81092654066249],[-71.27566671804743,-32.81091611455341],[-71.27571597742924,-32.810843892319234],[-71.27576876510334,-32.81081390406013],[-71.27583980633756,-32.81078915321317],[-71.27586012126967,-32.810827220974396],[-71.27603210810351,-32.81075083670795],[-71.27604070594434,-32.810794096215446],[-71.27626526366036,-32.81068279602119],[-71.27628206217827,-32.810611927291276],[-71.27632111076383,-32.81047375796963],[-71.27642835245098,-32.810420707084205],[-71.2764791641745,-32.81042883831803],[-71.27653953433128,-32.81043218965742],[-71.2766250141447,-32.81044113350069],[-71.27668398363092,-32.81045429183534],[-71.27674629189609,-32.81045282601994],[-71.2768380684112,-32.810460352473484],[-71.27692253523126,-32.81047813976657],[-71.27697397243791,-32.81047839055116],[-71.27703069328366,-32.810486067715075],[-71.27707261608026,-32.81048466324141],[-71.27713132998322,-32.81047947939118],[-71.27720083797463,-32.810483840247976],[-71.2772756007213,-32.81047197743577],[-71.27734367917405,-32.8104624952643]]]]}},{"type":"Feature","properties":{"fid":8,"Nombre":"22","HAS":8.59,"Plantas":14317,"Alias:":"22","Especie":"Naranja","Nombre_GeoJSON":"22","Alias_GeoJSON":"P22","potrero":"22","potrero_oficial":"22","especie":"NARANJA","variedades":"CARA CARA","hectareas_supabase":8.59,"plantas_supabase":14316.666667,"normalizacion_estado":"COINCIDENCIA_ALIAS"},"geometry":{"type":"MultiPolygon","coordinates":[[[[-71.27624862866391,-32.807132290154804],[-71.2769299957073,-32.807876479736485],[-71.27870207887128,-32.80965350349795],[-71.27853788336043,-32.809735689726864],[-71.27846822095867,-32.80973369219075],[-71.27803031570787,-32.809887810439264],[-71.27778139018528,-32.80998378489687],[-71.27771271478703,-32.80998258544047],[-71.27758835590845,-32.81003465283291],[-71.27739018950189,-32.81011174060942],[-71.2770456446657,-32.81024946022106],[-71.27664956145874,-32.81022400787484],[-71.27632921008306,-32.81021105662335],[-71.2761448301779,-32.81026013202295],[-71.27607084674445,-32.81031618047535],[-71.27598169969498,-32.81035711433376],[-71.27590273685946,-32.81038384548029],[-71.27583564118244,-32.810399246416615],[-71.27581056907115,-32.810364711192825],[-71.27572477365491,-32.810291764328475],[-71.2756257532929,-32.81018216583069],[-71.27557888008816,-32.81013838240076],[-71.27539831269988,-32.80996056263773],[-71.27533220561851,-32.80988989374284],[-71.27525150448017,-32.80980009987501],[-71.27513760913304,-32.80967856687301],[-71.27500702690382,-32.80952172501108],[-71.274860310158,-32.80938070090062],[-71.27466136171635,-32.80914156313085],[-71.27471471638589,-32.80884185916037],[-71.27481699494916,-32.80862055045116],[-71.27492784579242,-32.80849364131764],[-71.27498048909612,-32.808394618990434],[-71.2750116339765,-32.80826994363657],[-71.27503335139018,-32.808016146685205],[-71.27508155837147,-32.807817225357546],[-71.27568664727696,-32.80757169323958],[-71.275852032833,-32.807476963160205],[-71.27605775639219,-32.80716525045295],[-71.27621315003884,-32.80711099763101],[-71.27624862866391,-32.807132290154804]]],[[[-71.27551461160003,-32.806228602217764],[-71.27589252196216,-32.80629190697107],[-71.27587017637681,-32.80643916729738],[-71.27581466871553,-32.80653285216475],[-71.2758694048091,-32.80655178215015],[-71.27587012675649,-32.80661324326837],[-71.27598271672915,-32.80680781914506],[-71.27596756866541,-32.80690556244928],[-71.2759244516027,-32.80691468305653],[-71.27589368866688,-32.80706705053352],[-71.27584288534436,-32.80708578658663],[-71.27581665054963,-32.80718894575286],[-71.27576922545613,-32.80721509893916],[-71.27570773586034,-32.80729202263561],[-71.27562956581312,-32.80735663761181],[-71.27548198383668,-32.80743171732865],[-71.27537562467104,-32.80750713259345],[-71.27524654930411,-32.80752580844952],[-71.27516315291433,-32.8075860296594],[-71.27507732762832,-32.80760008936482],[-71.27512418333917,-32.807379264252646],[-71.27516580113065,-32.80719992152354],[-71.27519470124119,-32.80705556601443],[-71.27512090734244,-32.80697229993237],[-71.27505864917933,-32.80684702770724],[-71.27504783412904,-32.80673406844852],[-71.27515618201055,-32.80654700800728],[-71.27527517461188,-32.80641888302627],[-71.27539371307125,-32.806301374055806],[-71.27551461160003,-32.806228602217764]]],[[[-71.27487948317778,-32.80780106300981],[-71.27487668803712,-32.8080418555689],[-71.27479054871094,-32.808125543378516],[-71.27479328844983,-32.80839039066609],[-71.27458254599215,-32.808682092761586],[-71.27451491179563,-32.808880758489465],[-71.27400367249925,-32.80835779117566],[-71.27484836228903,-32.807794721449916],[-71.27487948317778,-32.80780106300981]]]]}},{"type":"Feature","properties":{"fid":9,"Nombre":"23","HAS":8.07,"Plantas":4881,"Alias:":"23","Especie":"Paltas","Nombre_GeoJSON":"23","Alias_GeoJSON":"P23","potrero":"23","potrero_oficial":"23","especie":"PALTOS","variedades":"Hass","hectareas_supabase":10.57,"plantas_supabase":7390.909091099999,"normalizacion_estado":"COINCIDENCIA_ALIAS"},"geometry":{"type":"MultiPolygon","coordinates":[[[[-71.27537179234422,-32.80621985965467],[-71.27536534776664,-32.80627066741737],[-71.27526893815072,-32.80638377985375],[-71.27516874036834,-32.806493656018176],[-71.27501807442664,-32.806712526630875],[-71.27501495238299,-32.806806305277625],[-71.27503986358319,-32.80689620033283],[-71.27508963927568,-32.80697173748464],[-71.2751123131506,-32.80705454268441],[-71.27512047808311,-32.80714178164655],[-71.27512102298147,-32.807228983329686],[-71.27510307226987,-32.80734634068522],[-71.27502682045696,-32.80752004390678],[-71.27498356081998,-32.8076054224313],[-71.274885176841,-32.8076728339826],[-71.27481120352861,-32.80773650372312],[-71.27480017326258,-32.8077892196288],[-71.2745430420857,-32.807947557673884],[-71.2742777696171,-32.80812612671867],[-71.27410597474841,-32.80823050316238],[-71.27389435123654,-32.80836428682193],[-71.27377420167191,-32.80843834801905],[-71.27359978056522,-32.80853659735895],[-71.27336252113763,-32.80861817998461],[-71.27330325910019,-32.80865998897193],[-71.27325919275692,-32.80866087999278],[-71.273109897234,-32.80874205636063],[-71.27295513459555,-32.80891794738894],[-71.2728014124739,-32.8090533006028],[-71.27252559984562,-32.80926753072922],[-71.27220510572457,-32.80944099798022],[-71.27188749093776,-32.80958063074582],[-71.2717397142559,-32.809629840396916],[-71.27154668167239,-32.809663641934584],[-71.27121205385752,-32.80967615319025],[-71.27089047368564,-32.80967521354311],[-71.27071052301355,-32.80963539330223],[-71.27051247502781,-32.80956781154878],[-71.27046469410791,-32.80953475573271],[-71.27041220686841,-32.80946596041994],[-71.27038616824018,-32.80942947226983],[-71.27042566749812,-32.80933764120217],[-71.27050879491549,-32.80923457119517],[-71.27046662663872,-32.809170904752875],[-71.2705451751214,-32.8089159637164],[-71.27065443677692,-32.80872983934412],[-71.2707186645541,-32.80857038508754],[-71.27078871764067,-32.808305991603866],[-71.27088634536749,-32.80808613892051],[-71.27095423393055,-32.80795500635835],[-71.271000604421,-32.80780743387875],[-71.2710739730825,-32.80760619454508],[-71.27111277044982,-32.80751254487492],[-71.27115191244913,-32.80738406270766],[-71.2712181650572,-32.807034041055104],[-71.27137312672704,-32.80690176519846],[-71.27162539884186,-32.80670940021088],[-71.27176432547078,-32.806621966451004],[-71.27188353486272,-32.806565384487364],[-71.27195605806631,-32.80654643505808],[-71.2721541348494,-32.80644315608682],[-71.2723145095753,-32.80639246150059],[-71.2725779421225,-32.80637026688058],[-71.27266711168507,-32.80631310843203],[-71.27281538036377,-32.806194460704525],[-71.27319383071367,-32.80603755034159],[-71.27351014522664,-32.805930563453074],[-71.27376361618171,-32.805861458291844],[-71.27380162522375,-32.80583545743842],[-71.27392954435628,-32.805733525016066],[-71.2740573808975,-32.80570425907997],[-71.27429076669891,-32.805719613386174],[-71.27470201498144,-32.80572944915256],[-71.27500221641645,-32.80577340867477],[-71.2751884826544,-32.805837346629986],[-71.27528414442449,-32.80594431967041],[-71.27535864194552,-32.80608175704143],[-71.27537179234422,-32.80621985965467]]]]}},{"type":"Feature","properties":{"fid":10,"Nombre":"21","HAS":4.59,"Plantas":7650,"Alias:":"21","Especie":"Naranja","Nombre_GeoJSON":"21","Alias_GeoJSON":"P21","potrero":"21","potrero_oficial":"21","especie":"NARANJA","variedades":"CARA CARA","hectareas_supabase":4.59,"plantas_supabase":7650,"normalizacion_estado":"COINCIDENCIA_ALIAS"},"geometry":{"type":"MultiPolygon","coordinates":[[[[-71.27396769897639,-32.80837953282556],[-71.27447554524296,-32.808932496225665],[-71.27447351766428,-32.80906676851809],[-71.27440551512761,-32.80913138284544],[-71.27438951090848,-32.80914821218554],[-71.2743832358618,-32.809277758450705],[-71.27438118772336,-32.80942124459241],[-71.27441228871913,-32.80943680009464],[-71.27446203890419,-32.80950283671633],[-71.274464875951,-32.80954351712625],[-71.27446564860722,-32.80961509448759],[-71.27438255705576,-32.809703618574034],[-71.27433787575912,-32.809751752209564],[-71.27428840827528,-32.809781756974914],[-71.27424661543812,-32.80981109260861],[-71.27416500403109,-32.809871360882724],[-71.27403324466992,-32.80993662264961],[-71.27383278882715,-32.80999986661334],[-71.27373288804995,-32.8100253590721],[-71.27365770811983,-32.810072446792844],[-71.27366690454016,-32.81009187479033],[-71.27361203936364,-32.81013940986919],[-71.27361854453335,-32.8101670513785],[-71.2735719301081,-32.810234848083326],[-71.27353704703928,-32.81026977318901],[-71.27352938905113,-32.810310735387105],[-71.27347713178054,-32.8103467925717],[-71.27344176485443,-32.81034930564601],[-71.27337755674101,-32.810322284052084],[-71.27333442626261,-32.810277668574564],[-71.27329428641616,-32.810241433710466],[-71.27326140139462,-32.8102029820437],[-71.27320202237888,-32.810138658975696],[-71.27314300896985,-32.81007659004307],[-71.27312118901013,-32.81003594024479],[-71.27299436801918,-32.809860919781954],[-71.27290979144881,-32.809748529480494],[-71.27276300132826,-32.80954091216156],[-71.27267554564007,-32.809404053170525],[-71.27260182438344,-32.80926468740903],[-71.27272122289978,-32.8091893364859],[-71.27306737747399,-32.80888567794087],[-71.27312467269054,-32.80880970011766],[-71.27326505358253,-32.80872017112912],[-71.27351366925373,-32.808611964322544],[-71.27396769897639,-32.80837953282556]]],[[[-71.27453763427856,-32.80918529310051],[-71.27463845778176,-32.809221017739205],[-71.2747480348843,-32.809309172209815],[-71.27487599996091,-32.80944578465814],[-71.27513881553351,-32.80973475096716],[-71.27545464590396,-32.81005874538176],[-71.27566760308817,-32.81027144890547],[-71.27584699416833,-32.81044016486064],[-71.27583785594263,-32.810506366688735],[-71.27571864836081,-32.810533028294316],[-71.27552776161416,-32.81055446145485],[-71.27529782613901,-32.81063702239928],[-71.27513256647488,-32.81075351498285],[-71.27495949203825,-32.810866883573155],[-71.27492087989636,-32.81094514928344],[-71.27486441497811,-32.81100577736173],[-71.27482754826589,-32.81107666316716],[-71.27480017901985,-32.81114084463605],[-71.27471592853698,-32.811249332459816],[-71.27468049518541,-32.81130059710394],[-71.27457541888172,-32.81135067817023],[-71.27449818076461,-32.81139290504709],[-71.27442450584181,-32.81138526298627],[-71.27434655908063,-32.811323812076104],[-71.27421751696369,-32.81119225753056],[-71.27412867962975,-32.811082833167454],[-71.27408090928172,-32.810991441105],[-71.27404582802518,-32.8109806481185],[-71.27400156003146,-32.810912869758276],[-71.27390286231132,-32.81083383345805],[-71.27372280002665,-32.81067299630733],[-71.27355947883292,-32.81052410166283],[-71.27356972413038,-32.810470845537274],[-71.27360757882097,-32.81040075859042],[-71.27372553867575,-32.810249203049494],[-71.27377543635554,-32.81015848571604],[-71.2738652159975,-32.81011521496396],[-71.27405761924744,-32.81007742757133],[-71.27426904777832,-32.80998949000295],[-71.27442622268939,-32.80985926564543],[-71.2744872279655,-32.80978712478979],[-71.27455031149027,-32.809720661363876],[-71.27455725734607,-32.80942415964735],[-71.27450075003439,-32.80940722449328],[-71.27451029579476,-32.80921273318987],[-71.27453763427856,-32.80918529310051]]]]}},{"type":"Feature","properties":{"fid":11,"Nombre":"D","HAS":12.46,"Plantas":13796,"Alias:":"D","Especie":"Paltas","Nombre_GeoJSON":"D","Alias_GeoJSON":"Unidad D","potrero":"D","potrero_oficial":"D","especie":"PALTOS","variedades":"GEM / Hass","hectareas_supabase":12.544,"plantas_supabase":13796.3333337,"normalizacion_estado":"COINCIDENCIA_ALIAS"},"geometry":{"type":"MultiPolygon","coordinates":[[[[-71.27543709153846,-32.80614295476186],[-71.27557314476974,-32.80619381572853],[-71.27593590324612,-32.806244175580225],[-71.27606495398481,-32.80620490688395],[-71.27616618093211,-32.80611144523388],[-71.27623922251117,-32.80607222456553],[-71.27630660413743,-32.8060249320334],[-71.27636453742076,-32.80593479335691],[-71.27642130499373,-32.80586178794403],[-71.27644328830473,-32.80580243157116],[-71.27648128838642,-32.80579638070509],[-71.27652612344322,-32.805753198161554],[-71.27660208583204,-32.80565074810027],[-71.2766499340159,-32.805583519740956],[-71.27666682018115,-32.80548724871327],[-71.27669777271379,-32.805444829088565],[-71.27675353215778,-32.80535601804569],[-71.27682087430516,-32.8052710798394],[-71.27688557302882,-32.805200992624435],[-71.27698055069635,-32.805086729928874],[-71.27698986152286,-32.80500665527459],[-71.2769502864336,-32.804943717573984],[-71.27689958118147,-32.804892630947386],[-71.27687260738345,-32.80476990596066],[-71.27687403431432,-32.804728404928184],[-71.27691125684788,-32.804689652687166],[-71.27689314515004,-32.80460815716553],[-71.27676738268927,-32.804557025995216],[-71.2766587539461,-32.804507587161446],[-71.2765880702279,-32.804480857192715],[-71.27654248348084,-32.80446132859453],[-71.27650617708868,-32.80442189570549],[-71.27640897835592,-32.804372512444445],[-71.27634955723858,-32.804314625879876],[-71.27625923437137,-32.804207036147695],[-71.27620363243118,-32.80409221530062],[-71.27619897734581,-32.803993088153504],[-71.2761900366409,-32.80390777607333],[-71.2761571529208,-32.80386932508435],[-71.27608930615413,-32.80387349834717],[-71.27602752705543,-32.803885610915415],[-71.27596239516848,-32.80387899177593],[-71.27591678681168,-32.80386268049687],[-71.2758736143392,-32.80382450090807],[-71.27582968874852,-32.80378503055047],[-71.27579136607338,-32.80370633191289],[-71.27576432808131,-32.80359325928921],[-71.27575130065769,-32.80349280409095],[-71.27574886148697,-32.80340398429096],[-71.27575153998785,-32.80334672274159],[-71.27578241584973,-32.80328895551113],[-71.27583688190549,-32.80323580834232],[-71.27594399884039,-32.803171978398844],[-71.2760305821109,-32.80310225620845],[-71.27604096831,-32.80303216162124],[-71.27604063402393,-32.80296973706674],[-71.27608506629144,-32.80293520329187],[-71.27605631430241,-32.802905460167246],[-71.27600470329155,-32.80287560531914],[-71.27591913451704,-32.80279731931894],[-71.27587527559686,-32.80274819624319],[-71.27583628845336,-32.80265533656094],[-71.27582485565532,-32.80254459258299],[-71.2758270235695,-32.802450647014595],[-71.27577335198404,-32.80238796167207],[-71.27572450813221,-32.80228797485316],[-71.27570660925652,-32.802231256209474],[-71.27571471417819,-32.80216050694167],[-71.2757251446804,-32.802083977225955],[-71.27571482134374,-32.8020337309783],[-71.27561731681584,-32.80202939292667],[-71.2751371004747,-32.80214943744337],[-71.27507367031856,-32.80213678876978],[-71.27495388325939,-32.802157049721366],[-71.27488779904046,-32.80219896952173],[-71.27483994138335,-32.80224125522645],[-71.27480264198292,-32.80226209600052],[-71.2747176212462,-32.80229079877058],[-71.27457078723342,-32.802315926903354],[-71.27444524724912,-32.80237027381798],[-71.27431479612633,-32.80242164717004],[-71.2741800442409,-32.80244655530821],[-71.27404834516956,-32.80244894818416],[-71.27392853326472,-32.802395996717216],[-71.27358234992234,-32.80218789798739],[-71.27338921241603,-32.802103609324185],[-71.27326494513058,-32.80197059797271],[-71.27307845381088,-32.801838716540196],[-71.27301658684155,-32.80178267003151],[-71.2729415771218,-32.801609781406206],[-71.27290760884924,-32.80145016932175],[-71.27286748034058,-32.80130852571565],[-71.27284506212982,-32.80121949706626],[-71.27281853487793,-32.80100495051136],[-71.27271444259888,-32.800790392212406],[-71.27263208009538,-32.800734527513974],[-71.272533446343,-32.80063717412772],[-71.27243818626906,-32.80047803250078],[-71.2724428884838,-32.800280053443366],[-71.27241992067758,-32.800139897854],[-71.27241757441989,-32.79999988767511],[-71.27242968923068,-32.79987799139059],[-71.27245349816535,-32.799762181541546],[-71.27249403257441,-32.79966325319778],[-71.27250194847423,-32.79957449776613],[-71.2724700601497,-32.79949657792019],[-71.27243617545398,-32.79947820815922],[-71.27231931545164,-32.79951108025474],[-71.27217144575377,-32.799553457602094],[-71.27207956903911,-32.79958995768322],[-71.27200509301439,-32.799724718791744],[-71.27199196674171,-32.7997638006322],[-71.27197254921991,-32.799819839438875],[-71.27192382370164,-32.79989291059037],[-71.27188112784283,-32.79994700177674],[-71.2718323544831,-32.79998220590478],[-71.27178423490304,-32.80002246747987],[-71.27172325037307,-32.800103833841746],[-71.27172485252461,-32.80021934737111],[-71.27170054637409,-32.800378192017],[-71.27169568487325,-32.800528078755995],[-71.27165787448499,-32.800657462111886],[-71.2716196924903,-32.80077459710482],[-71.2715558157892,-32.80089921917699],[-71.27148527602152,-32.80102854981505],[-71.27145540891539,-32.801116258592145],[-71.27142449565777,-32.801195875417854],[-71.27135425270653,-32.80125250648541],[-71.2713149764928,-32.801323682462126],[-71.27150719683705,-32.801366859136564],[-71.27179122119689,-32.801379563703094],[-71.27191499969227,-32.80141830367546],[-71.27203451707211,-32.801517825982884],[-71.27221309058841,-32.80180228279454],[-71.2723229446668,-32.801939543817234],[-71.27250556071873,-32.80214276694154],[-71.27247037660861,-32.80223973046623],[-71.27244930023535,-32.80226419221048],[-71.27269006637255,-32.80252346571389],[-71.27292247416632,-32.80271339635303],[-71.27296794115803,-32.80269947958196],[-71.2730786405794,-32.80278701982634],[-71.27319345778183,-32.80282740514943],[-71.2731640235722,-32.80294432158995],[-71.27306959758745,-32.80303383334511],[-71.27299106064599,-32.803130202735794],[-71.27295716432602,-32.80317573762059],[-71.27311093806527,-32.80313823458169],[-71.27333141293575,-32.80312829214626],[-71.27348456026584,-32.80313033084697],[-71.27360055058377,-32.803161467953664],[-71.27372172430162,-32.8032145106013],[-71.27385137101409,-32.80330974628678],[-71.27396036235473,-32.80336144186763],[-71.27416978392594,-32.80343550987938],[-71.27425066657456,-32.803474840228276],[-71.27435395457925,-32.80352489865261],[-71.27425840896868,-32.80365599777217],[-71.27424252939768,-32.80371644805674],[-71.27416801630794,-32.80380360373042],[-71.27406793039232,-32.80389739113226],[-71.27396541843487,-32.803956093861544],[-71.27385198548137,-32.803940736325174],[-71.27378611023538,-32.803990609068684],[-71.27371850738743,-32.804070075962166],[-71.27366730690088,-32.80414672737079],[-71.27365324162308,-32.80419749771982],[-71.2736506281686,-32.804245106563144],[-71.27368693327283,-32.804284540340596],[-71.27372102327118,-32.80431366666598],[-71.27379308579522,-32.80433955472999],[-71.27385100347931,-32.80436063870114],[-71.27413044568755,-32.80444727717282],[-71.27428313101586,-32.80451688377278],[-71.27453572789496,-32.804629131171566],[-71.27477605412103,-32.80475290159005],[-71.27487595588556,-32.80485249514159],[-71.27505752980298,-32.80504322680007],[-71.27501966602588,-32.80517528803174],[-71.27512250525017,-32.80534664991246],[-71.27519657987713,-32.8054345331396],[-71.27525369744357,-32.805494983114734],[-71.27530893362346,-32.805607550214155],[-71.27531697570817,-32.805657141765856],[-71.27531302376917,-32.80573338136444],[-71.27529984771132,-32.805876825278744],[-71.27543709153846,-32.80614295476186]]],[[[-71.2693360910079,-32.80201139424398],[-71.26937564949539,-32.8019968102811],[-71.26940398622395,-32.80197182838081],[-71.26941923631308,-32.801934849697986],[-71.26943412067968,-32.801883484634565],[-71.26945132246848,-32.80182272209386],[-71.26947369224906,-32.80169709729927],[-71.26945216740377,-32.80155427713022],[-71.26943293888532,-32.80146826771024],[-71.26942106497673,-32.80136989087652],[-71.2694193673883,-32.80123606665154],[-71.26942326316569,-32.80115467550099],[-71.26943430174776,-32.80108610855088],[-71.26937910343001,-32.80092590762994],[-71.26943667510866,-32.80084426291946],[-71.26951473192423,-32.8007975096285],[-71.26958155189791,-32.80074448318825],[-71.2696519537233,-32.80066476469267],[-71.26969325116423,-32.80057981671943],[-71.26973599592091,-32.800484767380354],[-71.26978001290215,-32.80040624692048],[-71.26978575806307,-32.80033057942681],[-71.26981404197795,-32.800236511946366],[-71.26985073311894,-32.800137974095676],[-71.26987705748725,-32.80003386702893],[-71.26991588295873,-32.79991873849131],[-71.26992476248732,-32.79980352832724],[-71.26997010018937,-32.79970878378969],[-71.27001547909899,-32.79961323973023],[-71.27006818739444,-32.79950793448172],[-71.27008940120498,-32.79940392005786],[-71.27008503551185,-32.79933275382426],[-71.27009952968969,-32.7991655320106],[-71.27010115202461,-32.79912880040538],[-71.2702183847741,-32.799081336202285],[-71.27030727385434,-32.79902503053067],[-71.2703706407408,-32.79893680345429],[-71.27047328687448,-32.798818358189095],[-71.27053037264007,-32.79868418733347],[-71.27055455349767,-32.79856284740293],[-71.2704756155265,-32.79857121535793],[-71.2704109010641,-32.79861007146974],[-71.27032901123584,-32.79864982996533],[-71.27026449491575,-32.79867958519869],[-71.27018332318819,-32.79871985142574],[-71.27009737046643,-32.798762246100324],[-71.26988716545627,-32.79886202235507],[-71.26981571089708,-32.79890415392518],[-71.26975412943088,-32.798954273584066],[-71.26959992293978,-32.79880958106997],[-71.26956606006391,-32.79878199660584],[-71.26950408207227,-32.79871503868426],[-71.2694076974494,-32.798625664114816],[-71.26932638482673,-32.798577889019235],[-71.26920453019356,-32.79857274648225],[-71.26917970902723,-32.798605741322106],[-71.26920793813764,-32.79871163506248],[-71.26928777521233,-32.798823006362994],[-71.2693244090019,-32.798918913275386],[-71.26929014650814,-32.79906639259664],[-71.26924164479503,-32.79919326704307],[-71.26912131209328,-32.799309788804564],[-71.26896725287719,-32.79943100541059],[-71.2687941211245,-32.79956277649627],[-71.26867080047644,-32.79965689230897],[-71.26855056194181,-32.79969452100879],[-71.26846516611745,-32.79980270124011],[-71.26838053331844,-32.79992616429971],[-71.26831268852953,-32.800038867737754],[-71.26826803622322,-32.800121717857884],[-71.26822278797904,-32.80019659339642],[-71.26820314880703,-32.8002321809445],[-71.26817890408077,-32.80027834416422],[-71.26816785879163,-32.80031938013112],[-71.2681469662272,-32.800353448272055],[-71.26813168425338,-32.80041804160145],[-71.26812158792137,-32.80044885141523],[-71.26811002412327,-32.8004694788664],[-71.26807983074116,-32.8005158129261],[-71.2680568599207,-32.80055375466414],[-71.2680335733147,-32.80060051789339],[-71.26804949780728,-32.800656378582076],[-71.26815394439453,-32.80077086800289],[-71.26826170484475,-32.8008730465311],[-71.26835699431147,-32.8009601375405],[-71.26842863432493,-32.80100867532011],[-71.2684581877995,-32.80105917546094],[-71.26852818346782,-32.80116940742451],[-71.26864186040528,-32.80126128281085],[-71.26867491613703,-32.80134703727253],[-71.26870283600854,-32.801374393327066],[-71.26877529079708,-32.80145676264326],[-71.26880565009594,-32.80150411778076],[-71.26892721395798,-32.801638254927184],[-71.26903980393229,-32.80174046569585],[-71.26904074460829,-32.80179462709389],[-71.2691337751925,-32.80190116410111],[-71.2691852881063,-32.80194988608647],[-71.2693360910079,-32.80201139424398]]]]}},{"type":"Feature","properties":{"fid":12,"Nombre":"J","HAS":3.74,"Plantas":3400,"Alias:":"J","Especie":"Paltas","Nombre_GeoJSON":"J","Alias_GeoJSON":"Unidad J","potrero":"J","potrero_oficial":"J","especie":"PALTOS","variedades":"Hass","hectareas_supabase":10.299999999999999,"plantas_supabase":9363.636363900001,"normalizacion_estado":"COINCIDENCIA_ALIAS"},"geometry":{"type":"MultiPolygon","coordinates":[[[[-71.27862439318436,-32.794236980841085],[-71.27825927331284,-32.794516090813204],[-71.27790780745649,-32.79476341785992],[-71.27756278374476,-32.79505424360636],[-71.277462900278,-32.79517602797724],[-71.27739078843548,-32.795247752045],[-71.27721686337208,-32.795389124475086],[-71.2771441081685,-32.79544346981435],[-71.27705693394856,-32.79548937874634],[-71.27700399442683,-32.79546734237249],[-71.27686795564877,-32.79538060822998],[-71.27644124107938,-32.79522959392332],[-71.27628366725303,-32.795135633887746],[-71.27620168016047,-32.795092019685676],[-71.2760840480162,-32.79504452885431],[-71.27592874777353,-32.79500563056759],[-71.27579247796328,-32.79496395300784],[-71.2756954256504,-32.79493503443563],[-71.27560825635103,-32.79488882725153],[-71.27550486478383,-32.794838998690594],[-71.27545105591814,-32.794807114428416],[-71.27538572508858,-32.794751727710114],[-71.27535908840532,-32.79470505425354],[-71.27534388380458,-32.79466244400501],[-71.27532188620313,-32.794623531037075],[-71.275308091753,-32.79454496633281],[-71.27531443520489,-32.79444407293515],[-71.27534863319273,-32.794380528672264],[-71.27539293479161,-32.79432014659577],[-71.27545242443668,-32.79418978536625],[-71.27558975514874,-32.79405224347195],[-71.27585904075353,-32.79380119682088],[-71.27590314302856,-32.79376622643568],[-71.27598185700323,-32.79372947728796],[-71.27603108651067,-32.79371183462706],[-71.27614239005024,-32.79368703189872],[-71.2763122620775,-32.793632465644315],[-71.27646649592073,-32.793550682329695],[-71.27668554814925,-32.79345473045614],[-71.27710352195609,-32.7933692180609],[-71.27715632225167,-32.793543851287936],[-71.27703084022896,-32.793742145456285],[-71.27712063556594,-32.79385076854664],[-71.2773339949669,-32.793875472193655],[-71.27733176465789,-32.79397760212112],[-71.27741137507887,-32.794065992403766],[-71.27751687253225,-32.79408035028423],[-71.27782559293435,-32.794059332711925],[-71.27823477903706,-32.79412451362003],[-71.27835103469664,-32.794100506585195],[-71.27862439318436,-32.794236980841085]]],[[[-71.27281064663656,-32.79201012586165],[-71.27237363655912,-32.792344320361615],[-71.27241964484006,-32.7924014404372],[-71.27246826893773,-32.79247665186291],[-71.27253516494922,-32.79255388378834],[-71.27261161788383,-32.792626336160716],[-71.27271359621639,-32.792698592276366],[-71.27288520659738,-32.7928381186369],[-71.27302925486059,-32.79294179290777],[-71.27309269703363,-32.79296752452647],[-71.27320538498452,-32.79297837504102],[-71.27329015556651,-32.7930048549211],[-71.27342406111957,-32.79303254147031],[-71.2736087837811,-32.79298808000112],[-71.2739041984594,-32.792913253453726],[-71.27424009516152,-32.79318606296969],[-71.27430123215684,-32.793301432510766],[-71.2754517076933,-32.79366523054833],[-71.27583795485495,-32.79348081707662],[-71.2762047438766,-32.793376903193696],[-71.27651422453235,-32.793196287952526],[-71.2760173589245,-32.79317299694304],[-71.2757142321649,-32.79309408653055],[-71.27544983148744,-32.79294607937521],[-71.27518978407757,-32.79286959046378],[-71.27485730217774,-32.79287990742988],[-71.27464337962147,-32.79282608893061],[-71.27457143243764,-32.792733357128505],[-71.2745444117653,-32.79251691694685],[-71.27459284574594,-32.79233223316416],[-71.2743456910171,-32.792165743538554],[-71.27397757959088,-32.79228466952371],[-71.27373297913272,-32.792318445655624],[-71.27345963310292,-32.792292648486324],[-71.2733020084765,-32.79227964670646],[-71.27319018526472,-32.79225399912781],[-71.27298046358976,-32.7921482507706],[-71.27281064663656,-32.79201012586165]]],[[[-71.27237363655912,-32.792344320361615],[-71.27281064663656,-32.79201012586165],[-71.27281044028464,-32.7920099580197],[-71.2727995482728,-32.79200109870332],[-71.27267906351972,-32.79181366417117],[-71.27257220753664,-32.791712318952726],[-71.2724915482356,-32.7915870757202],[-71.27244131964257,-32.79146841758219],[-71.27238342808268,-32.79135615707137],[-71.27233802854528,-32.79120019745843],[-71.2722650876844,-32.79111585667662],[-71.27217845998689,-32.791027587220064],[-71.27214012442325,-32.79095210451415],[-71.27211885319407,-32.79088796774549],[-71.2720973276719,-32.790805488890356],[-71.27211421643403,-32.790731886986045],[-71.27211680854639,-32.790687495641286],[-71.272130939685,-32.7906270726796],[-71.27218351936392,-32.790515356037496],[-71.27221425035829,-32.79042315969233],[-71.27212285901211,-32.790473227335845],[-71.27207403419959,-32.7905376624166],[-71.27195772533797,-32.79066547530312],[-71.27189564542353,-32.79071858311111],[-71.27183399747739,-32.79076429233364],[-71.27175221646833,-32.79085688058809],[-71.27171901613532,-32.790920427236266],[-71.27168415421836,-32.79100391536542],[-71.27165180541314,-32.79110961793272],[-71.27163984391593,-32.79118678353568],[-71.27166223324642,-32.791254465365284],[-71.27167590777397,-32.79131534709234],[-71.2716738906161,-32.79138676986193],[-71.27161959409423,-32.791471127507485],[-71.27155671181266,-32.791566924854415],[-71.27148793236289,-32.79164831994496],[-71.27138643363438,-32.79183610279239],[-71.27133361106628,-32.79214696317013],[-71.27130777013537,-32.79232482417602],[-71.27134221972116,-32.792584944195546],[-71.27139646858832,-32.79282760690246],[-71.27142175535751,-32.7930259127482],[-71.2716224824352,-32.7932573683632],[-71.27179247939945,-32.79347442054107],[-71.27191678792337,-32.79368588991477],[-71.27215007184633,-32.79390393018097],[-71.2726591795171,-32.79422168804711],[-71.27336699909301,-32.7933493924827],[-71.27362669388135,-32.79301447037167],[-71.27348213758265,-32.79306384823167],[-71.27330154338753,-32.79307674560883],[-71.27310726992062,-32.79304928330714],[-71.2728589326615,-32.79288601809042],[-71.27264236022076,-32.79277774427546],[-71.27244178045567,-32.79260185625388],[-71.27242059716242,-32.79246545653631],[-71.2723924098696,-32.792401850591226],[-71.27236765589296,-32.792348868585876],[-71.27237363655912,-32.792344320361615]]],[[[-71.26929349933417,-32.79027898918783],[-71.26934229810244,-32.79032846134722],[-71.26940973357884,-32.790382208680676],[-71.26942649555447,-32.79039588635544],[-71.26947501489659,-32.79044447220744],[-71.26954811011429,-32.790478619519206],[-71.26962237170596,-32.7904956383343],[-71.2697097142591,-32.79050781479873],[-71.2697431405946,-32.79049430486845],[-71.26980904647753,-32.79046647587865],[-71.26992625119097,-32.790429729993434],[-71.26999334985858,-32.79040842263543],[-71.27013522803169,-32.790398103138166],[-71.27033123520829,-32.79035523039713],[-71.27046759188929,-32.79030329458291],[-71.27052231005412,-32.790281925811215],[-71.27060418674328,-32.79024444176541],[-71.27069312839218,-32.79020441839313],[-71.27076009966456,-32.79017393958988],[-71.27075483616981,-32.790273983824235],[-71.27075138140566,-32.79034660616323],[-71.27076566535689,-32.79037434881856],[-71.2707769374807,-32.790396928298996],[-71.27077676532002,-32.79049064271947],[-71.27077551840479,-32.79060204913772],[-71.2708381361336,-32.790787938543694],[-71.27082992995584,-32.790886600728115],[-71.27082263158712,-32.790991702774306],[-71.27074442660664,-32.79122797799719],[-71.27065806463818,-32.79148689764267],[-71.27066617835015,-32.7915805725118],[-71.27068386072345,-32.79180541552584],[-71.27056624015526,-32.791819475408644],[-71.2704941828041,-32.79182780742339],[-71.27042669891769,-32.791835840211455],[-71.27039305387392,-32.791839615743704],[-71.27034110933242,-32.79184539239464],[-71.27027524495696,-32.791853352658116],[-71.27020156799793,-32.791861756949885],[-71.27012989261799,-32.791869929760345],[-71.27000120347081,-32.7918869912462],[-71.26994701549732,-32.79191415430539],[-71.26988683178587,-32.79193321055932],[-71.2697826339235,-32.791970831240064],[-71.26974158244802,-32.79198071338599],[-71.26929233907208,-32.79171786833942],[-71.26906979102873,-32.7917117743013],[-71.26874664976278,-32.79171495395184],[-71.26868646526115,-32.79168058410518],[-71.26861741749745,-32.79162451325709],[-71.26856225973746,-32.79154464372582],[-71.26849117061909,-32.791566550812426],[-71.26837957198701,-32.79160079371722],[-71.26831457901686,-32.79152424900565],[-71.26825256119669,-32.79146420233963],[-71.26816880328124,-32.79142038188074],[-71.26808084215735,-32.79137879647196],[-71.268014986641,-32.791335371202855],[-71.26802060975562,-32.79118774070247],[-71.26811871003564,-32.79119244021585],[-71.26828548066958,-32.791183661321945],[-71.26852380932245,-32.79110737753982],[-71.26874806598765,-32.79098025307085],[-71.26894608068582,-32.790846676210826],[-71.26908590810218,-32.79066252071056],[-71.26916310119643,-32.79051503222241],[-71.26919797686018,-32.790412209516155],[-71.26929349933417,-32.79027898918783]]],[[[-71.26844965265295,-32.79162974430885],[-71.26852381160997,-32.791603460035105],[-71.26858153746713,-32.791665692474034],[-71.26863013866557,-32.79170420091454],[-71.26869567844383,-32.79172374736736],[-71.26875629738147,-32.79174272390697],[-71.26888532789881,-32.79174720485562],[-71.26899759288032,-32.79175323137976],[-71.26920171835138,-32.7917292940009],[-71.26926521316908,-32.79177052325872],[-71.26930345008746,-32.79180384571241],[-71.26938416591464,-32.791818921959724],[-71.26947100454474,-32.79189075246644],[-71.26957295159883,-32.79192945985458],[-71.26969044572458,-32.791975945663985],[-71.26975326628852,-32.79202133106074],[-71.26979738149953,-32.79204387588174],[-71.26983943076382,-32.79209731769379],[-71.26977341878046,-32.792167887814564],[-71.2697490592776,-32.792232570385686],[-71.26969338626999,-32.79226124516343],[-71.26963140780727,-32.792301502535686],[-71.26964247781314,-32.792389193112676],[-71.26966028174606,-32.79242704196665],[-71.26966725215935,-32.79246222356061],[-71.26970982445731,-32.79251971139875],[-71.26973787448027,-32.79258672659961],[-71.26977211067477,-32.792682854390534],[-71.26977074494063,-32.792756675956404],[-71.2697119598122,-32.79280815577944],[-71.26967503406846,-32.7928412433203],[-71.26968093770206,-32.79287754682216],[-71.26971782596232,-32.79291918192716],[-71.26975774196941,-32.79297486756949],[-71.26978030169902,-32.792999399852704],[-71.2698078080241,-32.79307158292748],[-71.2698064423333,-32.793145404488534],[-71.26983237002898,-32.793214545538405],[-71.26989981903019,-32.79326780948002],[-71.2699960510366,-32.79342168121604],[-71.2700425927031,-32.793547380877605],[-71.2700706223551,-32.793623609859885],[-71.27009920887365,-32.7937182114053],[-71.27007729925724,-32.79378778588894],[-71.27003232434411,-32.793692450967896],[-71.26999510601983,-32.7936195959428],[-71.26992847237287,-32.79356680569457],[-71.26989984973183,-32.79351102834928],[-71.26986346395424,-32.79348815421223],[-71.26978038883267,-32.79339857654024],[-71.2696623022117,-32.79331939174084],[-71.26959791204335,-32.79326186837243],[-71.26951288707616,-32.793152511084976],[-71.26943525645748,-32.79306754898635],[-71.2693484166515,-32.79299571851619],[-71.26925636926603,-32.79287421415013],[-71.26916234027483,-32.79274675112209],[-71.26908390080428,-32.79260863879581],[-71.26901047510499,-32.792546830449396],[-71.26889656914499,-32.792443717914686],[-71.26879918880378,-32.792327822681116],[-71.26870775027854,-32.792173508236885],[-71.2686215405129,-32.79205965368821],[-71.26851533056195,-32.79176289216713],[-71.26849366155683,-32.79169835911748],[-71.26844965265295,-32.79162974430885]]]]}},{"type":"Feature","properties":{"fid":13,"Nombre":"H","HAS":13.5,"Plantas":11810,"Alias:":"H","Especie":"Paltas","Nombre_GeoJSON":"H","Alias_GeoJSON":"Unidad H","potrero":"H","potrero_oficial":"H","especie":"PALTOS","variedades":"Hass / GEM","hectareas_supabase":14.614,"plantas_supabase":11593.484848500002,"normalizacion_estado":"COINCIDENCIA_ALIAS"},"geometry":{"type":"MultiPolygon","coordinates":[[[[-71.27367881793225,-32.795164035049325],[-71.2737032953429,-32.795323038076255],[-71.27370373705332,-32.795387856847206],[-71.27370636399456,-32.795517690722306],[-71.27370862214372,-32.79563826164967],[-71.27371822437854,-32.79580626218908],[-71.27373683584999,-32.795931466138],[-71.27374411095502,-32.79595024264149],[-71.2737582894347,-32.79597554730246],[-71.27377493184441,-32.796032493204464],[-71.27390165362912,-32.79614707573793],[-71.2740645199075,-32.79625385678867],[-71.27416948182217,-32.796315824373266],[-71.27428080365023,-32.79638948789842],[-71.27435162043615,-32.7964310630235],[-71.27445166159752,-32.796492460707604],[-71.27452058599582,-32.79654751647997],[-71.27458559850552,-32.79665666957241],[-71.27462445246347,-32.79671347537766],[-71.27466402189738,-32.796747697013025],[-71.27471273877914,-32.796796428181004],[-71.27468106549026,-32.79686076286766],[-71.2746107176704,-32.79690717020334],[-71.27454990572478,-32.79694130178779],[-71.27445436950671,-32.796986936197236],[-71.27439431211805,-32.797049281089244],[-71.27432278327136,-32.79708835382281],[-71.2742247524514,-32.797130970706256],[-71.27406820927482,-32.797154232664965],[-71.27401668622436,-32.79712454187191],[-71.27392616413185,-32.79717723105539],[-71.27377907831708,-32.79719215369755],[-71.27363783841875,-32.797151841698025],[-71.27341563772677,-32.79715996111921],[-71.2731815630164,-32.79717646293703],[-71.27305514593586,-32.79719611384958],[-71.27297526299289,-32.797239421110895],[-71.27280516869708,-32.79734766180451],[-71.27269252129584,-32.79743342047328],[-71.27257362499124,-32.797511125342],[-71.27250348490307,-32.7975573181092],[-71.2724429842454,-32.79760231494528],[-71.27244093145576,-32.79761664473508],[-71.27240947910711,-32.79766315598385],[-71.27232742639349,-32.79766872914192],[-71.27221406471594,-32.797678954170884],[-71.27210576944447,-32.79769827518404],[-71.27205644155019,-32.79770733772332],[-71.27199110781021,-32.79775242207558],[-71.27196648886546,-32.79778247487304],[-71.27192833233278,-32.79785054647959],[-71.27190854609485,-32.79788051155042],[-71.27188474581959,-32.79789523605505],[-71.27180184118441,-32.79793859743696],[-71.27174291156786,-32.797997857958435],[-71.27168513814131,-32.798055055681196],[-71.27161337770497,-32.79808213560239],[-71.2715725198602,-32.798091554689286],[-71.2715087842421,-32.79810445161643],[-71.27144315843859,-32.798114320128064],[-71.27142387928419,-32.7981167117684],[-71.27140969953061,-32.79810573923913],[-71.2714004374733,-32.79807425957614],[-71.27145830899512,-32.79799715275355],[-71.27151579102456,-32.79790473955377],[-71.27152658790784,-32.797854009333086],[-71.27156504926567,-32.79782166362361],[-71.27157759534441,-32.797795147902576],[-71.27158622655274,-32.7977513480198],[-71.2717000966274,-32.797666078571886],[-71.2717333546654,-32.797643015298256],[-71.27179921843704,-32.797526714055486],[-71.27180879807526,-32.79747268799921],[-71.2718551660857,-32.797347297290344],[-71.27188626208023,-32.79726301953972],[-71.27191931503067,-32.79721111966696],[-71.2719934152891,-32.79715132849195],[-71.27202236654529,-32.79712528063413],[-71.2720080128736,-32.797036212884535],[-71.27205069705755,-32.796932327761255],[-71.27209519340973,-32.79682840973092],[-71.27213188159439,-32.79675015578504],[-71.2721593587443,-32.796689934684835],[-71.27218235647858,-32.79662290384965],[-71.27224706756857,-32.79645838604124],[-71.27229181087559,-32.796316690360285],[-71.27234038628717,-32.79618309225646],[-71.2723613781437,-32.796126306753735],[-71.27238274856879,-32.7961111158322],[-71.27241891830337,-32.79608672341301],[-71.27241486598658,-32.79602248061348],[-71.27283284091008,-32.79572802068652],[-71.27300551700435,-32.79567384054217],[-71.27310192373913,-32.79551997661994],[-71.2731979659792,-32.795446769916424],[-71.27334763441297,-32.795390965343245],[-71.27350682507456,-32.795281901137294],[-71.27367881793225,-32.795164035049325]]],[[[-71.27357372812068,-32.79478257123116],[-71.27348856796159,-32.794867743385566],[-71.27345150025445,-32.79490305934631],[-71.27338735010692,-32.79496120258692],[-71.2733315806287,-32.794982808864084],[-71.27329784865553,-32.7950128893755],[-71.27321284315724,-32.79507553832676],[-71.27315375110369,-32.79513702750015],[-71.27303232219244,-32.79523328303591],[-71.27298206758364,-32.79522853125452],[-71.27289896245752,-32.79525095559149],[-71.27284997438323,-32.79526906824348],[-71.27279360678428,-32.79526686048005],[-71.27255931279124,-32.79504594024356],[-71.27248751938293,-32.79501566258096],[-71.27244807356331,-32.79499037055911],[-71.27227618117526,-32.794946407725526],[-71.27215088924868,-32.79488465499566],[-71.27211045012115,-32.79467208857249],[-71.2721306724785,-32.79461233913996],[-71.27211567874367,-32.79457687076819],[-71.27208605867233,-32.79439749975912],[-71.27205176521854,-32.794232907085615],[-71.27202564193809,-32.79420928934272],[-71.27198943284883,-32.79404629604998],[-71.27195688792511,-32.793959579984396],[-71.27192808589633,-32.79388253540308],[-71.27192202961822,-32.79382169127368],[-71.27195348041916,-32.79379095635561],[-71.27211756177165,-32.79391757587358],[-71.27222672819413,-32.79399726838867],[-71.27235005865946,-32.794067055674034],[-71.27245281372134,-32.79413738512686],[-71.27259763891033,-32.79423913300721],[-71.27271466911625,-32.794283469185345],[-71.27279887579829,-32.79433665336205],[-71.27300103202079,-32.79446667651661],[-71.27329462747305,-32.79465088397252],[-71.27339975382688,-32.79470899702056],[-71.27346691826095,-32.794747617401335],[-71.27357372812068,-32.79478257123116]]],[[[-71.27159799769635,-32.7947643105412],[-71.27162879193159,-32.79486954037389],[-71.27166177369784,-32.79502726499919],[-71.27159724168862,-32.795370989814636],[-71.27162379619965,-32.79547701622411],[-71.27167477431955,-32.79557180463266],[-71.27169902875163,-32.79575487537848],[-71.27168515995774,-32.79599403395467],[-71.27166832146193,-32.796092345449004],[-71.2716653616354,-32.79634056231011],[-71.2716053084195,-32.796625914116085],[-71.27156254746969,-32.796787172190854],[-71.27150302903708,-32.79689260160414],[-71.27141620052798,-32.79706329511728],[-71.27132879115419,-32.797378648876375],[-71.27116953113652,-32.797616144720536],[-71.27101074974966,-32.79773848760024],[-71.27101826659762,-32.7977995215199],[-71.27088054698254,-32.797945950234734],[-71.27079831421099,-32.79809640975802],[-71.27068937614244,-32.798268943204185],[-71.2705985527694,-32.798416679842454],[-71.27057410785062,-32.79849412588514],[-71.27047238930818,-32.79854850549552],[-71.26990392271053,-32.79875187001579],[-71.26981479607953,-32.79874678121999],[-71.26968764873939,-32.798728820971746],[-71.26957626439429,-32.7986827950062],[-71.26936477204423,-32.79854671407844],[-71.26933136463963,-32.79849452236938],[-71.26911332180504,-32.79851976072785],[-71.26906146393974,-32.798534758686515],[-71.26906137969691,-32.79857161424256],[-71.26911466587892,-32.79859945524674],[-71.26914733534369,-32.7986834450843],[-71.2691862755437,-32.798759691948305],[-71.26925019328863,-32.798851036379894],[-71.26927058310625,-32.79895253509526],[-71.26922468249542,-32.79909658951462],[-71.26917868828379,-32.79918930391325],[-71.26909844917441,-32.79926630477765],[-71.26895873294116,-32.79938113598687],[-71.26884666670539,-32.799489062006046],[-71.26874578673153,-32.799576528999665],[-71.26865914043806,-32.799620558880555],[-71.26853309668253,-32.79965666693188],[-71.26847045121828,-32.79973984249662],[-71.26836913922705,-32.799843869000775],[-71.2683179128055,-32.79994051091852],[-71.26822219295684,-32.80009697048679],[-71.26812101302032,-32.80028347678669],[-71.26807497540193,-32.80042213188692],[-71.26803307065722,-32.800533147908865],[-71.26775211581923,-32.800274847493455],[-71.26770194005607,-32.80021281247794],[-71.26751563455292,-32.799971540001856],[-71.26743519760052,-32.79988550234992],[-71.26739755247955,-32.79986678727347],[-71.26736677688982,-32.79984488505972],[-71.26719277808277,-32.7998669594259],[-71.267013271853,-32.79987992312657],[-71.26695360664702,-32.79987774614017],[-71.26690230066865,-32.79982771539488],[-71.26682611590617,-32.79984344787452],[-71.26668794252073,-32.799838261552644],[-71.26660199949794,-32.79982402587028],[-71.26646968190667,-32.79980192036365],[-71.26635060297441,-32.79977753321929],[-71.26623818682214,-32.79977752683043],[-71.26605999725373,-32.79977126632658],[-71.26592799422819,-32.79978138553082],[-71.26573356117692,-32.79980544683658],[-71.26559254241985,-32.79980206694493],[-71.26547334279175,-32.79979872308331],[-71.26534147031194,-32.79980985317604],[-71.26521292937201,-32.799818628996135],[-71.26507905356964,-32.79983301407694],[-71.2649568695809,-32.799797191241936],[-71.26488313603092,-32.799751785476325],[-71.26486336137125,-32.799673771177325],[-71.26481090283434,-32.79963356954709],[-71.26474602371944,-32.799670766806464],[-71.26471719573053,-32.79976656629279],[-71.26466448075377,-32.79989322642107],[-71.26460995758902,-32.79999651156933],[-71.26454792086066,-32.80006978268693],[-71.26461590608979,-32.8001269774121],[-71.2646463106974,-32.80032479069098],[-71.26470147434499,-32.80051725163367],[-71.26477113918978,-32.80065310463702],[-71.26488616342682,-32.800792965796425],[-71.26496968388915,-32.800971067988044],[-71.26506244853637,-32.801078666157764],[-71.26509228301632,-32.801121976278814],[-71.26502483546838,-32.80121903196251],[-71.26487935139872,-32.80124676908549],[-71.2647246331829,-32.80124055641345],[-71.2645645784039,-32.801183657989085],[-71.26440650558843,-32.80113271800547],[-71.26429512060234,-32.80108668736593],[-71.26418759010116,-32.80104234852905],[-71.2640814311728,-32.80098048291841],[-71.26403965419765,-32.80094330009964],[-71.26397921303938,-32.800883453492936],[-71.2638288497736,-32.80083589656757],[-71.26377718715386,-32.800840985461114],[-71.26369974703995,-32.80081219885336],[-71.26365052465377,-32.800793141675044],[-71.2636182911638,-32.800772991327314],[-71.26359567500364,-32.80075337666109],[-71.2635480383854,-32.80071401339142],[-71.26350875053727,-32.80069143063732],[-71.26346370261525,-32.800680763648366],[-71.26340426196109,-32.80066113718492],[-71.26337247750183,-32.80065069910491],[-71.26334093091387,-32.80063721510932],[-71.26329653445853,-32.8006209899257],[-71.2632610977246,-32.80060310193181],[-71.26322266482089,-32.8005668948616],[-71.26320008090836,-32.800524793471446],[-71.26311636291464,-32.80042840989742],[-71.26308772335717,-32.80039316379722],[-71.26303979045292,-32.80033440911859],[-71.26299856155235,-32.80029030393916],[-71.26293447120644,-32.80026837876138],[-71.26292196110619,-32.800258504392154],[-71.26291905550383,-32.800233869263174],[-71.26292071427054,-32.800204899661765],[-71.26315700733358,-32.8003485865848],[-71.26336938439108,-32.80045066190166],[-71.26350976505165,-32.80051609552128],[-71.26373513711184,-32.8005368066362],[-71.26395431479419,-32.80048222302955],[-71.26406616806744,-32.800334555674915],[-71.26409733012942,-32.80015608620816],[-71.2641012694205,-32.800064627530475],[-71.26409042322594,-32.799980672635435],[-71.26406245971481,-32.7998205055629],[-71.2640340623869,-32.7997320267407],[-71.26401955863179,-32.799676044654035],[-71.26406513416974,-32.79964420905362],[-71.2641779748836,-32.799635857677444],[-71.26431666274935,-32.799611818188424],[-71.2644236443268,-32.799548734984825],[-71.26448306873377,-32.799511528799265],[-71.26453282425676,-32.79945576622569],[-71.26457641618788,-32.79936167684685],[-71.2646198327302,-32.799228708817736],[-71.26477663374024,-32.799096294738064],[-71.26484026451153,-32.79919483250402],[-71.26505153732971,-32.79942306035614],[-71.26536784908177,-32.79945122751286],[-71.26583092982838,-32.79952727976854],[-71.26601371375169,-32.7995349983847],[-71.26617374238347,-32.79954481405494],[-71.26636508594585,-32.79959063805803],[-71.2665417297404,-32.79960711022767],[-71.26668592928702,-32.79958578577653],[-71.26691914775202,-32.79948763978104],[-71.26708640627612,-32.79941008507838],[-71.26717112289168,-32.7993054920353],[-71.26733758528822,-32.79912126244864],[-71.2674841854193,-32.79889587444559],[-71.26752914472145,-32.79878425748987],[-71.26756596561587,-32.7987191847418],[-71.26765300809154,-32.798719649655865],[-71.26775068122137,-32.79866275175242],[-71.26787741314956,-32.79852518168469],[-71.26795450988116,-32.798380919091855],[-71.26800374612618,-32.79808671590564],[-71.26801264500122,-32.79797739935913],[-71.26801788379821,-32.79783976083422],[-71.268119977903,-32.79770138211586],[-71.26816338843356,-32.797568413090765],[-71.26816412290036,-32.797480320143784],[-71.26815612798421,-32.797427832596405],[-71.26826787725224,-32.79742981346357],[-71.26837608762628,-32.797582582236515],[-71.26853926773354,-32.797634389570355],[-71.26858695726524,-32.79766581736348],[-71.2686493083764,-32.79771809172918],[-71.26880232518914,-32.797767445177136],[-71.26890327520829,-32.79777963303127],[-71.26906247427159,-32.79780180392602],[-71.26923395314928,-32.797806465697],[-71.26934989791441,-32.79780786376764],[-71.26946736678826,-32.79776898178939],[-71.26957611886237,-32.79772004880035],[-71.26967136394255,-32.797671743470694],[-71.26972477263753,-32.797633001908636],[-71.26977594648932,-32.79760144711627],[-71.26984961819795,-32.79754255822224],[-71.27006815707729,-32.79730417204432],[-71.27017561578883,-32.797206591681544],[-71.27022458197935,-32.797144758061336],[-71.27024970574735,-32.79709535826203],[-71.2702818374258,-32.797006417386136],[-71.27030791819372,-32.79694567027683],[-71.27002340361824,-32.79694639420864],[-71.27005726273958,-32.796821837821156],[-71.27009043548783,-32.79668469413854],[-71.27008390479165,-32.79645602097939],[-71.27009979301957,-32.79637267201863],[-71.27011825402937,-32.79632798075647],[-71.2701900110828,-32.79618932656681],[-71.27025286181672,-32.79604739931363],[-71.27029997103512,-32.79592432380627],[-71.27036432238326,-32.79576588130297],[-71.27036470952012,-32.79571262097222],[-71.27038244867377,-32.7956342190409],[-71.27041645710472,-32.79559730612872],[-71.27045820997309,-32.795569360135495],[-71.27055998458246,-32.79548888188385],[-71.27063061074196,-32.79537899106374],[-71.27072841710148,-32.79531025588914],[-71.2708726575801,-32.79523107211854],[-71.271016664236,-32.79514270437234],[-71.27115430408845,-32.79508916241894],[-71.27123616121604,-32.79502846529824],[-71.27139089898964,-32.794886815881846],[-71.27159799769635,-32.7947643105412]]]]}},{"type":"Feature","properties":{"fid":14,"Nombre":"I","HAS":8.32,"Plantas":6685,"Alias:":"I","Especie":"Paltas","Nombre_GeoJSON":"i","Alias_GeoJSON":"Unidad I","potrero":"I","potrero_oficial":"I","especie":"PALTOS","variedades":"Hass","hectareas_supabase":14.620000000000001,"plantas_supabase":12071.515151,"normalizacion_estado":"COINCIDENCIA_ALIAS"},"geometry":{"type":"MultiPolygon","coordinates":[[[[-71.27157306523974,-32.79462155248594],[-71.27147333782457,-32.79435205381972],[-71.27146367869733,-32.79427378715319],[-71.2714727557362,-32.79419518050354],[-71.27131825615797,-32.79401663190602],[-71.27128356025842,-32.7939589697192],[-71.27124120973687,-32.79386834246406],[-71.27120509519176,-32.79378839681263],[-71.2711335248708,-32.79365440095313],[-71.2710509680788,-32.79351595674162],[-71.27087478837606,-32.79341144843327],[-71.27069864199973,-32.79333916691905],[-71.2705700395621,-32.79324074846366],[-71.27046760030501,-32.793132499871916],[-71.27037071783022,-32.79307524563985],[-71.27031413649733,-32.79302805519422],[-71.27029818537844,-32.79300387634544],[-71.27027915689011,-32.79299270702664],[-71.27023771437484,-32.79290422186776],[-71.27020693814707,-32.792866638493095],[-71.27017949532771,-32.792826116053575],[-71.27013530472946,-32.79276358813554],[-71.27007158156837,-32.79270357336164],[-71.26994240335976,-32.79261595942121],[-71.26983395698993,-32.79253948384867],[-71.26974760895448,-32.79242734458616],[-71.2697057588421,-32.79245688943846],[-71.26976946024205,-32.79258311272959],[-71.2698120279953,-32.792682372430214],[-71.26979737207007,-32.79277619284284],[-71.26975034651811,-32.79283677656002],[-71.26974912619269,-32.79288933323241],[-71.26977088165008,-32.79294075366248],[-71.26978977143983,-32.792979991976054],[-71.26981203121323,-32.79301772987849],[-71.2698233919632,-32.793095965872354],[-71.26984348081784,-32.79314885580783],[-71.26989245213568,-32.79319834341556],[-71.26997605423759,-32.7933232170084],[-71.27003546552758,-32.79346410686839],[-71.27009535162766,-32.79363868888491],[-71.27010816678464,-32.79369840944289],[-71.27010269287814,-32.79381591171327],[-71.27008920689102,-32.793855971208245],[-71.27013370756329,-32.793989922422185],[-71.27014592584786,-32.794137730707696],[-71.270126606662,-32.79418606315652],[-71.27005463630884,-32.794540598199234],[-71.26990481013065,-32.79492308830199],[-71.26969098047594,-32.79521031588922],[-71.26950815138181,-32.79534283363434],[-71.26946111342413,-32.79555085690576],[-71.26940389956339,-32.79567076946703],[-71.26939101303282,-32.79572108796813],[-71.26953592327354,-32.79599841591824],[-71.26959587065119,-32.79602154830813],[-71.26958236991658,-32.796218325957184],[-71.2695462718311,-32.79641499238867],[-71.26951263683162,-32.7965543035028],[-71.26955442416147,-32.79684011551683],[-71.2695494701862,-32.79697056312499],[-71.26948629321225,-32.797138108756094],[-71.26938378413949,-32.79722637304436],[-71.26925131350617,-32.79732661148258],[-71.26939237029909,-32.79731155963773],[-71.26930433284784,-32.797358602594365],[-71.26916634059035,-32.7973508952735],[-71.26895169877018,-32.79737112049679],[-71.26866309164355,-32.79726210915622],[-71.26857019271561,-32.7971621772024],[-71.26847193448008,-32.797020773724405],[-71.26840202700379,-32.79687368594],[-71.26829158561263,-32.7968818201518],[-71.26817431211074,-32.79696837384114],[-71.26807179817682,-32.7970003422333],[-71.26796764842945,-32.79699151936432],[-71.2678565497215,-32.79693830082457],[-71.26773160267389,-32.796890452963225],[-71.26762310059632,-32.79692297298408],[-71.26761992450956,-32.796973419663985],[-71.26763053666929,-32.797102432147156],[-71.26761863100054,-32.79718848419879],[-71.26759897773849,-32.797345875311414],[-71.26756490718459,-32.79746672410174],[-71.26754703455501,-32.7975441142367],[-71.26749840473181,-32.79780550773223],[-71.26749869744094,-32.79796720147624],[-71.26747492815552,-32.79812087775953],[-71.2674152931406,-32.79830743051012],[-71.26739532709267,-32.79847317730856],[-71.26728260476345,-32.79860385203154],[-71.26717043396704,-32.79886875616755],[-71.2670839660684,-32.79896884706041],[-71.26689778457356,-32.79915802210167],[-71.26671115663122,-32.79923478721248],[-71.26645159418379,-32.79929473498387],[-71.26634741118914,-32.79928034084661],[-71.26608196645783,-32.79923315823038],[-71.26586893307412,-32.799198089825076],[-71.26558844465256,-32.79914660642054],[-71.26540722772233,-32.79909473025352],[-71.26528957384531,-32.799056443184185],[-71.26504636267767,-32.799003115145325],[-71.26496903683991,-32.79895804052098],[-71.26490680066027,-32.79888905717053],[-71.26478348323104,-32.79876940780511],[-71.26467367087054,-32.798791810365515],[-71.26463528341048,-32.798879278893246],[-71.26457093977493,-32.798972210060214],[-71.26446162689571,-32.79901937820971],[-71.26442082370762,-32.799104775490875],[-71.26436671568676,-32.79925817609678],[-71.26425566321623,-32.7993554114631],[-71.26410924683267,-32.79944157591326],[-71.26400860105335,-32.79946927440112],[-71.26380700366595,-32.79948478098355],[-71.26371122470849,-32.79950562676928],[-71.26366084695782,-32.799516672973766],[-71.26360198809951,-32.79953949698352],[-71.26361174515836,-32.7996337877266],[-71.26363768188584,-32.79975012912109],[-71.26373924687756,-32.79999106681604],[-71.26375512329126,-32.800049441733634],[-71.26373093249333,-32.80015300199341],[-71.26367947734185,-32.80019561471148],[-71.26357192756299,-32.80021678415952],[-71.26343278073098,-32.800209135113974],[-71.26329884764932,-32.80009174191912],[-71.26319047977555,-32.79999399916297],[-71.2631394150686,-32.799927056219396],[-71.2630145099352,-32.79991707090033],[-71.26298378507116,-32.79997005573123],[-71.26299155931265,-32.80000209287276],[-71.26296240238054,-32.800067215777204],[-71.26292514479064,-32.80012592025876],[-71.262937222375,-32.80020566512619],[-71.263143541317,-32.800333630556466],[-71.26335116493948,-32.80041767347703],[-71.2635518758778,-32.80051511270918],[-71.26372745746869,-32.80052725077513],[-71.26378642792501,-32.80051699617283],[-71.26393279706143,-32.80047351297532],[-71.26398391497457,-32.80039193755349],[-71.2640300187503,-32.80030330653223],[-71.26407139521243,-32.80015233486032],[-71.2640671894346,-32.800016590702405],[-71.26402659601183,-32.79985246975058],[-71.26398846521707,-32.799773076241244],[-71.26393648534604,-32.79969905310636],[-71.26390787116789,-32.799646418381556],[-71.26398321421895,-32.79962924002655],[-71.26410084553639,-32.799620447262456],[-71.26426494545125,-32.79959611316072],[-71.26443078568482,-32.79951020563717],[-71.2645219992921,-32.799362597467386],[-71.2646249476319,-32.7991463536735],[-71.26477057891813,-32.799054119635365],[-71.26485690043027,-32.79917820205005],[-71.26497647344871,-32.799306384830416],[-71.26507056854315,-32.79940620912509],[-71.26540802439234,-32.799438568830205],[-71.2656721625362,-32.799475637839464],[-71.26586285225811,-32.79951640511726],[-71.2659977048869,-32.79950917378578],[-71.26615544963352,-32.79951579362692],[-71.26631162589348,-32.79956613844811],[-71.2665528119003,-32.79957563820983],[-71.26677803984579,-32.79953588037946],[-71.2669769915821,-32.799444420855416],[-71.26707847131284,-32.799357533121665],[-71.2671718598474,-32.79924554651229],[-71.26733270484044,-32.7990741173041],[-71.26738681091602,-32.79897701051356],[-71.26741122593839,-32.798875219853244],[-71.26745548931315,-32.79877697321202],[-71.26754344586344,-32.79869798465819],[-71.26772306619286,-32.79863434388108],[-71.2678148675377,-32.79852478883221],[-71.2678902548636,-32.79843699622899],[-71.26793011550618,-32.798285930682745],[-71.26795799977185,-32.7981359691416],[-71.26796722732304,-32.79805732877754],[-71.2679743597449,-32.797906209558356],[-71.26797213391866,-32.7978327192039],[-71.26803486221452,-32.79774607626185],[-71.2681016600618,-32.797625281004564],[-71.26813514843077,-32.7975329663625],[-71.2681179138256,-32.79744159087877],[-71.26815277166139,-32.79738310583169],[-71.26823434021146,-32.79737660990767],[-71.2683346361401,-32.79738374074965],[-71.2684226737077,-32.797482393793615],[-71.26848345239098,-32.79754946274229],[-71.26854549214394,-32.7975887795724],[-71.26859085379482,-32.79764908135401],[-71.26865161510709,-32.79769843163143],[-71.26885157938814,-32.79775471599336],[-71.26910232034503,-32.79777254165614],[-71.26933096966684,-32.79777884152011],[-71.2696573953057,-32.797648260938026],[-71.26980018093947,-32.79755543689388],[-71.27001046527413,-32.797344644830694],[-71.27020641922789,-32.79711674974752],[-71.27027397207202,-32.79695494151903],[-71.26999199100574,-32.79694696387187],[-71.27002860902881,-32.79684392718527],[-71.27005403132382,-32.79672182782148],[-71.27003857359439,-32.796499095502476],[-71.27005306571287,-32.796386192310756],[-71.27022775426055,-32.79603129040102],[-71.2702748375278,-32.79586113396894],[-71.27032177399948,-32.79575547473412],[-71.27032538266268,-32.79568963475889],[-71.27032749036451,-32.79564030998844],[-71.2703356748462,-32.79560987237558],[-71.27036297761093,-32.795564579223075],[-71.27048425426936,-32.79550302951419],[-71.27052947297727,-32.795456165110174],[-71.27054791465528,-32.7954142520452],[-71.27061192529854,-32.79534693680855],[-71.27076636562954,-32.79524588914821],[-71.27106432960036,-32.79508020305004],[-71.27116819067076,-32.79502625302591],[-71.27132443517853,-32.794896316645946],[-71.27143228137857,-32.7947881866575],[-71.27157306523974,-32.79462155248594]]],[[[-71.27065362474299,-32.79192047160401],[-71.27067462904992,-32.7918585604348],[-71.27059682062891,-32.79184773768614],[-71.27051867264542,-32.79185707128244],[-71.2704535327631,-32.7918586125651],[-71.27038703315657,-32.79185694004367],[-71.27032503327406,-32.791881453152264],[-71.2702857489687,-32.79187784769647],[-71.27024411093663,-32.791882201078174],[-71.27017629204097,-32.79189566504838],[-71.2700872884178,-32.7918969192507],[-71.2700330339553,-32.791916522150764],[-71.26996122820977,-32.79194462274769],[-71.26987482135395,-32.79196890447413],[-71.26982235250037,-32.79200267858053],[-71.26983999109731,-32.792026641031654],[-71.26988750518376,-32.79207548475689],[-71.2699543107184,-32.79212357328778],[-71.26999815285143,-32.79219467213486],[-71.27007071322575,-32.79223365681912],[-71.27014426769,-32.792261468837005],[-71.27022263550016,-32.79226076729392],[-71.27028888331165,-32.79226928114854],[-71.27035757629223,-32.7922734327139],[-71.27041701032441,-32.79224926175958],[-71.27044401753895,-32.79223840117571],[-71.27055024724395,-32.7922109268243],[-71.27059383923269,-32.79211586184397],[-71.27062094336395,-32.79202577364621],[-71.27065362474299,-32.79192047160401]]],[[[-71.27698292082866,-32.79549180478016],[-71.27684180984079,-32.795412703440874],[-71.27659546382729,-32.79533512202426],[-71.27637299982793,-32.79522667743509],[-71.27628543750077,-32.795177436292036],[-71.27623522347307,-32.79517667851896],[-71.27616887196945,-32.79512882358184],[-71.27609400928871,-32.79511218802787],[-71.2760230550306,-32.795103969412025],[-71.27594751058422,-32.795033582761484],[-71.27581507464267,-32.795002810641165],[-71.27571283961191,-32.794971299519055],[-71.27560211127694,-32.79493033626377],[-71.27548384608404,-32.79486857353668],[-71.27544080725629,-32.79483388142468],[-71.27539622202401,-32.79479181432699],[-71.27534628098984,-32.79475127203266],[-71.27531567968988,-32.79469268164275],[-71.27527924183805,-32.79462644121048],[-71.27527911522394,-32.794503626470004],[-71.27529106228299,-32.79445544095331],[-71.27531435143963,-32.79439187943198],[-71.27537321590091,-32.79430354161582],[-71.27519878713811,-32.79438327212943],[-71.27514205812744,-32.794481288142066],[-71.27499884907887,-32.794553311715916],[-71.27492447788592,-32.79462306322999],[-71.27485188539437,-32.79462029889292],[-71.27475989156697,-32.7946506833048],[-71.27469146932567,-32.79466928187052],[-71.27462228077368,-32.79470524952586],[-71.27453689246644,-32.79472211451153],[-71.27442934169831,-32.79472304781606],[-71.27442845880746,-32.7947832966195],[-71.27437088369946,-32.794800677030956],[-71.27429926531015,-32.79478870662892],[-71.2742869632713,-32.79482772412205],[-71.27421442258469,-32.79482700026595],[-71.27413308705567,-32.79481316451958],[-71.27400971349246,-32.79485726248525],[-71.27396583492583,-32.79490009846461],[-71.27386571045528,-32.79494563353024],[-71.27377942044969,-32.79503295352225],[-71.27371756670662,-32.79508881250358],[-71.2737194665273,-32.79513162648824],[-71.27374175292246,-32.79521964359863],[-71.2737510451822,-32.79534775418103],[-71.27375341355425,-32.795478550471714],[-71.27373776983111,-32.79557313660515],[-71.27373090148518,-32.795669984024514],[-71.27374245099686,-32.795740567471775],[-71.27374829475663,-32.79580451230207],[-71.2737733894811,-32.795886129079065],[-71.27382407433655,-32.79600632772253],[-71.27390743807372,-32.796088711500076],[-71.2739942433853,-32.79617896622134],[-71.27412418265008,-32.79625603048333],[-71.2742809511825,-32.79635313816656],[-71.27437103965026,-32.79640317126868],[-71.27447717902126,-32.796474241983304],[-71.27456167211844,-32.796527861718296],[-71.27460089786385,-32.796596915870595],[-71.27462899395661,-32.7966455019826],[-71.27466506038041,-32.796699494234964],[-71.27472771503017,-32.79676229308962],[-71.27481590372379,-32.79676951190518],[-71.27492180613562,-32.79675997052041],[-71.27504091264954,-32.79669143793308],[-71.27514643239593,-32.79660990012611],[-71.2752813917099,-32.79653619356666],[-71.2754006119847,-32.79643376978837],[-71.27547649235456,-32.79638615820471],[-71.27559841717301,-32.79629814462663],[-71.27565818100187,-32.79624838929272],[-71.27575639216933,-32.79621291429912],[-71.27588529763644,-32.79615499547165],[-71.2759613351698,-32.7960968898418],[-71.27610097331487,-32.79602697185425],[-71.2762308498961,-32.7959501375847],[-71.27636594673622,-32.79586090804308],[-71.27654715573728,-32.79573467056885],[-71.27671015886108,-32.79564735081943],[-71.2768223984329,-32.795593243780466],[-71.27698292082866,-32.79549180478016]]],[[[-71.27541616077669,-32.79369992711974],[-71.27517047247233,-32.79364016192647],[-71.27501525919152,-32.79360851168905],[-71.27489603605703,-32.79355065265413],[-71.27477260792553,-32.79350878085751],[-71.27459408967012,-32.793459157686556],[-71.27436368982686,-32.79336455394657],[-71.27423802773114,-32.7932736813957],[-71.27419363191854,-32.793192699677256],[-71.27416095245394,-32.793125289709515],[-71.27399273945495,-32.79304530907401],[-71.2739041407449,-32.79299794315199],[-71.27385695111127,-32.792959052031186],[-71.2736427972224,-32.793013376420895],[-71.27266911627534,-32.7942268507755],[-71.27271663515465,-32.79424695811394],[-71.27278173368572,-32.79428122485942],[-71.2728490580735,-32.79432419026598],[-71.27290839813584,-32.79436486399661],[-71.27298808683835,-32.79441030337653],[-71.27308187829624,-32.79448235792736],[-71.27318924124754,-32.794547561071425],[-71.2732854029184,-32.794607399897195],[-71.27340818686042,-32.794673804797235],[-71.27346248317318,-32.79470013476403],[-71.27351071090659,-32.794722573677234],[-71.27355533403967,-32.79474290337233],[-71.27359694503404,-32.794758069962626],[-71.27364092036821,-32.794734153281375],[-71.2736946298086,-32.79467971637983],[-71.27373613552376,-32.794627150150056],[-71.2737738065819,-32.79458794809439],[-71.27380362100465,-32.79456377132938],[-71.27387559156179,-32.79456830763072],[-71.27402865775657,-32.79457999903787],[-71.27415485807188,-32.794565173432495],[-71.27426628541566,-32.79453804803324],[-71.27439650525905,-32.794492673915755],[-71.27447242852318,-32.794420970169355],[-71.27456309086382,-32.794311048225914],[-71.27471005293194,-32.7941576417518],[-71.27483668357536,-32.79408007278831],[-71.27493421177441,-32.794024241330256],[-71.27507364392447,-32.79396861512036],[-71.2751615929614,-32.79392078076853],[-71.27523856738162,-32.79386227425139],[-71.27541616077669,-32.79369992711974]]]]}},{"type":"Feature","properties":{"fid":15,"Nombre":"G","HAS":2.23,"Plantas":2027,"Alias:":"G","Especie":"Paltas","Nombre_GeoJSON":"G","Alias_GeoJSON":"Unidad G","potrero":"G","potrero_oficial":"G","especie":"PALTOS","variedades":"Hass","hectareas_supabase":2.23,"plantas_supabase":2027.2727273,"normalizacion_estado":"COINCIDENCIA_ALIAS"},"geometry":{"type":"MultiPolygon","coordinates":[[[[-71.27660023743508,-32.79836428819514],[-71.27654513790647,-32.7984551289287],[-71.27647387645719,-32.79852839794808],[-71.27638975401773,-32.798618745561605],[-71.27633497205555,-32.798698350608774],[-71.27629470712013,-32.79875472153654],[-71.2762708843686,-32.79886336944214],[-71.27624884060437,-32.798946973109366],[-71.27622183540477,-32.799073034062985],[-71.27620022079202,-32.799173474654374],[-71.27622210146954,-32.79927312427803],[-71.2762334928255,-32.79941175858521],[-71.27627731071128,-32.79954214649363],[-71.27629259120448,-32.79961996692419],[-71.27632229064194,-32.799646990922135],[-71.2762812375639,-32.79964875840503],[-71.27624419934055,-32.79966576625824],[-71.27624718809832,-32.799688171553285],[-71.27621286395282,-32.799669398783514],[-71.27617507128268,-32.79965681443737],[-71.27611854560367,-32.79966805127244],[-71.27610660658895,-32.79967388328897],[-71.2761106994666,-32.799692184937996],[-71.27609227137816,-32.79970426031189],[-71.27605964392095,-32.799728334156676],[-71.27601199185575,-32.799755743876176],[-71.27596939370902,-32.799791739272635],[-71.27591944221207,-32.79982378478866],[-71.27588687969251,-32.79985040964235],[-71.27584441150515,-32.79989150710088],[-71.27582343100269,-32.79992200492235],[-71.2757682895176,-32.79996384323103],[-71.27570889322193,-32.800004737981475],[-71.27564572207555,-32.80001609543255],[-71.27564752849555,-32.80003954313351],[-71.27554474037962,-32.80008531027398],[-71.27549634787636,-32.80013110934353],[-71.27541803598153,-32.8001886821305],[-71.27535824928412,-32.800214270419524],[-71.27530364546625,-32.800206074988225],[-71.27525348445566,-32.800182485373576],[-71.2752208626026,-32.8001830783607],[-71.2751834719313,-32.80013883871786],[-71.27511999460981,-32.800114470206225],[-71.27512696994638,-32.80005615249817],[-71.27509008552249,-32.79998433950172],[-71.27507232455503,-32.79990401175476],[-71.27505160115906,-32.79980229908766],[-71.27504868982521,-32.799735483486785],[-71.2750138198635,-32.79969528154081],[-71.2749998656735,-32.79962203084043],[-71.27495797889436,-32.79949620136083],[-71.27496714890322,-32.79938169462614],[-71.27493051112123,-32.79927210402354],[-71.27490805988032,-32.799150004849],[-71.27484627930735,-32.7989550023571],[-71.27482112563091,-32.79877922430098],[-71.27480783794127,-32.79859211620957],[-71.2748141000987,-32.798528078315854],[-71.27483172538284,-32.79843945058056],[-71.27486405302535,-32.79838017329344],[-71.27504755812299,-32.79827163876806],[-71.27507870094124,-32.79835162733066],[-71.27511227030918,-32.79834080823989],[-71.27524763980722,-32.79834038946712],[-71.27537051131195,-32.79832386344274],[-71.27545246029248,-32.798314206588145],[-71.27551470556638,-32.79831350270854],[-71.2755656593758,-32.7983139202485],[-71.27563262384716,-32.79835380299047],[-71.27570201581234,-32.79831874237338],[-71.27575902738405,-32.798347260525276],[-71.27586872232371,-32.79843642618003],[-71.27599897754081,-32.798553378149215],[-71.27619385753908,-32.79850469401026],[-71.27635980318004,-32.79843961305585],[-71.2764902993475,-32.7983902786884],[-71.27660023743508,-32.79836428819514]]]]}},{"type":"Feature","properties":{"fid":16,"Nombre":"F","HAS":6.63,"Plantas":6027,"Alias:":"F","Especie":"Paltas","Nombre_GeoJSON":"F","Alias_GeoJSON":"Unidad F","potrero":"F","potrero_oficial":"F","especie":"PALTOS","variedades":"Hass","hectareas_supabase":6.630000000000001,"plantas_supabase":6027.272728,"normalizacion_estado":"COINCIDENCIA_ALIAS"},"geometry":{"type":"MultiPolygon","coordinates":[[[[-71.27535163462429,-32.80128275536644],[-71.27541520275952,-32.801263223680294],[-71.27539796132193,-32.80120330442474],[-71.27547708033269,-32.801177364647124],[-71.27544206541141,-32.801084079042425],[-71.27537380643864,-32.80106183939609],[-71.2753311922925,-32.80100238137415],[-71.2753143509073,-32.80081586407766],[-71.2753992462991,-32.80058972429065],[-71.27547815221193,-32.8003657351229],[-71.27549972997191,-32.80031123550768],[-71.27545202319428,-32.80024166116429],[-71.2753708125658,-32.80023292856113],[-71.2752088454448,-32.80018584903493],[-71.27516115290882,-32.80016425629841],[-71.27514821263154,-32.80013080203374],[-71.27510543101116,-32.80011218268946],[-71.27506972879087,-32.80003932730602],[-71.27503868960045,-32.79991227980644],[-71.27502615157097,-32.799847170519655],[-71.27501834240273,-32.7997778917065],[-71.27499607068606,-32.79972214737176],[-71.27497334439923,-32.79967228143112],[-71.27495355761582,-32.79963103965363],[-71.27494091265108,-32.79957358899768],[-71.27493192137811,-32.79950535255252],[-71.27491961750184,-32.799449427033544],[-71.27491938881013,-32.79936929105172],[-71.27490677907646,-32.79927763981617],[-71.27488354253627,-32.799195880203236],[-71.27486132537594,-32.7990829648045],[-71.27484333085309,-32.79899345320798],[-71.2748233099484,-32.79891929183787],[-71.27480384732644,-32.79881959797698],[-71.27479559650395,-32.7987329719687],[-71.27478006181293,-32.79857881317288],[-71.27478714969516,-32.798502416483004],[-71.27483699149194,-32.79838576751925],[-71.2748908264504,-32.798316389243524],[-71.27497340159552,-32.79826319210254],[-71.27502248161596,-32.79819696287499],[-71.2750583656982,-32.79798379064333],[-71.2750964848265,-32.79770747195818],[-71.2750901089739,-32.797591004585854],[-71.27509615999567,-32.797460637998974],[-71.27501155984876,-32.79741755735081],[-71.2748942458082,-32.797433623255415],[-71.27484170982412,-32.79745907948789],[-71.2749079394634,-32.797397131465445],[-71.27490318629285,-32.797377787305535],[-71.27465980689536,-32.797435841958595],[-71.27461830042941,-32.79746722303072],[-71.27451628090681,-32.797495620115946],[-71.27430914951817,-32.79752592698548],[-71.27417871787425,-32.797530338573054],[-71.27406182819655,-32.79750891660468],[-71.27392124518826,-32.79752991169973],[-71.27385673477723,-32.7975442097231],[-71.27372141969626,-32.79766928074409],[-71.2736272359381,-32.7977844167631],[-71.27350691135617,-32.79798794202027],[-71.27345122980478,-32.798138421848805],[-71.27343045099579,-32.7982682822565],[-71.2734381946606,-32.79837504105153],[-71.27344897401248,-32.7985521449693],[-71.2735526969347,-32.79878260177698],[-71.27366764223191,-32.7989030151756],[-71.27371303584738,-32.79901039573799],[-71.27376911859106,-32.7990973429362],[-71.2738434017583,-32.79914842181284],[-71.2738283197219,-32.79921777972919],[-71.27379507719517,-32.79944807430345],[-71.27375733350209,-32.7997279145037],[-71.27359498657918,-32.799981375239085],[-71.27355071625263,-32.800145132326676],[-71.27352059207811,-32.80042734022773],[-71.27354428916686,-32.80059841994014],[-71.27363838815643,-32.800733510427236],[-71.27377755568718,-32.800882074631666],[-71.27394125214043,-32.80104448554947],[-71.27421867892052,-32.80121095519464],[-71.27455836290792,-32.801353833185885],[-71.27495739181788,-32.8013588319113],[-71.27535163462429,-32.80128275536644]]],[[[-71.2774855445477,-32.80409376596644],[-71.27760939371707,-32.80373624181814],[-71.27768739465552,-32.80366642259538],[-71.27776869234923,-32.80353631069725],[-71.27783150637129,-32.80348718561421],[-71.27787460814113,-32.80337614484259],[-71.2779692377326,-32.80329479300563],[-71.27797647170524,-32.80324667941828],[-71.27799887663569,-32.8031298899436],[-71.27812336843317,-32.80293977992918],[-71.2781210925376,-32.80289796477954],[-71.27812136334654,-32.802861207736235],[-71.27809923466101,-32.80279933609166],[-71.27804570712257,-32.802786017858615],[-71.27792282078447,-32.80275516928363],[-71.27786188053699,-32.80269630780192],[-71.27780517751995,-32.80258587765315],[-71.27767037464959,-32.80253690135531],[-71.27754666008936,-32.80250925009092],[-71.27745653173272,-32.80243534406964],[-71.27740375497743,-32.80235667478186],[-71.27738368979772,-32.80223351190193],[-71.2773594012573,-32.80208694533494],[-71.27735351188498,-32.801998234853684],[-71.27736178299477,-32.80189599511887],[-71.27741292032142,-32.801811412211066],[-71.27745243323156,-32.80175147134464],[-71.27749398924823,-32.80166984733178],[-71.27740052676306,-32.80166150580143],[-71.27735188500297,-32.801650140135344],[-71.27727628678855,-32.801671933466785],[-71.27724208088911,-32.80170522437528],[-71.27713775617293,-32.80169078814325],[-71.27708801029658,-32.80168352603158],[-71.27710401464086,-32.801647503627684],[-71.2770611798534,-32.80162684416823],[-71.27698561864905,-32.80160269648634],[-71.27690297916081,-32.80163278482872],[-71.27689240241426,-32.80159724599261],[-71.27685261060562,-32.80159288583999],[-71.2767929287378,-32.80162807475505],[-71.27673573246044,-32.801682481857036],[-71.27670068731177,-32.80176759915469],[-71.27669528143436,-32.8018663590112],[-71.27674111331784,-32.80195834495456],[-71.27678324173257,-32.802040437003605],[-71.27683823157373,-32.80220322683079],[-71.27677524140888,-32.802381506652985],[-71.27677858214173,-32.80243544680558],[-71.27678386502271,-32.80251377307752],[-71.27686978421497,-32.80258773107394],[-71.27695428466578,-32.80264134882717],[-71.27704771243215,-32.80268902517274],[-71.2772240210097,-32.80274031431724],[-71.27720490834047,-32.80277994906804],[-71.27719840632828,-32.80283275016341],[-71.2771529544834,-32.802931110302666],[-71.2771102201595,-32.8030036308701],[-71.27707018268255,-32.80312042721118],[-71.27705721836944,-32.80326850319061],[-71.27701846264935,-32.803459102321085],[-71.27702214357912,-32.803556020123004],[-71.27704258402328,-32.80364650766439],[-71.2770843828181,-32.80372129323741],[-71.27712857218452,-32.80379501440822],[-71.27718505251957,-32.80387667907419],[-71.27729246236049,-32.803964563297974],[-71.2774290009942,-32.80405702185231],[-71.2774855445477,-32.80409376596644]]]]}},{"type":"Feature","properties":{"fid":17,"Nombre":"E","HAS":14.51,"Plantas":8955,"Alias:":"E","Especie":"Paltas","Nombre_GeoJSON":"E","Alias_GeoJSON":"Unidad E","potrero":"E","potrero_oficial":"E","especie":"PALTOS","variedades":"Hass / GEM","hectareas_supabase":8.26,"plantas_supabase":8954.5454546,"normalizacion_estado":"COINCIDENCIA_ALIAS"},"geometry":{"type":"MultiPolygon","coordinates":[[[[-71.27376717580049,-32.79755451696817],[-71.27365672821587,-32.79768445922528],[-71.27358065989858,-32.79778973599929],[-71.2735249024533,-32.79785526803885],[-71.27349498990073,-32.79790511023655],[-71.27345619863702,-32.797998760485285],[-71.27341302978436,-32.79808667313958],[-71.27339697246171,-32.7981874386282],[-71.27338722660193,-32.79826203321882],[-71.27339117764546,-32.79833945878613],[-71.27338916121697,-32.79840822274862],[-71.27337688931866,-32.7984820267533],[-71.27338744114734,-32.79858238524561],[-71.27345894099876,-32.79867609909719],[-71.27354571096332,-32.79881292909569],[-71.27362391497576,-32.79888350640475],[-71.27367969481972,-32.79898685840802],[-71.27370622917269,-32.79907960151564],[-71.27371117480672,-32.79912989547472],[-71.27378335350818,-32.79921680921634],[-71.273782060406,-32.79931928370603],[-71.27377107603438,-32.79941241649773],[-71.27375254142427,-32.79955025838918],[-71.27372501789091,-32.79972168298729],[-71.27361644718555,-32.79990365310739],[-71.27353639906296,-32.800062521499214],[-71.273530507706,-32.80013880769743],[-71.27351762303816,-32.80018912651675],[-71.27351025186124,-32.80027271405619],[-71.27349540124956,-32.8003874724864],[-71.27349080229494,-32.80044421562433],[-71.27348824307181,-32.80053359031274],[-71.2735261788948,-32.80064673090218],[-71.27360499960747,-32.80075147211762],[-71.27369818929841,-32.800850847790215],[-71.2738057156359,-32.80096731813369],[-71.27392822817706,-32.8010789220953],[-71.27406546703395,-32.801175455417145],[-71.27422182321148,-32.80123948307992],[-71.27438935265043,-32.8013150477841],[-71.27456505402175,-32.801379233924365],[-71.2747804805208,-32.801401351663564],[-71.27497251164617,-32.801394798805404],[-71.27516198924012,-32.80135919661479],[-71.27529960370588,-32.80132811006744],[-71.27539152632419,-32.80130653160969],[-71.27548591029338,-32.80126295913752],[-71.27554381317081,-32.80121086180319],[-71.27560612339737,-32.80128425415682],[-71.27563497913151,-32.80132558614456],[-71.27555527603309,-32.801376038075425],[-71.27553470693992,-32.80142018871854],[-71.27562232770347,-32.80138549389554],[-71.27568214937396,-32.80140761163574],[-71.2755342008294,-32.801528732027016],[-71.27543608166955,-32.801584425425354],[-71.27535123776184,-32.80166024688894],[-71.2752702589503,-32.801699446607586],[-71.27516337445896,-32.80174557947902],[-71.27521443930918,-32.80179262098877],[-71.27546577202472,-32.80175335390275],[-71.27556795204063,-32.80173107838109],[-71.27565509452123,-32.801972466557146],[-71.27546906563259,-32.802024851557505],[-71.27528884366014,-32.802067942687856],[-71.27516034189631,-32.80210090538965],[-71.27504413322261,-32.80207707652164],[-71.27497856408657,-32.802066747677706],[-71.27493207587683,-32.80209150671317],[-71.2748731572536,-32.80214197754227],[-71.27481700586213,-32.80220447573032],[-71.27471417753941,-32.80223866819501],[-71.27462981600577,-32.80226114816376],[-71.27448614483707,-32.80230304495517],[-71.27430199861831,-32.80238193726333],[-71.27417226174008,-32.802413900518225],[-71.27399988476418,-32.802385384748085],[-71.27389364959316,-32.80234341640428],[-71.2737781187591,-32.802292428796896],[-71.27371239902017,-32.80225125560189],[-71.27363123182957,-32.80217310036774],[-71.27348789874101,-32.80212210706821],[-71.2733680875314,-32.80202168347783],[-71.27324719826647,-32.801926383812265],[-71.2731166693139,-32.80183227998341],[-71.27303702959561,-32.80174286676424],[-71.27295088797769,-32.80156424335832],[-71.27290826268742,-32.80127712880272],[-71.27287091505282,-32.80108200405815],[-71.2728377937985,-32.80090081926616],[-71.27280474830866,-32.800804582264554],[-71.27274398480593,-32.800728301817124],[-71.27263298881633,-32.80068531323942],[-71.2724903183317,-32.80048755466569],[-71.27248533577864,-32.800336528537045],[-71.27250661866348,-32.800219928083216],[-71.27246455715654,-32.800110192745336],[-71.27246956228687,-32.79989580891869],[-71.27255319191114,-32.799624020339635],[-71.27252942543343,-32.79954330440603],[-71.27252859282312,-32.79949936847257],[-71.27256989759368,-32.79947201766006],[-71.27267284615691,-32.799424652270424],[-71.272710186306,-32.79938538440895],[-71.27278068849974,-32.79933077564966],[-71.27276582842829,-32.799253332592855],[-71.27272713314113,-32.79906652052488],[-71.27269194151654,-32.79885993785457],[-71.27267878164946,-32.79879564416839],[-71.27265189751986,-32.798681438566476],[-71.27265290972605,-32.798586154911874],[-71.27267662873228,-32.79845090578752],[-71.2727268434263,-32.79827687708098],[-71.27273395041516,-32.798163119188004],[-71.27270977826893,-32.79805582835545],[-71.27267523693358,-32.79800425380592],[-71.27265467801332,-32.79797646678503],[-71.27266197751248,-32.79792512780056],[-71.27272677649039,-32.797802978776566],[-71.27278131622025,-32.79774677138901],[-71.27285160287461,-32.797711660792906],[-71.27305195432417,-32.797604912365735],[-71.273201600418,-32.79754808739972],[-71.2733642374446,-32.79752675761718],[-71.27347742981894,-32.797557370394465],[-71.27351944339081,-32.79759335949338],[-71.27376717580049,-32.79755451696817]]],[[[-71.27746474060343,-32.80415488760688],[-71.2772825319672,-32.80442822900791],[-71.27722009663566,-32.80453962136165],[-71.27719030990424,-32.804666559561234],[-71.27717092187804,-32.804771682932106],[-71.27708406547669,-32.804936969502826],[-71.27702333168735,-32.80501518449613],[-71.27693432412927,-32.80488218212962],[-71.27691560466174,-32.80483382569267],[-71.27691020893172,-32.80478714309539],[-71.27694648878202,-32.80471910541195],[-71.27696075030848,-32.80463937667635],[-71.27692029017611,-32.804594453610484],[-71.27684650555732,-32.804575431083876],[-71.27668959879414,-32.804509990087595],[-71.27654113130998,-32.804436224130065],[-71.27651310980578,-32.80441098945923],[-71.27641154627537,-32.80433133874378],[-71.27627987832375,-32.80419684042015],[-71.27624163021954,-32.80405153643568],[-71.2762356982003,-32.803860699300515],[-71.27619592584166,-32.80382671941704],[-71.27611389218227,-32.80384401585564],[-71.27602701933922,-32.803853844868435],[-71.27594591388743,-32.8038377249762],[-71.27588366996689,-32.803802669859145],[-71.27584232529868,-32.803775761058006],[-71.27580452253662,-32.803676793604645],[-71.27577730810823,-32.80358946153328],[-71.27577334991868,-32.803444324970286],[-71.27580109023077,-32.80334374730742],[-71.27584815710927,-32.803258387195385],[-71.27594502934834,-32.803188393585245],[-71.27605319871681,-32.803137761170866],[-71.27612628207994,-32.80309210551918],[-71.27619267514596,-32.803021962803825],[-71.27621302851391,-32.80294290741152],[-71.27616494988334,-32.80289794681299],[-71.27608064476355,-32.80285763568646],[-71.27599821156534,-32.80282216016264],[-71.27595540513998,-32.802786234735834],[-71.27589454528501,-32.80271611367169],[-71.2758647502449,-32.80261622004233],[-71.2758538720845,-32.80253572494206],[-71.27584540775291,-32.80243657911327],[-71.27581717593847,-32.80238656709754],[-71.27574594897577,-32.80227263484259],[-71.27576014196549,-32.8020918707806],[-71.27574556447891,-32.80199526918156],[-71.27568408473961,-32.80196275143517],[-71.27556621606624,-32.80170150404802],[-71.2752078777396,-32.80177539730861],[-71.2756705331796,-32.80148647320062],[-71.27576018588093,-32.80149560363336],[-71.27588780028074,-32.80154524498608],[-71.27597981401507,-32.80153527073305],[-71.27605545297182,-32.80156248029653],[-71.27617908105486,-32.801585929711116],[-71.27642931010723,-32.80159969419807],[-71.27659847256531,-32.80151141649622],[-71.27674316605062,-32.80159940001487],[-71.27666233734831,-32.801752201280124],[-71.2766552915043,-32.80181017027755],[-71.27665286495663,-32.80188511354687],[-71.27669385634745,-32.801939674565034],[-71.2767407348632,-32.80203975238503],[-71.27676012797092,-32.80211472984632],[-71.27678058795392,-32.802188585329866],[-71.27674554267978,-32.8022737026406],[-71.27670072444504,-32.80238633390749],[-71.27673671364343,-32.80247718076093],[-71.27675316798576,-32.80255754710074],[-71.27684470329845,-32.802618704370765],[-71.27699514578254,-32.80269489823283],[-71.27718140800428,-32.80275755181721],[-71.277067547416,-32.80292670688767],[-71.27704356310971,-32.803003638974104],[-71.27700985588116,-32.80314595191833],[-71.27699450566652,-32.80335054344836],[-71.27698643075566,-32.80345917462025],[-71.2769870153169,-32.80361121709737],[-71.27701714778613,-32.80370362775624],[-71.27708968102533,-32.80381052491621],[-71.27716876910898,-32.80392546771694],[-71.27726945462165,-32.80398639381196],[-71.27734562291771,-32.80403454802716],[-71.2773059475583,-32.804090398112066],[-71.2773401435117,-32.80410406839261],[-71.27744457523046,-32.80412258599879],[-71.27746474060343,-32.80415488760688]]]]}},{"type":"Feature","properties":{"fid":18,"Nombre":"El parque 3","HAS":4.03,"Plantas":4478,"Alias:":"El parque 3","Especie":"Paltas","Nombre_GeoJSON":"17","Alias_GeoJSON":"Parque 3","potrero":"El parque 3","potrero_oficial":"El parque 3","especie":"PALTOS","variedades":"Hass","hectareas_supabase":4.03,"plantas_supabase":4477.7777789,"normalizacion_estado":"COINCIDENCIA_ALIAS"},"geometry":{"type":"MultiPolygon","coordinates":[[[[-71.28238048811626,-32.80953425051144],[-71.28245596332427,-32.80964925545998],[-71.2824192299129,-32.809867374938136],[-71.28239829897399,-32.80999434701009],[-71.2823342408497,-32.81008943713067],[-71.28231561190213,-32.81011734089466],[-71.28238329739892,-32.810164088312504],[-71.28248210502713,-32.81024599921862],[-71.28242783224538,-32.81026740325846],[-71.28236914194217,-32.810272820007874],[-71.282271187305,-32.81028390766035],[-71.28221593972903,-32.81029719504574],[-71.28217702882931,-32.81032432800265],[-71.28213870962195,-32.8103380164893],[-71.28210518381854,-32.810352554202545],[-71.28208030942572,-32.81037072903067],[-71.28202221779561,-32.81039430446058],[-71.28197462362799,-32.810389247839105],[-71.28194345456853,-32.810378157068065],[-71.28193655996856,-32.810339356216346],[-71.28193708829293,-32.81025389650256],[-71.28178682067777,-32.81017507686055],[-71.28166570311598,-32.81012893548472],[-71.28154561313752,-32.810100099610224],[-71.2814812943866,-32.81006202248438],[-71.28149023889902,-32.8099859656885],[-71.28168606149627,-32.80984501303245],[-71.28175238986572,-32.80983869926918],[-71.28190918026466,-32.80970164889998],[-71.28203863600058,-32.809643641327824],[-71.28219018899698,-32.80960918322676],[-71.28226711230533,-32.80957342406998],[-71.28238048811626,-32.80953425051144]]],[[[-71.2822867606224,-32.8103218987973],[-71.28232882487781,-32.81029957845261],[-71.28238403930295,-32.810304671763454],[-71.28243021402257,-32.81029427659643],[-71.28248123074661,-32.81030031488013],[-71.28256343836999,-32.810314226209],[-71.28263931913652,-32.81030590506115],[-71.28270480135943,-32.81031394371877],[-71.28276823689467,-32.81034288725395],[-71.28284725704574,-32.810377376028505],[-71.28292371688467,-32.81039608585226],[-71.28298786230197,-32.81043275508176],[-71.28295519472682,-32.810586723320675],[-71.28295086182216,-32.810663926254946],[-71.28294401208885,-32.81071891518169],[-71.28293714056785,-32.81077712166325],[-71.28293043877746,-32.810866540269586],[-71.28290483858467,-32.810933344018615],[-71.28289744878407,-32.811011819256514],[-71.28288880918696,-32.811106054995726],[-71.28283727372252,-32.81112028565903],[-71.28280156259099,-32.811104668466285],[-71.28277691624355,-32.811086852328344],[-71.28271623662057,-32.81104472972664],[-71.28264035993215,-32.81099609837371],[-71.28252870692056,-32.81094150236189],[-71.28245739390566,-32.81089417999809],[-71.28239755507713,-32.81084047770814],[-71.28230534079782,-32.81078501010319],[-71.28222571980331,-32.81072670739536],[-71.28216736603451,-32.810678803950594],[-71.28208778884843,-32.81061406603278],[-71.28202347422449,-32.81054618419027],[-71.28198907885108,-32.81050515357618],[-71.28192071422451,-32.810472646375366],[-71.2819003750371,-32.81043779726366],[-71.28192797396188,-32.81041347649432],[-71.28198161638866,-32.81042564123555],[-71.28203007295451,-32.810415900776945],[-71.28207814194957,-32.810407123725],[-71.2822034507792,-32.81035817748325],[-71.28224863733651,-32.81032493220543],[-71.2822867606224,-32.8103218987973]]],[[[-71.27950202499026,-32.810548214189005],[-71.27946741764303,-32.81043062798417],[-71.27940678101916,-32.810289854624074],[-71.27931024285493,-32.810199477343424],[-71.27924203000079,-32.810178135276544],[-71.27916064175463,-32.810158008836765],[-71.27906781931314,-32.81013381957235],[-71.279088888768,-32.810064357695616],[-71.27926055760707,-32.809780486317514],[-71.27929279196941,-32.80976458588256],[-71.27931519365735,-32.80978970015249],[-71.27935389624078,-32.80974305517373],[-71.27949416344298,-32.80950773728501],[-71.27963731361507,-32.8094326465797],[-71.27967485029217,-32.809435025498935],[-71.27970300697615,-32.809448805070495],[-71.27974433440869,-32.809410279288976],[-71.27979746777311,-32.80931334766119],[-71.27985473806666,-32.80928371943414],[-71.27992556993547,-32.80921709205815],[-71.28001164846891,-32.80922675367361],[-71.28006791884556,-32.80920531069356],[-71.28011031483832,-32.80920862184368],[-71.2801642467175,-32.80919028409831],[-71.28021163246406,-32.80919962964624],[-71.28022783615168,-32.809218731335285],[-71.28027312717123,-32.80919340474654],[-71.28034804493537,-32.809050135901884],[-71.28047672868698,-32.80892936778542],[-71.28058679998767,-32.80888448461491],[-71.28061715606218,-32.80886238771054],[-71.28066468955755,-32.80885754295602],[-71.28072476704952,-32.808843176543434],[-71.2809275055768,-32.80882927277337],[-71.28100704665398,-32.80881965594177],[-71.2811133447057,-32.80872175478968],[-71.28121404427455,-32.80864131073624],[-71.28132159810704,-32.80856890878426],[-71.28142273983092,-32.80838020944473],[-71.28153434094011,-32.8084789256012],[-71.2816671204245,-32.80860604143253],[-71.28181012159511,-32.80873297074308],[-71.28197981674235,-32.808904031269456],[-71.28225160427395,-32.80913511945815],[-71.28243093375673,-32.80928297491897],[-71.28243907247396,-32.80933464107698],[-71.28228619257476,-32.8094160156166],[-71.28211439205195,-32.809457942380135],[-71.2820014085099,-32.80948348308424],[-71.2819034027664,-32.809480165668575],[-71.2818375703708,-32.80950586737312],[-71.28175527209126,-32.809587472410335],[-71.28168007100687,-32.80971262280636],[-71.28158469608599,-32.80978200847136],[-71.28152903757756,-32.80980295662172],[-71.28147900878258,-32.809808462676315],[-71.28146086640075,-32.80983176344351],[-71.28140361361514,-32.80983842205275],[-71.2813248062838,-32.809853130233144],[-71.28124432986434,-32.809873483685294],[-71.28106585592539,-32.80991450979524],[-71.2808898593065,-32.81000337192687],[-71.28078106907051,-32.810052926467804],[-71.28060520235032,-32.810125041572604],[-71.2805539967673,-32.81014946420108],[-71.28047319910695,-32.810189077862056],[-71.28042419761567,-32.810208990300566],[-71.2802296106982,-32.810311178736015],[-71.28018221041313,-32.81034046845527],[-71.28006202781681,-32.81037288332606],[-71.28000072855453,-32.810458558708554],[-71.27996164337416,-32.810529796235045],[-71.27989842849018,-32.81056809934016],[-71.27982962912009,-32.810596021248905],[-71.27976743335168,-32.810622166090944],[-71.27961705380848,-32.810640979412945],[-71.27953057242033,-32.810637700012826],[-71.27950202499026,-32.810548214189005]]]]}},{"type":"Feature","properties":{"fid":19,"Nombre":"El parque 2","HAS":8.53,"Plantas":null,"Alias:":"El parque 2","Especie":"Paltas","Nombre_GeoJSON":"2","Alias_GeoJSON":"Parque 2","potrero":"El parque 2","potrero_oficial":"El parque 2","especie":"PALTOS","variedades":"Hass","hectareas_supabase":8.53,"plantas_supabase":0,"normalizacion_estado":"COINCIDENCIA_ALIAS"},"geometry":{"type":"MultiPolygon","coordinates":[[[[-71.28086647472134,-32.810338793954976],[-71.28092812234866,-32.810316800607026],[-71.2809862647538,-32.81032437665621],[-71.28103759283803,-32.81033207688221],[-71.28108142027662,-32.8103463906287],[-71.28113024816257,-32.81035629532958],[-71.28121181185766,-32.81037999624177],[-71.28125643597589,-32.81039213646164],[-71.28130591343569,-32.81039411313242],[-71.28135444716732,-32.81039250875116],[-71.2814113641506,-32.810418817766],[-71.28145411330476,-32.81045761904008],[-71.28150386072372,-32.810503489187106],[-71.28161097842035,-32.81052672396261],[-71.28171489712078,-32.81052482932099],[-71.28179385055279,-32.81054641849466],[-71.28183055802779,-32.81061555496898],[-71.28186969220133,-32.810679609653356],[-71.28191651097643,-32.810744243849356],[-71.28199740162663,-32.81080825673913],[-71.28210438536235,-32.81085955975382],[-71.2822609941249,-32.81091859344243],[-71.28243889244739,-32.81101034240382],[-71.2825428374257,-32.81107609338851],[-71.28262517483607,-32.81113000440571],[-71.28265488483531,-32.81119207177375],[-71.2826298957589,-32.81124794038242],[-71.28256797941303,-32.81132607192994],[-71.28248025781402,-32.811371952240926],[-71.28241892897478,-32.811369403594185],[-71.28230103103908,-32.81133665732357],[-71.282204422273,-32.81131109268649],[-71.28213898295955,-32.81129661868599],[-71.2820552024078,-32.8112897783731],[-71.28198745605239,-32.81128994693412],[-71.28190523529281,-32.81128940440457],[-71.28183637173451,-32.81129117049673],[-71.28178581622717,-32.81129974896739],[-71.28164904959527,-32.81129356501736],[-71.28149811289938,-32.811276919906284],[-71.28138366186467,-32.81126879749492],[-71.28126613777174,-32.811258689217006],[-71.28117757098559,-32.811270002124324],[-71.28108969964244,-32.81128487540827],[-71.28095505422561,-32.81131438318437],[-71.28085131324846,-32.81134690068155],[-71.28076176827781,-32.81139089960935],[-71.2806300738849,-32.81144128150721],[-71.28053410877236,-32.81147059436941],[-71.28037204405673,-32.81153888457588],[-71.28025005726516,-32.81161435622503],[-71.2801425457774,-32.81172005048262],[-71.28010180552458,-32.8118276446884],[-71.2800540886153,-32.8119525804386],[-71.28004943126155,-32.81202109411362],[-71.28005420099942,-32.81210413300012],[-71.28006917293825,-32.81215975028035],[-71.28007999134033,-32.81221646780095],[-71.28016603858596,-32.81224367845442],[-71.28021533097885,-32.81227931176569],[-71.28021539041777,-32.81232661172168],[-71.28015439851917,-32.81238648632016],[-71.2801282175843,-32.81242625841032],[-71.28010164903844,-32.81246699391566],[-71.28009899530308,-32.812521037812104],[-71.28009621028501,-32.81259438705889],[-71.28007532423302,-32.812639976613006],[-71.27997673284348,-32.81262566251057],[-71.27989327304222,-32.81262751005502],[-71.27977378004181,-32.81260505023581],[-71.27962871244343,-32.81258922328676],[-71.27950221626392,-32.812594873263166],[-71.2793366764595,-32.812612903500735],[-71.27924384084788,-32.812640560521494],[-71.27911803394822,-32.8126496246325],[-71.27893633219139,-32.812718133643024],[-71.27883704397013,-32.81273906816913],[-71.27877808071558,-32.812749840335286],[-71.27869241135032,-32.81277668259161],[-71.27859113664468,-32.81281119514368],[-71.2785171987658,-32.81282734429922],[-71.27844756422913,-32.81285859620436],[-71.27838450839187,-32.812885639767906],[-71.27829816538596,-32.812771610045225],[-71.2782432299916,-32.8126797091187],[-71.27820881916148,-32.81261040455831],[-71.27821403247121,-32.81255416066182],[-71.27821631302463,-32.81245407185488],[-71.2781717764518,-32.81231961460978],[-71.27813527974547,-32.81223962864008],[-71.27807978482662,-32.81212578865584],[-71.27804312692483,-32.812063160731306],[-71.27794193034,-32.81198231065741],[-71.27785185673302,-32.811910956500995],[-71.27778461999345,-32.811858073098534],[-71.27774685306366,-32.81182302931785],[-71.27770033590532,-32.8118003954763],[-71.27767535444407,-32.81188696432787],[-71.27765659522693,-32.811955731108675],[-71.27762032744045,-32.81207750417491],[-71.2775551646422,-32.81219914329779],[-71.27750359719563,-32.81232019152512],[-71.277463540809,-32.812438728436724],[-71.27740497452776,-32.81253368619678],[-71.27735187875409,-32.81260872103181],[-71.27729333423143,-32.81270046118499],[-71.27723307131869,-32.81276484275266],[-71.27713141984229,-32.81283827565731],[-71.27703795451731,-32.81289459402118],[-71.27696722713212,-32.81294182102724],[-71.27691178678333,-32.81299591609056],[-71.27686515263908,-32.81307516370191],[-71.2767863710512,-32.813172918571865],[-71.27672005941022,-32.81323019155717],[-71.27668326508746,-32.813261545315875],[-71.27664573948674,-32.81328839076048],[-71.27658298235916,-32.81332734029277],[-71.2765442718007,-32.81336029350439],[-71.2764976802186,-32.813385263212844],[-71.27636713659876,-32.813433578024544],[-71.2763042164497,-32.813455140376114],[-71.2762467210351,-32.81347609357815],[-71.276182501328,-32.81349410638899],[-71.27611774246435,-32.81351468120182],[-71.27606127316999,-32.813528469418486],[-71.27600434280396,-32.8135478808975],[-71.27594133138673,-32.81356587161092],[-71.27587780683135,-32.81358744474475],[-71.27582293621283,-32.81361651715017],[-71.27577655037102,-32.8136464561217],[-71.27572379154932,-32.813687230330196],[-71.27567758779715,-32.81372431219416],[-71.27563615255089,-32.813758755099954],[-71.27558766203359,-32.81380098297279],[-71.27554207537707,-32.813838564013224],[-71.2754922332547,-32.81387520152608],[-71.27545330574313,-32.813913171894235],[-71.27541137020144,-32.813951707391425],[-71.27536091075025,-32.813987845633505],[-71.27531675346889,-32.814034078182495],[-71.27527988559908,-32.81408170951854],[-71.27523562415733,-32.81412386036892],[-71.27519655333131,-32.81415621836452],[-71.27515041416036,-32.814195851097324],[-71.27510238428731,-32.814232455513746],[-71.27506376865331,-32.81428267079356],[-71.27502377546398,-32.814326275312034],[-71.2749830349456,-32.814364278501884],[-71.27494708900748,-32.81440066317978],[-71.27489735625144,-32.814417901541646],[-71.2748303935683,-32.81442320240095],[-71.27470986473244,-32.81443764406424],[-71.27461162641399,-32.814449128217916],[-71.27453864763942,-32.81445555916579],[-71.27443914884128,-32.81446502431238],[-71.27437375161351,-32.81446059800594],[-71.27428169830753,-32.81447758439427],[-71.27414347827339,-32.814485711239],[-71.27407948448746,-32.81448891596127],[-71.27396109917768,-32.814492598591585],[-71.2738778357971,-32.81449870559582],[-71.27381499839086,-32.814499847387225],[-71.27373797822887,-32.81449001703505],[-71.2736642979285,-32.81451636761067],[-71.27355393621673,-32.814526539871274],[-71.2734424635546,-32.81454056056239],[-71.27336706775394,-32.814547034740805],[-71.27331296528723,-32.814546996703115],[-71.27326298178028,-32.814542545026875],[-71.2732440335674,-32.81452247139919],[-71.27325873873046,-32.814470904450246],[-71.27328243232556,-32.81442810701992],[-71.27330384870257,-32.81437897037948],[-71.2733219320736,-32.81431764358137],[-71.27333423042374,-32.81430210678653],[-71.27333112469289,-32.81427510957111],[-71.2733612759747,-32.814224793347755],[-71.27339229743498,-32.81413745397782],[-71.27341184908586,-32.81408630941262],[-71.27344601520237,-32.814027497874726],[-71.27351061862038,-32.81395333042271],[-71.27359347120031,-32.81385994488334],[-71.27369728863977,-32.813759032136936],[-71.2737515620723,-32.8137064909836],[-71.27384451656175,-32.81360628594237],[-71.27393627544824,-32.813506613007206],[-71.27397012284747,-32.813459036937466],[-71.27404821892743,-32.813368800221255],[-71.27408205321515,-32.81332071391552],[-71.27413702137432,-32.813271733100954],[-71.27418772108582,-32.81322129849604],[-71.27428725059684,-32.81318937340595],[-71.2744600558646,-32.813115280796836],[-71.27463510854965,-32.813034511309255],[-71.27473897701877,-32.81298311005938],[-71.2748015981289,-32.81294981367549],[-71.27492490111598,-32.81289014708798],[-71.27499374612995,-32.81286388370926],[-71.2750387774649,-32.81284009500298],[-71.27521842914393,-32.81277378881905],[-71.2753411700407,-32.812727658864794],[-71.27545369156476,-32.81268375639424],[-71.27552612237527,-32.81265589619204],[-71.27558099982188,-32.81265081475122],[-71.27564170623583,-32.81261936308795],[-71.27581475386582,-32.81254906883966],[-71.27596952727363,-32.81248936122812],[-71.27608420923187,-32.812435220665726],[-71.27613206858624,-32.81240166872464],[-71.27620635286821,-32.81229295222146],[-71.27624001063921,-32.81221878827167],[-71.27630895591557,-32.81211068919654],[-71.27634160477356,-32.81201689250587],[-71.2763652500721,-32.811958124495455],[-71.27644058653622,-32.81186260546439],[-71.2765205598135,-32.81178230303973],[-71.27657692927745,-32.81174095239358],[-71.27668724586607,-32.811681775595986],[-71.2768054481545,-32.81159999562928],[-71.27691814747737,-32.811515763449975],[-71.2770358699757,-32.811462576957595],[-71.27719943216198,-32.811405493570156],[-71.27731809175073,-32.81138904184801],[-71.27752564955912,-32.81135055435622],[-71.27781894900787,-32.81130846415043],[-71.27793781653092,-32.811284595798156],[-71.27808272819581,-32.81128043856201],[-71.27822831417637,-32.81127212472953],[-71.27836392527728,-32.81126166035256],[-71.27846765965454,-32.81128586699129],[-71.27848474115653,-32.81132420962662],[-71.27850206439494,-32.81137378904953],[-71.27851023798833,-32.81140885932496],[-71.27855842053336,-32.81145885548917],[-71.27864346459059,-32.81145491011536],[-71.27870199611547,-32.81152320570705],[-71.27876874140678,-32.8116081438607],[-71.27884692125211,-32.811697144754085],[-71.27888239346237,-32.81178394468654],[-71.27899392094169,-32.81189648109967],[-71.27905439616201,-32.81198916251277],[-71.27915454943762,-32.81206999451848],[-71.27942319045053,-32.8121977172391],[-71.27963103468282,-32.812258376802156],[-71.27965064007574,-32.812175707006666],[-71.27959853710938,-32.812025957848356],[-71.27960791414577,-32.81187360657432],[-71.27967346778996,-32.81177134378234],[-71.27958330085318,-32.81174895690108],[-71.27960049911266,-32.81161021371947],[-71.27958306423668,-32.811550409175325],[-71.2795726140179,-32.81146027707519],[-71.27956542423335,-32.81133913750032],[-71.27956205743288,-32.81125744698332],[-71.27972703688835,-32.81122956614843],[-71.27985159868123,-32.8111839091423],[-71.27991612483675,-32.81105191265538],[-71.27991956388347,-32.810937980755234],[-71.27993370343943,-32.81085990944901],[-71.2799627912031,-32.8108224245557],[-71.2800669171033,-32.810739472161735],[-71.2801878660036,-32.81069439110871],[-71.28030142363885,-32.81063866752002],[-71.28036084806239,-32.81060145381852],[-71.28043642640321,-32.81053920767544],[-71.2804844361771,-32.810488717456245],[-71.28053229520935,-32.81044642956633],[-71.2806947559121,-32.81038870058188],[-71.28080066001944,-32.81036446145492],[-71.28086647472134,-32.810338793954976]]]]}},{"type":"Feature","properties":{"fid":20,"Nombre":"29","HAS":10.09,"Plantas":11211,"Alias:":"29","Especie":"Mandarina","Nombre_GeoJSON":"29","Alias_GeoJSON":"El Peumo","potrero":"29","potrero_oficial":"29","especie":"MANDARINA","variedades":"MURCOTT","hectareas_supabase":10.09,"plantas_supabase":11211.111112100001,"normalizacion_estado":"COINCIDENCIA_ALIAS"},"geometry":{"type":"MultiPolygon","coordinates":[[[[-71.27308072617272,-32.810794309287694],[-71.27313677158239,-32.81084478002204],[-71.27318490862052,-32.8108816976886],[-71.27331135945343,-32.81091690794991],[-71.27347347572808,-32.81097417315721],[-71.27362284906606,-32.811028318887836],[-71.27369286151524,-32.81104249806705],[-71.27375843808757,-32.81106453877424],[-71.27381297765083,-32.811112427655864],[-71.27387383024411,-32.81112881421625],[-71.27389601638184,-32.81117171801423],[-71.27393461141888,-32.81118332985757],[-71.27395478709273,-32.811213835740276],[-71.27396215329325,-32.81125087510168],[-71.27396177158158,-32.81127870612894],[-71.27392216908665,-32.811302805564594],[-71.27385818198188,-32.81129895261287],[-71.27376826559588,-32.81129786847239],[-71.27363620996363,-32.81130188689157],[-71.27356231551688,-32.81132581812903],[-71.27347965976548,-32.81134938460234],[-71.27338750057314,-32.81136968674611],[-71.27330278430688,-32.81136042269653],[-71.2732031816898,-32.811354946784554],[-71.27317148171949,-32.811365731394694],[-71.2730106458247,-32.81138772262115],[-71.272953712947,-32.81139458739506],[-71.27286569336246,-32.811392397092945],[-71.27272871873228,-32.8114255115031],[-71.27265863321232,-32.81142678428914],[-71.27242077882056,-32.81148623174226],[-71.27227347360906,-32.8115465006243],[-71.2721829529821,-32.81160542210012],[-71.27212315818042,-32.811573755941104],[-71.27216630038026,-32.811506074887006],[-71.27219357015154,-32.811474675612395],[-71.27219269531658,-32.81143573739837],[-71.2722644583022,-32.81136176157009],[-71.27247551535024,-32.8112009489798],[-71.27259916969793,-32.81117195353326],[-71.27270012337227,-32.81114719039496],[-71.27278396568143,-32.81112640756171],[-71.2728886906798,-32.81106121026272],[-71.27293626507996,-32.81100674935649],[-71.27296249812757,-32.810945019353554],[-71.27299168050708,-32.81085669257351],[-71.27308072617272,-32.810794309287694]]],[[[-71.27369535858118,-32.81145533819583],[-71.27366310512822,-32.81149121809255],[-71.27357355939634,-32.81153624589814],[-71.27354637386377,-32.81156626130748],[-71.27350617857907,-32.81159341450896],[-71.27344279012794,-32.811668719136456],[-71.27338879389697,-32.811708031809786],[-71.27333522560016,-32.8117192317565],[-71.27319246873202,-32.81176266064322],[-71.27301119963073,-32.811812914232384],[-71.27293214853272,-32.8118419141157],[-71.27278455773865,-32.81188543034182],[-71.27268472259976,-32.81191758781069],[-71.27259193680311,-32.811945769639465],[-71.27250734545936,-32.81196601062064],[-71.27236343132991,-32.81201150137895],[-71.27227720749306,-32.81204369377697],[-71.27210318751649,-32.81209381444964],[-71.2719268804609,-32.812149080868515],[-71.27178677268988,-32.81220164812226],[-71.27168843863693,-32.8122330390721],[-71.27152531934287,-32.81228398197219],[-71.27135363727145,-32.81233099650755],[-71.27119681921363,-32.81239203354768],[-71.27102626721751,-32.81243596445424],[-71.27085116712499,-32.812491207483646],[-71.27063529318323,-32.81255944080857],[-71.27040502206728,-32.812632018541926],[-71.27017099558788,-32.812699559519324],[-71.27006564362489,-32.81274026456536],[-71.27003378418124,-32.812723487303565],[-71.26995844231008,-32.81235595891199],[-71.27001595815435,-32.812341444457886],[-71.27009403570267,-32.81235471725484],[-71.2701557570873,-32.812363356643196],[-71.27040628945636,-32.812349208185296],[-71.27044819351929,-32.81233313454123],[-71.27048608297869,-32.81230182032561],[-71.27054007084867,-32.812285527413785],[-71.27057793429172,-32.81225319275051],[-71.27061582367092,-32.81222187849869],[-71.27065726028067,-32.8121874371947],[-71.2707391587061,-32.812127760271785],[-71.27082625406808,-32.81208228149666],[-71.27086679374521,-32.81206010711694],[-71.27096034635218,-32.812030845364326],[-71.27100603110614,-32.81202082828884],[-71.27109241124688,-32.81199475927752],[-71.2711885362807,-32.811971576030565],[-71.27133528333154,-32.811942369479944],[-71.27141793426149,-32.8119122843607],[-71.27146884200326,-32.81191748571087],[-71.27151198000674,-32.81190241021491],[-71.27156777320826,-32.81190956463346],[-71.27161438047598,-32.8118883007735],[-71.27175155111658,-32.811862840695376],[-71.27185224283404,-32.81185284565078],[-71.27189875237848,-32.811851490867966],[-71.27198456683917,-32.81182696285853],[-71.27203731975733,-32.81180967084083],[-71.27207392843992,-32.81179930771295],[-71.2721190543497,-32.8117673511916],[-71.2721603795946,-32.8117523083885],[-71.2722058432052,-32.81173361730918],[-71.272248721164,-32.81170833735975],[-71.27233855682836,-32.81167556895927],[-71.27243210848923,-32.81164630614295],[-71.2725694279173,-32.81160297686114],[-71.27266426574926,-32.81157675319573],[-71.27271838287197,-32.81156670437611],[-71.27275345146849,-32.811565945494436],[-71.27280340403222,-32.81155738160326],[-71.27286046291978,-32.81154568240914],[-71.2729046680661,-32.81154493404137],[-71.2729441602571,-32.811536922757014],[-71.27298901259951,-32.81153512404771],[-71.2730572537833,-32.811519941311964],[-71.2730934729554,-32.81151690132383],[-71.2731443467826,-32.81151086389849],[-71.27318216556188,-32.811502052433816],[-71.2732259608862,-32.81150548492381],[-71.27325646472364,-32.81150241685662],[-71.27331824770968,-32.8114943538962],[-71.27336960814563,-32.81150586762728],[-71.27344325366202,-32.81149046211749],[-71.27347909620518,-32.81148677663697],[-71.2735157000836,-32.811495440464824],[-71.27356000687428,-32.811478811703196],[-71.2736554066566,-32.811447098193064],[-71.27369535858118,-32.81145533819583]]],[[[-71.272938247366,-32.81200860526962],[-71.27298236494167,-32.8121867592917],[-71.27304214488494,-32.81241454234813],[-71.27309754881601,-32.81244763443686],[-71.2731243540954,-32.81253914794374],[-71.27316585713652,-32.812543534488874],[-71.2731822504913,-32.812597671860594],[-71.27322915873584,-32.81259178832771],[-71.27324187464204,-32.81262660159477],[-71.27331485639628,-32.812597035085396],[-71.27336826640556,-32.81258764393763],[-71.27341619409007,-32.812572247629255],[-71.27345408254854,-32.81254093255681],[-71.27349811689275,-32.812513589388324],[-71.2735342769688,-32.81246188785072],[-71.27359906223495,-32.81243786631559],[-71.27366075737129,-32.81244267343029],[-71.27368955608868,-32.812465981828936],[-71.27373105911181,-32.81247036818684],[-71.27374909186055,-32.81250778158817],[-71.27379143654468,-32.81250058841659],[-71.27380639016948,-32.81254249146717],[-71.27384901199258,-32.81255042270857],[-71.27387313680101,-32.81258850946939],[-71.2738813979261,-32.812657717663974],[-71.27394008415622,-32.812716257369175],[-71.27398012687227,-32.81282231502189],[-71.27402122031508,-32.81283088224605],[-71.27406023280062,-32.81292052467589],[-71.27409325180473,-32.812939670657805],[-71.27411322308977,-32.812972266972636],[-71.27411995785154,-32.81299031893089],[-71.27412256163491,-32.81301268934674],[-71.274147650146,-32.81306381751666],[-71.274103344855,-32.81307904540613],[-71.27410323437732,-32.813095133239386],[-71.27406353675454,-32.81310523539896],[-71.27396738268955,-32.813138016242874],[-71.27400166620554,-32.81323685706731],[-71.27395434793365,-32.813246921872576],[-71.27395757165756,-32.81327686203997],[-71.27391821739158,-32.81329243588728],[-71.2739267578309,-32.813324976238114],[-71.2738858750013,-32.81334118612431],[-71.27389097069984,-32.813375961976334],[-71.27384892485856,-32.81339506206255],[-71.27385748738877,-32.81342438485147],[-71.27380711192085,-32.813435721700344],[-71.27381442303783,-32.81348080497019],[-71.27376064700337,-32.81348794216495],[-71.27377831444086,-32.81352310138325],[-71.27372987721783,-32.813529621186994],[-71.27373006590726,-32.81355761588651],[-71.27368886159955,-32.813565136416145],[-71.27370151151742,-32.81360960231846],[-71.2736561092164,-32.81361806757182],[-71.27365713954342,-32.813634482764975],[-71.27361096189651,-32.81364487480869],[-71.27361117266324,-32.813669651942455],[-71.27357186238801,-32.813678790555855],[-71.27357693587898,-32.81371678399057],[-71.27353760346442,-32.81372914016137],[-71.2735405057548,-32.813750391044046],[-71.27349583446333,-32.81376336457179],[-71.27348924414365,-32.81377974241568],[-71.27345445309652,-32.81379662556701],[-71.27340631488465,-32.81381505211946],[-71.27341558629739,-32.81385210083851],[-71.27341840008988,-32.813886221993734],[-71.2733886044258,-32.81389701603205],[-71.2733841410046,-32.81393657156296],[-71.27334439867516,-32.81395310864766],[-71.27334454301041,-32.813987538485875],[-71.27330099033053,-32.81400405687808],[-71.27330416963414,-32.81404043220206],[-71.27326485966265,-32.81410491475403],[-71.27324630731832,-32.81419845815731],[-71.27321038671373,-32.81426874913088],[-71.27318078519083,-32.81433440545228],[-71.27312118285833,-32.814412946235294],[-71.27311086528204,-32.814444911513185],[-71.2731319947287,-32.81455843820608],[-71.2731057821214,-32.81457455892441],[-71.27312228740146,-32.81472329648863],[-71.27314222028491,-32.81478919570302],[-71.2731100207973,-32.814817031583964],[-71.27314222695632,-32.814926751371225],[-71.27314031647364,-32.814955218432544],[-71.27311821328254,-32.81498326470872],[-71.27309407744315,-32.81500213063796],[-71.27302668178933,-32.815022554127914],[-71.27297260560279,-32.81501778415776],[-71.27282973368347,-32.81504234206819],[-71.27263106866549,-32.815090115062155],[-71.27253077146177,-32.8151170795642],[-71.27247407961823,-32.815122192655885],[-71.27238152492521,-32.81514327034266],[-71.27234072443817,-32.81515524104624],[-71.27219757184928,-32.81518336273367],[-71.27205447112658,-32.815213525101825],[-71.27190396386958,-32.81523769642295],[-71.27186799696035,-32.81524957921988],[-71.27172340180202,-32.81526853853092],[-71.2716768188245,-32.81529082291779],[-71.2715876032525,-32.8153006095936],[-71.27152749375563,-32.81531395143799],[-71.27139760730216,-32.815340810517846],[-71.27134940017226,-32.815346789988446],[-71.2712978015292,-32.815362019029195],[-71.27125082877843,-32.815368996950035],[-71.27111471962577,-32.81529387944135],[-71.27100327262207,-32.815237711167384],[-71.27087194562222,-32.815160464810695],[-71.27088435531111,-32.81512552926686],[-71.27085018187825,-32.81511287780656],[-71.2708103039357,-32.815113601456275],[-71.27077754668557,-32.815109091417305],[-71.27076127978512,-32.81503996590534],[-71.2707116565973,-32.8150378036823],[-71.2707010284328,-32.815000223511575],[-71.27064775403716,-32.814997106623075],[-71.27063403393478,-32.814933039341476],[-71.27058551536312,-32.81492677345298],[-71.27053363533034,-32.81474089143046],[-71.27054924089916,-32.81473652470928],[-71.27053251883004,-32.81469701330385],[-71.27051052170872,-32.814640242430336],[-71.2704859720074,-32.81455442242319],[-71.27045334102714,-32.814436080464155],[-71.27042026283009,-32.814276400449835],[-71.27038145427512,-32.8141290750983],[-71.27033049805334,-32.81393194636708],[-71.27030843755993,-32.8138251528441],[-71.27026818737664,-32.813668665556754],[-71.27018275004592,-32.81335169691177],[-71.2701543104539,-32.81323174745872],[-71.27007533133362,-32.81293099583335],[-71.27013820804572,-32.81288391505054],[-71.27019088410415,-32.81286356250498],[-71.27027981190497,-32.81284255227967],[-71.27041169656809,-32.812799323897465],[-71.27051144783874,-32.812776075357824],[-71.27060127228748,-32.81274279792441],[-71.27068647082469,-32.81271777150735],[-71.27077613934776,-32.812678371423125],[-71.27104374043306,-32.81260001110271],[-71.27127642765024,-32.81252738835633],[-71.27146132446978,-32.812477071380435],[-71.27164945658801,-32.81241138201772],[-71.27170249565656,-32.81240531475696],[-71.2717376427308,-32.81240876030398],[-71.27179328040008,-32.81240979208045],[-71.27183274146492,-32.812392741434245],[-71.27188315590992,-32.812378554603654],[-71.27191703002599,-32.81233199947341],[-71.27200194197897,-32.81229574756196],[-71.27215053441178,-32.81224404690927],[-71.27246839113225,-32.812145374172275],[-71.27273704139142,-32.81206086589222],[-71.272829514864,-32.81203672681557],[-71.27287396500081,-32.81202571059276],[-71.272938247366,-32.81200860526962]]]]}},{"type":"Feature","properties":{"fid":21,"Nombre":"20","HAS":8.01,"Plantas":10013,"Alias:":"20","Especie":"Naranjas","Nombre_GeoJSON":"20","Alias_GeoJSON":"P20","potrero":"20","potrero_oficial":"20","especie":"NARANJA","variedades":"LANE LATE","hectareas_supabase":8.01,"plantas_supabase":10012.5,"normalizacion_estado":"COINCIDENCIA_ALIAS"},"geometry":{"type":"MultiPolygon","coordinates":[[[[-71.27039039121226,-32.809314621793476],[-71.27004533668348,-32.80939031631092],[-71.26989612777307,-32.8093225810209],[-71.26977561198535,-32.80931353698723],[-71.26966485944698,-32.809331879903155],[-71.26959677692669,-32.80931678030622],[-71.26948555727749,-32.80931675544849],[-71.2694246729693,-32.80929948343513],[-71.26928198446862,-32.809297987251355],[-71.26917066104909,-32.80929388041908],[-71.26916891890681,-32.80932045524606],[-71.2691647648133,-32.80935745737429],[-71.26923118984492,-32.80963690395138],[-71.26931748051675,-32.80995750818462],[-71.26943274845092,-32.81040850235924],[-71.26953644783805,-32.810798126480144],[-71.26965126315586,-32.81127372742764],[-71.26973888583238,-32.81159523222583],[-71.26978217970026,-32.81180823331368],[-71.26984951893145,-32.81203846505306],[-71.26986753863666,-32.8121309702998],[-71.2700304878927,-32.81215381899395],[-71.27022261942305,-32.81215372134341],[-71.2704476665471,-32.812065925351035],[-71.27060504391521,-32.811979356776604],[-71.2707121883403,-32.81191411734519],[-71.2708380554933,-32.811872018627064],[-71.27087623025069,-32.81185192894529],[-71.27096303257213,-32.81183856655885],[-71.27101703921392,-32.81182691409479],[-71.27119702335796,-32.811773624011195],[-71.27123304093543,-32.811763782301696],[-71.27132957459817,-32.811739263506325],[-71.27141289753015,-32.81172748662039],[-71.27154108292304,-32.8117064553868],[-71.27173178974368,-32.811647535837245],[-71.27182243129529,-32.81159892933813],[-71.2719085250069,-32.811561635157716],[-71.27200202373908,-32.811485800691756],[-71.27203725767848,-32.81140456655977],[-71.27207194867916,-32.81134681881066],[-71.27214508214551,-32.81126128155437],[-71.2721909075341,-32.81122513151997],[-71.27219669155119,-32.8111990909622],[-71.27225753889714,-32.81116735939748],[-71.27231347678958,-32.81113242097562],[-71.2723366028444,-32.811091398653794],[-71.27238022191864,-32.811067751713786],[-71.27244736998244,-32.811026092006834],[-71.27256272347982,-32.81099847500581],[-71.27264676335452,-32.810975510128486],[-71.2727138600921,-32.81095183200007],[-71.27275423013656,-32.81092575797213],[-71.27278347106466,-32.81088471522631],[-71.2728207421472,-32.81083952890814],[-71.27287429498458,-32.810753879746976],[-71.27291615013348,-32.810682726098605],[-71.27297765945205,-32.81062954343114],[-71.27303766161637,-32.81061211934666],[-71.27308542422003,-32.810588792191254],[-71.27314030699809,-32.81056023122662],[-71.2731892259215,-32.81053484124471],[-71.27325871289712,-32.810510098525306],[-71.27329699046985,-32.81049408983122],[-71.27332678353176,-32.81047721435697],[-71.27334706568115,-32.81046663700051],[-71.2733808916084,-32.81044682452352],[-71.27337193043242,-32.81036472980209],[-71.27331969537701,-32.810314277849734],[-71.27325066911696,-32.810267604721986],[-71.27320082652452,-32.810201719595156],[-71.2731589477031,-32.810141343567516],[-71.27309970162821,-32.81005771502848],[-71.27306038156904,-32.81001311813776],[-71.27302911378405,-32.80996116008655],[-71.27295204663776,-32.80986489506457],[-71.27290537219925,-32.809781649878964],[-71.27281009642998,-32.80967371173442],[-71.27272693799843,-32.809576773107146],[-71.27266248704055,-32.80947445622171],[-71.27260515803866,-32.80938922796975],[-71.27254812817313,-32.80931590656813],[-71.27236337639548,-32.809389084308016],[-71.27216528525346,-32.809490686660496],[-71.2720902765407,-32.809535946868756],[-71.27196876566502,-32.80960655268012],[-71.2718829595487,-32.80965507146455],[-71.2718271033506,-32.809665664601845],[-71.2717635162124,-32.809659238338334],[-71.27171505868671,-32.80966897485158],[-71.27165407429399,-32.80967189260641],[-71.27152558164602,-32.80968445306466],[-71.27142987391069,-32.80969460055705],[-71.27133989245971,-32.80970316731471],[-71.27127432252973,-32.80970799293036],[-71.27119659123149,-32.80970825390063],[-71.27111160511622,-32.809710731487215],[-71.27100345932678,-32.80970118956863],[-71.27092686884373,-32.80970177775608],[-71.27080083541607,-32.809689251664544],[-71.2706935317086,-32.80966812996551],[-71.27060685169722,-32.80964003087863],[-71.27053014034156,-32.80960297133634],[-71.27047010915535,-32.8095782211373],[-71.27042501979722,-32.80954163911789],[-71.27038344187181,-32.809493168959044],[-71.27037677780855,-32.809354775737745],[-71.27039039121226,-32.809314621793476]]],[[[-71.27349433011653,-32.81055277942937],[-71.27345206749249,-32.810568801756126],[-71.27343877084257,-32.81059077764498],[-71.2734431240215,-32.810622653995374],[-71.2734142412478,-32.81063590573907],[-71.27309482039533,-32.81076718906041],[-71.27316082887224,-32.81083717561427],[-71.27322938471741,-32.81086920602855],[-71.27329554254624,-32.81088980188705],[-71.27337541265493,-32.810911108488575],[-71.27343911715171,-32.8109283136761],[-71.27351799606528,-32.810955246257556],[-71.27357655575446,-32.810972587032374],[-71.27364234819264,-32.81099092853461],[-71.27369187546985,-32.81101964773048],[-71.27375325417904,-32.81104263316929],[-71.27381791690821,-32.81105903843246],[-71.27385942518148,-32.811090292402774],[-71.27390544160994,-32.811130899706505],[-71.27393954548263,-32.811158417041185],[-71.27397523313635,-32.81117725439906],[-71.27402557503198,-32.811226087916864],[-71.27405461145422,-32.811242479411604],[-71.27407729585906,-32.811268331930115],[-71.27410802148172,-32.8112884320121],[-71.27413907952338,-32.81131561260028],[-71.27417740853147,-32.81131049114799],[-71.27422303154853,-32.811325194106615],[-71.27425110996299,-32.81134238527981],[-71.2742823668983,-32.81134060772465],[-71.27431067124346,-32.811297146809686],[-71.27429135408883,-32.811280320315696],[-71.27425370599636,-32.81126951764263],[-71.27422897785405,-32.811236093613225],[-71.27419557936044,-32.81120014429107],[-71.27416652339014,-32.811147784336534],[-71.27411567227404,-32.81111761090198],[-71.27412744032578,-32.81109627099567],[-71.27411787570747,-32.81107418307083],[-71.27408643608477,-32.811074833499205],[-71.2740824039937,-32.811051646483264],[-71.2740632255082,-32.81104238216636],[-71.2740823759215,-32.811027996428024],[-71.27407202497352,-32.811009444090494],[-71.27403738385168,-32.810976936760994],[-71.2740063038605,-32.81095297370746],[-71.27399789118694,-32.8109296043435],[-71.2739749688625,-32.81091066864207],[-71.27394514621217,-32.81089781271386],[-71.2739032503537,-32.81086752217202],[-71.27386145401263,-32.81082275255858],[-71.27383335889046,-32.81078030244305],[-71.27377458853164,-32.81073818464222],[-71.273729563617,-32.81069195120058],[-71.27368850957868,-32.81065008106718],[-71.2736469794593,-32.81062204459494],[-71.2735928168903,-32.810574801002],[-71.27354293542612,-32.810542218802404],[-71.27349433011653,-32.81055277942937]]]]}},{"type":"Feature","properties":{"fid":22,"Nombre":"20A","HAS":2.93,"Plantas":3256,"Alias:":"20A","Especie":"Naranjas","Nombre_GeoJSON":"20","Alias_GeoJSON":"P20A","potrero":"20A","potrero_oficial":"20A","especie":"NARANJA","variedades":"LANE LATE","hectareas_supabase":2.9299999999999997,"plantas_supabase":3255.5555560000003,"normalizacion_estado":"COINCIDENCIA_ALIAS"},"geometry":{"type":"MultiPolygon","coordinates":[[[[-71.27037721837931,-32.8092855971189],[-71.27028702728462,-32.80931549047296],[-71.27021134283251,-32.8093342186023],[-71.27014887227615,-32.80934964431296],[-71.27008766664098,-32.80935221101899],[-71.27003598450987,-32.809318080950945],[-71.26996727209949,-32.8092834738509],[-71.26990021783514,-32.80928044387247],[-71.26982051113818,-32.80928267451564],[-71.26974012970557,-32.809289061509354],[-71.26964593990748,-32.80928239177257],[-71.26954617448223,-32.80927009468985],[-71.26942469747814,-32.80926798749881],[-71.26931055882882,-32.80925701528676],[-71.26923128633533,-32.80924385229082],[-71.26917172220863,-32.80922375464106],[-71.269122258476,-32.80915052484967],[-71.26910785462904,-32.80904847426417],[-71.26905838628659,-32.808918949693705],[-71.26911047148369,-32.808834311316026],[-71.2691708989675,-32.8087673277362],[-71.26921519044464,-32.80871616135395],[-71.26917415813408,-32.80868002562516],[-71.26934838406298,-32.808480748749986],[-71.26938161298074,-32.808437766986685],[-71.26938143534092,-32.80839888849971],[-71.26973410541214,-32.80795797936808],[-71.26969305233118,-32.80793105767306],[-71.26995949188749,-32.807610687937135],[-71.26992294746753,-32.807590515493224],[-71.27010385400936,-32.80737731529815],[-71.27006704813776,-32.80735511990498],[-71.27021478850465,-32.807157259875176],[-71.27033640873954,-32.807094869321176],[-71.27107194579963,-32.8069717804212],[-71.2711612382753,-32.807024960279186],[-71.27114409565593,-32.8071923560282],[-71.27108732947015,-32.80746576022865],[-71.27102044600109,-32.80762341252395],[-71.27096610450056,-32.80776557866811],[-71.27084012939672,-32.808047411013995],[-71.27073205161027,-32.808298933653354],[-71.27070222920284,-32.80842450926291],[-71.2706709740261,-32.8085952531497],[-71.27058357550833,-32.808762984995965],[-71.27052800841447,-32.80885818058291],[-71.27037721837931,-32.8092855971189]]]]}},{"type":"Feature","properties":{"fid":23,"Nombre":"20B","HAS":3.82,"Plantas":3820,"Alias:":"20B","Especie":"Naranjas","Nombre_GeoJSON":"20","Alias_GeoJSON":"20B","potrero":"20B","potrero_oficial":"20B","especie":"NARANJA","variedades":"LANE LATE","hectareas_supabase":3.8200000000000003,"plantas_supabase":3820,"normalizacion_estado":"COINCIDENCIA_EXACTA"},"geometry":{"type":"MultiPolygon","coordinates":[[[[-71.27058095864714,-32.80688041803645],[-71.27066433778486,-32.80689729472725],[-71.27112131506387,-32.806803247918005],[-71.27133625308015,-32.80675221317558],[-71.27144879461717,-32.80662116388666],[-71.27154785651737,-32.806510963115194],[-71.27155607733732,-32.80650134039591],[-71.27177591811562,-32.80644707109848],[-71.2718536132044,-32.806459953283486],[-71.27196377850309,-32.80647664932885],[-71.27204121967128,-32.806407528204204],[-71.27216182306738,-32.80631551668216],[-71.27225160110568,-32.806328179257754],[-71.27241114897042,-32.80632732427447],[-71.27248670174005,-32.80634085947836],[-71.27258146442306,-32.806301425815484],[-71.27264364282688,-32.806235447043996],[-71.27269083588014,-32.806187735418995],[-71.27273040891316,-32.80613998635169],[-71.27274391004828,-32.80611592005914],[-71.27277648324863,-32.80608872975499],[-71.27280066460678,-32.80605277731672],[-71.27286760177692,-32.80602297672481],[-71.27296348606752,-32.80599060860419],[-71.27306656809442,-32.805956067901086],[-71.27314543214138,-32.80591992519033],[-71.27328686761327,-32.80587243699176],[-71.27339414201313,-32.805806031795974],[-71.27340512867421,-32.80575975111525],[-71.27336823618262,-32.80575023882711],[-71.2733299372675,-32.805779010015506],[-71.27315374818097,-32.80569191149615],[-71.27318561225404,-32.805656995184464],[-71.27310354292837,-32.80562377200072],[-71.27300410731982,-32.80556729619784],[-71.27291605740174,-32.80551731158058],[-71.27282761993767,-32.80546829029708],[-71.2726705038569,-32.80537806702974],[-71.27259735079299,-32.80532268529138],[-71.2724929872808,-32.805262645386314],[-71.2724079947639,-32.80521138833214],[-71.27234317065356,-32.80516376980001],[-71.27224113337812,-32.80509794927258],[-71.27215011623709,-32.805036365826105],[-71.27198467297025,-32.80493837823858],[-71.27187079656899,-32.80487668214006],[-71.27179839751112,-32.80482259066844],[-71.27171500080433,-32.80476104436548],[-71.27158031453855,-32.80467833064118],[-71.27148058208358,-32.80460994663092],[-71.27136590891428,-32.8045533944044],[-71.27129497218739,-32.8045083193259],[-71.27122932942433,-32.80446906210533],[-71.27106186597202,-32.80466387251639],[-71.2709381506505,-32.80481320715505],[-71.27095802991069,-32.804858674442485],[-71.27094481460935,-32.80488732222556],[-71.27097485184224,-32.80492761296325],[-71.27087559132876,-32.80504457221112],[-71.27083644007199,-32.80503118679735],[-71.27067672805663,-32.80520672885483],[-71.2707077161732,-32.80524356318315],[-71.27067037944133,-32.805298401578625],[-71.27069646134004,-32.80532845458945],[-71.27071360471896,-32.80538388325133],[-71.27068578171685,-32.80544037738],[-71.27071037970039,-32.8054646312396],[-71.27072636012157,-32.805522950081716],[-71.27069216909375,-32.80556364617667],[-71.27072698954701,-32.80559728169406],[-71.27067886472108,-32.8056694424285],[-71.2707141840419,-32.805686026678416],[-71.27066834069839,-32.80575884219063],[-71.27070133405128,-32.80578120681105],[-71.2706681947539,-32.8058351005923],[-71.27069623739006,-32.80585711904533],[-71.27065808061322,-32.80592031938312],[-71.27069029869021,-32.8059446107929],[-71.27064566268103,-32.8060081009665],[-71.27067404857095,-32.80603559117655],[-71.2706397239305,-32.80609559271233],[-71.27066922838804,-32.806126627887245],[-71.27062883440945,-32.80618273828946],[-71.27065911423239,-32.806211846675886],[-71.27060685808944,-32.806275299287435],[-71.27064824695672,-32.80629577467834],[-71.27059437337246,-32.80637273358958],[-71.27063037936969,-32.80640026135923],[-71.27058806913374,-32.806457971151474],[-71.27062909264784,-32.806476192364656],[-71.27058753548503,-32.80653519294286],[-71.27062315387805,-32.80656368410573],[-71.27057390994852,-32.80663229985099],[-71.2706019083563,-32.8066607534617],[-71.27055182230785,-32.80674094871344],[-71.27057756141802,-32.80676552997141],[-71.27054179695142,-32.80681329719463],[-71.27057659563218,-32.806850150303305],[-71.27058095864714,-32.80688041803645]]]]}},{"type":"Feature","properties":{"fid":24,"Nombre":"24","HAS":5.18,"Plantas":5180,"Alias:":"24","Especie":"Naranjas","Nombre_GeoJSON":"24","Alias_GeoJSON":"P24","potrero":"24","potrero_oficial":"24","especie":"NARANJA","variedades":"FUKUMOTO","hectareas_supabase":5.18,"plantas_supabase":5180,"normalizacion_estado":"COINCIDENCIA_ALIAS"},"geometry":{"type":"MultiPolygon","coordinates":[[[[-71.273422904929,-32.80577882264209],[-71.27348745307212,-32.80581131611322],[-71.27361837622236,-32.805776885620354],[-71.27371085621368,-32.80573679642043],[-71.27375236666195,-32.805684230045614],[-71.27378889943363,-32.80564918496958],[-71.27385474797104,-32.805644832835355],[-71.27393959613698,-32.80555097082305],[-71.27400808565099,-32.805453489128155],[-71.27408556854064,-32.80537793169533],[-71.27417762780924,-32.805344021395065],[-71.27427778567333,-32.80533709696177],[-71.27435779041588,-32.80529592775646],[-71.27439245564163,-32.8052413970517],[-71.27434896176739,-32.80519452763971],[-71.27425520767757,-32.805142907195325],[-71.27416711332818,-32.805099358608544],[-71.27410500180925,-32.80504499719857],[-71.27405072095429,-32.80501545026487],[-71.27398671565584,-32.80495947066687],[-71.27390783622648,-32.804905670481496],[-71.27388539691601,-32.804844424556464],[-71.27382399463961,-32.80479778889587],[-71.27376569346426,-32.804743445979156],[-71.27371029426433,-32.80471035394987],[-71.27367050029176,-32.80467959081323],[-71.27363412810482,-32.80469848257113],[-71.27361549737793,-32.80472638513154],[-71.27358743431085,-32.80476364707315],[-71.27352744011493,-32.80470623931067],[-71.27343229141596,-32.80463594881084],[-71.27335469785875,-32.804727593701166],[-71.27326982764095,-32.80482467289236],[-71.27330794533331,-32.80499127859709],[-71.27336170782381,-32.80510872567493],[-71.27339047310649,-32.80519395820254],[-71.273440987619,-32.805278795654914],[-71.27350249354541,-32.805320555913156],[-71.27352723108,-32.80534256619617],[-71.27353871669627,-32.80541382006943],[-71.27357590102842,-32.80544989674113],[-71.27355529539882,-32.80549519035174],[-71.27357798028707,-32.805531530412786],[-71.27355475013542,-32.80556870455571],[-71.27359183057813,-32.805600699535226],[-71.27348986677248,-32.80568197723874],[-71.27344547640865,-32.80571007503988],[-71.2734314993482,-32.80574797508465],[-71.273422904929,-32.80577882264209]]],[[[-71.27331622537706,-32.80566761100847],[-71.27337267679216,-32.80560321265235],[-71.27343560726956,-32.805538524294775],[-71.27346080360446,-32.80547590316064],[-71.27344454446403,-32.80540246029186],[-71.27339616667066,-32.80534559175944],[-71.27335769037657,-32.80528941532883],[-71.27330955623887,-32.80519715347116],[-71.27326019287092,-32.805117434508624],[-71.27323375564599,-32.805028175009284],[-71.2731978932958,-32.80492438967528],[-71.2731712347476,-32.80486730587275],[-71.27317035972837,-32.80482836764353],[-71.27318314055883,-32.804742840080834],[-71.27322163839467,-32.804685110804435],[-71.2733057332753,-32.80458995845075],[-71.27334920378527,-32.80452935763398],[-71.27338296127915,-32.80449605942219],[-71.27343829333185,-32.80442811612224],[-71.27346265854273,-32.80432012162326],[-71.27346544918508,-32.80424677220679],[-71.2734628351309,-32.80418369284659],[-71.27348725586141,-32.804122998516306],[-71.27347501745142,-32.80407435149273],[-71.27344422790483,-32.80400855972994],[-71.27340052462978,-32.8039369127584],[-71.27334035256307,-32.803877733893984],[-71.27329240763778,-32.80381346672357],[-71.27326604846101,-32.803768289807046],[-71.27320393844019,-32.80371392787426],[-71.27311659912833,-32.80367166922372],[-71.27303382288842,-32.80363071998793],[-71.27296208871547,-32.803590790228014],[-71.2729025816551,-32.80354577218944],[-71.27277688925663,-32.803484984113986],[-71.27265919786949,-32.80346228610247],[-71.27244168024428,-32.80333597728915],[-71.2723418939585,-32.80327660131807],[-71.27225867807867,-32.80328195972783],[-71.27222792085252,-32.80331372376544],[-71.27136374695357,-32.804325865323975],[-71.27126771737962,-32.80442742125097],[-71.27127648597273,-32.804448544276966],[-71.27130999224259,-32.80448264662015],[-71.27136309641784,-32.80451927310878],[-71.27143284801335,-32.804570455911204],[-71.27154177305333,-32.80463180630624],[-71.27164953528181,-32.80469604679122],[-71.27172357354702,-32.804733414473034],[-71.27179134286405,-32.80479584919232],[-71.27188124094947,-32.80485388797024],[-71.27198035399401,-32.8049016754156],[-71.27208255339944,-32.80496800440947],[-71.272171978926,-32.80501436296526],[-71.27224630586724,-32.8050661196493],[-71.27235660524157,-32.80514935626604],[-71.27247166741789,-32.805204944118756],[-71.27258545597127,-32.80527950992028],[-71.27265204120579,-32.80534805189512],[-71.27272749802391,-32.80540087077007],[-71.27282058707956,-32.80543833132532],[-71.27289531309518,-32.80548664174765],[-71.27294085535857,-32.80551260682772],[-71.27302924862717,-32.80556806316949],[-71.27310673263412,-32.8056031945053],[-71.27318464862606,-32.80563092724609],[-71.27331622537706,-32.80566761100847]]],[[[-71.27428722657179,-32.80353261585895],[-71.27417823484406,-32.80348092058168],[-71.27406203324203,-32.80342500687333],[-71.27393807932795,-32.80338836111531],[-71.2738317570821,-32.80333635683848],[-71.27375447398786,-32.80327226772108],[-71.27362658849856,-32.803197955490894],[-71.27352923764657,-32.803171092859294],[-71.27342607243713,-32.803158681177734],[-71.27332656210565,-32.803168811117],[-71.27317797767061,-32.80316808170099],[-71.27308156833946,-32.803170504236725],[-71.27301815189846,-32.80319529073265],[-71.27295963835864,-32.803228396322346],[-71.27289759846032,-32.80327353184455],[-71.2728535302034,-32.80331031871954],[-71.27280045765661,-32.80338213407853],[-71.27279086630422,-32.80344708413311],[-71.27285797082683,-32.803495357232684],[-71.27295288528504,-32.803544088646255],[-71.27306217547381,-32.80360769190758],[-71.27316249486077,-32.80364615311059],[-71.27323680971128,-32.80369864437279],[-71.27331964159922,-32.803786893646425],[-71.27338346849605,-32.80386861422622],[-71.27344092221082,-32.80392421358976],[-71.27346571383273,-32.80398678493524],[-71.27349331380452,-32.80407315419627],[-71.27354070509617,-32.804107172363274],[-71.27359073204369,-32.80409036409494],[-71.27365099221825,-32.80402598434172],[-71.27369284533997,-32.803978889747164],[-71.27374723319983,-32.80391850726275],[-71.27384161866478,-32.80389692504238],[-71.27391906776832,-32.80388153819784],[-71.27398654920893,-32.80387511193977],[-71.27407905965585,-32.803774852105036],[-71.27416506878295,-32.80367809979156],[-71.27428722657179,-32.80353261585895]]],[[[-71.27497086788044,-32.80517955395836],[-71.27480617489068,-32.805199627460446],[-71.27467113470179,-32.80530825466874],[-71.2745121608854,-32.8053315616997],[-71.27446029628872,-32.80538354887851],[-71.27411524586405,-32.80541023681934],[-71.27395895676158,-32.805616706379546],[-71.27406039463908,-32.80562970454001],[-71.27421541990859,-32.80564118017348],[-71.27449647153507,-32.805664657867965],[-71.27472623302366,-32.80568321000731],[-71.27496567430579,-32.80571430646357],[-71.27508317479726,-32.80574802352675],[-71.27520706623986,-32.80579432067822],[-71.2752686339948,-32.805761479788295],[-71.27529510225823,-32.80567988027789],[-71.27527561784511,-32.805576497557794],[-71.27522271984968,-32.80551188525964],[-71.27514907689175,-32.80541660350893],[-71.27506189931376,-32.805294870524634],[-71.27497086788044,-32.80517955395836]]]]}},{"type":"Feature","properties":{"fid":25,"Nombre":"Mirador 2","HAS":26.7,"Plantas":17799,"Alias:":"Mirador 2","Especie":"Paltas","Nombre_GeoJSON":"4","Alias_GeoJSON":"Mirador 2","potrero":"Mirador 2","potrero_oficial":"Mirador 2","especie":"PALTOS","variedades":"Hass","hectareas_supabase":26.700000000000003,"plantas_supabase":17799.333333000002,"normalizacion_estado":"COINCIDENCIA_EXACTA"},"geometry":{"type":"MultiPolygon","coordinates":[[[[-71.26854024751883,-32.801296261735686],[-71.2684738468438,-32.801281992696524],[-71.26840402471133,-32.80128397777198],[-71.26827915558036,-32.801316106254525],[-71.26815158115927,-32.801335906448486],[-71.26810573328802,-32.8011968360013],[-71.26782571585956,-32.80117761241756],[-71.2674814590703,-32.801148956458846],[-71.26725200528395,-32.801127117823356],[-71.26721367664221,-32.80107435564272],[-71.26693700315568,-32.800874677350265],[-71.26688698086876,-32.80081582809204],[-71.26677071635078,-32.80075080197198],[-71.26660967957355,-32.8006581724837],[-71.26637582588532,-32.800583513349096],[-71.26631635625964,-32.80058285333063],[-71.26627034633509,-32.80063008302557],[-71.26621517116179,-32.80072831129424],[-71.26615788329312,-32.800819569418465],[-71.26602259494462,-32.800926204942996],[-71.26598614466593,-32.80098176536698],[-71.26599973499852,-32.801030666640344],[-71.26610985637959,-32.801048152915754],[-71.26633924308572,-32.801041340474114],[-71.2664447926388,-32.80107971879799],[-71.26661223181031,-32.80116561712098],[-71.26687459422249,-32.80128268427899],[-71.26687477056566,-32.801321562858696],[-71.26686774580149,-32.80148290742738],[-71.26685058933963,-32.80153771329576],[-71.26674980848888,-32.80150810767583],[-71.26660042172765,-32.801439993012494],[-71.26639443498435,-32.801280881456705],[-71.26616336459715,-32.801152740831995],[-71.26593710938982,-32.801071239211495],[-71.26588589241037,-32.80106879481313],[-71.26582045548679,-32.801059472590126],[-71.265764970632,-32.801061515680544],[-71.26571166249875,-32.80104288717843],[-71.26562708489551,-32.801039863038305],[-71.26554093780274,-32.800997208851946],[-71.26548747543588,-32.80093048773903],[-71.26541805355929,-32.80091846193029],[-71.2653313415831,-32.80090393536533],[-71.26525967653943,-32.80088392782319],[-71.26519112465512,-32.80084111529143],[-71.26513123933398,-32.800790339189646],[-71.26504106329445,-32.80072086012258],[-71.26500020820521,-32.80061101151646],[-71.26493666205593,-32.80047561828695],[-71.26487751289947,-32.80028045407752],[-71.2648644013084,-32.800197731535455],[-71.26483887637528,-32.80007521108405],[-71.26479982823967,-32.79993244239734],[-71.26478821880261,-32.79983320466099],[-71.26482780411585,-32.79974562571466],[-71.26488459683257,-32.79980999304709],[-71.26498348116897,-32.79985308095502],[-71.26515587894541,-32.79986482867504],[-71.26541231398684,-32.79984390460683],[-71.26559233881756,-32.799840646220396],[-71.26575200514833,-32.79984490237174],[-71.2660191940426,-32.799799229685675],[-71.26631034896002,-32.79979293744885],[-71.26676411488026,-32.79986501763395],[-71.26684403222592,-32.79988324009492],[-71.26693391230064,-32.79990822081133],[-71.2673823899758,-32.799885305726974],[-71.26743502461156,-32.799936237363895],[-71.26769051857036,-32.80025899109601],[-71.26774345712569,-32.80029682601062],[-71.26798148609082,-32.800578363952035],[-71.26796792053632,-32.80061536198787],[-71.26818758406569,-32.8008400621244],[-71.2682978646668,-32.80092895489021],[-71.26839556255884,-32.80103477213532],[-71.26844391994108,-32.80107671496081],[-71.26847962964924,-32.80112392454649],[-71.2684710467525,-32.80115502508445],[-71.26851931651855,-32.80121028300448],[-71.26858364460968,-32.80127712408983],[-71.26854024751883,-32.801296261735686]]],[[[-71.26507984891191,-32.80080531075675],[-71.26513812302511,-32.8008623766541],[-71.26519047321231,-32.80089235269624],[-71.26527646738734,-32.800929463553466],[-71.26530993778577,-32.800954014684336],[-71.26560069783922,-32.80112274038325],[-71.26574786168524,-32.80120583177158],[-71.26582599975868,-32.80114112174525],[-71.26589558555376,-32.80113443204437],[-71.26597034249286,-32.801140848148165],[-71.26611641804757,-32.801202103871574],[-71.26619386913096,-32.801309090999744],[-71.26630757464675,-32.80145939491006],[-71.26643221691015,-32.80151230338658],[-71.2665734600779,-32.80159242787942],[-71.2666990545737,-32.80182343261178],[-71.26675426627418,-32.80199746458379],[-71.26680231339131,-32.80216294498044],[-71.26683326479748,-32.80229929467104],[-71.26690102780837,-32.80251183220767],[-71.2669288423663,-32.80262390585888],[-71.26691173665854,-32.80276918767628],[-71.26682458931354,-32.8029075660192],[-71.26670862477273,-32.80305361246221],[-71.26654332826553,-32.803208719326754],[-71.26639686189654,-32.80329610591365],[-71.26624107943879,-32.803329829089286],[-71.26612694864521,-32.80331885361315],[-71.2659585694456,-32.80323508821188],[-71.26588720650736,-32.803198676333515],[-71.26576412646975,-32.80320285499778],[-71.26566281350571,-32.803236912160266],[-71.26555455252553,-32.80325517920162],[-71.26546918576027,-32.80317604516731],[-71.26543209769717,-32.80310474427117],[-71.26546691197454,-32.802952097856995],[-71.26546786288135,-32.80277186588843],[-71.26547336683481,-32.80263625038752],[-71.26546523539642,-32.802413866462494],[-71.2653955679794,-32.80227801398724],[-71.26532675138014,-32.80217688367924],[-71.26520033688725,-32.802070826052976],[-71.26509397701109,-32.80192300177194],[-71.26488755662085,-32.80177928097426],[-71.26475755017886,-32.801673553969614],[-71.26467231466013,-32.801539135851726],[-71.26459905782343,-32.80145990887974],[-71.26452643141751,-32.801338658348776],[-71.26446796053608,-32.80125192744316],[-71.26440165032135,-32.801160801200204],[-71.26446427830146,-32.801176524301994],[-71.26459280145299,-32.80123325800211],[-71.26473160256873,-32.801275738291736],[-71.26484316164546,-32.80130435221724],[-71.26500091660431,-32.801277787263444],[-71.26515423816583,-32.801198150336624],[-71.2651045103787,-32.80112750247665],[-71.26506004052852,-32.80102719893911],[-71.26500875537744,-32.80093980604292],[-71.26501365147163,-32.80083700010156],[-71.26507984891191,-32.80080531075675]]],[[[-71.26410912838652,-32.80117455461868],[-71.26445893445202,-32.80150878973284],[-71.26455287011932,-32.80164590468695],[-71.26461798050376,-32.801750142896736],[-71.26483335811473,-32.80201230793273],[-71.26503674086838,-32.802143154754],[-71.2651039228732,-32.80233057093116],[-71.26522836796006,-32.802503506201745],[-71.26529856207151,-32.80288933717535],[-71.26519384876774,-32.802986731092474],[-71.26528364068214,-32.80330042888329],[-71.26533550973183,-32.80345150334932],[-71.26527056861909,-32.80353065749694],[-71.26524566488354,-32.803605184180086],[-71.26520594434608,-32.80378292518445],[-71.26515032709396,-32.804000164767274],[-71.26511000400971,-32.80410035630235],[-71.26510460461333,-32.80416436157799],[-71.26517816245773,-32.80421556698928],[-71.2653631308836,-32.804353560499905],[-71.26531075652042,-32.804597523119476],[-71.26517911285966,-32.805318449924705],[-71.26518919684624,-32.805501895242735],[-71.26535165758003,-32.80569898226431],[-71.26557092595596,-32.80589088124673],[-71.26555695871323,-32.80603625158069],[-71.26547692375858,-32.80620349568251],[-71.265234319169,-32.80635839951537],[-71.26504174965947,-32.806582398160536],[-71.26478872884496,-32.80690141284333],[-71.26407668554184,-32.806853042179796],[-71.26353615950427,-32.806727147195005],[-71.26361982680666,-32.80668054305325],[-71.26373990605205,-32.80665310169762],[-71.26396340501002,-32.80660998921059],[-71.26370200945247,-32.80647235537905],[-71.26345528083122,-32.806305475344345],[-71.26320494874787,-32.806227686424386],[-71.26282157103802,-32.806173364725566],[-71.26257959897718,-32.80616548859477],[-71.26308909686962,-32.80585409158821],[-71.26311620278813,-32.80558816847463],[-71.26315341957361,-32.80553032532683],[-71.26320523938247,-32.8054763016892],[-71.26320130682099,-32.80532119659462],[-71.26304061264607,-32.80489532589617],[-71.26312057278112,-32.80461619631094],[-71.26298947055744,-32.8043232840514],[-71.26290023726797,-32.804187789595225],[-71.2628089784073,-32.80405762071527],[-71.2628122047797,-32.80395446891893],[-71.2628551534028,-32.803816819898294],[-71.2630007444367,-32.803622345559766],[-71.26310518410486,-32.80354250666222],[-71.26316555293866,-32.80340854717053],[-71.26323883073609,-32.80337727855718],[-71.26334402674699,-32.80332174276434],[-71.26346233883027,-32.80302966866972],[-71.2635332823266,-32.802967131910535],[-71.26369992378743,-32.802674183572876],[-71.26375944122097,-32.80254243239544],[-71.263826586157,-32.802520800035786],[-71.26394544524148,-32.8024410620566],[-71.26400516919664,-32.80231747420597],[-71.26402149938671,-32.80219875484876],[-71.26410024457142,-32.80206257213414],[-71.26412160614758,-32.801901288712294],[-71.26408023317894,-32.801688922551016],[-71.26405279258884,-32.80152491916671],[-71.26405207186507,-32.80143106497165],[-71.26406192853639,-32.80133576045989],[-71.26410912838652,-32.80117455461868]]],[[[-71.262360064309,-32.80719746183079],[-71.26271170293639,-32.807095462595875],[-71.26286586850128,-32.80734123882555],[-71.26302255844354,-32.80741892083241],[-71.26316293790399,-32.807529835413575],[-71.26328159036663,-32.807676993498035],[-71.26334164939901,-32.80780610295194],[-71.2634302283124,-32.807913195017235],[-71.26352392472148,-32.80798500493446],[-71.26357427656409,-32.80806372411243],[-71.26358088564899,-32.80822898966478],[-71.26359576398264,-32.808338977287335],[-71.26389441249492,-32.808388703685765],[-71.26394122206875,-32.80836600746887],[-71.26399700522167,-32.80835216714891],[-71.2640293573225,-32.80840087510606],[-71.26400005655977,-32.80844144625974],[-71.26390300558597,-32.808492354458515],[-71.26382826303453,-32.80854507637485],[-71.263719890964,-32.808657293355964],[-71.26362159944901,-32.8087856622484],[-71.26354422971916,-32.80888098401052],[-71.26344212359035,-32.808954293405264],[-71.26334588577204,-32.809068332413794],[-71.26323756422612,-32.80918258987778],[-71.26317952735208,-32.809277561807136],[-71.26307538152467,-32.809461164525594],[-71.26292958200298,-32.80962306064387],[-71.26275067235582,-32.80981414033037],[-71.2625982791041,-32.80990673439812],[-71.26237330971682,-32.80999256677412],[-71.26225332341811,-32.810006691916826],[-71.26214222264016,-32.81003330440238],[-71.26200717709607,-32.81011381180501],[-71.26195108786051,-32.81017220355798],[-71.26188964105592,-32.81021727100961],[-71.26174149681364,-32.81029679554639],[-71.26159015894628,-32.81034312156961],[-71.26145747531956,-32.810352786165986],[-71.26137842050994,-32.81027562659438],[-71.2612834787271,-32.81016461825369],[-71.26127279661671,-32.810124148773795],[-71.26132053431951,-32.81010900381113],[-71.26145179113836,-32.81008360584808],[-71.26160287685123,-32.810056892767236],[-71.26166961581727,-32.81002464399168],[-71.26191718874477,-32.809905110810675],[-71.2620010775717,-32.809850810961144],[-71.26214737152014,-32.80982453865154],[-71.26236106811317,-32.80976646762372],[-71.26245856376792,-32.809688746800816],[-71.26254641827173,-32.80954058760844],[-71.26255510543427,-32.80935452555589],[-71.26254449804486,-32.80922551261815],[-71.26250527524734,-32.80915645464833],[-71.26242386878839,-32.80908923608509],[-71.26235147861485,-32.80903551641477],[-71.26227047501334,-32.80904081541382],[-71.26216338346742,-32.80907126971087],[-71.2619825837964,-32.809116586037284],[-71.26181911907716,-32.80914597543387],[-71.26178418724577,-32.809119510826996],[-71.2618129117127,-32.808957191521536],[-71.26191515935679,-32.80880630629044],[-71.26195494644709,-32.808730551336126],[-71.26190405023232,-32.808701865229494],[-71.26175914159232,-32.8087379889372],[-71.2616678490762,-32.80874435237697],[-71.2616420641449,-32.80873239823383],[-71.26168448677562,-32.80867214372186],[-71.26173186372857,-32.80863351437951],[-71.26174932596041,-32.80858317489313],[-71.26173209308156,-32.80852860708265],[-71.26168929977177,-32.80850696089815],[-71.26158252351905,-32.8085341981079],[-71.26142364854182,-32.80856404819366],[-71.26133806310621,-32.8085737618207],[-71.26130463935746,-32.80855979823696],[-71.26135054659282,-32.80849390635414],[-71.26155134831372,-32.80821259416752],[-71.26152252233781,-32.80817227921389],[-71.26147372220231,-32.80812354467317],[-71.26138665511752,-32.80814384829035],[-71.2612707326117,-32.808156574679124],[-71.26117530285224,-32.80816843664664],[-71.26105394623487,-32.808190954557716],[-71.26118767278916,-32.80811407277324],[-71.26131637889978,-32.80804080319261],[-71.26143537197967,-32.80796740474096],[-71.26150107511135,-32.8078661621366],[-71.26154508952295,-32.807774742786926],[-71.26155469069536,-32.80767656325029],[-71.26154364685084,-32.80757467318805],[-71.26153987885509,-32.8074736725438],[-71.26156241181742,-32.80737458353955],[-71.2615883750889,-32.80729693757992],[-71.2617719217243,-32.80727007177244],[-71.26179831048356,-32.80731995153458],[-71.26188240188274,-32.80729903476568],[-71.26186162061046,-32.807242240151254],[-71.26214390155071,-32.807175412087794],[-71.26219510068852,-32.80724336672391],[-71.26226550704737,-32.80723483293604],[-71.262360064309,-32.80719746183079]]],[[[-71.25779353570142,-32.80871534524408],[-71.25802163426408,-32.80874798231814],[-71.25824273080477,-32.808694989961786],[-71.25851658110324,-32.8086247108704],[-71.25863216904746,-32.808606290533675],[-71.2585059025726,-32.80877599633557],[-71.25841675355649,-32.80888377839762],[-71.2584031829196,-32.808920775579004],[-71.25852319151495,-32.80888594120907],[-71.25847960875775,-32.80907457275804],[-71.25843406341214,-32.809185651539075],[-71.25850222177945,-32.809203818592174],[-71.25855562702672,-32.80926002504033],[-71.25846681858619,-32.80942905481128],[-71.25836329250725,-32.80949421862154],[-71.25824610770265,-32.80949735409772],[-71.25818170331539,-32.80948422365886],[-71.25821497957551,-32.80955712780593],[-71.25826903555064,-32.80968682721181],[-71.2582027100129,-32.80974111065358],[-71.25813622948289,-32.809789271476625],[-71.25826355150917,-32.809852311472696],[-71.2585221760135,-32.810003152411234],[-71.25843802257235,-32.81008357451651],[-71.2583592759083,-32.81014766511908],[-71.25824767768026,-32.81022828796909],[-71.25816219859826,-32.810290063290694],[-71.25801381888301,-32.810308927697626],[-71.25791781945465,-32.810335169090315],[-71.25781402428018,-32.810338586878075],[-71.25770322524392,-32.81030651129874],[-71.25760772279651,-32.81025216114526],[-71.25750504171535,-32.810179733950434],[-71.25741973879764,-32.81012924776539],[-71.25731111600128,-32.809982649027525],[-71.25724909676624,-32.80987781786949],[-71.25723468403758,-32.809784979265615],[-71.25729059473151,-32.80966976844623],[-71.25733704973493,-32.80964238721196],[-71.25731100314661,-32.80961631368676],[-71.25744936136168,-32.8094943730827],[-71.25747457726331,-32.80943981068412],[-71.25741515658352,-32.80938473316242],[-71.25747392725565,-32.8093663178094],[-71.25746942463067,-32.80933168852262],[-71.25731994521317,-32.809300695147456],[-71.25727715779416,-32.80923408767082],[-71.25721583222122,-32.80915148017602],[-71.25712571276338,-32.8090775591351],[-71.25707822122538,-32.809016140908746],[-71.25703926113181,-32.80890964931568],[-71.25701608708525,-32.80880593570923],[-71.25700908609763,-32.80872030658201],[-71.25698567991019,-32.80860740907437],[-71.25699922084169,-32.808521409488556],[-71.25701854542599,-32.80842509662247],[-71.25704327104557,-32.80835114609364],[-71.2570802606775,-32.80828412066563],[-71.2571072828824,-32.80830098858283],[-71.25711934501071,-32.80834773232648],[-71.25715663205949,-32.80843587792648],[-71.25722816116881,-32.808491758109604],[-71.25730462697857,-32.808551632797645],[-71.25734931458277,-32.808597788058066],[-71.25740081355752,-32.80862646518726],[-71.25758711008551,-32.80867925410409],[-71.25779353570142,-32.80871534524408]]],[[[-71.25558477086881,-32.80827934826015],[-71.25603318517534,-32.808110115675724],[-71.2560981523181,-32.80804067379263],[-71.2561104514669,-32.808126542302254],[-71.2560919365505,-32.808189659696374],[-71.25588268344877,-32.8083900948321],[-71.25598161133027,-32.808527351931076],[-71.25593080071391,-32.808575019357995],[-71.2559297299982,-32.808632436276234],[-71.25564427587324,-32.80881532254013],[-71.25574678639495,-32.80912113427427],[-71.25580324064212,-32.809175928829006],[-71.25590131716626,-32.80921028286145],[-71.2560076871527,-32.80946149135656],[-71.25603259518596,-32.80956052841507],[-71.25607784017028,-32.80972319947979],[-71.25635485833763,-32.80995513864024],[-71.25648675492236,-32.81000788902094],[-71.25660173453231,-32.81006094429529],[-71.25671882137569,-32.8101017106936],[-71.25705301298039,-32.81018963173488],[-71.25709612308839,-32.81041084102026],[-71.25733532456032,-32.810648792674954],[-71.2575103308064,-32.810746289276096],[-71.2575845880042,-32.8109083352231],[-71.25761663846225,-32.8110814328777],[-71.25743877239258,-32.81112135440703],[-71.2573757489954,-32.81104629847311],[-71.25730612790231,-32.81094830862804],[-71.2571429938803,-32.81078318819927],[-71.25699604066041,-32.81064011899099],[-71.25691994972752,-32.81064528464654],[-71.2569073551974,-32.810723004388805],[-71.25684027186725,-32.81084177149626],[-71.25673494431139,-32.81098350760584],[-71.25669124515946,-32.8110669558858],[-71.25665543885891,-32.81110544803711],[-71.25661835512331,-32.81116005750923],[-71.25653224215432,-32.81123316654497],[-71.25638104973741,-32.8112934755061],[-71.25615221766284,-32.8113892652942],[-71.25599780659512,-32.81141371890586],[-71.25580114326914,-32.8114676513601],[-71.25563264160861,-32.811486237150476],[-71.25552499020384,-32.81148796094448],[-71.2553310990477,-32.81144133037041],[-71.25519318865867,-32.81141052778492],[-71.25499914478112,-32.81137209909743],[-71.25486438015488,-32.811360965566614],[-71.25471661499004,-32.81133362865078],[-71.25457379428309,-32.8112976480127],[-71.25442340619608,-32.81124563290489],[-71.25432692038204,-32.81120676398599],[-71.25422471797995,-32.81115680798282],[-71.25419292612455,-32.81109832248557],[-71.25416253029618,-32.81101309640793],[-71.254150970923,-32.81095172465934],[-71.25411948543045,-32.810876834297645],[-71.2540343817996,-32.81079971545961],[-71.25394999418823,-32.810756307479096],[-71.25384918382414,-32.81073590571073],[-71.25376004539493,-32.81073080596612],[-71.25371156119931,-32.81074496064239],[-71.25362833648659,-32.81075226910451],[-71.25351168230053,-32.81075981171229],[-71.25342134603132,-32.810754821997605],[-71.25332567865233,-32.81069914599566],[-71.25326753552716,-32.81064308614775],[-71.25322143853487,-32.81055828176305],[-71.25318233007637,-32.810499446055616],[-71.2531192374621,-32.810508324792586],[-71.25299994343732,-32.810522967122225],[-71.25292450431428,-32.810407942788856],[-71.25296635712554,-32.81034185184811],[-71.25292953457594,-32.81022409051877],[-71.25289178941256,-32.81016555789309],[-71.25298238908856,-32.810114923786124],[-71.25302892064416,-32.81004262320709],[-71.25307098047317,-32.810003044344],[-71.25296631530964,-32.80976498279754],[-71.25291765838088,-32.80958522478877],[-71.25291669732168,-32.80952398525672],[-71.25301087673064,-32.80949987799197],[-71.25302045248682,-32.80932406312913],[-71.25304857726515,-32.80928884625968],[-71.25307822410836,-32.809167168990655],[-71.25317641418154,-32.809007669477474],[-71.25321084745059,-32.808748614613556],[-71.25323636850284,-32.808542580715404],[-71.25316237250075,-32.80833736192646],[-71.25316632525748,-32.80820661573889],[-71.25322586174593,-32.808074868843235],[-71.25328169820435,-32.807988108077595],[-71.25326411164532,-32.80796188134394],[-71.2531750035728,-32.80797573640437],[-71.25311124919214,-32.80791131586447],[-71.25303090057783,-32.807795887782525],[-71.25296158789766,-32.80773778550047],[-71.25279618617567,-32.807742776378355],[-71.2527697049115,-32.80762775970106],[-71.2527105673367,-32.807487940121966],[-71.2527072192904,-32.807355283530626],[-71.25276401563202,-32.80735269854712],[-71.25287658424945,-32.807459531244376],[-71.25296107290332,-32.80743332976791],[-71.2530120922468,-32.80749055723139],[-71.25305908993474,-32.80758704942314],[-71.25325902054507,-32.80768993357782],[-71.25337265997548,-32.807767496398924],[-71.25346339986707,-32.80785074967287],[-71.25352961306373,-32.80787075427824],[-71.2535080227477,-32.80796639584651],[-71.25345519078176,-32.8080782195666],[-71.25340909970893,-32.808181234366415],[-71.25339804819583,-32.80829279410957],[-71.25340311284091,-32.80839775249271],[-71.25346518561159,-32.80845140337473],[-71.25348118495592,-32.808611348015276],[-71.25349829029699,-32.80878765930021],[-71.25352552557845,-32.80893111172576],[-71.25359664598929,-32.809066631466486],[-71.25369846242081,-32.80917301323798],[-71.25390327015441,-32.80924078779545],[-71.25400595761083,-32.80928589971823],[-71.25416587317903,-32.809299353846974],[-71.25442194189013,-32.80929065776901],[-71.25464581988987,-32.809251914161464],[-71.2548666622249,-32.80918872329971],[-71.25503453604156,-32.80903868925709],[-71.25504337099053,-32.808909896917726],[-71.2550427845297,-32.80862505541031],[-71.25510588773739,-32.808447290367745],[-71.25518591465969,-32.80833154193504],[-71.25530067799335,-32.808280470794834],[-71.25545373485282,-32.80826889580697],[-71.25558477086881,-32.80827934826015]]]]}},{"type":"Feature","properties":{"fid":26,"Nombre":"7","HAS":12.34,"Plantas":20567,"Alias:":"7","Especie":"Naranjas","Nombre_GeoJSON":"7","Alias_GeoJSON":"P7","potrero":"7","potrero_oficial":"7","especie":"NARANJA","variedades":"FUKUMOTO / CARA CARA","hectareas_supabase":12.340000000000002,"plantas_supabase":20566.666668,"normalizacion_estado":"COINCIDENCIA_ALIAS"},"geometry":{"type":"MultiPolygon","coordinates":[[[[-71.2668982592209,-32.80157835554368],[-71.26695096238846,-32.80128281000114],[-71.26653248378857,-32.801073683390975],[-71.26638041985879,-32.80101298009618],[-71.26610754644634,-32.80101151809271],[-71.26603853790469,-32.80099331324045],[-71.2660518403861,-32.80093681561354],[-71.26617626435021,-32.80086802912713],[-71.26623390165784,-32.80079823329513],[-71.26631052540966,-32.80068779265023],[-71.26636269700752,-32.80062259470737],[-71.26647068401823,-32.80064232446265],[-71.26661236051442,-32.80070705568974],[-71.26677921242835,-32.800816549502585],[-71.26710009278612,-32.80105821303484],[-71.2672346513868,-32.801152259054334],[-71.26796491037604,-32.80122312355241],[-71.2680533241301,-32.80123132175137],[-71.2680689871199,-32.801344742763284],[-71.26803621604218,-32.80139643180057],[-71.26798724765739,-32.80146460646983],[-71.26800530527294,-32.8015045797117],[-71.26805200338634,-32.80149797631994],[-71.2680496313382,-32.801421376489145],[-71.26810430730036,-32.80139234417606],[-71.26824518568776,-32.801354143703485],[-71.26837904356064,-32.80132365147696],[-71.26853278683762,-32.80132122490627],[-71.26867678132737,-32.801404613282834],[-71.26881392617545,-32.80157052564782],[-71.268995807091,-32.801786722065245],[-71.26906931509494,-32.80189621566975],[-71.26904055962395,-32.80215617099841],[-71.26903518323772,-32.802263136572],[-71.26900544035827,-32.802484248656995],[-71.26892140096554,-32.80272205359171],[-71.26883833413373,-32.803095538545115],[-71.26877409348687,-32.80328905362479],[-71.26871652798638,-32.803572200086464],[-71.26868623268003,-32.80392249936014],[-71.2686425287385,-32.804281677467266],[-71.26850639116368,-32.804086345334106],[-71.26845422240137,-32.803936198453435],[-71.26847933132508,-32.80378260915194],[-71.26849209817988,-32.803619034592714],[-71.26854594607323,-32.80345471544181],[-71.26859516818087,-32.80329864727173],[-71.2686166884224,-32.80319412593738],[-71.26858811482403,-32.80302109172371],[-71.2685392109398,-32.80275975384277],[-71.26846363875822,-32.802643894617155],[-71.2683529628735,-32.8025189887849],[-71.2682543697272,-32.80234690933526],[-71.26816544293574,-32.802137090989035],[-71.26790015439644,-32.8019599067145],[-71.26766313419151,-32.80181389327817],[-71.2675474154184,-32.801799994922376],[-71.26737875873367,-32.80177971709223],[-71.26729513705817,-32.80175160085696],[-71.26710069374255,-32.80166307473348],[-71.2669504584164,-32.80161653319587],[-71.2668982592209,-32.80157835554368]]],[[[-71.26679522260918,-32.80173591919168],[-71.26691721414446,-32.80180376470824],[-71.26704952293973,-32.80181767154044],[-71.26715285250481,-32.80199427337343],[-71.26734618153988,-32.80202387530814],[-71.26756031738117,-32.80206749300803],[-71.26767006843403,-32.80209429066222],[-71.26782339230888,-32.8021591598797],[-71.26793888946253,-32.80227796847917],[-71.26790866603132,-32.802295787737705],[-71.26789110737771,-32.802326242904485],[-71.26797246098873,-32.802324857114805],[-71.26800625184372,-32.80238037757489],[-71.26806658129354,-32.80247427826349],[-71.26815570122754,-32.80262810784949],[-71.26820690687441,-32.80276535283771],[-71.26828245824692,-32.80285465964649],[-71.2683327138108,-32.802954499956215],[-71.26841791601406,-32.8030882501063],[-71.26850833854014,-32.80322622347627],[-71.26848618648557,-32.80336047997734],[-71.26844502561187,-32.803417358735345],[-71.26844331504623,-32.803551244740824],[-71.26840249064446,-32.80382257324865],[-71.26838614334832,-32.80398407124305],[-71.26839942030402,-32.804037084750014],[-71.26850581149083,-32.804266883922324],[-71.26850363370664,-32.80458356959217],[-71.26844404902505,-32.804921445951734],[-71.26841941058927,-32.804957875032535],[-71.26840245715817,-32.80513368778381],[-71.2682500702029,-32.805268954503276],[-71.2682642246858,-32.80535649532869],[-71.26821769641747,-32.80540339619288],[-71.26817575951644,-32.805563918598224],[-71.26817200156529,-32.80561724083219],[-71.26813880874329,-32.80565238558911],[-71.26814186480682,-32.805705584335676],[-71.26810896438268,-32.80575223819288],[-71.26804488795835,-32.80584142357366],[-71.26803063195766,-32.805888952000096],[-71.26765221190611,-32.80591289177524],[-71.26753788993629,-32.805933339179575],[-71.26742966125688,-32.80595571787933],[-71.26736125463675,-32.80597533327646],[-71.26723000023452,-32.806043048316226],[-71.26711170004234,-32.80609725693362],[-71.26696908786005,-32.80619376250236],[-71.26690756796258,-32.80619896038839],[-71.26672877431406,-32.80625120165369],[-71.26661749015281,-32.80629609469213],[-71.2665667153583,-32.80629599333901],[-71.26636925258134,-32.80632713340025],[-71.26612176609385,-32.80638776397806],[-71.26604780022504,-32.806378894265514],[-71.26603958023881,-32.80627257505897],[-71.26601631869526,-32.806165953943385],[-71.2660418650573,-32.805944381778076],[-71.26601450241638,-32.8058795702931],[-71.2660248898307,-32.805755740707106],[-71.26603696940238,-32.80566248760168],[-71.2660815862349,-32.805602216514934],[-71.26609151863168,-32.80548900305072],[-71.26605471650504,-32.805466618240224],[-71.26606848129474,-32.80535020611137],[-71.2661148614542,-32.80509172851167],[-71.26603438720961,-32.804909789101764],[-71.26595415603106,-32.80479538138266],[-71.26592231387153,-32.80469903197014],[-71.26592512015247,-32.80463633693944],[-71.26594520938878,-32.8044072579044],[-71.26591293518501,-32.8043825966347],[-71.26591051320564,-32.80427944155947],[-71.26572112673769,-32.80390180667849],[-71.26571189198742,-32.80386785716316],[-71.26567669739045,-32.80378307569857],[-71.26560609545137,-32.803667935668635],[-71.26559483042402,-32.80357158156779],[-71.2655866366457,-32.8034331342785],[-71.26560032942125,-32.8033233763094],[-71.26576735129412,-32.80324657032952],[-71.2658822875559,-32.80325440125125],[-71.26594685646415,-32.8032945099457],[-71.26601223101076,-32.8033314737148],[-71.26611693496129,-32.8033914248697],[-71.26629875648973,-32.803407628610366],[-71.26655986948948,-32.80326507947721],[-71.26671933202756,-32.80311824540821],[-71.26690571277844,-32.802872823232974],[-71.26698131191117,-32.802708110722975],[-71.26697148406963,-32.80259515440166],[-71.2669446726752,-32.80250960054599],[-71.26689329811981,-32.80235248585649],[-71.26685340029,-32.802164377474575],[-71.26675121128076,-32.80188003813236],[-71.26671976163769,-32.80178672337451],[-71.26679522260918,-32.80173591919168]]],[[[-71.26536679627627,-32.80352711385404],[-71.26553267938468,-32.80394334285936],[-71.26559501590712,-32.80401926849504],[-71.26561681504488,-32.8041168729641],[-71.26571937878589,-32.80424303357246],[-71.26576503151763,-32.804444205374985],[-71.26569970241357,-32.80452432313061],[-71.26544376093375,-32.80440142231906],[-71.26544130950694,-32.80431581946478],[-71.2653286300974,-32.804301744976605],[-71.2652844779936,-32.80424071102369],[-71.26513569915853,-32.80415824172378],[-71.26528900282315,-32.80353702366883],[-71.26536679627627,-32.80352711385404]]],[[[-71.26538534971456,-32.80452758733985],[-71.26571570847233,-32.804633160707205],[-71.26594989896122,-32.80503460510777],[-71.2659333976132,-32.805160978491585],[-71.26588204843965,-32.80520319700347],[-71.26583088525138,-32.80527341035094],[-71.26583026858506,-32.805381334427395],[-71.2658656929515,-32.80558216000862],[-71.26576837056396,-32.80560580928493],[-71.26538719961029,-32.80530080843612],[-71.26524975901248,-32.80523126651285],[-71.26524290174244,-32.80512183081386],[-71.26524471541373,-32.805025630771844],[-71.26529168770116,-32.80501009761231],[-71.26532184666522,-32.80461897592479],[-71.26537370211459,-32.80461344187456],[-71.26538534971456,-32.80452758733985]]],[[[-71.2653010829796,-32.80535668998306],[-71.26540667908809,-32.805457928724444],[-71.26552858881742,-32.80556922328586],[-71.26565366787494,-32.80566315791481],[-71.26576861488141,-32.805734839991736],[-71.26585013730107,-32.805791554555974],[-71.26584915136853,-32.80593312814488],[-71.26566583036076,-32.80605030683361],[-71.26563329972271,-32.80607106021681],[-71.26561215002289,-32.805880145926196],[-71.26546749196567,-32.80575264995403],[-71.26533127457823,-32.80561682974749],[-71.26521785013254,-32.80549077578234],[-71.26521915753723,-32.8053578915132],[-71.2653010829796,-32.80535668998306]]],[[[-71.26572159296903,-32.806085656713265],[-71.2657880909243,-32.806220808367776],[-71.26585996557773,-32.80629517228718],[-71.26585772009349,-32.80639877083705],[-71.2657914282572,-32.80645282059063],[-71.26567625386673,-32.806577738492784],[-71.26554343882125,-32.80666427810394],[-71.26529133366165,-32.806810073773505],[-71.2651789779588,-32.80685842417234],[-71.26495961455616,-32.80684381907196],[-71.2649712851542,-32.8067547469915],[-71.26506357823816,-32.80663293359708],[-71.26518801108676,-32.80646285853412],[-71.26541308368131,-32.80628114895356],[-71.26572159296903,-32.806085656713265]]],[[[-71.26517311636188,-32.806953250975994],[-71.26515132376373,-32.807101893482404],[-71.26508635841193,-32.80722828852224],[-71.26504378835331,-32.807330529741044],[-71.2649996910439,-32.80740617150368],[-71.26493935520662,-32.80747994817413],[-71.26486085822296,-32.80754325871218],[-71.26478978982291,-32.8075970793128],[-71.2647302758878,-32.80762930631054],[-71.26466370271669,-32.80766556882707],[-71.2645836606342,-32.80763484975474],[-71.26452814830736,-32.80758981148946],[-71.26445290435512,-32.80750462607295],[-71.26438247545966,-32.80746340424533],[-71.26438286515203,-32.80741281972385],[-71.26449252153887,-32.80730020495999],[-71.26459297615615,-32.807195477233805],[-71.26470111472034,-32.807091330039256],[-71.26483310863894,-32.80702057465899],[-71.26500405526431,-32.80697867730257],[-71.26517311636188,-32.806953250975994]]],[[[-71.26472060209991,-32.80701973196109],[-71.26464385138652,-32.807118273659114],[-71.26452611195775,-32.80724706265806],[-71.26443848260422,-32.807319893638564],[-71.2643503362487,-32.807338760087816],[-71.26426174603925,-32.80730653928187],[-71.26415865752034,-32.80727386105026],[-71.26407154623438,-32.807199153936004],[-71.2639786369072,-32.80713102850061],[-71.26390475857728,-32.8070740731613],[-71.26386665466875,-32.807016470671066],[-71.26389781205653,-32.80693458649308],[-71.2639978886535,-32.806949328160165],[-71.26411677718282,-32.80696660803302],[-71.26424519943795,-32.806990192171014],[-71.26440022142413,-32.80698738747469],[-71.26455651490357,-32.80700111155307],[-71.26465267355864,-32.8069957733547],[-71.26472060209991,-32.80701973196109]]]]}},{"type":"Feature","properties":{"fid":28,"Nombre":"25","HAS":11.84,"Plantas":13156,"Alias:":"25","Especie":"Mandarina","Nombre_GeoJSON":"25","Alias_GeoJSON":"P25","potrero":"25","potrero_oficial":"25","especie":"MANDARINA","variedades":"MURCOTT","hectareas_supabase":11.84,"plantas_supabase":11422.222223,"normalizacion_estado":"COINCIDENCIA_ALIAS"},"geometry":{"type":"MultiPolygon","coordinates":[[[[-71.2724893618413,-32.79807103766499],[-71.27259679640899,-32.79803963538317],[-71.27267357459178,-32.798033578335264],[-71.27268594969077,-32.79809180308274],[-71.2726915794316,-32.798191591969655],[-71.27268161945447,-32.79830203053366],[-71.272652889838,-32.79841727071442],[-71.27261223853233,-32.798627777069385],[-71.2726214404449,-32.798736448488576],[-71.27265664588086,-32.7988775225899],[-71.2726862142452,-32.79904061112889],[-71.27270598150147,-32.79918413250298],[-71.27271545187277,-32.799351121606044],[-71.27246480208996,-32.79940903738425],[-71.27247377727296,-32.799440963347074],[-71.27232199628261,-32.79948920094977],[-71.27215300678434,-32.799520224732184],[-71.27202143801011,-32.79959422765334],[-71.27196927525367,-32.79964481038004],[-71.27190151837308,-32.7997467993006],[-71.27185143702427,-32.79982699493311],[-71.27179116158555,-32.799841683751225],[-71.27175738687133,-32.79983353917543],[-71.27172026727953,-32.799843081194396],[-71.2716929268013,-32.79991906340731],[-71.27160888909485,-32.800099061853],[-71.27153296544861,-32.80026308068785],[-71.27146827130059,-32.80041877138016],[-71.2714485017041,-32.80046790460641],[-71.27141917439388,-32.80052181728539],[-71.27137800335447,-32.80060268915724],[-71.27143443330313,-32.80062936313713],[-71.27140930333192,-32.800682331181626],[-71.2713837103367,-32.80074327721077],[-71.2714027814778,-32.80077279660989],[-71.27138102985397,-32.800822127551],[-71.27134011312957,-32.80093650932331],[-71.27126288275667,-32.80113516039596],[-71.27119528237894,-32.80117146122135],[-71.27115715939242,-32.80119968838581],[-71.27110882153237,-32.801242305192474],[-71.27105743859487,-32.801282458457],[-71.27101215982813,-32.801311346368],[-71.27095641851533,-32.801346497256546],[-71.27082129551351,-32.801428873857496],[-71.27075925678021,-32.801468860503306],[-71.27071319928866,-32.80150064103903],[-71.27068008450757,-32.8015162326221],[-71.27061107339469,-32.80156151915156],[-71.27054638635448,-32.80159965992524],[-71.27048219064427,-32.80163181174898],[-71.27041172509412,-32.80164140422202],[-71.27037221695109,-32.80162916716487],[-71.2703504301855,-32.8016101317963],[-71.27033338786275,-32.801576617358364],[-71.27032982663222,-32.801537101185474],[-71.27032880225316,-32.801496819346596],[-71.2703321279027,-32.80146005685532],[-71.27033867747565,-32.80141603938223],[-71.27035628100722,-32.80137110175211],[-71.2703805804106,-32.80128790119358],[-71.27040307464942,-32.80123423903996],[-71.27045835673967,-32.80112960660077],[-71.27047802136885,-32.80106520100728],[-71.27049096590198,-32.800937588079925],[-71.27053888525953,-32.80081149965547],[-71.27050480891309,-32.800778294234604],[-71.27051187058638,-32.80075441767337],[-71.27048247354413,-32.80073767932198],[-71.27050413419008,-32.80068475192285],[-71.2704804612993,-32.80065855427935],[-71.2704807744349,-32.80060385516815],[-71.27045449158193,-32.800575545911315],[-71.27051029600906,-32.80045211813859],[-71.27047201295152,-32.80043722403903],[-71.27054093764382,-32.800257888964225],[-71.27051304125999,-32.80023896654317],[-71.27054580110035,-32.8001080021798],[-71.27059565746258,-32.80000616794929],[-71.27062202115611,-32.79993822988144],[-71.27067074236336,-32.79980886441338],[-71.270732679256,-32.799659856453864],[-71.27083493789888,-32.7994477646099],[-71.27089754961825,-32.79933474717646],[-71.27090789366038,-32.79930899958151],[-71.27092910698967,-32.79926051459005],[-71.27097722018554,-32.79924528834278],[-71.27100521500013,-32.799161846501846],[-71.27104843971755,-32.79916809634997],[-71.27113918127975,-32.79898879622759],[-71.27115133003127,-32.798970275640066],[-71.27119694992419,-32.79897630457596],[-71.27122215165997,-32.79893825726777],[-71.27126867124927,-32.798912372327436],[-71.2712979059273,-32.79887980080028],[-71.27132586277244,-32.798840151644185],[-71.27134450838385,-32.79885215471479],[-71.2713595120556,-32.79884715195814],[-71.27138259829465,-32.798818463910635],[-71.27140825054325,-32.79881473659112],[-71.27147262796746,-32.798793257315],[-71.27149909261166,-32.79876742258786],[-71.27153925531422,-32.798746171434324],[-71.27156394312962,-32.79873580204511],[-71.27161531204739,-32.79870640441265],[-71.27164662208675,-32.798671239701406],[-71.27168953807518,-32.79865247644065],[-71.27170573737624,-32.798641897720515],[-71.27175135391708,-32.79861504608181],[-71.2717744415637,-32.798584656201065],[-71.27183289629204,-32.79856146689704],[-71.27185489974498,-32.79850871765817],[-71.27191754992265,-32.7984850826195],[-71.27195175374426,-32.798419434185945],[-71.27199730291677,-32.79839891468123],[-71.27203177565852,-32.79835165800594],[-71.27209728288102,-32.79832056891392],[-71.27213138246184,-32.79829238357738],[-71.27216395235635,-32.79828456595967],[-71.27218593120706,-32.79826296515209],[-71.2722238488704,-32.79826064592981],[-71.27224950671354,-32.79824054836211],[-71.27229902041036,-32.798229924935654],[-71.27235032037783,-32.79819542715391],[-71.27238844479254,-32.798162228352204],[-71.2724893618413,-32.79807103766499]]],[[[-71.27086839868848,-32.80156291716604],[-71.27098402840998,-32.801557373193965],[-71.2710071991918,-32.801783488468054],[-71.27108141875378,-32.801851364126364],[-71.27114893380056,-32.80194237606393],[-71.27121163162757,-32.80198674882826],[-71.27129826805306,-32.802094421465554],[-71.27136902584309,-32.802163639728896],[-71.27143727842396,-32.80222285345389],[-71.2714968026976,-32.80231767270786],[-71.27161641012258,-32.80243663460731],[-71.27172347649451,-32.802571082549555],[-71.2717922319511,-32.80264355589461],[-71.27192974320324,-32.80278850245434],[-71.27203354116624,-32.8028976627845],[-71.27216645538974,-32.803016420699926],[-71.27223152914053,-32.80306978587115],[-71.27223283582619,-32.80325799877206],[-71.27213746115589,-32.803307735786944],[-71.27214476383709,-32.80337359318868],[-71.27202886248978,-32.80349891863578],[-71.27184716263905,-32.8037152661084],[-71.27175767198065,-32.803810520003616],[-71.27163399799112,-32.80396010341402],[-71.27102386928907,-32.804649939594896],[-71.27098321553724,-32.80468234746764],[-71.27086185476497,-32.80469046676495],[-71.27083031434017,-32.80439961599785],[-71.27087613029309,-32.80437901479895],[-71.27088099298508,-32.8042291281073],[-71.2709187963853,-32.80422154827916],[-71.27089620464464,-32.80391554270446],[-71.27084740225506,-32.80390366567648],[-71.27081845285403,-32.80382035669915],[-71.27071108294653,-32.80370231277518],[-71.27047730622772,-32.803412708207084],[-71.27038424687375,-32.803320980443125],[-71.27031616663061,-32.80324434989935],[-71.27030977525466,-32.803129278032834],[-71.2703410801193,-32.80306902888255],[-71.27038172104741,-32.80299653163131],[-71.27043031236282,-32.802955420001744],[-71.27041429223692,-32.8028033645585],[-71.27036760347691,-32.802798457345574],[-71.27035781785823,-32.80271338137883],[-71.27031715937099,-32.80268949425406],[-71.27027262015557,-32.802616834518204],[-71.27024835777681,-32.80234476009591],[-71.2702888276549,-32.80221717921488],[-71.27032285407546,-32.80211475760687],[-71.27036153597423,-32.802050969803695],[-71.27041079660893,-32.80199815290805],[-71.27041830149632,-32.80191557693359],[-71.2704500893508,-32.80186146853384],[-71.2704896579452,-32.801773565498706],[-71.27054088130171,-32.80176285082972],[-71.27059166239867,-32.8017347477858],[-71.27062815043922,-32.801701467647774],[-71.27068287480083,-32.801676554853344],[-71.27076776364976,-32.80162282567482],[-71.27081541052138,-32.80159804122579],[-71.27086839868848,-32.80156291716604]]],[[[-71.26918753673587,-32.80199501603083],[-71.26934986019747,-32.80205067601042],[-71.26941493634115,-32.80216033755117],[-71.26950512190601,-32.802286108026216],[-71.26964830908183,-32.802390615182645],[-71.26978823290415,-32.802526129550984],[-71.26978462387697,-32.80259196947387],[-71.2698693349255,-32.80260974817505],[-71.2698210445015,-32.802958113101056],[-71.26986531700403,-32.80297245523988],[-71.26984537959308,-32.8030807425705],[-71.2698855570481,-32.80308215610561],[-71.26985665502102,-32.803271106822685],[-71.26997867290193,-32.8033243408213],[-71.26996363616107,-32.80344241184104],[-71.27002932088722,-32.80351926342964],[-71.27009507371166,-32.80362476810576],[-71.27014265725118,-32.803645969741694],[-71.27024215488383,-32.803656243641626],[-71.27038321128799,-32.80376299364326],[-71.27040138098974,-32.803847296593055],[-71.2703742370185,-32.80396546041823],[-71.27029412931826,-32.804007110203244],[-71.27025224416592,-32.8040307026981],[-71.27018439913915,-32.8040720121536],[-71.27015719736622,-32.80427411232723],[-71.27018535650355,-32.80429505775336],[-71.2701748910847,-32.80439223633019],[-71.27021665910188,-32.80439657378973],[-71.27024606314426,-32.804455275771],[-71.27026912822453,-32.804493067644586],[-71.27031874170476,-32.80455809472331],[-71.27036249747715,-32.80462468541317],[-71.27040078780611,-32.804695874202885],[-71.27043692341645,-32.80477852069777],[-71.2704832473245,-32.80482747422202],[-71.27044189331097,-32.80505135030442],[-71.27048686802489,-32.80510861662823],[-71.2704304095104,-32.80542191062136],[-71.27042848715956,-32.80545680633839],[-71.27044583058587,-32.80548327686445],[-71.27046470245595,-32.80550911138593],[-71.27050454025382,-32.80553344042053],[-71.27047012359819,-32.80571700055487],[-71.2704458974619,-32.80585942455654],[-71.27041368586735,-32.80599955680486],[-71.27045284707431,-32.806066677714696],[-71.27043765534457,-32.806167991692156],[-71.27041489728067,-32.806260279108926],[-71.27039381618839,-32.806393625218554],[-71.27038215106089,-32.80648269757069],[-71.2703685920333,-32.806570151741894],[-71.27036050490823,-32.80663768324584],[-71.2703350613961,-32.80673569717826],[-71.27020499973011,-32.80675532725932],[-71.27011526582622,-32.80672849968774],[-71.2700532760839,-32.80671178373067],[-71.2700092179074,-32.806691616747564],[-71.26994316573675,-32.8066849062728],[-71.26994260088657,-32.80661206922251],[-71.26978885499116,-32.806590937623014],[-71.26975297518158,-32.806610553810216],[-71.26970426494525,-32.806601947423346],[-71.26968457313973,-32.80658447472799],[-71.26962662536798,-32.80658933699593],[-71.26957864597412,-32.8065852389269],[-71.2694660746306,-32.80655508044357],[-71.26939267736809,-32.80653509013521],[-71.26945227791187,-32.8061814389433],[-71.26941086707097,-32.80616418071842],[-71.26946182817665,-32.805888917961745],[-71.26926694439028,-32.80586092692037],[-71.2691569987007,-32.80583689468086],[-71.26869519799065,-32.805762284680846],[-71.26871912260641,-32.805656700739334],[-71.26865561774852,-32.8056154717103],[-71.26866088071934,-32.80552491424071],[-71.26860850557635,-32.80550415372299],[-71.26857888718702,-32.80548129536431],[-71.26851107243388,-32.80546298164987],[-71.26863719433275,-32.804769671582584],[-71.2687209937059,-32.80437764422809],[-71.2686860556318,-32.80437066661815],[-71.26877732000943,-32.80382781294156],[-71.26874216118935,-32.80381214115205],[-71.26886970396467,-32.80317766517453],[-71.26889189061033,-32.80313365430722],[-71.26900821996004,-32.802589660842656],[-71.26904536917617,-32.80257702411918],[-71.26913971840949,-32.80201887190152],[-71.26918753673587,-32.80199501603083]]]]}},{"type":"Feature","properties":{"fid":29,"Nombre":"30","HAS":11.4,"Plantas":8056,"Alias:":"30","Especie":"Naranjas","Nombre_GeoJSON":"30","Alias_GeoJSON":"P30 Barnfield","potrero":"30","potrero_oficial":"30","especie":"NARANJA","variedades":"BARNFIELD / CARA CARA","hectareas_supabase":11.399999999999999,"plantas_supabase":13101.388889999998,"normalizacion_estado":"COINCIDENCIA_ALIAS"},"geometry":{"type":"MultiPolygon","coordinates":[[[[-71.24920918162478,-32.81562917448539],[-71.24950679133637,-32.816095703633096],[-71.24919116971951,-32.81624272310393],[-71.24880396622304,-32.816410599210975],[-71.24853697572983,-32.81654587034694],[-71.24831639985148,-32.81663246676365],[-71.24808851203107,-32.8167355033367],[-71.24785807696539,-32.81683967254147],[-71.24789829444212,-32.816910827717074],[-71.24827685381726,-32.81750547047971],[-71.248198293769,-32.81756638620556],[-71.24808711449687,-32.817599914701496],[-71.24804436798975,-32.81758980986897],[-71.24799981427535,-32.81750797712074],[-71.24795701305806,-32.817495698683075],[-71.24787529901796,-32.81752326127284],[-71.2478301425568,-32.817570825408744],[-71.24774322544229,-32.81759630682232],[-71.24768593783962,-32.81762234324781],[-71.24747323132944,-32.8177147769315],[-71.24714508604639,-32.817850599938275],[-71.2470398619495,-32.817890544248364],[-71.24687641878302,-32.817945124837195],[-71.24680816332946,-32.817970270528534],[-71.24674626062472,-32.81801759133287],[-71.24668098989879,-32.818046217022165],[-71.2466015475779,-32.81808732899538],[-71.24642951846897,-32.818158915982266],[-71.24635586820682,-32.81817437277387],[-71.24621372897724,-32.81823128827026],[-71.24609857683356,-32.81828608828461],[-71.2459443606132,-32.818349200293326],[-71.24585123934726,-32.81838403364554],[-71.24576657967143,-32.81842252054571],[-71.24569071053894,-32.81845215140044],[-71.24559653449866,-32.818496245367555],[-71.24516712849797,-32.817832012163386],[-71.24521012435918,-32.81774969478718],[-71.24517781293387,-32.81769373601312],[-71.2451708614767,-32.81757099819354],[-71.24519233116018,-32.81755430379442],[-71.24511429108126,-32.817420881363034],[-71.24515517589077,-32.81740818774844],[-71.24504236014006,-32.81722319979588],[-71.24543935156727,-32.817034501158545],[-71.24577823149922,-32.81689033538334],[-71.24615501017585,-32.81671721919567],[-71.24629957013845,-32.81667983138143],[-71.24650295164658,-32.81657506341439],[-71.2465803116561,-32.81652800887848],[-71.24687824888365,-32.81639436075124],[-71.24711777542468,-32.816293291926286],[-71.24720753351306,-32.81627326121565],[-71.24733463057458,-32.81647855713773],[-71.2479129700209,-32.81622029684309],[-71.24825816814166,-32.81607166189375],[-71.24920918162478,-32.81562917448539]]]]}},{"type":"Feature","properties":{"fid":30,"Nombre":"28","HAS":3.79,"Plantas":6312,"Alias:":"28","Especie":"Naranjas","Nombre_GeoJSON":"28","Alias_GeoJSON":"Casa verde","potrero":"28","potrero_oficial":"28","especie":"NARANJA","variedades":"CARA CARA","hectareas_supabase":3.787,"plantas_supabase":6311.6666667,"normalizacion_estado":"COINCIDENCIA_ALIAS"},"geometry":{"type":"MultiPolygon","coordinates":[[[[-71.26547870583876,-32.817163185811566],[-71.26552724390869,-32.81716158740026],[-71.26556396544959,-32.81716452080868],[-71.2656701812757,-32.81718562651202],[-71.26594802600563,-32.81732020761514],[-71.26624225801633,-32.817462407440466],[-71.26655766673039,-32.817633008953955],[-71.26659407354309,-32.81769064112073],[-71.26670666520985,-32.81786203718064],[-71.26680755040873,-32.8180422809841],[-71.26691158765904,-32.81821239249612],[-71.2669692186946,-32.818333762180394],[-71.2670166051404,-32.81838752369433],[-71.26704684838484,-32.81843735123009],[-71.26706954552279,-32.81845852949879],[-71.26708402355085,-32.818525194584566],[-71.26709523311236,-32.818563852559464],[-71.26711054478143,-32.818629782887236],[-71.26713063151318,-32.81864884948956],[-71.26713484329298,-32.81868043775174],[-71.26711882885616,-32.81888870656099],[-71.26690109624617,-32.81889602879554],[-71.2668162831124,-32.81888915017313],[-71.26669216430207,-32.81890147368762],[-71.26659070605865,-32.818933536797346],[-71.26651190135075,-32.81895151616165],[-71.2664385298567,-32.818948527233125],[-71.26636910713793,-32.818933232699976],[-71.26631255402921,-32.818921303287055],[-71.26623812968909,-32.81891041716407],[-71.26609167226587,-32.81888212463263],[-71.26594901759961,-32.818835771824894],[-71.26585102624716,-32.81880300309451],[-71.26578751208612,-32.818785442292224],[-71.26570249999035,-32.818760354568084],[-71.26558870666673,-32.81874298438942],[-71.26550819151552,-32.81872717055582],[-71.26543077697673,-32.8187253168483],[-71.26537511551174,-32.81872238333816],[-71.26533407913375,-32.81871736905642],[-71.26523391600237,-32.818699751794014],[-71.26516362350247,-32.81868375267594],[-71.26509213216197,-32.818654101873065],[-71.26504237512668,-32.81854057823482],[-71.26501742040587,-32.8184640274161],[-71.26499215073521,-32.81836304075689],[-71.26498280836378,-32.81830920956496],[-71.26496031809383,-32.81822901587192],[-71.264946243437,-32.818178175491006],[-71.26491564265712,-32.81808825826929],[-71.26490993427427,-32.818057211870084],[-71.26488950115727,-32.81799685686591],[-71.26488754735391,-32.81794751064213],[-71.26489573580258,-32.817732906764135],[-71.26491869639976,-32.81772668473127],[-71.26496010643471,-32.81768352510371],[-71.26501085346332,-32.817668213554846],[-71.26504141123867,-32.81766334253198],[-71.26505917269125,-32.81765798348098],[-71.26507798046985,-32.81762669809216],[-71.26511343273074,-32.817561156168445],[-71.26513588832584,-32.81752417923905],[-71.26523503387472,-32.8175353381893],[-71.26534581339678,-32.817534772048624],[-71.26535891887913,-32.817446737514466],[-71.26532251945748,-32.817422928371826],[-71.26530475157007,-32.81739446403243],[-71.26526763464047,-32.81740952895419],[-71.26524454788809,-32.81742559177361],[-71.26519868811597,-32.81741293600786],[-71.26517686181292,-32.81739246126408],[-71.26518029935785,-32.81736001479294],[-71.2651931987519,-32.817330995291556],[-71.26524306893519,-32.81728115633269],[-71.26528348370671,-32.81726171381974],[-71.26532585787737,-32.817252310920786],[-71.26535115733581,-32.817244057924576],[-71.26538991508157,-32.81722378535922],[-71.26541661750801,-32.81720173165952],[-71.26545018074914,-32.81718097383384],[-71.26547870583876,-32.817163185811566]]],[[[-71.26543526049417,-32.81669404099095],[-71.2654343003846,-32.81679049145759],[-71.26542703676088,-32.816907206237815],[-71.2654160434552,-32.81704485838391],[-71.26526902503201,-32.8171281192897],[-71.26520843171913,-32.817164110901395],[-71.2651659607178,-32.81718899796404],[-71.26511717669013,-32.81727225470858],[-71.26507996968971,-32.81733465396133],[-71.26505520904577,-32.81740114021714],[-71.26501112006953,-32.817544428947855],[-71.2649257933982,-32.817574039742624],[-71.2648139673967,-32.817600531850154],[-71.26471908945264,-32.81763060812165],[-71.2646437091635,-32.817641754719375],[-71.26455642291992,-32.817661325631285],[-71.26448733566394,-32.81768209867194],[-71.26440559316751,-32.817695719729656],[-71.264336141344,-32.817712808807904],[-71.26425211639905,-32.81772656329563],[-71.26417776018036,-32.81768472972651],[-71.26414997705473,-32.817597435126984],[-71.26413974854812,-32.81756379664653],[-71.26412120829131,-32.817471297248],[-71.26410666570749,-32.81743557787049],[-71.2640881475261,-32.817376730914006],[-71.26407884623663,-32.817346844605815],[-71.2640607017458,-32.81725925834004],[-71.26405344863727,-32.81721920640687],[-71.26403084744744,-32.81714835297339],[-71.26401895438681,-32.817102527534075],[-71.26400110796862,-32.81703736225883],[-71.26398884732461,-32.816990806823995],[-71.26396453399099,-32.81689458713877],[-71.26395326412637,-32.81686479217437],[-71.26394065081305,-32.81679064098568],[-71.2639996609365,-32.81678196244787],[-71.26416088162864,-32.816750929293356],[-71.26420579303453,-32.81674076121866],[-71.2642625574821,-32.816727500052814],[-71.26443524815156,-32.816715019724896],[-71.26460627154887,-32.81670400863267],[-71.2647312213376,-32.81669095256857],[-71.26478215044077,-32.81668283432904],[-71.2649474845726,-32.81668272049027],[-71.26513028776725,-32.81666573826929],[-71.26526049465662,-32.816658343717236],[-71.26531849424379,-32.81666017236599],[-71.26543526049417,-32.81669404099095]]]]}},{"type":"Feature","properties":{"fid":31,"Nombre":"27 GRAV","HAS":4,"Plantas":3333,"Alias:":"27 GRAV","Especie":"Naranjas","Nombre_GeoJSON":"27","Alias_GeoJSON":"P27 R","potrero":"27 GRAV","potrero_oficial":"27 GRAV","especie":"NARANJA","variedades":"FUKUMOTO","hectareas_supabase":8.19,"plantas_supabase":13650,"normalizacion_estado":"COINCIDENCIA_ALIAS"},"geometry":{"type":"MultiPolygon","coordinates":[[[[-71.27899890602356,-32.805944052696645],[-71.27907074109586,-32.80602810401858],[-71.27916973714196,-32.80616735229051],[-71.27928961642905,-32.80632349170715],[-71.27949101723924,-32.80660192568506],[-71.27967037171533,-32.80683949228935],[-71.28060055296518,-32.80803272900064],[-71.2808936586642,-32.80834959535469],[-71.28091910494487,-32.80839637776318],[-71.28085296373102,-32.80843318810595],[-71.28083191197271,-32.808415683255845],[-71.28076042652602,-32.80846271049959],[-71.28071578293108,-32.808464271381546],[-71.28067647362423,-32.80846022221845],[-71.28051628585169,-32.8085476767949],[-71.28046986541308,-32.80854018955588],[-71.28038075064235,-32.80858679627328],[-71.28031016910464,-32.808584609184024],[-71.28025008163978,-32.808621372337576],[-71.28020621328511,-32.80863360882304],[-71.28016663223677,-32.80863214345935],[-71.28010997544615,-32.808620482885935],[-71.28003282206255,-32.808642443826265],[-71.27997686110596,-32.8086783142871],[-71.2798554879642,-32.808751950784526],[-71.27986133172509,-32.8087877477533],[-71.2798440612952,-32.80883693666349],[-71.27980926697309,-32.80886778324533],[-71.27967031982249,-32.80894611182072],[-71.27967174524598,-32.80899459914181],[-71.27948044951694,-32.80909925245087],[-71.27948955923837,-32.80913218919065],[-71.27943293344234,-32.8091676089479],[-71.27935906109099,-32.8092102495637],[-71.27930535417222,-32.80924949415152],[-71.27929270797796,-32.809282902972164],[-71.27922922264939,-32.80932151443701],[-71.27920496155097,-32.80937288358517],[-71.27916936164542,-32.809406874958896],[-71.27908957559777,-32.80944596682608],[-71.2790548162679,-32.80949113970299],[-71.27899455240743,-32.809578072627794],[-71.27895849431223,-32.80960852376845],[-71.27889110814318,-32.80963572408399],[-71.27886878326998,-32.80962243058993],[-71.27874125926935,-32.80948892624004],[-71.27870024372551,-32.80944862335987],[-71.2786230375842,-32.809371815271376],[-71.27846799336484,-32.809234786922374],[-71.27839422339525,-32.80916774443308],[-71.27828150251118,-32.80905531776285],[-71.27806514774282,-32.80885173843713],[-71.27794093604061,-32.80872286497997],[-71.27778588689861,-32.808573141988624],[-71.27766544815069,-32.80847339040236],[-71.27762463562212,-32.80843625946921],[-71.27744470030939,-32.80822672362857],[-71.27733810434657,-32.808123594724414],[-71.27724724427719,-32.80803601165577],[-71.27704623520789,-32.80783960680244],[-71.27684757916299,-32.807649312603886],[-71.276742825653,-32.80750401339313],[-71.27665682053956,-32.80740626645789],[-71.27662838980292,-32.807360726136196],[-71.27657696925044,-32.807282500171226],[-71.27649951887078,-32.80718603679798],[-71.2764615799817,-32.807101808361985],[-71.27637064845631,-32.807011347300346],[-71.27628973896306,-32.80697971507135],[-71.27625436848845,-32.80694240338028],[-71.27634353465048,-32.80687276495399],[-71.27634468257834,-32.806834787599044],[-71.2765072321941,-32.806732790812724],[-71.27650916504251,-32.806700882363806],[-71.27661534032455,-32.806640933744625],[-71.27675788006715,-32.80656227710616],[-71.27685978746511,-32.80650681618807],[-71.27694943566134,-32.80645965098779],[-71.2770234124547,-32.806459991348945],[-71.27709098794988,-32.80646706352569],[-71.27715828160112,-32.80648132654196],[-71.27725392804123,-32.8064899032009],[-71.27734821587609,-32.806450498104745],[-71.27738253706588,-32.80645347312018],[-71.27746690078921,-32.80644978430664],[-71.27751659106417,-32.80642165833641],[-71.27756739848913,-32.80643027721525],[-71.27766647698218,-32.8063904298969],[-71.2778285110198,-32.80634068008313],[-71.277986770389,-32.80625238324929],[-71.27804419014947,-32.80621842615948],[-71.27812055640587,-32.806194980841234],[-71.27818224928299,-32.806180099787476],[-71.27839624976794,-32.80608131449405],[-71.27842081081468,-32.80607160204264],[-71.2784595140191,-32.806052186600525],[-71.27849699110024,-32.80605150432256],[-71.27854816965625,-32.80605345118113],[-71.27859956856051,-32.80606402978538],[-71.27868467477394,-32.806110202275754],[-71.27875541986131,-32.80606682692866],[-71.27882284625868,-32.80602304951408],[-71.27899890602356,-32.805944052696645]]]]}},{"type":"Feature","properties":{"fid":32,"Nombre":"30","HAS":null,"Plantas":null,"Alias:":"30","Especie":"Naranjas","Nombre_GeoJSON":"30","Alias_GeoJSON":"P30 4,5","potrero":"30","potrero_oficial":"30","especie":"NARANJA","variedades":"BARNFIELD / CARA CARA","hectareas_supabase":11.399999999999999,"plantas_supabase":13101.388889999998,"normalizacion_estado":"COINCIDENCIA_ALIAS"},"geometry":{"type":"MultiPolygon","coordinates":[[[[-71.24827007786162,-32.81923541643291],[-71.24840584915817,-32.81968491388788],[-71.24848342237861,-32.81993448271404],[-71.2485401315923,-32.82012321597782],[-71.24846390828588,-32.82013096175133],[-71.24792674737901,-32.82024620088974],[-71.24764735527195,-32.82030630920265],[-71.24711836334876,-32.82038620217588],[-71.24687519985824,-32.82044565817102],[-71.24678539699772,-32.820405953632296],[-71.24663266226078,-32.81988228613342],[-71.24657997544305,-32.81987711103673],[-71.24653842948892,-32.819738603159664],[-71.24647286988508,-32.81972600782045],[-71.24643082349436,-32.81956761548405],[-71.24636141001578,-32.8195459077008],[-71.24635139122415,-32.81943590872959],[-71.24630271273007,-32.819445964166505],[-71.24625754451691,-32.81930752119719],[-71.24632387542417,-32.819278785750015],[-71.24817405732489,-32.81892496842109],[-71.24827007786162,-32.81923541643291]]],[[[-71.24515324008914,-32.8171701801906],[-71.24592043642201,-32.81835868885746],[-71.24584564621257,-32.818387320861376],[-71.24576440007542,-32.818423464952865],[-71.24572253726693,-32.81844028401025],[-71.24566577797007,-32.81846527674488],[-71.24559529770542,-32.81849714682315],[-71.24516656581484,-32.81783177961099],[-71.24521103211404,-32.81775038796692],[-71.24517633423503,-32.81769184037992],[-71.24516845022795,-32.81757058101688],[-71.24519287284274,-32.81755688054895],[-71.24511456213563,-32.8174215821447],[-71.24515225567852,-32.817407133496054],[-71.24504370516387,-32.817222389016344],[-71.24515324008914,-32.8171701801906]]]]}},{"type":"Feature","properties":{"fid":33,"Nombre":"30","HAS":null,"Plantas":null,"Alias:":"30","Especie":"Naranjas","Nombre_GeoJSON":"30","Alias_GeoJSON":"P30 6,7","potrero":"30","potrero_oficial":"30","especie":"NARANJA","variedades":"BARNFIELD / CARA CARA","hectareas_supabase":11.399999999999999,"plantas_supabase":13101.388889999998,"normalizacion_estado":"COINCIDENCIA_ALIAS"},"geometry":{"type":"MultiPolygon","coordinates":[[[[-71.2477383376017,-32.821447779577824],[-71.24784188853974,-32.82181726257636],[-71.2497152662954,-32.82145917900581],[-71.24959721623533,-32.82108995840126],[-71.2477383376017,-32.821447779577824]]],[[[-71.25010139158428,-32.81952308870015],[-71.24995806796791,-32.81954096846844],[-71.24971641187729,-32.81958816070971],[-71.24932821995678,-32.81966961206435],[-71.24947461063043,-32.82020461184578],[-71.24964364108936,-32.82077491040257],[-71.24980632799658,-32.82138102874821],[-71.2502466364155,-32.82130577972263],[-71.25059300343952,-32.82124242059991],[-71.25054666927053,-32.82103411853413],[-71.25048129576423,-32.82083738077484],[-71.25035656096415,-32.82039482868375],[-71.2502183364665,-32.81989640947335],[-71.25010139158428,-32.81952308870015]]],[[[-71.2489117281486,-32.81877220416531],[-71.24870237112204,-32.81880657183249],[-71.24842898371841,-32.81886504360818],[-71.24817854098951,-32.81892310256108],[-71.24850244952923,-32.81998234401496],[-71.24854597716346,-32.82012744667224],[-71.24928338760517,-32.81999993398176],[-71.2489117281486,-32.81877220416531]]]]}},{"type":"Feature","properties":{"fid":34,"Nombre":"Los pinos Paltos","HAS":3.71,"Plantas":1747,"Alias:":"Los pinos Paltos","Especie":"Paltas","Nombre_GeoJSON":"11","Alias_GeoJSON":"Los pinos 2004","potrero":"Los pinos Paltos","potrero_oficial":"Los pinos Paltos","especie":"PALTOS","variedades":"Hass","hectareas_supabase":11.479999999999999,"plantas_supabase":0,"normalizacion_estado":"COINCIDENCIA_ALIAS"},"geometry":{"type":"MultiPolygon","coordinates":[[[[-71.26984893332957,-32.81223433675425],[-71.2699928470488,-32.812968963573304],[-71.27018553440942,-32.81372807294483],[-71.27029858950911,-32.81416187029627],[-71.27039349995897,-32.81455844555152],[-71.27034576457301,-32.81460174133553],[-71.26940868548809,-32.814732143294265],[-71.26919762313085,-32.81448253157273],[-71.26905170596137,-32.814389478419486],[-71.26894038032651,-32.81431972266428],[-71.26884495198426,-32.814206614008775],[-71.26866728819665,-32.81405352655756],[-71.26848973753913,-32.81397140351774],[-71.26835555431104,-32.81393668913939],[-71.26823709929046,-32.813948631592886],[-71.2681788142204,-32.81389156771],[-71.26813335527984,-32.81381182703194],[-71.26813559039145,-32.81370721912281],[-71.2681391704701,-32.81363723882599],[-71.2681471124855,-32.81344003459949],[-71.26804938376276,-32.81334975873029],[-71.26794739115853,-32.813320265139],[-71.26795030557633,-32.81326779556292],[-71.267995747001,-32.813122357376535],[-71.26811104134411,-32.81280466560604],[-71.26823095770597,-32.8125602430918],[-71.2683837672034,-32.812411047153205],[-71.26851622861705,-32.812346441648764],[-71.26874494983872,-32.81235346022964],[-71.26893483557792,-32.81239308219976],[-71.26907354509278,-32.81242565688225],[-71.26922128888026,-32.81244211774662],[-71.26936613124631,-32.81241875644292],[-71.26971113771499,-32.81224502623877],[-71.26984893332957,-32.81223433675425]]],[[[-71.26813383588188,-32.8106309153465],[-71.26802819472587,-32.80981362621796],[-71.26830007807068,-32.80961967884632],[-71.26859162657622,-32.80943722416789],[-71.26897177561533,-32.809165758181386],[-71.2690659472079,-32.809159106507096],[-71.26935927012627,-32.8103593008867],[-71.26813383588188,-32.8106309153465]]]]}},{"type":"Feature","properties":{"fid":35,"Nombre":"Los pinos Paltos","HAS":7.77,"Plantas":2158,"Alias:":"Los pinos Paltos","Especie":"Paltas","Nombre_GeoJSON":"11","Alias_GeoJSON":"Los Pinos 80","potrero":"Los pinos Paltos","potrero_oficial":"Los pinos Paltos","especie":"PALTOS","variedades":"Hass","hectareas_supabase":11.479999999999999,"plantas_supabase":0,"normalizacion_estado":"COINCIDENCIA_ALIAS"},"geometry":{"type":"MultiPolygon","coordinates":[[[[-71.26936245025142,-32.81036514900973],[-71.26984862460876,-32.812194446805634],[-71.26967474031515,-32.81222495157327],[-71.26961509759022,-32.81225633797205],[-71.26953778321045,-32.812298412225765],[-71.26943885912452,-32.812344865781235],[-71.26935696669392,-32.812392605393185],[-71.2692512515248,-32.81239863612014],[-71.26909921303863,-32.81237580413307],[-71.26893497694492,-32.812333625415896],[-71.26883444460205,-32.812306045076156],[-71.26873132290207,-32.81230531560743],[-71.2686300527857,-32.81230953311345],[-71.2685484768207,-32.81231475487018],[-71.26846491048315,-32.812333814528316],[-71.26837664367729,-32.81239328176098],[-71.26823879100282,-32.81246630944567],[-71.2681597634514,-32.81256271141486],[-71.26809219455939,-32.81264361727824],[-71.26783472438318,-32.81269453796789],[-71.26758821682431,-32.8127309046267],[-71.26738376995348,-32.812787243546055],[-71.26719940142183,-32.812816103632876],[-71.26701060889361,-32.812819523828935],[-71.26693139702051,-32.81282414872983],[-71.26697543617148,-32.81269894210973],[-71.26691897315158,-32.81265481570101],[-71.2668503652128,-32.81257413756651],[-71.26684188863679,-32.81249917632604],[-71.26688118059806,-32.81240876719757],[-71.26688321503504,-32.812340145972165],[-71.2668019787723,-32.812265058177246],[-71.2666575169778,-32.81224492910716],[-71.26654621954391,-32.812234600948045],[-71.26643321804674,-32.812225683150864],[-71.26634030807945,-32.81218204512743],[-71.26619675849386,-32.81205607258935],[-71.26612693258217,-32.81198471827851],[-71.26611852054755,-32.81188211530198],[-71.26607820238625,-32.81176709962254],[-71.26618734165177,-32.811564826263265],[-71.26631068364496,-32.81128985008165],[-71.26634471679336,-32.811142495053744],[-71.2665039982435,-32.81101839150203],[-71.26672645503136,-32.81085326885834],[-71.26687312768182,-32.81075331802138],[-71.26698242234443,-32.810743363312106],[-71.26706407169195,-32.81068605974159],[-71.26727158558538,-32.81052758680249],[-71.26734980755977,-32.81040973569276],[-71.26737981996656,-32.81025288334931],[-71.26761268471974,-32.810125850287136],[-71.26792517128156,-32.809861800166125],[-71.26795159331667,-32.810009654993756],[-71.26799004768742,-32.81025937081969],[-71.2680432975446,-32.81057102290806],[-71.26805287483668,-32.810650598601384],[-71.26804667241989,-32.810666660861],[-71.26936245025142,-32.81036514900973]]]]}},{"type":"Feature","properties":{"fid":36,"Nombre":"19","HAS":3,"Plantas":1200,"Alias:":"19","Especie":"Paltas","Nombre_GeoJSON":"19","Alias_GeoJSON":"P19","potrero":"19","potrero_oficial":"19","especie":"PALTOS","variedades":"Hass","hectareas_supabase":3,"plantas_supabase":1200,"normalizacion_estado":"COINCIDENCIA_ALIAS"},"geometry":{"type":"MultiPolygon","coordinates":[[[[-71.26955445913171,-32.806597909825584],[-71.26974389480904,-32.80664260541084],[-71.26997310209785,-32.80672128260971],[-71.27017719035325,-32.80679597426929],[-71.27021198888241,-32.806832827486396],[-71.27015651713853,-32.80692126300131],[-71.27004859040092,-32.80700336862915],[-71.2699573033495,-32.807089957324756],[-71.26990070484838,-32.80717630832644],[-71.26986716391029,-32.807288118283736],[-71.26979576353439,-32.80747503525845],[-71.26970325367519,-32.807629027638505],[-71.26960551631181,-32.807767549271105],[-71.26950891944604,-32.80790639823781],[-71.26945148794042,-32.80800167997753],[-71.2693035414997,-32.80818274874424],[-71.26918413669202,-32.80836878485318],[-71.26913462330225,-32.80847601101495],[-71.26907047114277,-32.80849628733334],[-71.26895548215303,-32.80848477914569],[-71.2688407755071,-32.80810259476931],[-71.26877517199803,-32.80789247738912],[-71.26873580426263,-32.807717357933136],[-71.26869404230911,-32.807534921868495],[-71.26863775134508,-32.80730571834925],[-71.26853131089993,-32.80683855673052],[-71.26845589494658,-32.80653639711184],[-71.2684023719794,-32.80631922094845],[-71.26839125916126,-32.80623324372039],[-71.26836629654055,-32.80615263739677],[-71.26830872539729,-32.805960399546954],[-71.2682904685559,-32.80585665698962],[-71.26835632864616,-32.80580590791779],[-71.26838592150484,-32.80582407335948],[-71.26847279794602,-32.80582321599301],[-71.26856354286534,-32.80575898924036],[-71.26866025379007,-32.80576847698123],[-71.26877471773422,-32.805800254454645],[-71.26896465053754,-32.805827900040896],[-71.26915914650083,-32.805856854951514],[-71.26944342439967,-32.80590620511796],[-71.26939548562551,-32.80617078146067],[-71.2694321463096,-32.80618462671239],[-71.26941901850695,-32.80623879085429],[-71.26939460341383,-32.806353219925214],[-71.26938544162093,-32.80641077126861],[-71.26938002298621,-32.80647799415526],[-71.26936084821442,-32.80655094094475],[-71.26955445913171,-32.806597909825584]]]]}},{"type":"Feature","properties":{"fid":37,"Nombre":"6","HAS":3.62,"Plantas":3218,"Alias:":"6","Especie":"Paltas","Nombre_GeoJSON":"6","Alias_GeoJSON":"P6","potrero":"6","potrero_oficial":"6","especie":"PALTOS","variedades":"Hass","hectareas_supabase":3.62,"plantas_supabase":3217.777778,"normalizacion_estado":"COINCIDENCIA_ALIAS"},"geometry":{"type":"MultiPolygon","coordinates":[[[[-71.26515132591386,-32.80850117065085],[-71.26520375375979,-32.80852265170098],[-71.26532524924208,-32.80847260299726],[-71.26540629075528,-32.80839138671648],[-71.26551617567287,-32.808330383091075],[-71.26564179637609,-32.808219649912644],[-71.26578115768739,-32.80812940268074],[-71.26589646265627,-32.8080587306868],[-71.26604140597209,-32.80796519213923],[-71.26619338870833,-32.80792575551204],[-71.26642541008124,-32.80761691153034],[-71.2666779979971,-32.8075230178519],[-71.2668211074435,-32.8075060710021],[-71.26702192917165,-32.80745617887567],[-71.26714203471545,-32.80744103161777],[-71.26723985813241,-32.80742894436544],[-71.26736111361267,-32.80741060302559],[-71.26745375376282,-32.80739592271853],[-71.26755564716883,-32.80734968297645],[-71.26770958773395,-32.80729352788735],[-71.26781798472521,-32.8071381923221],[-71.26802857832143,-32.80708385352037],[-71.26825582754037,-32.80703348053026],[-71.26846966963944,-32.806971159054164],[-71.26818616066124,-32.80591233194829],[-71.26783896100069,-32.80593929825692],[-71.26758437407113,-32.805954278544185],[-71.26740221111764,-32.805995061031865],[-71.2672640946278,-32.806059767634316],[-71.26710509850137,-32.80615754953603],[-71.26692274002544,-32.806227842136025],[-71.26656018589595,-32.80634207010574],[-71.26628038271596,-32.80640535404259],[-71.26600361315577,-32.80647655737263],[-71.26582834599388,-32.806565859864605],[-71.26570047310759,-32.806626090001],[-71.2655942472006,-32.80670445746158],[-71.2654108877087,-32.80682371039209],[-71.26527441570668,-32.80697753680454],[-71.2652326060806,-32.807047920394304],[-71.26521782183505,-32.80711171921738],[-71.26519073442373,-32.807202240521995],[-71.26505761912759,-32.80745708842967],[-71.2649387198473,-32.807606224335004],[-71.26484926074079,-32.80768304593616],[-71.26480313731793,-32.80772004983881],[-71.26478393027405,-32.807740243658294],[-71.26515132591386,-32.80850117065085]]]]}},{"type":"Feature","properties":{"fid":38,"Nombre":"5","HAS":11,"Plantas":3056,"Alias:":"5","Especie":"Paltas","Nombre_GeoJSON":"5","Alias_GeoJSON":"P5","potrero":"5","potrero_oficial":"5","especie":"PALTOS","variedades":"Hass","hectareas_supabase":11,"plantas_supabase":3055.7777779999997,"normalizacion_estado":"COINCIDENCIA_ALIAS"},"geometry":{"type":"MultiPolygon","coordinates":[[[[-71.26514170322999,-32.80857677633792],[-71.26523680796589,-32.8085599343656],[-71.26546360357825,-32.80841706529692],[-71.26564279798443,-32.80825910770563],[-71.26580324924396,-32.80818123854644],[-71.2659213990161,-32.808073830329214],[-71.26603304957395,-32.80800800933787],[-71.26612679318282,-32.807980792173076],[-71.26621314735141,-32.80796008869163],[-71.26637594152925,-32.80775138749167],[-71.26649533012466,-32.80761843653813],[-71.26669221473962,-32.80756223628532],[-71.26680329213657,-32.80754826207407],[-71.26697928895922,-32.80748765474082],[-71.2671886866847,-32.80744079697954],[-71.26730906114071,-32.807421071452936],[-71.26745678853618,-32.80740005275648],[-71.26771108017633,-32.8072989487256],[-71.26781861272974,-32.807145476570234],[-71.26847561621332,-32.80698903475752],[-71.2685569538793,-32.807261989127895],[-71.26866389256377,-32.80768611576385],[-71.26875815446245,-32.808068421900785],[-71.26885489204957,-32.80853347183903],[-71.2688902832578,-32.80864989987434],[-71.26881543166178,-32.80872718043406],[-71.26872498435617,-32.80884323536815],[-71.26860487135461,-32.80906275439622],[-71.26850744593112,-32.80924236126648],[-71.26841885524043,-32.8093237163312],[-71.26824274265186,-32.80941702504472],[-71.26792757675025,-32.80953803467929],[-71.26773156237144,-32.80966255155277],[-71.26755537258042,-32.809756453325],[-71.2673680322701,-32.80985395174315],[-71.26722552672385,-32.80989481315443],[-71.26713414910606,-32.810001139633776],[-71.26715419726109,-32.81019376584016],[-71.26710335431453,-32.81036435724625],[-71.26705781788098,-32.81043057656738],[-71.26683516027913,-32.81058772847611],[-71.26649723467051,-32.810817147024835],[-71.26621722460892,-32.811021591153164],[-71.2660016298312,-32.81115947390849],[-71.26584805156381,-32.81128506856796],[-71.26574246534992,-32.81136672954111],[-71.26556745767432,-32.81140244761669],[-71.26541759846981,-32.81135893948725],[-71.26517561280293,-32.81122156638087],[-71.2649637273507,-32.811129525717504],[-71.26477581982185,-32.81102606321559],[-71.26460133925073,-32.81098225762628],[-71.26436706046732,-32.810967516699904],[-71.26417841622508,-32.81095214618061],[-71.2641619048719,-32.81084312467455],[-71.26423620977914,-32.81076155890281],[-71.26433176874218,-32.81063811628041],[-71.26442105558587,-32.81052241635777],[-71.26446177877357,-32.81046236874639],[-71.26451641701433,-32.810369308929864],[-71.26458348756258,-32.8101942433001],[-71.2646490751951,-32.80997018404887],[-71.26470212100932,-32.80981790517926],[-71.26472844882888,-32.80976839591425],[-71.26480924268232,-32.80969953786339],[-71.26493219777522,-32.80960990596747],[-71.26510490839068,-32.80935192131163],[-71.26516376386463,-32.80910391695879],[-71.26519477069766,-32.80898744584196],[-71.26514170322999,-32.80857677633792]]]]}},{"type":"Feature","properties":{"fid":39,"Nombre":"2","HAS":null,"Plantas":null,"Alias:":"2","Especie":"Naranjas","Nombre_GeoJSON":"2","Alias_GeoJSON":"P2B5","potrero":"2","potrero_oficial":"2","especie":"NARANJA","variedades":"LANE LATE / FUKUMOTO","hectareas_supabase":8.81,"plantas_supabase":11012.5,"normalizacion_estado":"COINCIDENCIA_ALIAS"},"geometry":{"type":"MultiPolygon","coordinates":[[[[-71.25879283273468,-32.812333396669835],[-71.2593753115764,-32.814595514156146],[-71.25933199201548,-32.81462611621725],[-71.25922599163037,-32.81465942079541],[-71.25912558851766,-32.81468913912524],[-71.25906613929335,-32.814711776929364],[-71.25901183418398,-32.81473748727327],[-71.25894383925817,-32.814736584930536],[-71.25886308179368,-32.814730716736655],[-71.2588135774254,-32.814732205495304],[-71.25867270953846,-32.81471140251229],[-71.25851753349606,-32.8146642814816],[-71.2583270325703,-32.814587660216986],[-71.25816693481188,-32.814539968498885],[-71.25804368755877,-32.81449604765875],[-71.25792470931387,-32.81444763938601],[-71.2577982384951,-32.81441629768853],[-71.2576569151645,-32.814363805731006],[-71.25748732387696,-32.81428013993674],[-71.25736322938357,-32.814201496054444],[-71.25726932064853,-32.81413133126582],[-71.25713472672292,-32.81410278405236],[-71.25700294268626,-32.81406783669541],[-71.25685419416251,-32.814004768674096],[-71.25675956618586,-32.81395718767416],[-71.25669865625565,-32.81383280673575],[-71.25661924265792,-32.81354636301658],[-71.25656779131074,-32.813307497949005],[-71.25651749657638,-32.813030655329726],[-71.2565975248847,-32.81297909959013],[-71.25678741383483,-32.81286960850961],[-71.25689524106213,-32.81280147186515],[-71.25708195460471,-32.81267848020641],[-71.25719663108775,-32.81261978971758],[-71.25740367496145,-32.812553850529156],[-71.25756806240152,-32.81251898532812],[-71.25764574080134,-32.81250812946586],[-71.25773579549228,-32.81252030693605],[-71.25790312277475,-32.812492614644405],[-71.25807421347731,-32.812554513149],[-71.25816616140298,-32.81256800641977],[-71.25837598756875,-32.812425455949736],[-71.25879283273468,-32.812333396669835]]]]}},{"type":"Feature","properties":{"fid":40,"Nombre":"CirrusAgro","HAS":null,"Plantas":null,"Alias:":"CirrusAgro","Especie":"Mandarina","Nombre_GeoJSON":"Cirrus","Alias_GeoJSON":"CirrusAgro","potrero":"CirrusAgro","potrero_oficial":"CirrusAgro","especie":"MANDARINA","variedades":"MURCOTT","hectareas_supabase":3,"plantas_supabase":0,"normalizacion_estado":"COINCIDENCIA_EXACTA"},"geometry":{"type":"MultiPolygon","coordinates":[[[[-71.25685546672052,-32.81675126896175],[-71.25741195834325,-32.81928357959789],[-71.25838399770453,-32.81914723851374],[-71.25860658482998,-32.820158971779264],[-71.25830745905678,-32.82010695011072],[-71.25794721312293,-32.820234232551556],[-71.25773088473382,-32.82030347671499],[-71.25753090317147,-32.820277384560704],[-71.25740942173732,-32.8202954164039],[-71.25734269121142,-32.82025305977955],[-71.25718007136169,-32.820313413991435],[-71.25679343921375,-32.820417408878455],[-71.25663824180106,-32.82040040767742],[-71.2562913411071,-32.81873750460356],[-71.25611170722794,-32.81812495645067],[-71.25584844331424,-32.816894168332084],[-71.25685546672052,-32.81675126896175]]],[[[-71.25870410930544,-32.820398773930485],[-71.25886310627072,-32.821306713190914],[-71.25813561329886,-32.821470325822155],[-71.257589741233,-32.82158313700504],[-71.25705324334419,-32.82169577674237],[-71.25671545467867,-32.82206223331254],[-71.2564971453474,-32.82233149335629],[-71.2561186280846,-32.82238583948393],[-71.25594746172276,-32.8222938846211],[-71.2559213196245,-32.822187434772616],[-71.25639305759192,-32.82173936395561],[-71.25665722477505,-32.82124355459681],[-71.25675467191459,-32.8207388716],[-71.25765565012942,-32.82048105606952],[-71.25831555353449,-32.82024144545037],[-71.25843529199503,-32.82024720444214],[-71.25870410930544,-32.820398773930485]]]]}},{"type":"Feature","properties":{"fid":41,"Nombre":"Mirador 3","HAS":18.18,"Plantas":null,"Alias:":"Mirador 3","Especie":"Paltas","Nombre_GeoJSON":"E-7","Alias_GeoJSON":"Mirador 3","potrero":"Mirador 3","potrero_oficial":null,"especie":"Paltas","variedades":"","hectareas_supabase":null,"plantas_supabase":null,"normalizacion_estado":"SIN_COINCIDENCIA"},"geometry":{"type":"MultiPolygon","coordinates":[[[[-71.26164231921415,-32.80569318223438],[-71.26141167449785,-32.80578104664807],[-71.26117431126427,-32.805835667281116],[-71.26102513908853,-32.80571293698658],[-71.26098125915435,-32.805607801254496],[-71.26094791142017,-32.80558733181977],[-71.26068036697933,-32.805502118035356],[-71.26063442447085,-32.80544864796501],[-71.26055171567636,-32.80542760785706],[-71.26052275955132,-32.80542549874245],[-71.26040914903366,-32.80541856417561],[-71.26038493385012,-32.80536245281563],[-71.26032360292812,-32.80534114917281],[-71.26031557506795,-32.80530401754432],[-71.26021037143146,-32.80524956652781],[-71.26006905336041,-32.80506094605102],[-71.25999466166184,-32.80496510310055],[-71.2602177620055,-32.80477191411561],[-71.26046726512256,-32.80455951060962],[-71.26070702854969,-32.804252942076396],[-71.26079647355886,-32.80418226600491],[-71.26107310280238,-32.80419397075002],[-71.26110673332045,-32.804188484276665],[-71.26116948255367,-32.80410348538981],[-71.26139101384679,-32.804115552757054],[-71.2614701864404,-32.804149882945836],[-71.26154604916167,-32.80413982321992],[-71.26166697511749,-32.80409081127106],[-71.2617563247922,-32.80404129651374],[-71.26197464330474,-32.804217703288074],[-71.26204951908217,-32.804306335716795],[-71.26206961190361,-32.80436180305307],[-71.262124460379,-32.80440485634221],[-71.26219534380236,-32.80443756152765],[-71.26228491720698,-32.804476562461936],[-71.26241548194083,-32.80453421930065],[-71.26249836478861,-32.804594136846084],[-71.26253699123285,-32.804684415706],[-71.26258198962584,-32.80478760678965],[-71.26260995872073,-32.804854412207],[-71.26266644315221,-32.80492810621487],[-71.26270671661489,-32.80500218499693],[-71.26272964125958,-32.80507956815607],[-71.26276914514915,-32.80513205277985],[-71.26281677201357,-32.80519581561917],[-71.2628780061317,-32.805277345581466],[-71.26292626275904,-32.805332691403486],[-71.26299001583358,-32.80540635527981],[-71.26304231791096,-32.80559933640468],[-71.26303668042331,-32.80566280390496],[-71.26302910323511,-32.805744873950694],[-71.26299813388182,-32.805830378765855],[-71.26292371892924,-32.80589856272637],[-71.26287509309591,-32.805943558381905],[-71.26282048946356,-32.80599388134301],[-71.26274491244385,-32.80603274531794],[-71.26263395496676,-32.8060901369556],[-71.26254240340712,-32.80604287420032],[-71.26242984866882,-32.80608633906438],[-71.26235831096702,-32.806114253996356],[-71.2622656548709,-32.80614991468106],[-71.2621902458227,-32.80611737054435],[-71.26225804629553,-32.8059815601206],[-71.26215665469957,-32.805971880727334],[-71.26203897096599,-32.80592403989602],[-71.26205866796543,-32.80582788843337],[-71.26196839178651,-32.80576664727225],[-71.26176965692787,-32.8057188101471],[-71.26170941250508,-32.805706704262306],[-71.26164231921415,-32.80569318223438]]],[[[-71.2610941641994,-32.80699443182198],[-71.2608927096597,-32.80690483576642],[-71.26078389591095,-32.80685685896951],[-71.2607485230645,-32.80677379862949],[-71.26073866628309,-32.80666621093691],[-71.26073591565265,-32.80661051056666],[-71.26078634532563,-32.80653489920198],[-71.2606208456436,-32.8065078385836],[-71.26058037634597,-32.80649791933707],[-71.26053619869332,-32.80640611696309],[-71.26039851641417,-32.80635670502697],[-71.26030835142917,-32.806356140090024],[-71.26015689204753,-32.80628138485741],[-71.26008955749106,-32.80624801039362],[-71.25997288784839,-32.806156403020516],[-71.25994017823741,-32.806077532530054],[-71.25995493780516,-32.80597910687113],[-71.25994168393646,-32.80592027982985],[-71.25982137228249,-32.80593340930435],[-71.2597345111742,-32.805905245136955],[-71.25963665915248,-32.8059108467102],[-71.25951755481576,-32.805826969203764],[-71.25944773825255,-32.80579314067741],[-71.2594128382905,-32.80573562506637],[-71.25941325317721,-32.80569191565195],[-71.25931618033844,-32.80561283226862],[-71.25924752555727,-32.805575484817645],[-71.25921191335775,-32.80555624705872],[-71.2591381204304,-32.8054791134384],[-71.25903208711328,-32.80575295416231],[-71.25895406175671,-32.80592459015194],[-71.25887407842025,-32.806024758378896],[-71.25874943535686,-32.806179534728486],[-71.25856827373823,-32.80630335128627],[-71.25844897817822,-32.8062993267602],[-71.2582972833234,-32.806157037188356],[-71.25811469396739,-32.806025781173666],[-71.25803322210133,-32.80593297746863],[-71.25780263992816,-32.80573039895114],[-71.25771828449052,-32.805527659194574],[-71.25763660717925,-32.80550208683003],[-71.25748824075633,-32.80548879741361],[-71.25729771436808,-32.80546813151311],[-71.25715656223157,-32.80547942469973],[-71.25709781345573,-32.80550940000828],[-71.25705441021454,-32.80553932682053],[-71.25698557774246,-32.80558507205739],[-71.2569379350685,-32.8056165833703],[-71.2568550114816,-32.80568460880056],[-71.25675958199363,-32.80572461486942],[-71.25669537483736,-32.80577411345482],[-71.2566257159043,-32.805762616219766],[-71.25660031313423,-32.80575830247688],[-71.25655821463032,-32.80575296733811],[-71.25650586121823,-32.80574252056973],[-71.25645566518217,-32.80573861343369],[-71.25640793366766,-32.80573345578765],[-71.256395780933,-32.80575197509851],[-71.25638045968508,-32.80576942146016],[-71.25637111749273,-32.80582691773477],[-71.25636266289882,-32.80591162672651],[-71.25635469313477,-32.805960978871475],[-71.25640622445093,-32.80600416946174],[-71.256394732053,-32.80605674602994],[-71.25642281544191,-32.80608964273832],[-71.25646928343059,-32.8061679294076],[-71.25648924807697,-32.80619270303004],[-71.2565100088355,-32.80622755346409],[-71.25654524854505,-32.80631352710735],[-71.25643826128315,-32.80630000829787],[-71.25637754094933,-32.806328800056235],[-71.25647773713764,-32.806408621564294],[-71.25650232322603,-32.806448066861016],[-71.2565607651218,-32.80646733545029],[-71.25660206147805,-32.806478971019544],[-71.25667071062507,-32.8064818611749],[-71.25670375089092,-32.806473359676566],[-71.25674361826336,-32.80646610596663],[-71.25678931461101,-32.80646019195511],[-71.25686372943949,-32.80642638589008],[-71.25694757016826,-32.80639205292762],[-71.25707115959892,-32.80632608258862],[-71.2571320399596,-32.806286016777065],[-71.25713502512995,-32.806252817920516],[-71.25714512409776,-32.80622152279828],[-71.2571485534791,-32.80616047679678],[-71.25713685391825,-32.80611993017073],[-71.25717183796533,-32.806068601931045],[-71.25719960770346,-32.80599269068055],[-71.25717538234345,-32.805886426145264],[-71.25716320295221,-32.80586093566664],[-71.25719078271854,-32.805808583385996],[-71.25745064026997,-32.805843676526045],[-71.2575038209715,-32.80582376691233],[-71.25754990964502,-32.80580212215035],[-71.2576933566764,-32.805777311132616],[-71.25767027083329,-32.805823790772],[-71.25762282392009,-32.80602263355673],[-71.25749822691915,-32.80623096970222],[-71.25745607604081,-32.806330041021624],[-71.25750717497328,-32.80643792478542],[-71.25758267936439,-32.80654083146663],[-71.25762712761238,-32.80668481049899],[-71.25788495178443,-32.806976317001755],[-71.25775348467548,-32.807072014011545],[-71.25762045724551,-32.80715250142662],[-71.25752662233809,-32.80722050858658],[-71.25746417740451,-32.80725628330217],[-71.25744281786879,-32.80732239237535],[-71.25739671746221,-32.807422168543866],[-71.25732216132793,-32.80751432982503],[-71.25726820344492,-32.8076721479187],[-71.2572704490247,-32.807770883547256],[-71.25723293381854,-32.8080622949599],[-71.25723165273092,-32.80813371971776],[-71.25724194368036,-32.808188384475436],[-71.25724623652671,-32.80828420211769],[-71.25723891469747,-32.80837767756248],[-71.25730028797267,-32.80845561489425],[-71.25742171903251,-32.8084949267974],[-71.25747745450812,-32.80851981786646],[-71.25754142126844,-32.80856152167538],[-71.25760493912895,-32.808577848823816],[-71.25776914976326,-32.80860742057378],[-71.25792057826268,-32.80860371003533],[-71.25810272699304,-32.80862514687513],[-71.25825636350983,-32.8085884792037],[-71.25867463161299,-32.80852760890384],[-71.2587231889774,-32.808521942491815],[-71.25876421099653,-32.8085236231229],[-71.25884871563501,-32.80853665196377],[-71.25891360564023,-32.808554216798655],[-71.25902009115575,-32.808574774051735],[-71.25911532552088,-32.808570778935724],[-71.25920863696335,-32.808536254560096],[-71.2592598532806,-32.80844794778468],[-71.25929776875225,-32.80843183177459],[-71.25936393720797,-32.808415501685516],[-71.25943595611221,-32.808419444732415],[-71.25961319799013,-32.808415401553816],[-71.25971958942615,-32.80841959017514],[-71.25976818268349,-32.808426714339014],[-71.25990437398632,-32.808395745663994],[-71.25999146332582,-32.80838499413888],[-71.26008372138487,-32.80836421336284],[-71.26018265075642,-32.80833565318034],[-71.26024480500055,-32.80829137433091],[-71.26042120492352,-32.80824953641336],[-71.26046554446525,-32.8082362400796],[-71.26051027595588,-32.808225978256274],[-71.26056365316131,-32.80821696707686],[-71.26068487520863,-32.80819522363109],[-71.26075237162254,-32.80817979399593],[-71.26085901695025,-32.80817031098561],[-71.26092113418946,-32.80816015332991],[-71.26095449772767,-32.80813695013116],[-71.26099293537115,-32.80812487965696],[-71.26105561147762,-32.80812217644044],[-71.26119562021967,-32.80807072492634],[-71.26128421197635,-32.80796839741655],[-71.26138502792664,-32.80791066200587],[-71.26146617142815,-32.80776944345661],[-71.2614768933742,-32.80766166585754],[-71.26144723264466,-32.80748834868819],[-71.2614519876204,-32.80735314391128],[-71.26143123388489,-32.807258160299995],[-71.26139223787655,-32.80720648141829],[-71.26134763057145,-32.80716453137027],[-71.26127371092464,-32.80712084633904],[-71.26117945866305,-32.807047986868376],[-71.2610941641994,-32.80699443182198]]],[[[-71.25500823706233,-32.80843716465297],[-71.2550330776626,-32.80854507875022],[-71.2550090861087,-32.808689389342035],[-71.25500574912886,-32.8087574208849],[-71.25500359565694,-32.808822102244825],[-71.25497979310049,-32.80896161889559],[-71.25496038484789,-32.80901782412477],[-71.25486422406122,-32.80911947889043],[-71.25471457247887,-32.80917607558963],[-71.25458740184595,-32.80919870194225],[-71.25451358345636,-32.80922306911353],[-71.25422254492045,-32.80925828720634],[-71.25407382545002,-32.809249738497805],[-71.25382051606321,-32.80919032303396],[-71.25374452812983,-32.80915876534925],[-71.25365486604785,-32.80909766432519],[-71.25354089755919,-32.808902552792134],[-71.25351970116299,-32.808833026930884],[-71.25350627243341,-32.8086503671399],[-71.25349809087882,-32.80844752113875],[-71.25347671402653,-32.808380997212865],[-71.25346569489928,-32.80830600312151],[-71.25342722215375,-32.80824152217233],[-71.25342927310913,-32.8081693870153],[-71.25345873672629,-32.80810285257853],[-71.25348129830047,-32.80802940493264],[-71.2535272559937,-32.80796487043062],[-71.2535497222576,-32.80791102807287],[-71.25362444774252,-32.807912081134525],[-71.25369533000271,-32.80788649209283],[-71.25371652411249,-32.80781555854443],[-71.25371697741355,-32.80776860454498],[-71.25369052566671,-32.807728392256834],[-71.25347973692348,-32.80772135644504],[-71.25339959466883,-32.80764821591559],[-71.25337700969637,-32.807507681831325],[-71.25332896802674,-32.80751108102173],[-71.25327575889294,-32.80754173854256],[-71.25322403304358,-32.807546329805724],[-71.25315647759092,-32.80752218386815],[-71.25295605466526,-32.8074179268629],[-71.25283617917079,-32.807345938185826],[-71.25284262300144,-32.80729570330451],[-71.25284452904411,-32.807244350844655],[-71.25289738463431,-32.80723794983135],[-71.25296105533805,-32.807083334014564],[-71.25300412678494,-32.807053951052026],[-71.25310325447069,-32.80708952012634],[-71.25315652801699,-32.807104745453685],[-71.2532064090122,-32.807146895119],[-71.25325829389024,-32.80718578966901],[-71.25328246346851,-32.80722280032919],[-71.25332764982656,-32.80724422897491],[-71.25335235275334,-32.807244684255544],[-71.25353400061532,-32.806957128501026],[-71.25382930638165,-32.80691629447866],[-71.2538208821664,-32.806739933569396],[-71.2537886956383,-32.806734708478146],[-71.25360603500197,-32.80672491280721],[-71.25347787501319,-32.806645957595684],[-71.25343189388074,-32.80658707237282],[-71.2533983076747,-32.8064113859891],[-71.25341051914221,-32.80631507253475],[-71.2535062738977,-32.8063151278613],[-71.25353367434897,-32.80626449891346],[-71.25348227320089,-32.80610102921546],[-71.25355279491667,-32.80586492257737],[-71.25397961187873,-32.80596346467205],[-71.25429693305777,-32.80589603750691],[-71.2544407056551,-32.80581115258174],[-71.25451771298073,-32.80595077003155],[-71.25471771250315,-32.80597909750548],[-71.25477609050645,-32.806065158841044],[-71.2548408820208,-32.806103887930156],[-71.25495912235158,-32.80614042519382],[-71.25500562796394,-32.8061845908433],[-71.25504419819691,-32.806245522604875],[-71.25501200759538,-32.80629659297779],[-71.25489556422944,-32.80639602127506],[-71.25494162385321,-32.80653217613126],[-71.25498810732851,-32.80660824420055],[-71.25504083707054,-32.80667597528055],[-71.25506490380205,-32.80673721890359],[-71.25512029879843,-32.80682833129719],[-71.2552337213239,-32.80694958351567],[-71.2553223359714,-32.80712276162343],[-71.25536450961418,-32.80715214351087],[-71.2554698210397,-32.80721682407167],[-71.25550691816974,-32.8072819855269],[-71.25556724932551,-32.80738629046403],[-71.25561067499554,-32.807462244971234],[-71.255658944108,-32.807542637510906],[-71.2557109885508,-32.80768523527907],[-71.25579092321718,-32.80775557878817],[-71.25584999955716,-32.807769586320944],[-71.25592190643006,-32.80780591029378],[-71.2559913427403,-32.80784109878918],[-71.2560068318827,-32.80787344939961],[-71.25599483627371,-32.80792760754829],[-71.25597277150412,-32.80799139297974],[-71.25594287878307,-32.8080367931011],[-71.25590994804743,-32.8080821317756],[-71.2558802592204,-32.8081165953273],[-71.25583045542922,-32.808144680078286],[-71.2557291788526,-32.80817579848673],[-71.255656077452,-32.808188500238614],[-71.25555979713036,-32.80820316562187],[-71.25547428316142,-32.808204215919034],[-71.25532652556922,-32.80819410887906],[-71.25526507850365,-32.80821102561013],[-71.25522690794263,-32.808231428602696],[-71.25510355799845,-32.80834309302286],[-71.25504739231796,-32.808404047397175],[-71.25500823706233,-32.80843716465297]]],[[[-71.26289911004251,-32.800280006550196],[-71.26299236842146,-32.80030143756802],[-71.26307831129436,-32.8004163441152],[-71.26319992032657,-32.80052589578596],[-71.26322368679773,-32.800594948937196],[-71.2634621333616,-32.8006958028638],[-71.26363111563673,-32.80080305731431],[-71.26384308337684,-32.800886561934504],[-71.26397632327124,-32.80091727292433],[-71.2640248263793,-32.80096125123669],[-71.26406200665394,-32.80103015569464],[-71.26400874837498,-32.80127457338321],[-71.26400022934399,-32.80138999563681],[-71.26399340784639,-32.80146227250156],[-71.26399346877768,-32.80158782194098],[-71.26402349373407,-32.8017201633051],[-71.26404545972426,-32.80177136356685],[-71.26406246345331,-32.801934246500686],[-71.26404059526007,-32.802030769124706],[-71.26398943914252,-32.802172638381656],[-71.26393057487121,-32.80234865375834],[-71.26386950916039,-32.802441964686444],[-71.2637120760757,-32.80253357891868],[-71.26370201008933,-32.80262764918821],[-71.26351354353658,-32.80292231135872],[-71.26349518492283,-32.80295923006239],[-71.26332164640482,-32.80324202497957],[-71.2632863840319,-32.80330054565501],[-71.26322863350758,-32.803341349877],[-71.26312963025904,-32.80332863659525],[-71.26306371503792,-32.80348448900994],[-71.2630144141941,-32.80357193885262],[-71.26291705934165,-32.803631404080896],[-71.26288936060577,-32.80371720462897],[-71.26273349972713,-32.803836649509535],[-71.26261143539851,-32.8039174973435],[-71.26240130635216,-32.80402965932448],[-71.26217315990485,-32.804071150389774],[-71.26209464746323,-32.80396374691381],[-71.2621102248079,-32.803902946093494],[-71.26218416342113,-32.80384359187621],[-71.2622140984074,-32.80371254948592],[-71.26196895203617,-32.803516096876315],[-71.26204113362343,-32.80337433861515],[-71.26207182366845,-32.803261650508276],[-71.26212151740198,-32.803214765511335],[-71.26255388156142,-32.80323429513107],[-71.26274003172126,-32.803109308840675],[-71.2628467922978,-32.80293502231354],[-71.26286837728694,-32.80269557082979],[-71.26298178665402,-32.80256024863609],[-71.26305875619822,-32.80238051846866],[-71.26311764884194,-32.80202333331545],[-71.26316392122853,-32.801884302753216],[-71.26314749570602,-32.8016836658817],[-71.26311159675889,-32.801598095781266],[-71.26301111936264,-32.80136443237291],[-71.26302058346036,-32.80126257044996],[-71.26309784218327,-32.801072578073324],[-71.26309251349757,-32.8009304762951],[-71.26304704080557,-32.80084271770032],[-71.26297425403057,-32.80075304049944],[-71.26290300363756,-32.800585346897854],[-71.26289911004251,-32.800280006550196]]]]}},{"type":"Feature","properties":{"fid":47,"Nombre":"El parque 4","HAS":null,"Plantas":null,"Alias:":"El parque 4","Especie":"Paltas","Nombre_GeoJSON":"Parque 4","Alias_GeoJSON":"Parque 4","potrero":"El parque 4","potrero_oficial":"El parque 4","especie":"PALTOS","variedades":"Hass","hectareas_supabase":3.7,"plantas_supabase":4111.1111111,"normalizacion_estado":"COINCIDENCIA_ALIAS"},"geometry":{"type":"MultiPolygon","coordinates":[[[[-71.2785059045635,-32.813168614588136],[-71.27844630237855,-32.81301817022542],[-71.27839943925396,-32.812925438978446],[-71.27857064859255,-32.812835256648675],[-71.27885293972435,-32.8127740959569],[-71.27906841795773,-32.81269877636163],[-71.27921599357255,-32.81266484684024],[-71.27937448610466,-32.81262542262076],[-71.27961183592807,-32.81260973213336],[-71.27985046277414,-32.8126437100861],[-71.28009116683462,-32.81266631030434],[-71.28011867391615,-32.81255341457549],[-71.28015084038712,-32.81245277309538],[-71.2802353548335,-32.812329827279314],[-71.28025455352703,-32.81226244061845],[-71.28017890830623,-32.81222347369119],[-71.28011284860638,-32.81218866651028],[-71.28007913637049,-32.812177361892815],[-71.28005692507472,-32.81207000525677],[-71.280059389657,-32.811973868818754],[-71.28014385259675,-32.811726067923196],[-71.2802711112814,-32.81162397440939],[-71.28042355774852,-32.81154918315446],[-71.28074307734433,-32.811432807415954],[-71.28094935803327,-32.811341728512005],[-71.28126389676876,-32.8112927692312],[-71.28146780998462,-32.81129965842117],[-71.28166116260755,-32.811312452341056],[-71.28177052966029,-32.81133433274057],[-71.28187790300743,-32.81131518679547],[-71.28207288309231,-32.81130489665936],[-71.28217962425376,-32.81133407863052],[-71.2822413472345,-32.811359584482055],[-71.2824886482974,-32.81140269470751],[-71.28253327072137,-32.811427430424246],[-71.28251189417793,-32.81152328868983],[-71.28251721027385,-32.811605150003764],[-71.2825170985261,-32.8117427229433],[-71.28248089743195,-32.811811172402884],[-71.28247516699247,-32.81189923958484],[-71.2824459189125,-32.811998077125516],[-71.28239378827969,-32.81204989358064],[-71.28221635684973,-32.812072660423844],[-71.2821674208073,-32.81206447059395],[-71.28203398259906,-32.812058748783585],[-71.28195301830796,-32.81203947399769],[-71.28185799533698,-32.81202637687648],[-71.2818017071342,-32.81201832182561],[-71.28173207247724,-32.812017265146494],[-71.28134291465659,-32.811957871519276],[-71.28113187404013,-32.81195223850276],[-71.28093856627287,-32.81199113630046],[-71.28084649841838,-32.81204685304559],[-71.28077858031946,-32.81213556065804],[-71.28081707435858,-32.81226942395325],[-71.28087431412322,-32.812333657635634],[-71.28095145761128,-32.81235025179087],[-71.2810459616066,-32.812366193911316],[-71.28112456925786,-32.812455048367866],[-71.28116801013644,-32.81252403737862],[-71.28107321255473,-32.81260415026299],[-71.28093260348521,-32.812722706193],[-71.2808120106298,-32.81284022779642],[-71.28077725539791,-32.8129361644618],[-71.28077067097672,-32.81305251183536],[-71.2807913128323,-32.813114165178916],[-71.28074982092768,-32.813209224894024],[-71.28065392398317,-32.813281186767284],[-71.28055894585886,-32.81331978118788],[-71.28040526850953,-32.81338713305846],[-71.28033515941728,-32.81344061244813],[-71.28018407800528,-32.81349374246971],[-71.28008159090523,-32.81351679949089],[-71.27995772214932,-32.81355308845901],[-71.27983462519468,-32.813604037390675],[-71.27975791231968,-32.81364646512452],[-71.27962146117648,-32.81372333861744],[-71.2795583687643,-32.81371949277033],[-71.27945810590707,-32.81368314455288],[-71.27935551341936,-32.813640669109745],[-71.27914178175585,-32.81354586946368],[-71.27904889418669,-32.81353523238712],[-71.2789093843357,-32.813477758485064],[-71.27876779741585,-32.813431661675],[-71.27869422901652,-32.81338131661502],[-71.27860252829053,-32.81331696306676],[-71.27854385765953,-32.813270013456766],[-71.2785059045635,-32.813168614588136]]]]}}],"crs_original":"EPSG:32719","crs_normalizado":"EPSG:4326"}